solid ASCII
  facet normal 0.000000e+00 1.000000e+00 -5.921189e-16
    outer loop
      vertex   9.072600e+01 7.482730e+00 0.000000e+00
      vertex   8.920060e+01 7.482730e+00 0.000000e+00
      vertex   9.072600e+01 7.482730e+00 1.500000e+00
    endloop
  endfacet
  facet normal 0.000000e+00 1.000000e+00 -5.921189e-16
    outer loop
      vertex   9.072600e+01 7.482730e+00 1.500000e+00
      vertex   8.920060e+01 7.482730e+00 0.000000e+00
      vertex   8.920060e+01 7.482730e+00 1.500000e+00
    endloop
  endfacet
  facet normal 1.000000e+00 0.000000e+00 0.000000e+00
    outer loop
      vertex   9.072600e+01 2.783640e+00 0.000000e+00
      vertex   9.072600e+01 7.482730e+00 0.000000e+00
      vertex   9.072600e+01 2.783640e+00 1.500000e+00
    endloop
  endfacet
  facet normal 1.000000e+00 -0.000000e+00 0.000000e+00
    outer loop
      vertex   9.072600e+01 2.783640e+00 1.500000e+00
      vertex   9.072600e+01 7.482730e+00 0.000000e+00
      vertex   9.072600e+01 7.482730e+00 1.500000e+00
    endloop
  endfacet
  facet normal 0.000000e+00 1.000000e+00 -2.960595e-16
    outer loop
      vertex   1.047250e+02 2.783640e+00 0.000000e+00
      vertex   9.072600e+01 2.783640e+00 0.000000e+00
      vertex   1.047250e+02 2.783640e+00 1.500000e+00
    endloop
  endfacet
  facet normal 0.000000e+00 1.000000e+00 -2.960595e-16
    outer loop
      vertex   1.047250e+02 2.783640e+00 1.500000e+00
      vertex   9.072600e+01 2.783640e+00 0.000000e+00
      vertex   9.072600e+01 2.783640e+00 1.500000e+00
    endloop
  endfacet
  facet normal -1.000000e+00 0.000000e+00 0.000000e+00
    outer loop
      vertex   1.047250e+02 7.482730e+00 0.000000e+00
      vertex   1.047250e+02 2.783640e+00 0.000000e+00
      vertex   1.047250e+02 7.482730e+00 1.500000e+00
    endloop
  endfacet
  facet normal -1.000000e+00 -0.000000e+00 0.000000e+00
    outer loop
      vertex   1.047250e+02 7.482730e+00 1.500000e+00
      vertex   1.047250e+02 2.783640e+00 0.000000e+00
      vertex   1.047250e+02 2.783640e+00 1.500000e+00
    endloop
  endfacet
  facet normal 0.000000e+00 1.000000e+00 -5.921189e-16
    outer loop
      vertex   1.062510e+02 7.482730e+00 0.000000e+00
      vertex   1.047250e+02 7.482730e+00 0.000000e+00
      vertex   1.062510e+02 7.482730e+00 1.500000e+00
    endloop
  endfacet
  facet normal 0.000000e+00 1.000000e+00 -5.921189e-16
    outer loop
      vertex   1.062510e+02 7.482730e+00 1.500000e+00
      vertex   1.047250e+02 7.482730e+00 0.000000e+00
      vertex   1.047250e+02 7.482730e+00 1.500000e+00
    endloop
  endfacet
  facet normal 1.000000e+00 0.000000e+00 -9.473903e-15
    outer loop
      vertex   1.062510e+02 4.252730e+00 0.000000e+00
      vertex   1.062510e+02 7.482730e+00 0.000000e+00
      vertex   1.062510e+02 4.252730e+00 1.500000e+00
    endloop
  endfacet
  facet normal 1.000000e+00 0.000000e+00 -9.473903e-15
    outer loop
      vertex   1.062510e+02 4.252730e+00 1.500000e+00
      vertex   1.062510e+02 7.482730e+00 0.000000e+00
      vertex   1.062510e+02 7.482730e+00 1.500000e+00
    endloop
  endfacet
  facet normal 0.000000e+00 1.000000e+00 5.921189e-16
    outer loop
      vertex   1.130000e+02 4.252730e+00 0.000000e+00
      vertex   1.062510e+02 4.252730e+00 0.000000e+00
      vertex   1.130000e+02 4.252730e+00 1.500000e+00
    endloop
  endfacet
  facet normal 0.000000e+00 1.000000e+00 5.921189e-16
    outer loop
      vertex   1.130000e+02 4.252730e+00 1.500000e+00
      vertex   1.062510e+02 4.252730e+00 0.000000e+00
      vertex   1.062510e+02 4.252730e+00 1.500000e+00
    endloop
  endfacet
  facet normal -1.000000e+00 0.000000e+00 0.000000e+00
    outer loop
      vertex   1.130000e+02 7.482730e+00 0.000000e+00
      vertex   1.130000e+02 4.252730e+00 0.000000e+00
      vertex   1.130000e+02 7.482730e+00 1.500000e+00
    endloop
  endfacet
  facet normal -1.000000e+00 -0.000000e+00 0.000000e+00
    outer loop
      vertex   1.130000e+02 7.482730e+00 1.500000e+00
      vertex   1.130000e+02 4.252730e+00 0.000000e+00
      vertex   1.130000e+02 4.252730e+00 1.500000e+00
    endloop
  endfacet
  facet normal 1.075277e-15 1.000000e+00 -5.921189e-16
    outer loop
      vertex   1.138260e+02 7.482730e+00 0.000000e+00
      vertex   1.130000e+02 7.482730e+00 0.000000e+00
      vertex   1.138260e+02 7.482730e+00 1.500000e+00
    endloop
  endfacet
  facet normal 0.000000e+00 1.000000e+00 0.000000e+00
    outer loop
      vertex   1.138260e+02 7.482730e+00 1.500000e+00
      vertex   1.130000e+02 7.482730e+00 0.000000e+00
      vertex   1.130000e+02 7.482730e+00 1.500000e+00
    endloop
  endfacet
  facet normal -1.000000e+00 0.000000e+00 9.473903e-15
    outer loop
      vertex   1.138260e+02 1.028173e+01 0.000000e+00
      vertex   1.138260e+02 7.482730e+00 0.000000e+00
      vertex   1.138260e+02 1.028173e+01 1.500000e+00
    endloop
  endfacet
  facet normal -1.000000e+00 0.000000e+00 9.473903e-15
    outer loop
      vertex   1.138260e+02 1.028173e+01 1.500000e+00
      vertex   1.138260e+02 7.482730e+00 0.000000e+00
      vertex   1.138260e+02 7.482730e+00 1.500000e+00
    endloop
  endfacet
  facet normal 0.000000e+00 -1.000000e+00 0.000000e+00
    outer loop
      vertex   1.130000e+02 1.028173e+01 0.000000e+00
      vertex   1.138260e+02 1.028173e+01 0.000000e+00
      vertex   1.130000e+02 1.028173e+01 1.500000e+00
    endloop
  endfacet
  facet normal 0.000000e+00 -1.000000e+00 0.000000e+00
    outer loop
      vertex   1.130000e+02 1.028173e+01 1.500000e+00
      vertex   1.138260e+02 1.028173e+01 0.000000e+00
      vertex   1.138260e+02 1.028173e+01 1.500000e+00
    endloop
  endfacet
  facet normal -1.000000e+00 0.000000e+00 0.000000e+00
    outer loop
      vertex   1.130000e+02 1.531280e+01 0.000000e+00
      vertex   1.130000e+02 1.028173e+01 0.000000e+00
      vertex   1.130000e+02 1.531280e+01 1.500000e+00
    endloop
  endfacet
  facet normal -1.000000e+00 -0.000000e+00 0.000000e+00
    outer loop
      vertex   1.130000e+02 1.531280e+01 1.500000e+00
      vertex   1.130000e+02 1.028173e+01 0.000000e+00
      vertex   1.130000e+02 1.028173e+01 1.500000e+00
    endloop
  endfacet
  facet normal -9.999919e-01 -4.036131e-03 0.000000e+00
    outer loop
      vertex   1.129950e+02 1.655160e+01 0.000000e+00
      vertex   1.130000e+02 1.531280e+01 0.000000e+00
      vertex   1.129950e+02 1.655160e+01 1.500000e+00
    endloop
  endfacet
  facet normal -9.999919e-01 -4.036131e-03 0.000000e+00
    outer loop
      vertex   1.129950e+02 1.655160e+01 1.500000e+00
      vertex   1.130000e+02 1.531280e+01 0.000000e+00
      vertex   1.130000e+02 1.531280e+01 1.500000e+00
    endloop
  endfacet
  facet normal 0.000000e+00 -1.000000e+00 0.000000e+00
    outer loop
      vertex   1.112750e+02 1.655160e+01 0.000000e+00
      vertex   1.129950e+02 1.655160e+01 0.000000e+00
      vertex   1.112750e+02 1.655160e+01 1.500000e+00
    endloop
  endfacet
  facet normal 0.000000e+00 -1.000000e+00 0.000000e+00
    outer loop
      vertex   1.112750e+02 1.655160e+01 1.500000e+00
      vertex   1.129950e+02 1.655160e+01 0.000000e+00
      vertex   1.129950e+02 1.655160e+01 1.500000e+00
    endloop
  endfacet
  facet normal -1.000000e+00 0.000000e+00 0.000000e+00
    outer loop
      vertex   1.112750e+02 1.775160e+01 0.000000e+00
      vertex   1.112750e+02 1.655160e+01 0.000000e+00
      vertex   1.112750e+02 1.775160e+01 1.500000e+00
    endloop
  endfacet
  facet normal -1.000000e+00 -0.000000e+00 0.000000e+00
    outer loop
      vertex   1.112750e+02 1.775160e+01 1.500000e+00
      vertex   1.112750e+02 1.655160e+01 0.000000e+00
      vertex   1.112750e+02 1.655160e+01 1.500000e+00
    endloop
  endfacet
  facet normal 0.000000e+00 -1.000000e+00 0.000000e+00
    outer loop
      vertex   1.079750e+02 1.775160e+01 0.000000e+00
      vertex   1.112750e+02 1.775160e+01 0.000000e+00
      vertex   1.079750e+02 1.775160e+01 1.500000e+00
    endloop
  endfacet
  facet normal 0.000000e+00 -1.000000e+00 0.000000e+00
    outer loop
      vertex   1.079750e+02 1.775160e+01 1.500000e+00
      vertex   1.112750e+02 1.775160e+01 0.000000e+00
      vertex   1.112750e+02 1.775160e+01 1.500000e+00
    endloop
  endfacet
  facet normal 1.000000e+00 0.000000e+00 -9.473903e-15
    outer loop
      vertex   1.079750e+02 1.655160e+01 0.000000e+00
      vertex   1.079750e+02 1.775160e+01 0.000000e+00
      vertex   1.079750e+02 1.655160e+01 1.500000e+00
    endloop
  endfacet
  facet normal 1.000000e+00 0.000000e+00 -9.473903e-15
    outer loop
      vertex   1.079750e+02 1.655160e+01 1.500000e+00
      vertex   1.079750e+02 1.775160e+01 0.000000e+00
      vertex   1.079750e+02 1.775160e+01 1.500000e+00
    endloop
  endfacet
  facet normal 0.000000e+00 -1.000000e+00 0.000000e+00
    outer loop
      vertex   1.062510e+02 1.655160e+01 0.000000e+00
      vertex   1.079750e+02 1.655160e+01 0.000000e+00
      vertex   1.062510e+02 1.655160e+01 1.500000e+00
    endloop
  endfacet
  facet normal 0.000000e+00 -1.000000e+00 0.000000e+00
    outer loop
      vertex   1.062510e+02 1.655160e+01 1.500000e+00
      vertex   1.079750e+02 1.655160e+01 0.000000e+00
      vertex   1.079750e+02 1.655160e+01 1.500000e+00
    endloop
  endfacet
  facet normal 1.000000e+00 0.000000e+00 -9.473903e-15
    outer loop
      vertex   1.062510e+02 1.208260e+01 0.000000e+00
      vertex   1.062510e+02 1.655160e+01 0.000000e+00
      vertex   1.062510e+02 1.208260e+01 1.500000e+00
    endloop
  endfacet
  facet normal 1.000000e+00 0.000000e+00 -9.473903e-15
    outer loop
      vertex   1.062510e+02 1.208260e+01 1.500000e+00
      vertex   1.062510e+02 1.655160e+01 0.000000e+00
      vertex   1.062510e+02 1.655160e+01 1.500000e+00
    endloop
  endfacet
  facet normal 0.000000e+00 -1.000000e+00 0.000000e+00
    outer loop
      vertex   1.047250e+02 1.208260e+01 0.000000e+00
      vertex   1.062510e+02 1.208260e+01 0.000000e+00
      vertex   1.047250e+02 1.208260e+01 1.500000e+00
    endloop
  endfacet
  facet normal 0.000000e+00 -1.000000e+00 0.000000e+00
    outer loop
      vertex   1.047250e+02 1.208260e+01 1.500000e+00
      vertex   1.062510e+02 1.208260e+01 0.000000e+00
      vertex   1.062510e+02 1.208260e+01 1.500000e+00
    endloop
  endfacet
  facet normal -1.000000e+00 0.000000e+00 0.000000e+00
    outer loop
      vertex   1.047250e+02 1.678310e+01 0.000000e+00
      vertex   1.047250e+02 1.208260e+01 0.000000e+00
      vertex   1.047250e+02 1.678310e+01 1.500000e+00
    endloop
  endfacet
  facet normal -1.000000e+00 -0.000000e+00 0.000000e+00
    outer loop
      vertex   1.047250e+02 1.678310e+01 1.500000e+00
      vertex   1.047250e+02 1.208260e+01 0.000000e+00
      vertex   1.047250e+02 1.208260e+01 1.500000e+00
    endloop
  endfacet
  facet normal 0.000000e+00 -1.000000e+00 0.000000e+00
    outer loop
      vertex   9.072600e+01 1.678310e+01 0.000000e+00
      vertex   1.047250e+02 1.678310e+01 0.000000e+00
      vertex   9.072600e+01 1.678310e+01 1.500000e+00
    endloop
  endfacet
  facet normal 0.000000e+00 -1.000000e+00 0.000000e+00
    outer loop
      vertex   9.072600e+01 1.678310e+01 1.500000e+00
      vertex   1.047250e+02 1.678310e+01 0.000000e+00
      vertex   1.047250e+02 1.678310e+01 1.500000e+00
    endloop
  endfacet
  facet normal 1.000000e+00 0.000000e+00 0.000000e+00
    outer loop
      vertex   9.072600e+01 1.208260e+01 0.000000e+00
      vertex   9.072600e+01 1.678310e+01 0.000000e+00
      vertex   9.072600e+01 1.208260e+01 1.500000e+00
    endloop
  endfacet
  facet normal 1.000000e+00 -0.000000e+00 0.000000e+00
    outer loop
      vertex   9.072600e+01 1.208260e+01 1.500000e+00
      vertex   9.072600e+01 1.678310e+01 0.000000e+00
      vertex   9.072600e+01 1.678310e+01 1.500000e+00
    endloop
  endfacet
  facet normal 0.000000e+00 -1.000000e+00 0.000000e+00
    outer loop
      vertex   8.920060e+01 1.208260e+01 0.000000e+00
      vertex   9.072600e+01 1.208260e+01 0.000000e+00
      vertex   8.920060e+01 1.208260e+01 1.500000e+00
    endloop
  endfacet
  facet normal 0.000000e+00 -1.000000e+00 0.000000e+00
    outer loop
      vertex   8.920060e+01 1.208260e+01 1.500000e+00
      vertex   9.072600e+01 1.208260e+01 0.000000e+00
      vertex   9.072600e+01 1.208260e+01 1.500000e+00
    endloop
  endfacet
  facet normal -1.000000e+00 0.000000e+00 0.000000e+00
    outer loop
      vertex   8.920060e+01 1.655160e+01 0.000000e+00
      vertex   8.920060e+01 1.208260e+01 0.000000e+00
      vertex   8.920060e+01 1.655160e+01 1.500000e+00
    endloop
  endfacet
  facet normal -1.000000e+00 -0.000000e+00 0.000000e+00
    outer loop
      vertex   8.920060e+01 1.655160e+01 1.500000e+00
      vertex   8.920060e+01 1.208260e+01 0.000000e+00
      vertex   8.920060e+01 1.208260e+01 1.500000e+00
    endloop
  endfacet
  facet normal 0.000000e+00 -1.000000e+00 0.000000e+00
    outer loop
      vertex   8.747660e+01 1.655160e+01 0.000000e+00
      vertex   8.920060e+01 1.655160e+01 0.000000e+00
      vertex   8.747660e+01 1.655160e+01 1.500000e+00
    endloop
  endfacet
  facet normal 0.000000e+00 -1.000000e+00 0.000000e+00
    outer loop
      vertex   8.747660e+01 1.655160e+01 1.500000e+00
      vertex   8.920060e+01 1.655160e+01 0.000000e+00
      vertex   8.920060e+01 1.655160e+01 1.500000e+00
    endloop
  endfacet
  facet normal -1.000000e+00 0.000000e+00 0.000000e+00
    outer loop
      vertex   8.747660e+01 1.775160e+01 0.000000e+00
      vertex   8.747660e+01 1.655160e+01 0.000000e+00
      vertex   8.747660e+01 1.775160e+01 1.500000e+00
    endloop
  endfacet
  facet normal -1.000000e+00 -0.000000e+00 0.000000e+00
    outer loop
      vertex   8.747660e+01 1.775160e+01 1.500000e+00
      vertex   8.747660e+01 1.655160e+01 0.000000e+00
      vertex   8.747660e+01 1.655160e+01 1.500000e+00
    endloop
  endfacet
  facet normal 0.000000e+00 -1.000000e+00 0.000000e+00
    outer loop
      vertex   8.417660e+01 1.775160e+01 0.000000e+00
      vertex   8.747660e+01 1.775160e+01 0.000000e+00
      vertex   8.417660e+01 1.775160e+01 1.500000e+00
    endloop
  endfacet
  facet normal 0.000000e+00 -1.000000e+00 0.000000e+00
    outer loop
      vertex   8.417660e+01 1.775160e+01 1.500000e+00
      vertex   8.747660e+01 1.775160e+01 0.000000e+00
      vertex   8.747660e+01 1.775160e+01 1.500000e+00
    endloop
  endfacet
  facet normal 1.000000e+00 0.000000e+00 0.000000e+00
    outer loop
      vertex   8.417660e+01 1.655160e+01 0.000000e+00
      vertex   8.417660e+01 1.775160e+01 0.000000e+00
      vertex   8.417660e+01 1.655160e+01 1.500000e+00
    endloop
  endfacet
  facet normal 1.000000e+00 -0.000000e+00 0.000000e+00
    outer loop
      vertex   8.417660e+01 1.655160e+01 1.500000e+00
      vertex   8.417660e+01 1.775160e+01 0.000000e+00
      vertex   8.417660e+01 1.775160e+01 1.500000e+00
    endloop
  endfacet
  facet normal 0.000000e+00 -1.000000e+00 0.000000e+00
    outer loop
      vertex   8.245260e+01 1.655160e+01 0.000000e+00
      vertex   8.417660e+01 1.655160e+01 0.000000e+00
      vertex   8.245260e+01 1.655160e+01 1.500000e+00
    endloop
  endfacet
  facet normal 0.000000e+00 -1.000000e+00 0.000000e+00
    outer loop
      vertex   8.245260e+01 1.655160e+01 1.500000e+00
      vertex   8.417660e+01 1.655160e+01 0.000000e+00
      vertex   8.417660e+01 1.655160e+01 1.500000e+00
    endloop
  endfacet
  facet normal 9.999991e-01 -1.372294e-03 0.000000e+00
    outer loop
      vertex   8.245090e+01 1.531280e+01 0.000000e+00
      vertex   8.245260e+01 1.655160e+01 0.000000e+00
      vertex   8.245090e+01 1.531280e+01 1.500000e+00
    endloop
  endfacet
  facet normal 9.999991e-01 -1.372294e-03 0.000000e+00
    outer loop
      vertex   8.245090e+01 1.531280e+01 1.500000e+00
      vertex   8.245260e+01 1.655160e+01 0.000000e+00
      vertex   8.245260e+01 1.655160e+01 1.500000e+00
    endloop
  endfacet
  facet normal 1.000000e+00 0.000000e+00 0.000000e+00
    outer loop
      vertex   8.245090e+01 1.028173e+01 0.000000e+00
      vertex   8.245090e+01 1.531280e+01 0.000000e+00
      vertex   8.245090e+01 1.028173e+01 1.500000e+00
    endloop
  endfacet
  facet normal 1.000000e+00 -0.000000e+00 0.000000e+00
    outer loop
      vertex   8.245090e+01 1.028173e+01 1.500000e+00
      vertex   8.245090e+01 1.531280e+01 0.000000e+00
      vertex   8.245090e+01 1.531280e+01 1.500000e+00
    endloop
  endfacet
  facet normal 0.000000e+00 -1.000000e+00 0.000000e+00
    outer loop
      vertex   8.162540e+01 1.028173e+01 0.000000e+00
      vertex   8.245090e+01 1.028173e+01 0.000000e+00
      vertex   8.162540e+01 1.028173e+01 1.500000e+00
    endloop
  endfacet
  facet normal 0.000000e+00 -1.000000e+00 0.000000e+00
    outer loop
      vertex   8.162540e+01 1.028173e+01 1.500000e+00
      vertex   8.245090e+01 1.028173e+01 0.000000e+00
      vertex   8.245090e+01 1.028173e+01 1.500000e+00
    endloop
  endfacet
  facet normal 1.000000e+00 0.000000e+00 0.000000e+00
    outer loop
      vertex   8.162540e+01 7.482730e+00 0.000000e+00
      vertex   8.162540e+01 1.028173e+01 0.000000e+00
      vertex   8.162540e+01 7.482730e+00 1.500000e+00
    endloop
  endfacet
  facet normal 1.000000e+00 -0.000000e+00 0.000000e+00
    outer loop
      vertex   8.162540e+01 7.482730e+00 1.500000e+00
      vertex   8.162540e+01 1.028173e+01 0.000000e+00
      vertex   8.162540e+01 1.028173e+01 1.500000e+00
    endloop
  endfacet
  facet normal 0.000000e+00 1.000000e+00 -5.921189e-16
    outer loop
      vertex   8.245090e+01 7.482730e+00 0.000000e+00
      vertex   8.162540e+01 7.482730e+00 0.000000e+00
      vertex   8.245090e+01 7.482730e+00 1.500000e+00
    endloop
  endfacet
  facet normal 0.000000e+00 1.000000e+00 -5.921189e-16
    outer loop
      vertex   8.245090e+01 7.482730e+00 1.500000e+00
      vertex   8.162540e+01 7.482730e+00 0.000000e+00
      vertex   8.162540e+01 7.482730e+00 1.500000e+00
    endloop
  endfacet
  facet normal 1.000000e+00 0.000000e+00 -0.000000e+00
    outer loop
      vertex   8.245090e+01 4.252730e+00 0.000000e+00
      vertex   8.245090e+01 7.482730e+00 0.000000e+00
      vertex   8.245090e+01 4.252730e+00 1.500000e+00
    endloop
  endfacet
  facet normal 1.000000e+00 -0.000000e+00 0.000000e+00
    outer loop
      vertex   8.245090e+01 4.252730e+00 1.500000e+00
      vertex   8.245090e+01 7.482730e+00 0.000000e+00
      vertex   8.245090e+01 7.482730e+00 1.500000e+00
    endloop
  endfacet
  facet normal 0.000000e+00 1.000000e+00 5.921189e-16
    outer loop
      vertex   8.920060e+01 4.252730e+00 0.000000e+00
      vertex   8.245090e+01 4.252730e+00 0.000000e+00
      vertex   8.920060e+01 4.252730e+00 1.500000e+00
    endloop
  endfacet
  facet normal 0.000000e+00 1.000000e+00 5.921189e-16
    outer loop
      vertex   8.920060e+01 4.252730e+00 1.500000e+00
      vertex   8.245090e+01 4.252730e+00 0.000000e+00
      vertex   8.245090e+01 4.252730e+00 1.500000e+00
    endloop
  endfacet
  facet normal -1.000000e+00 0.000000e+00 0.000000e+00
    outer loop
      vertex   8.920060e+01 7.482730e+00 0.000000e+00
      vertex   8.920060e+01 4.252730e+00 0.000000e+00
      vertex   8.920060e+01 7.482730e+00 1.500000e+00
    endloop
  endfacet
  facet normal -1.000000e+00 -0.000000e+00 0.000000e+00
    outer loop
      vertex   8.920060e+01 7.482730e+00 1.500000e+00
      vertex   8.920060e+01 4.252730e+00 0.000000e+00
      vertex   8.920060e+01 4.252730e+00 1.500000e+00
    endloop
  endfacet
  facet normal 1.000000e+00 0.000000e+00 0.000000e+00
    outer loop
      vertex   9.230640e+01 3.173350e+01 0.000000e+00
      vertex   9.230640e+01 3.483270e+01 0.000000e+00
      vertex   9.230640e+01 3.173350e+01 1.500000e+00
    endloop
  endfacet
  facet normal 1.000000e+00 -0.000000e+00 0.000000e+00
    outer loop
      vertex   9.230640e+01 3.173350e+01 1.500000e+00
      vertex   9.230640e+01 3.483270e+01 0.000000e+00
      vertex   9.230640e+01 3.483270e+01 1.500000e+00
    endloop
  endfacet
  facet normal 0.000000e+00 1.000000e+00 -0.000000e+00
    outer loop
      vertex   9.310720e+01 3.173350e+01 0.000000e+00
      vertex   9.230640e+01 3.173350e+01 0.000000e+00
      vertex   9.310720e+01 3.173350e+01 1.500000e+00
    endloop
  endfacet
  facet normal 0.000000e+00 1.000000e+00 0.000000e+00
    outer loop
      vertex   9.310720e+01 3.173350e+01 1.500000e+00
      vertex   9.230640e+01 3.173350e+01 0.000000e+00
      vertex   9.230640e+01 3.173350e+01 1.500000e+00
    endloop
  endfacet
  facet normal 1.000000e+00 0.000000e+00 0.000000e+00
    outer loop
      vertex   9.310720e+01 2.593330e+01 0.000000e+00
      vertex   9.310720e+01 3.173350e+01 0.000000e+00
      vertex   9.310720e+01 2.593330e+01 1.500000e+00
    endloop
  endfacet
  facet normal 1.000000e+00 -0.000000e+00 0.000000e+00
    outer loop
      vertex   9.310720e+01 2.593330e+01 1.500000e+00
      vertex   9.310720e+01 3.173350e+01 0.000000e+00
      vertex   9.310720e+01 3.173350e+01 1.500000e+00
    endloop
  endfacet
  facet normal 0.000000e+00 -1.000000e+00 0.000000e+00
    outer loop
      vertex   9.230640e+01 2.593330e+01 0.000000e+00
      vertex   9.310720e+01 2.593330e+01 0.000000e+00
      vertex   9.230640e+01 2.593330e+01 1.500000e+00
    endloop
  endfacet
  facet normal 0.000000e+00 -1.000000e+00 0.000000e+00
    outer loop
      vertex   9.230640e+01 2.593330e+01 1.500000e+00
      vertex   9.310720e+01 2.593330e+01 0.000000e+00
      vertex   9.310720e+01 2.593330e+01 1.500000e+00
    endloop
  endfacet
  facet normal 1.000000e+00 0.000000e+00 0.000000e+00
    outer loop
      vertex   9.230640e+01 2.283270e+01 0.000000e+00
      vertex   9.230640e+01 2.593330e+01 0.000000e+00
      vertex   9.230640e+01 2.283270e+01 1.500000e+00
    endloop
  endfacet
  facet normal 1.000000e+00 -0.000000e+00 0.000000e+00
    outer loop
      vertex   9.230640e+01 2.283270e+01 1.500000e+00
      vertex   9.230640e+01 2.593330e+01 0.000000e+00
      vertex   9.230640e+01 2.593330e+01 1.500000e+00
    endloop
  endfacet
  facet normal 0.000000e+00 1.000000e+00 -0.000000e+00
    outer loop
      vertex   9.310720e+01 2.283270e+01 0.000000e+00
      vertex   9.230640e+01 2.283270e+01 0.000000e+00
      vertex   9.310720e+01 2.283270e+01 1.500000e+00
    endloop
  endfacet
  facet normal 0.000000e+00 1.000000e+00 0.000000e+00
    outer loop
      vertex   9.310720e+01 2.283270e+01 1.500000e+00
      vertex   9.230640e+01 2.283270e+01 0.000000e+00
      vertex   9.230640e+01 2.283270e+01 1.500000e+00
    endloop
  endfacet
  facet normal 1.000000e+00 0.000000e+00 0.000000e+00
    outer loop
      vertex   9.310720e+01 2.183360e+01 0.000000e+00
      vertex   9.310720e+01 2.283270e+01 0.000000e+00
      vertex   9.310720e+01 2.183360e+01 1.500000e+00
    endloop
  endfacet
  facet normal 1.000000e+00 -0.000000e+00 0.000000e+00
    outer loop
      vertex   9.310720e+01 2.183360e+01 1.500000e+00
      vertex   9.310720e+01 2.283270e+01 0.000000e+00
      vertex   9.310720e+01 2.283270e+01 1.500000e+00
    endloop
  endfacet
  facet normal 0.000000e+00 1.000000e+00 -0.000000e+00
    outer loop
      vertex   1.071070e+02 2.183360e+01 0.000000e+00
      vertex   9.310720e+01 2.183360e+01 0.000000e+00
      vertex   1.071070e+02 2.183360e+01 1.500000e+00
    endloop
  endfacet
  facet normal 0.000000e+00 1.000000e+00 0.000000e+00
    outer loop
      vertex   1.071070e+02 2.183360e+01 1.500000e+00
      vertex   9.310720e+01 2.183360e+01 0.000000e+00
      vertex   9.310720e+01 2.183360e+01 1.500000e+00
    endloop
  endfacet
  facet normal -1.000000e+00 0.000000e+00 0.000000e+00
    outer loop
      vertex   1.071070e+02 2.283270e+01 0.000000e+00
      vertex   1.071070e+02 2.183360e+01 0.000000e+00
      vertex   1.071070e+02 2.283270e+01 1.500000e+00
    endloop
  endfacet
  facet normal -1.000000e+00 -0.000000e+00 0.000000e+00
    outer loop
      vertex   1.071070e+02 2.283270e+01 1.500000e+00
      vertex   1.071070e+02 2.183360e+01 0.000000e+00
      vertex   1.071070e+02 2.183360e+01 1.500000e+00
    endloop
  endfacet
  facet normal 0.000000e+00 1.000000e+00 -0.000000e+00
    outer loop
      vertex   1.079060e+02 2.283270e+01 0.000000e+00
      vertex   1.071070e+02 2.283270e+01 0.000000e+00
      vertex   1.079060e+02 2.283270e+01 1.500000e+00
    endloop
  endfacet
  facet normal 0.000000e+00 1.000000e+00 0.000000e+00
    outer loop
      vertex   1.079060e+02 2.283270e+01 1.500000e+00
      vertex   1.071070e+02 2.283270e+01 0.000000e+00
      vertex   1.071070e+02 2.283270e+01 1.500000e+00
    endloop
  endfacet
  facet normal -1.000000e+00 0.000000e+00 0.000000e+00
    outer loop
      vertex   1.079060e+02 2.593330e+01 0.000000e+00
      vertex   1.079060e+02 2.283270e+01 0.000000e+00
      vertex   1.079060e+02 2.593330e+01 1.500000e+00
    endloop
  endfacet
  facet normal -1.000000e+00 -0.000000e+00 0.000000e+00
    outer loop
      vertex   1.079060e+02 2.593330e+01 1.500000e+00
      vertex   1.079060e+02 2.283270e+01 0.000000e+00
      vertex   1.079060e+02 2.283270e+01 1.500000e+00
    endloop
  endfacet
  facet normal 0.000000e+00 -1.000000e+00 0.000000e+00
    outer loop
      vertex   1.071070e+02 2.593330e+01 0.000000e+00
      vertex   1.079060e+02 2.593330e+01 0.000000e+00
      vertex   1.071070e+02 2.593330e+01 1.500000e+00
    endloop
  endfacet
  facet normal 0.000000e+00 -1.000000e+00 0.000000e+00
    outer loop
      vertex   1.071070e+02 2.593330e+01 1.500000e+00
      vertex   1.079060e+02 2.593330e+01 0.000000e+00
      vertex   1.079060e+02 2.593330e+01 1.500000e+00
    endloop
  endfacet
  facet normal -1.000000e+00 0.000000e+00 0.000000e+00
    outer loop
      vertex   1.071070e+02 3.173350e+01 0.000000e+00
      vertex   1.071070e+02 2.593330e+01 0.000000e+00
      vertex   1.071070e+02 3.173350e+01 1.500000e+00
    endloop
  endfacet
  facet normal -1.000000e+00 -0.000000e+00 0.000000e+00
    outer loop
      vertex   1.071070e+02 3.173350e+01 1.500000e+00
      vertex   1.071070e+02 2.593330e+01 0.000000e+00
      vertex   1.071070e+02 2.593330e+01 1.500000e+00
    endloop
  endfacet
  facet normal 0.000000e+00 1.000000e+00 -0.000000e+00
    outer loop
      vertex   1.079060e+02 3.173350e+01 0.000000e+00
      vertex   1.071070e+02 3.173350e+01 0.000000e+00
      vertex   1.079060e+02 3.173350e+01 1.500000e+00
    endloop
  endfacet
  facet normal 0.000000e+00 1.000000e+00 0.000000e+00
    outer loop
      vertex   1.079060e+02 3.173350e+01 1.500000e+00
      vertex   1.071070e+02 3.173350e+01 0.000000e+00
      vertex   1.071070e+02 3.173350e+01 1.500000e+00
    endloop
  endfacet
  facet normal -1.000000e+00 0.000000e+00 0.000000e+00
    outer loop
      vertex   1.079060e+02 3.483270e+01 0.000000e+00
      vertex   1.079060e+02 3.173350e+01 0.000000e+00
      vertex   1.079060e+02 3.483270e+01 1.500000e+00
    endloop
  endfacet
  facet normal -1.000000e+00 -0.000000e+00 0.000000e+00
    outer loop
      vertex   1.079060e+02 3.483270e+01 1.500000e+00
      vertex   1.079060e+02 3.173350e+01 0.000000e+00
      vertex   1.079060e+02 3.173350e+01 1.500000e+00
    endloop
  endfacet
  facet normal 0.000000e+00 -1.000000e+00 0.000000e+00
    outer loop
      vertex   1.071070e+02 3.483270e+01 0.000000e+00
      vertex   1.079060e+02 3.483270e+01 0.000000e+00
      vertex   1.071070e+02 3.483270e+01 1.500000e+00
    endloop
  endfacet
  facet normal 0.000000e+00 -1.000000e+00 0.000000e+00
    outer loop
      vertex   1.071070e+02 3.483270e+01 1.500000e+00
      vertex   1.079060e+02 3.483270e+01 0.000000e+00
      vertex   1.079060e+02 3.483270e+01 1.500000e+00
    endloop
  endfacet
  facet normal -1.000000e+00 0.000000e+00 0.000000e+00
    outer loop
      vertex   1.071070e+02 3.583300e+01 0.000000e+00
      vertex   1.071070e+02 3.483270e+01 0.000000e+00
      vertex   1.071070e+02 3.583300e+01 1.500000e+00
    endloop
  endfacet
  facet normal -1.000000e+00 -0.000000e+00 0.000000e+00
    outer loop
      vertex   1.071070e+02 3.583300e+01 1.500000e+00
      vertex   1.071070e+02 3.483270e+01 0.000000e+00
      vertex   1.071070e+02 3.483270e+01 1.500000e+00
    endloop
  endfacet
  facet normal 0.000000e+00 -1.000000e+00 0.000000e+00
    outer loop
      vertex   9.310720e+01 3.583300e+01 0.000000e+00
      vertex   1.071070e+02 3.583300e+01 0.000000e+00
      vertex   9.310720e+01 3.583300e+01 1.500000e+00
    endloop
  endfacet
  facet normal 0.000000e+00 -1.000000e+00 0.000000e+00
    outer loop
      vertex   9.310720e+01 3.583300e+01 1.500000e+00
      vertex   1.071070e+02 3.583300e+01 0.000000e+00
      vertex   1.071070e+02 3.583300e+01 1.500000e+00
    endloop
  endfacet
  facet normal 1.000000e+00 0.000000e+00 0.000000e+00
    outer loop
      vertex   9.310720e+01 3.483270e+01 0.000000e+00
      vertex   9.310720e+01 3.583300e+01 0.000000e+00
      vertex   9.310720e+01 3.483270e+01 1.500000e+00
    endloop
  endfacet
  facet normal 1.000000e+00 -0.000000e+00 0.000000e+00
    outer loop
      vertex   9.310720e+01 3.483270e+01 1.500000e+00
      vertex   9.310720e+01 3.583300e+01 0.000000e+00
      vertex   9.310720e+01 3.583300e+01 1.500000e+00
    endloop
  endfacet
  facet normal 0.000000e+00 -1.000000e+00 0.000000e+00
    outer loop
      vertex   9.230640e+01 3.483270e+01 0.000000e+00
      vertex   9.310720e+01 3.483270e+01 0.000000e+00
      vertex   9.230640e+01 3.483270e+01 1.500000e+00
    endloop
  endfacet
  facet normal 0.000000e+00 -1.000000e+00 0.000000e+00
    outer loop
      vertex   9.230640e+01 3.483270e+01 1.500000e+00
      vertex   9.310720e+01 3.483270e+01 0.000000e+00
      vertex   9.310720e+01 3.483270e+01 1.500000e+00
    endloop
  endfacet
  facet normal 1.000000e+00 0.000000e+00 0.000000e+00
    outer loop
      vertex   1.312070e+02 2.183360e+01 0.000000e+00
      vertex   1.312070e+02 2.283270e+01 0.000000e+00
      vertex   1.312070e+02 2.183360e+01 1.500000e+00
    endloop
  endfacet
  facet normal 1.000000e+00 -0.000000e+00 0.000000e+00
    outer loop
      vertex   1.312070e+02 2.183360e+01 1.500000e+00
      vertex   1.312070e+02 2.283270e+01 0.000000e+00
      vertex   1.312070e+02 2.283270e+01 1.500000e+00
    endloop
  endfacet
  facet normal 0.000000e+00 1.000000e+00 -0.000000e+00
    outer loop
      vertex   1.452070e+02 2.183360e+01 0.000000e+00
      vertex   1.312070e+02 2.183360e+01 0.000000e+00
      vertex   1.452070e+02 2.183360e+01 1.500000e+00
    endloop
  endfacet
  facet normal 0.000000e+00 1.000000e+00 0.000000e+00
    outer loop
      vertex   1.452070e+02 2.183360e+01 1.500000e+00
      vertex   1.312070e+02 2.183360e+01 0.000000e+00
      vertex   1.312070e+02 2.183360e+01 1.500000e+00
    endloop
  endfacet
  facet normal -1.000000e+00 0.000000e+00 1.894781e-14
    outer loop
      vertex   1.452070e+02 2.283270e+01 0.000000e+00
      vertex   1.452070e+02 2.183360e+01 0.000000e+00
      vertex   1.452070e+02 2.283270e+01 1.500000e+00
    endloop
  endfacet
  facet normal -1.000000e+00 0.000000e+00 1.894781e-14
    outer loop
      vertex   1.452070e+02 2.283270e+01 1.500000e+00
      vertex   1.452070e+02 2.183360e+01 0.000000e+00
      vertex   1.452070e+02 2.183360e+01 1.500000e+00
    endloop
  endfacet
  facet normal 0.000000e+00 1.000000e+00 -0.000000e+00
    outer loop
      vertex   1.460060e+02 2.283270e+01 0.000000e+00
      vertex   1.452070e+02 2.283270e+01 0.000000e+00
      vertex   1.460060e+02 2.283270e+01 1.500000e+00
    endloop
  endfacet
  facet normal 0.000000e+00 1.000000e+00 0.000000e+00
    outer loop
      vertex   1.460060e+02 2.283270e+01 1.500000e+00
      vertex   1.452070e+02 2.283270e+01 0.000000e+00
      vertex   1.452070e+02 2.283270e+01 1.500000e+00
    endloop
  endfacet
  facet normal -1.000000e+00 0.000000e+00 0.000000e+00
    outer loop
      vertex   1.460060e+02 2.593330e+01 0.000000e+00
      vertex   1.460060e+02 2.283270e+01 0.000000e+00
      vertex   1.460060e+02 2.593330e+01 1.500000e+00
    endloop
  endfacet
  facet normal -1.000000e+00 -0.000000e+00 0.000000e+00
    outer loop
      vertex   1.460060e+02 2.593330e+01 1.500000e+00
      vertex   1.460060e+02 2.283270e+01 0.000000e+00
      vertex   1.460060e+02 2.283270e+01 1.500000e+00
    endloop
  endfacet
  facet normal 0.000000e+00 -1.000000e+00 0.000000e+00
    outer loop
      vertex   1.452070e+02 2.593330e+01 0.000000e+00
      vertex   1.460060e+02 2.593330e+01 0.000000e+00
      vertex   1.452070e+02 2.593330e+01 1.500000e+00
    endloop
  endfacet
  facet normal 0.000000e+00 -1.000000e+00 0.000000e+00
    outer loop
      vertex   1.452070e+02 2.593330e+01 1.500000e+00
      vertex   1.460060e+02 2.593330e+01 0.000000e+00
      vertex   1.460060e+02 2.593330e+01 1.500000e+00
    endloop
  endfacet
  facet normal -1.000000e+00 0.000000e+00 1.894781e-14
    outer loop
      vertex   1.452070e+02 3.173350e+01 0.000000e+00
      vertex   1.452070e+02 2.593330e+01 0.000000e+00
      vertex   1.452070e+02 3.173350e+01 1.500000e+00
    endloop
  endfacet
  facet normal -1.000000e+00 0.000000e+00 1.894781e-14
    outer loop
      vertex   1.452070e+02 3.173350e+01 1.500000e+00
      vertex   1.452070e+02 2.593330e+01 0.000000e+00
      vertex   1.452070e+02 2.593330e+01 1.500000e+00
    endloop
  endfacet
  facet normal 0.000000e+00 1.000000e+00 -0.000000e+00
    outer loop
      vertex   1.460060e+02 3.173350e+01 0.000000e+00
      vertex   1.452070e+02 3.173350e+01 0.000000e+00
      vertex   1.460060e+02 3.173350e+01 1.500000e+00
    endloop
  endfacet
  facet normal 0.000000e+00 1.000000e+00 0.000000e+00
    outer loop
      vertex   1.460060e+02 3.173350e+01 1.500000e+00
      vertex   1.452070e+02 3.173350e+01 0.000000e+00
      vertex   1.452070e+02 3.173350e+01 1.500000e+00
    endloop
  endfacet
  facet normal -1.000000e+00 0.000000e+00 0.000000e+00
    outer loop
      vertex   1.460060e+02 3.483270e+01 0.000000e+00
      vertex   1.460060e+02 3.173350e+01 0.000000e+00
      vertex   1.460060e+02 3.483270e+01 1.500000e+00
    endloop
  endfacet
  facet normal -1.000000e+00 -0.000000e+00 0.000000e+00
    outer loop
      vertex   1.460060e+02 3.483270e+01 1.500000e+00
      vertex   1.460060e+02 3.173350e+01 0.000000e+00
      vertex   1.460060e+02 3.173350e+01 1.500000e+00
    endloop
  endfacet
  facet normal 0.000000e+00 -1.000000e+00 0.000000e+00
    outer loop
      vertex   1.452070e+02 3.483270e+01 0.000000e+00
      vertex   1.460060e+02 3.483270e+01 0.000000e+00
      vertex   1.452070e+02 3.483270e+01 1.500000e+00
    endloop
  endfacet
  facet normal 0.000000e+00 -1.000000e+00 0.000000e+00
    outer loop
      vertex   1.452070e+02 3.483270e+01 1.500000e+00
      vertex   1.460060e+02 3.483270e+01 0.000000e+00
      vertex   1.460060e+02 3.483270e+01 1.500000e+00
    endloop
  endfacet
  facet normal -1.000000e+00 0.000000e+00 1.894781e-14
    outer loop
      vertex   1.452070e+02 3.583300e+01 0.000000e+00
      vertex   1.452070e+02 3.483270e+01 0.000000e+00
      vertex   1.452070e+02 3.583300e+01 1.500000e+00
    endloop
  endfacet
  facet normal -1.000000e+00 0.000000e+00 1.894781e-14
    outer loop
      vertex   1.452070e+02 3.583300e+01 1.500000e+00
      vertex   1.452070e+02 3.483270e+01 0.000000e+00
      vertex   1.452070e+02 3.483270e+01 1.500000e+00
    endloop
  endfacet
  facet normal 0.000000e+00 -1.000000e+00 0.000000e+00
    outer loop
      vertex   1.312070e+02 3.583300e+01 0.000000e+00
      vertex   1.452070e+02 3.583300e+01 0.000000e+00
      vertex   1.312070e+02 3.583300e+01 1.500000e+00
    endloop
  endfacet
  facet normal 0.000000e+00 -1.000000e+00 0.000000e+00
    outer loop
      vertex   1.312070e+02 3.583300e+01 1.500000e+00
      vertex   1.452070e+02 3.583300e+01 0.000000e+00
      vertex   1.452070e+02 3.583300e+01 1.500000e+00
    endloop
  endfacet
  facet normal 1.000000e+00 0.000000e+00 0.000000e+00
    outer loop
      vertex   1.312070e+02 3.483270e+01 0.000000e+00
      vertex   1.312070e+02 3.583300e+01 0.000000e+00
      vertex   1.312070e+02 3.483270e+01 1.500000e+00
    endloop
  endfacet
  facet normal 1.000000e+00 -0.000000e+00 0.000000e+00
    outer loop
      vertex   1.312070e+02 3.483270e+01 1.500000e+00
      vertex   1.312070e+02 3.583300e+01 0.000000e+00
      vertex   1.312070e+02 3.583300e+01 1.500000e+00
    endloop
  endfacet
  facet normal 0.000000e+00 -1.000000e+00 0.000000e+00
    outer loop
      vertex   1.304060e+02 3.483270e+01 0.000000e+00
      vertex   1.312070e+02 3.483270e+01 0.000000e+00
      vertex   1.304060e+02 3.483270e+01 1.500000e+00
    endloop
  endfacet
  facet normal 0.000000e+00 -1.000000e+00 0.000000e+00
    outer loop
      vertex   1.304060e+02 3.483270e+01 1.500000e+00
      vertex   1.312070e+02 3.483270e+01 0.000000e+00
      vertex   1.312070e+02 3.483270e+01 1.500000e+00
    endloop
  endfacet
  facet normal 1.000000e+00 0.000000e+00 0.000000e+00
    outer loop
      vertex   1.304060e+02 3.173350e+01 0.000000e+00
      vertex   1.304060e+02 3.483270e+01 0.000000e+00
      vertex   1.304060e+02 3.173350e+01 1.500000e+00
    endloop
  endfacet
  facet normal 1.000000e+00 -0.000000e+00 0.000000e+00
    outer loop
      vertex   1.304060e+02 3.173350e+01 1.500000e+00
      vertex   1.304060e+02 3.483270e+01 0.000000e+00
      vertex   1.304060e+02 3.483270e+01 1.500000e+00
    endloop
  endfacet
  facet normal 0.000000e+00 1.000000e+00 -0.000000e+00
    outer loop
      vertex   1.312070e+02 3.173350e+01 0.000000e+00
      vertex   1.304060e+02 3.173350e+01 0.000000e+00
      vertex   1.312070e+02 3.173350e+01 1.500000e+00
    endloop
  endfacet
  facet normal 0.000000e+00 1.000000e+00 0.000000e+00
    outer loop
      vertex   1.312070e+02 3.173350e+01 1.500000e+00
      vertex   1.304060e+02 3.173350e+01 0.000000e+00
      vertex   1.304060e+02 3.173350e+01 1.500000e+00
    endloop
  endfacet
  facet normal 1.000000e+00 0.000000e+00 0.000000e+00
    outer loop
      vertex   1.312070e+02 2.593330e+01 0.000000e+00
      vertex   1.312070e+02 3.173350e+01 0.000000e+00
      vertex   1.312070e+02 2.593330e+01 1.500000e+00
    endloop
  endfacet
  facet normal 1.000000e+00 -0.000000e+00 0.000000e+00
    outer loop
      vertex   1.312070e+02 2.593330e+01 1.500000e+00
      vertex   1.312070e+02 3.173350e+01 0.000000e+00
      vertex   1.312070e+02 3.173350e+01 1.500000e+00
    endloop
  endfacet
  facet normal 0.000000e+00 -1.000000e+00 0.000000e+00
    outer loop
      vertex   1.304060e+02 2.593330e+01 0.000000e+00
      vertex   1.312070e+02 2.593330e+01 0.000000e+00
      vertex   1.304060e+02 2.593330e+01 1.500000e+00
    endloop
  endfacet
  facet normal 0.000000e+00 -1.000000e+00 0.000000e+00
    outer loop
      vertex   1.304060e+02 2.593330e+01 1.500000e+00
      vertex   1.312070e+02 2.593330e+01 0.000000e+00
      vertex   1.312070e+02 2.593330e+01 1.500000e+00
    endloop
  endfacet
  facet normal 1.000000e+00 0.000000e+00 0.000000e+00
    outer loop
      vertex   1.304060e+02 2.283270e+01 0.000000e+00
      vertex   1.304060e+02 2.593330e+01 0.000000e+00
      vertex   1.304060e+02 2.283270e+01 1.500000e+00
    endloop
  endfacet
  facet normal 1.000000e+00 -0.000000e+00 0.000000e+00
    outer loop
      vertex   1.304060e+02 2.283270e+01 1.500000e+00
      vertex   1.304060e+02 2.593330e+01 0.000000e+00
      vertex   1.304060e+02 2.593330e+01 1.500000e+00
    endloop
  endfacet
  facet normal 0.000000e+00 1.000000e+00 -0.000000e+00
    outer loop
      vertex   1.312070e+02 2.283270e+01 0.000000e+00
      vertex   1.304060e+02 2.283270e+01 0.000000e+00
      vertex   1.312070e+02 2.283270e+01 1.500000e+00
    endloop
  endfacet
  facet normal 0.000000e+00 1.000000e+00 0.000000e+00
    outer loop
      vertex   1.312070e+02 2.283270e+01 1.500000e+00
      vertex   1.304060e+02 2.283270e+01 0.000000e+00
      vertex   1.304060e+02 2.283270e+01 1.500000e+00
    endloop
  endfacet
  facet normal 1.000000e+00 0.000000e+00 0.000000e+00
    outer loop
      vertex   7.405720e+01 2.183360e+01 0.000000e+00
      vertex   7.405720e+01 2.283270e+01 0.000000e+00
      vertex   7.405720e+01 2.183360e+01 1.500000e+00
    endloop
  endfacet
  facet normal 1.000000e+00 -0.000000e+00 0.000000e+00
    outer loop
      vertex   7.405720e+01 2.183360e+01 1.500000e+00
      vertex   7.405720e+01 2.283270e+01 0.000000e+00
      vertex   7.405720e+01 2.283270e+01 1.500000e+00
    endloop
  endfacet
  facet normal 0.000000e+00 1.000000e+00 -0.000000e+00
    outer loop
      vertex   8.805650e+01 2.183360e+01 0.000000e+00
      vertex   7.405720e+01 2.183360e+01 0.000000e+00
      vertex   8.805650e+01 2.183360e+01 1.500000e+00
    endloop
  endfacet
  facet normal 0.000000e+00 1.000000e+00 0.000000e+00
    outer loop
      vertex   8.805650e+01 2.183360e+01 1.500000e+00
      vertex   7.405720e+01 2.183360e+01 0.000000e+00
      vertex   7.405720e+01 2.183360e+01 1.500000e+00
    endloop
  endfacet
  facet normal -1.000000e+00 0.000000e+00 0.000000e+00
    outer loop
      vertex   8.805650e+01 2.283270e+01 0.000000e+00
      vertex   8.805650e+01 2.183360e+01 0.000000e+00
      vertex   8.805650e+01 2.283270e+01 1.500000e+00
    endloop
  endfacet
  facet normal -1.000000e+00 -0.000000e+00 0.000000e+00
    outer loop
      vertex   8.805650e+01 2.283270e+01 1.500000e+00
      vertex   8.805650e+01 2.183360e+01 0.000000e+00
      vertex   8.805650e+01 2.183360e+01 1.500000e+00
    endloop
  endfacet
  facet normal 0.000000e+00 1.000000e+00 -0.000000e+00
    outer loop
      vertex   8.885590e+01 2.283270e+01 0.000000e+00
      vertex   8.805650e+01 2.283270e+01 0.000000e+00
      vertex   8.885590e+01 2.283270e+01 1.500000e+00
    endloop
  endfacet
  facet normal 0.000000e+00 1.000000e+00 0.000000e+00
    outer loop
      vertex   8.885590e+01 2.283270e+01 1.500000e+00
      vertex   8.805650e+01 2.283270e+01 0.000000e+00
      vertex   8.805650e+01 2.283270e+01 1.500000e+00
    endloop
  endfacet
  facet normal -1.000000e+00 0.000000e+00 0.000000e+00
    outer loop
      vertex   8.885590e+01 2.593330e+01 0.000000e+00
      vertex   8.885590e+01 2.283270e+01 0.000000e+00
      vertex   8.885590e+01 2.593330e+01 1.500000e+00
    endloop
  endfacet
  facet normal -1.000000e+00 -0.000000e+00 0.000000e+00
    outer loop
      vertex   8.885590e+01 2.593330e+01 1.500000e+00
      vertex   8.885590e+01 2.283270e+01 0.000000e+00
      vertex   8.885590e+01 2.283270e+01 1.500000e+00
    endloop
  endfacet
  facet normal 0.000000e+00 -1.000000e+00 0.000000e+00
    outer loop
      vertex   8.805650e+01 2.593330e+01 0.000000e+00
      vertex   8.885590e+01 2.593330e+01 0.000000e+00
      vertex   8.805650e+01 2.593330e+01 1.500000e+00
    endloop
  endfacet
  facet normal 0.000000e+00 -1.000000e+00 0.000000e+00
    outer loop
      vertex   8.805650e+01 2.593330e+01 1.500000e+00
      vertex   8.885590e+01 2.593330e+01 0.000000e+00
      vertex   8.885590e+01 2.593330e+01 1.500000e+00
    endloop
  endfacet
  facet normal -1.000000e+00 0.000000e+00 0.000000e+00
    outer loop
      vertex   8.805650e+01 3.173350e+01 0.000000e+00
      vertex   8.805650e+01 2.593330e+01 0.000000e+00
      vertex   8.805650e+01 3.173350e+01 1.500000e+00
    endloop
  endfacet
  facet normal -1.000000e+00 -0.000000e+00 0.000000e+00
    outer loop
      vertex   8.805650e+01 3.173350e+01 1.500000e+00
      vertex   8.805650e+01 2.593330e+01 0.000000e+00
      vertex   8.805650e+01 2.593330e+01 1.500000e+00
    endloop
  endfacet
  facet normal 0.000000e+00 1.000000e+00 -0.000000e+00
    outer loop
      vertex   8.885590e+01 3.173350e+01 0.000000e+00
      vertex   8.805650e+01 3.173350e+01 0.000000e+00
      vertex   8.885590e+01 3.173350e+01 1.500000e+00
    endloop
  endfacet
  facet normal 0.000000e+00 1.000000e+00 0.000000e+00
    outer loop
      vertex   8.885590e+01 3.173350e+01 1.500000e+00
      vertex   8.805650e+01 3.173350e+01 0.000000e+00
      vertex   8.805650e+01 3.173350e+01 1.500000e+00
    endloop
  endfacet
  facet normal -1.000000e+00 0.000000e+00 0.000000e+00
    outer loop
      vertex   8.885590e+01 3.483270e+01 0.000000e+00
      vertex   8.885590e+01 3.173350e+01 0.000000e+00
      vertex   8.885590e+01 3.483270e+01 1.500000e+00
    endloop
  endfacet
  facet normal -1.000000e+00 -0.000000e+00 0.000000e+00
    outer loop
      vertex   8.885590e+01 3.483270e+01 1.500000e+00
      vertex   8.885590e+01 3.173350e+01 0.000000e+00
      vertex   8.885590e+01 3.173350e+01 1.500000e+00
    endloop
  endfacet
  facet normal 0.000000e+00 -1.000000e+00 0.000000e+00
    outer loop
      vertex   8.805650e+01 3.483270e+01 0.000000e+00
      vertex   8.885590e+01 3.483270e+01 0.000000e+00
      vertex   8.805650e+01 3.483270e+01 1.500000e+00
    endloop
  endfacet
  facet normal 0.000000e+00 -1.000000e+00 0.000000e+00
    outer loop
      vertex   8.805650e+01 3.483270e+01 1.500000e+00
      vertex   8.885590e+01 3.483270e+01 0.000000e+00
      vertex   8.885590e+01 3.483270e+01 1.500000e+00
    endloop
  endfacet
  facet normal -1.000000e+00 0.000000e+00 0.000000e+00
    outer loop
      vertex   8.805650e+01 3.583300e+01 0.000000e+00
      vertex   8.805650e+01 3.483270e+01 0.000000e+00
      vertex   8.805650e+01 3.583300e+01 1.500000e+00
    endloop
  endfacet
  facet normal -1.000000e+00 -0.000000e+00 0.000000e+00
    outer loop
      vertex   8.805650e+01 3.583300e+01 1.500000e+00
      vertex   8.805650e+01 3.483270e+01 0.000000e+00
      vertex   8.805650e+01 3.483270e+01 1.500000e+00
    endloop
  endfacet
  facet normal 0.000000e+00 -1.000000e+00 0.000000e+00
    outer loop
      vertex   7.405720e+01 3.583300e+01 0.000000e+00
      vertex   8.805650e+01 3.583300e+01 0.000000e+00
      vertex   7.405720e+01 3.583300e+01 1.500000e+00
    endloop
  endfacet
  facet normal 0.000000e+00 -1.000000e+00 0.000000e+00
    outer loop
      vertex   7.405720e+01 3.583300e+01 1.500000e+00
      vertex   8.805650e+01 3.583300e+01 0.000000e+00
      vertex   8.805650e+01 3.583300e+01 1.500000e+00
    endloop
  endfacet
  facet normal 1.000000e+00 0.000000e+00 0.000000e+00
    outer loop
      vertex   7.405720e+01 3.483270e+01 0.000000e+00
      vertex   7.405720e+01 3.583300e+01 0.000000e+00
      vertex   7.405720e+01 3.483270e+01 1.500000e+00
    endloop
  endfacet
  facet normal 1.000000e+00 -0.000000e+00 0.000000e+00
    outer loop
      vertex   7.405720e+01 3.483270e+01 1.500000e+00
      vertex   7.405720e+01 3.583300e+01 0.000000e+00
      vertex   7.405720e+01 3.583300e+01 1.500000e+00
    endloop
  endfacet
  facet normal 0.000000e+00 -1.000000e+00 0.000000e+00
    outer loop
      vertex   7.325640e+01 3.483270e+01 0.000000e+00
      vertex   7.405720e+01 3.483270e+01 0.000000e+00
      vertex   7.325640e+01 3.483270e+01 1.500000e+00
    endloop
  endfacet
  facet normal 0.000000e+00 -1.000000e+00 0.000000e+00
    outer loop
      vertex   7.325640e+01 3.483270e+01 1.500000e+00
      vertex   7.405720e+01 3.483270e+01 0.000000e+00
      vertex   7.405720e+01 3.483270e+01 1.500000e+00
    endloop
  endfacet
  facet normal 1.000000e+00 0.000000e+00 0.000000e+00
    outer loop
      vertex   7.325640e+01 3.173350e+01 0.000000e+00
      vertex   7.325640e+01 3.483270e+01 0.000000e+00
      vertex   7.325640e+01 3.173350e+01 1.500000e+00
    endloop
  endfacet
  facet normal 1.000000e+00 -0.000000e+00 0.000000e+00
    outer loop
      vertex   7.325640e+01 3.173350e+01 1.500000e+00
      vertex   7.325640e+01 3.483270e+01 0.000000e+00
      vertex   7.325640e+01 3.483270e+01 1.500000e+00
    endloop
  endfacet
  facet normal 0.000000e+00 1.000000e+00 -0.000000e+00
    outer loop
      vertex   7.405720e+01 3.173350e+01 0.000000e+00
      vertex   7.325640e+01 3.173350e+01 0.000000e+00
      vertex   7.405720e+01 3.173350e+01 1.500000e+00
    endloop
  endfacet
  facet normal 0.000000e+00 1.000000e+00 0.000000e+00
    outer loop
      vertex   7.405720e+01 3.173350e+01 1.500000e+00
      vertex   7.325640e+01 3.173350e+01 0.000000e+00
      vertex   7.325640e+01 3.173350e+01 1.500000e+00
    endloop
  endfacet
  facet normal 1.000000e+00 0.000000e+00 0.000000e+00
    outer loop
      vertex   7.405720e+01 2.593330e+01 0.000000e+00
      vertex   7.405720e+01 3.173350e+01 0.000000e+00
      vertex   7.405720e+01 2.593330e+01 1.500000e+00
    endloop
  endfacet
  facet normal 1.000000e+00 -0.000000e+00 0.000000e+00
    outer loop
      vertex   7.405720e+01 2.593330e+01 1.500000e+00
      vertex   7.405720e+01 3.173350e+01 0.000000e+00
      vertex   7.405720e+01 3.173350e+01 1.500000e+00
    endloop
  endfacet
  facet normal 0.000000e+00 -1.000000e+00 0.000000e+00
    outer loop
      vertex   7.325640e+01 2.593330e+01 0.000000e+00
      vertex   7.405720e+01 2.593330e+01 0.000000e+00
      vertex   7.325640e+01 2.593330e+01 1.500000e+00
    endloop
  endfacet
  facet normal 0.000000e+00 -1.000000e+00 0.000000e+00
    outer loop
      vertex   7.325640e+01 2.593330e+01 1.500000e+00
      vertex   7.405720e+01 2.593330e+01 0.000000e+00
      vertex   7.405720e+01 2.593330e+01 1.500000e+00
    endloop
  endfacet
  facet normal 1.000000e+00 0.000000e+00 0.000000e+00
    outer loop
      vertex   7.325640e+01 2.283270e+01 0.000000e+00
      vertex   7.325640e+01 2.593330e+01 0.000000e+00
      vertex   7.325640e+01 2.283270e+01 1.500000e+00
    endloop
  endfacet
  facet normal 1.000000e+00 -0.000000e+00 0.000000e+00
    outer loop
      vertex   7.325640e+01 2.283270e+01 1.500000e+00
      vertex   7.325640e+01 2.593330e+01 0.000000e+00
      vertex   7.325640e+01 2.593330e+01 1.500000e+00
    endloop
  endfacet
  facet normal 0.000000e+00 1.000000e+00 -0.000000e+00
    outer loop
      vertex   7.405720e+01 2.283270e+01 0.000000e+00
      vertex   7.325640e+01 2.283270e+01 0.000000e+00
      vertex   7.405720e+01 2.283270e+01 1.500000e+00
    endloop
  endfacet
  facet normal 0.000000e+00 1.000000e+00 0.000000e+00
    outer loop
      vertex   7.405720e+01 2.283270e+01 1.500000e+00
      vertex   7.325640e+01 2.283270e+01 0.000000e+00
      vertex   7.325640e+01 2.283270e+01 1.500000e+00
    endloop
  endfacet
  facet normal 1.000000e+00 0.000000e+00 0.000000e+00
    outer loop
      vertex   1.121570e+02 3.483270e+01 0.000000e+00
      vertex   1.121570e+02 3.583300e+01 0.000000e+00
      vertex   1.121570e+02 3.483270e+01 1.500000e+00
    endloop
  endfacet
  facet normal 1.000000e+00 -0.000000e+00 0.000000e+00
    outer loop
      vertex   1.121570e+02 3.483270e+01 1.500000e+00
      vertex   1.121570e+02 3.583300e+01 0.000000e+00
      vertex   1.121570e+02 3.583300e+01 1.500000e+00
    endloop
  endfacet
  facet normal 0.000000e+00 -1.000000e+00 0.000000e+00
    outer loop
      vertex   1.113560e+02 3.483270e+01 0.000000e+00
      vertex   1.121570e+02 3.483270e+01 0.000000e+00
      vertex   1.113560e+02 3.483270e+01 1.500000e+00
    endloop
  endfacet
  facet normal 0.000000e+00 -1.000000e+00 0.000000e+00
    outer loop
      vertex   1.113560e+02 3.483270e+01 1.500000e+00
      vertex   1.121570e+02 3.483270e+01 0.000000e+00
      vertex   1.121570e+02 3.483270e+01 1.500000e+00
    endloop
  endfacet
  facet normal 1.000000e+00 0.000000e+00 -9.473903e-15
    outer loop
      vertex   1.113560e+02 3.173350e+01 0.000000e+00
      vertex   1.113560e+02 3.483270e+01 0.000000e+00
      vertex   1.113560e+02 3.173350e+01 1.500000e+00
    endloop
  endfacet
  facet normal 1.000000e+00 0.000000e+00 -9.473903e-15
    outer loop
      vertex   1.113560e+02 3.173350e+01 1.500000e+00
      vertex   1.113560e+02 3.483270e+01 0.000000e+00
      vertex   1.113560e+02 3.483270e+01 1.500000e+00
    endloop
  endfacet
  facet normal 0.000000e+00 1.000000e+00 -0.000000e+00
    outer loop
      vertex   1.121570e+02 3.173350e+01 0.000000e+00
      vertex   1.113560e+02 3.173350e+01 0.000000e+00
      vertex   1.121570e+02 3.173350e+01 1.500000e+00
    endloop
  endfacet
  facet normal 0.000000e+00 1.000000e+00 0.000000e+00
    outer loop
      vertex   1.121570e+02 3.173350e+01 1.500000e+00
      vertex   1.113560e+02 3.173350e+01 0.000000e+00
      vertex   1.113560e+02 3.173350e+01 1.500000e+00
    endloop
  endfacet
  facet normal 1.000000e+00 0.000000e+00 0.000000e+00
    outer loop
      vertex   1.121570e+02 2.593330e+01 0.000000e+00
      vertex   1.121570e+02 3.173350e+01 0.000000e+00
      vertex   1.121570e+02 2.593330e+01 1.500000e+00
    endloop
  endfacet
  facet normal 1.000000e+00 -0.000000e+00 0.000000e+00
    outer loop
      vertex   1.121570e+02 2.593330e+01 1.500000e+00
      vertex   1.121570e+02 3.173350e+01 0.000000e+00
      vertex   1.121570e+02 3.173350e+01 1.500000e+00
    endloop
  endfacet
  facet normal 0.000000e+00 -1.000000e+00 0.000000e+00
    outer loop
      vertex   1.113560e+02 2.593330e+01 0.000000e+00
      vertex   1.121570e+02 2.593330e+01 0.000000e+00
      vertex   1.113560e+02 2.593330e+01 1.500000e+00
    endloop
  endfacet
  facet normal 0.000000e+00 -1.000000e+00 0.000000e+00
    outer loop
      vertex   1.113560e+02 2.593330e+01 1.500000e+00
      vertex   1.121570e+02 2.593330e+01 0.000000e+00
      vertex   1.121570e+02 2.593330e+01 1.500000e+00
    endloop
  endfacet
  facet normal 1.000000e+00 0.000000e+00 -9.473903e-15
    outer loop
      vertex   1.113560e+02 2.283270e+01 0.000000e+00
      vertex   1.113560e+02 2.593330e+01 0.000000e+00
      vertex   1.113560e+02 2.283270e+01 1.500000e+00
    endloop
  endfacet
  facet normal 1.000000e+00 0.000000e+00 -9.473903e-15
    outer loop
      vertex   1.113560e+02 2.283270e+01 1.500000e+00
      vertex   1.113560e+02 2.593330e+01 0.000000e+00
      vertex   1.113560e+02 2.593330e+01 1.500000e+00
    endloop
  endfacet
  facet normal 0.000000e+00 1.000000e+00 -0.000000e+00
    outer loop
      vertex   1.121570e+02 2.283270e+01 0.000000e+00
      vertex   1.113560e+02 2.283270e+01 0.000000e+00
      vertex   1.121570e+02 2.283270e+01 1.500000e+00
    endloop
  endfacet
  facet normal 0.000000e+00 1.000000e+00 0.000000e+00
    outer loop
      vertex   1.121570e+02 2.283270e+01 1.500000e+00
      vertex   1.113560e+02 2.283270e+01 0.000000e+00
      vertex   1.113560e+02 2.283270e+01 1.500000e+00
    endloop
  endfacet
  facet normal 1.000000e+00 0.000000e+00 0.000000e+00
    outer loop
      vertex   1.121570e+02 2.183360e+01 0.000000e+00
      vertex   1.121570e+02 2.283270e+01 0.000000e+00
      vertex   1.121570e+02 2.183360e+01 1.500000e+00
    endloop
  endfacet
  facet normal 1.000000e+00 -0.000000e+00 0.000000e+00
    outer loop
      vertex   1.121570e+02 2.183360e+01 1.500000e+00
      vertex   1.121570e+02 2.283270e+01 0.000000e+00
      vertex   1.121570e+02 2.283270e+01 1.500000e+00
    endloop
  endfacet
  facet normal 0.000000e+00 1.000000e+00 -0.000000e+00
    outer loop
      vertex   1.261570e+02 2.183360e+01 0.000000e+00
      vertex   1.121570e+02 2.183360e+01 0.000000e+00
      vertex   1.261570e+02 2.183360e+01 1.500000e+00
    endloop
  endfacet
  facet normal 0.000000e+00 1.000000e+00 0.000000e+00
    outer loop
      vertex   1.261570e+02 2.183360e+01 1.500000e+00
      vertex   1.121570e+02 2.183360e+01 0.000000e+00
      vertex   1.121570e+02 2.183360e+01 1.500000e+00
    endloop
  endfacet
  facet normal -1.000000e+00 0.000000e+00 9.473903e-15
    outer loop
      vertex   1.261570e+02 2.283270e+01 0.000000e+00
      vertex   1.261570e+02 2.183360e+01 0.000000e+00
      vertex   1.261570e+02 2.283270e+01 1.500000e+00
    endloop
  endfacet
  facet normal -1.000000e+00 0.000000e+00 9.473903e-15
    outer loop
      vertex   1.261570e+02 2.283270e+01 1.500000e+00
      vertex   1.261570e+02 2.183360e+01 0.000000e+00
      vertex   1.261570e+02 2.183360e+01 1.500000e+00
    endloop
  endfacet
  facet normal 0.000000e+00 1.000000e+00 -0.000000e+00
    outer loop
      vertex   1.269560e+02 2.283270e+01 0.000000e+00
      vertex   1.261570e+02 2.283270e+01 0.000000e+00
      vertex   1.269560e+02 2.283270e+01 1.500000e+00
    endloop
  endfacet
  facet normal 0.000000e+00 1.000000e+00 0.000000e+00
    outer loop
      vertex   1.269560e+02 2.283270e+01 1.500000e+00
      vertex   1.261570e+02 2.283270e+01 0.000000e+00
      vertex   1.261570e+02 2.283270e+01 1.500000e+00
    endloop
  endfacet
  facet normal -1.000000e+00 0.000000e+00 9.473903e-15
    outer loop
      vertex   1.269560e+02 2.593330e+01 0.000000e+00
      vertex   1.269560e+02 2.283270e+01 0.000000e+00
      vertex   1.269560e+02 2.593330e+01 1.500000e+00
    endloop
  endfacet
  facet normal -1.000000e+00 0.000000e+00 9.473903e-15
    outer loop
      vertex   1.269560e+02 2.593330e+01 1.500000e+00
      vertex   1.269560e+02 2.283270e+01 0.000000e+00
      vertex   1.269560e+02 2.283270e+01 1.500000e+00
    endloop
  endfacet
  facet normal 0.000000e+00 -1.000000e+00 0.000000e+00
    outer loop
      vertex   1.261570e+02 2.593330e+01 0.000000e+00
      vertex   1.269560e+02 2.593330e+01 0.000000e+00
      vertex   1.261570e+02 2.593330e+01 1.500000e+00
    endloop
  endfacet
  facet normal 0.000000e+00 -1.000000e+00 0.000000e+00
    outer loop
      vertex   1.261570e+02 2.593330e+01 1.500000e+00
      vertex   1.269560e+02 2.593330e+01 0.000000e+00
      vertex   1.269560e+02 2.593330e+01 1.500000e+00
    endloop
  endfacet
  facet normal -1.000000e+00 0.000000e+00 9.473903e-15
    outer loop
      vertex   1.261570e+02 3.173350e+01 0.000000e+00
      vertex   1.261570e+02 2.593330e+01 0.000000e+00
      vertex   1.261570e+02 3.173350e+01 1.500000e+00
    endloop
  endfacet
  facet normal -1.000000e+00 0.000000e+00 9.473903e-15
    outer loop
      vertex   1.261570e+02 3.173350e+01 1.500000e+00
      vertex   1.261570e+02 2.593330e+01 0.000000e+00
      vertex   1.261570e+02 2.593330e+01 1.500000e+00
    endloop
  endfacet
  facet normal 0.000000e+00 1.000000e+00 -0.000000e+00
    outer loop
      vertex   1.269560e+02 3.173350e+01 0.000000e+00
      vertex   1.261570e+02 3.173350e+01 0.000000e+00
      vertex   1.269560e+02 3.173350e+01 1.500000e+00
    endloop
  endfacet
  facet normal 0.000000e+00 1.000000e+00 0.000000e+00
    outer loop
      vertex   1.269560e+02 3.173350e+01 1.500000e+00
      vertex   1.261570e+02 3.173350e+01 0.000000e+00
      vertex   1.261570e+02 3.173350e+01 1.500000e+00
    endloop
  endfacet
  facet normal -1.000000e+00 0.000000e+00 9.473903e-15
    outer loop
      vertex   1.269560e+02 3.483270e+01 0.000000e+00
      vertex   1.269560e+02 3.173350e+01 0.000000e+00
      vertex   1.269560e+02 3.483270e+01 1.500000e+00
    endloop
  endfacet
  facet normal -1.000000e+00 0.000000e+00 9.473903e-15
    outer loop
      vertex   1.269560e+02 3.483270e+01 1.500000e+00
      vertex   1.269560e+02 3.173350e+01 0.000000e+00
      vertex   1.269560e+02 3.173350e+01 1.500000e+00
    endloop
  endfacet
  facet normal 0.000000e+00 -1.000000e+00 0.000000e+00
    outer loop
      vertex   1.261570e+02 3.483270e+01 0.000000e+00
      vertex   1.269560e+02 3.483270e+01 0.000000e+00
      vertex   1.261570e+02 3.483270e+01 1.500000e+00
    endloop
  endfacet
  facet normal 0.000000e+00 -1.000000e+00 0.000000e+00
    outer loop
      vertex   1.261570e+02 3.483270e+01 1.500000e+00
      vertex   1.269560e+02 3.483270e+01 0.000000e+00
      vertex   1.269560e+02 3.483270e+01 1.500000e+00
    endloop
  endfacet
  facet normal -1.000000e+00 0.000000e+00 9.473903e-15
    outer loop
      vertex   1.261570e+02 3.583300e+01 0.000000e+00
      vertex   1.261570e+02 3.483270e+01 0.000000e+00
      vertex   1.261570e+02 3.583300e+01 1.500000e+00
    endloop
  endfacet
  facet normal -1.000000e+00 0.000000e+00 9.473903e-15
    outer loop
      vertex   1.261570e+02 3.583300e+01 1.500000e+00
      vertex   1.261570e+02 3.483270e+01 0.000000e+00
      vertex   1.261570e+02 3.483270e+01 1.500000e+00
    endloop
  endfacet
  facet normal 0.000000e+00 -1.000000e+00 0.000000e+00
    outer loop
      vertex   1.121570e+02 3.583300e+01 0.000000e+00
      vertex   1.261570e+02 3.583300e+01 0.000000e+00
      vertex   1.121570e+02 3.583300e+01 1.500000e+00
    endloop
  endfacet
  facet normal 0.000000e+00 -1.000000e+00 0.000000e+00
    outer loop
      vertex   1.121570e+02 3.583300e+01 1.500000e+00
      vertex   1.261570e+02 3.583300e+01 0.000000e+00
      vertex   1.261570e+02 3.583300e+01 1.500000e+00
    endloop
  endfacet
  facet normal 0.000000e+00 -1.000000e+00 0.000000e+00
    outer loop
      vertex   1.661920e+01 7.293260e+01 0.000000e+00
      vertex   1.741980e+01 7.293260e+01 0.000000e+00
      vertex   1.661920e+01 7.293260e+01 1.500000e+00
    endloop
  endfacet
  facet normal 0.000000e+00 -1.000000e+00 0.000000e+00
    outer loop
      vertex   1.661920e+01 7.293260e+01 1.500000e+00
      vertex   1.741980e+01 7.293260e+01 0.000000e+00
      vertex   1.741980e+01 7.293260e+01 1.500000e+00
    endloop
  endfacet
  facet normal -1.000000e+00 0.000000e+00 0.000000e+00
    outer loop
      vertex   1.661920e+01 7.393310e+01 0.000000e+00
      vertex   1.661920e+01 7.293260e+01 0.000000e+00
      vertex   1.661920e+01 7.393310e+01 1.500000e+00
    endloop
  endfacet
  facet normal -1.000000e+00 -0.000000e+00 0.000000e+00
    outer loop
      vertex   1.661920e+01 7.393310e+01 1.500000e+00
      vertex   1.661920e+01 7.293260e+01 0.000000e+00
      vertex   1.661920e+01 7.293260e+01 1.500000e+00
    endloop
  endfacet
  facet normal 0.000000e+00 -1.000000e+00 0.000000e+00
    outer loop
      vertex   2.619650e+00 7.393310e+01 0.000000e+00
      vertex   1.661920e+01 7.393310e+01 0.000000e+00
      vertex   2.619650e+00 7.393310e+01 1.500000e+00
    endloop
  endfacet
  facet normal 0.000000e+00 -1.000000e+00 0.000000e+00
    outer loop
      vertex   2.619650e+00 7.393310e+01 1.500000e+00
      vertex   1.661920e+01 7.393310e+01 0.000000e+00
      vertex   1.661920e+01 7.393310e+01 1.500000e+00
    endloop
  endfacet
  facet normal 1.000000e+00 0.000000e+00 0.000000e+00
    outer loop
      vertex   2.619650e+00 7.293260e+01 0.000000e+00
      vertex   2.619650e+00 7.393310e+01 0.000000e+00
      vertex   2.619650e+00 7.293260e+01 1.500000e+00
    endloop
  endfacet
  facet normal 1.000000e+00 -0.000000e+00 0.000000e+00
    outer loop
      vertex   2.619650e+00 7.293260e+01 1.500000e+00
      vertex   2.619650e+00 7.393310e+01 0.000000e+00
      vertex   2.619650e+00 7.393310e+01 1.500000e+00
    endloop
  endfacet
  facet normal 0.000000e+00 -1.000000e+00 0.000000e+00
    outer loop
      vertex   1.819010e+00 7.293260e+01 0.000000e+00
      vertex   2.619650e+00 7.293260e+01 0.000000e+00
      vertex   1.819010e+00 7.293260e+01 1.500000e+00
    endloop
  endfacet
  facet normal 0.000000e+00 -1.000000e+00 0.000000e+00
    outer loop
      vertex   1.819010e+00 7.293260e+01 1.500000e+00
      vertex   2.619650e+00 7.293260e+01 0.000000e+00
      vertex   2.619650e+00 7.293260e+01 1.500000e+00
    endloop
  endfacet
  facet normal 1.000000e+00 -0.000000e+00 7.401487e-16
    outer loop
      vertex   1.819010e+00 6.983340e+01 0.000000e+00
      vertex   1.819010e+00 7.293260e+01 0.000000e+00
      vertex   1.819010e+00 6.983340e+01 1.500000e+00
    endloop
  endfacet
  facet normal 1.000000e+00 -0.000000e+00 7.401487e-16
    outer loop
      vertex   1.819010e+00 6.983340e+01 1.500000e+00
      vertex   1.819010e+00 7.293260e+01 0.000000e+00
      vertex   1.819010e+00 7.293260e+01 1.500000e+00
    endloop
  endfacet
  facet normal 0.000000e+00 1.000000e+00 -0.000000e+00
    outer loop
      vertex   2.619650e+00 6.983340e+01 0.000000e+00
      vertex   1.819010e+00 6.983340e+01 0.000000e+00
      vertex   2.619650e+00 6.983340e+01 1.500000e+00
    endloop
  endfacet
  facet normal 0.000000e+00 1.000000e+00 0.000000e+00
    outer loop
      vertex   2.619650e+00 6.983340e+01 1.500000e+00
      vertex   1.819010e+00 6.983340e+01 0.000000e+00
      vertex   1.819010e+00 6.983340e+01 1.500000e+00
    endloop
  endfacet
  facet normal 1.000000e+00 0.000000e+00 0.000000e+00
    outer loop
      vertex   2.619650e+00 6.403340e+01 0.000000e+00
      vertex   2.619650e+00 6.983340e+01 0.000000e+00
      vertex   2.619650e+00 6.403340e+01 1.500000e+00
    endloop
  endfacet
  facet normal 1.000000e+00 -0.000000e+00 0.000000e+00
    outer loop
      vertex   2.619650e+00 6.403340e+01 1.500000e+00
      vertex   2.619650e+00 6.983340e+01 0.000000e+00
      vertex   2.619650e+00 6.983340e+01 1.500000e+00
    endloop
  endfacet
  facet normal 0.000000e+00 -1.000000e+00 0.000000e+00
    outer loop
      vertex   1.819010e+00 6.403340e+01 0.000000e+00
      vertex   2.619650e+00 6.403340e+01 0.000000e+00
      vertex   1.819010e+00 6.403340e+01 1.500000e+00
    endloop
  endfacet
  facet normal 0.000000e+00 -1.000000e+00 0.000000e+00
    outer loop
      vertex   1.819010e+00 6.403340e+01 1.500000e+00
      vertex   2.619650e+00 6.403340e+01 0.000000e+00
      vertex   2.619650e+00 6.403340e+01 1.500000e+00
    endloop
  endfacet
  facet normal 1.000000e+00 -0.000000e+00 7.401487e-16
    outer loop
      vertex   1.819010e+00 6.093280e+01 0.000000e+00
      vertex   1.819010e+00 6.403340e+01 0.000000e+00
      vertex   1.819010e+00 6.093280e+01 1.500000e+00
    endloop
  endfacet
  facet normal 1.000000e+00 -0.000000e+00 7.401487e-16
    outer loop
      vertex   1.819010e+00 6.093280e+01 1.500000e+00
      vertex   1.819010e+00 6.403340e+01 0.000000e+00
      vertex   1.819010e+00 6.403340e+01 1.500000e+00
    endloop
  endfacet
  facet normal 0.000000e+00 1.000000e+00 -0.000000e+00
    outer loop
      vertex   2.619650e+00 6.093280e+01 0.000000e+00
      vertex   1.819010e+00 6.093280e+01 0.000000e+00
      vertex   2.619650e+00 6.093280e+01 1.500000e+00
    endloop
  endfacet
  facet normal 0.000000e+00 1.000000e+00 0.000000e+00
    outer loop
      vertex   2.619650e+00 6.093280e+01 1.500000e+00
      vertex   1.819010e+00 6.093280e+01 0.000000e+00
      vertex   1.819010e+00 6.093280e+01 1.500000e+00
    endloop
  endfacet
  facet normal 1.000000e+00 0.000000e+00 0.000000e+00
    outer loop
      vertex   2.619650e+00 5.993380e+01 0.000000e+00
      vertex   2.619650e+00 6.093280e+01 0.000000e+00
      vertex   2.619650e+00 5.993380e+01 1.500000e+00
    endloop
  endfacet
  facet normal 1.000000e+00 -0.000000e+00 0.000000e+00
    outer loop
      vertex   2.619650e+00 5.993380e+01 1.500000e+00
      vertex   2.619650e+00 6.093280e+01 0.000000e+00
      vertex   2.619650e+00 6.093280e+01 1.500000e+00
    endloop
  endfacet
  facet normal 0.000000e+00 1.000000e+00 -0.000000e+00
    outer loop
      vertex   1.661920e+01 5.993380e+01 0.000000e+00
      vertex   2.619650e+00 5.993380e+01 0.000000e+00
      vertex   1.661920e+01 5.993380e+01 1.500000e+00
    endloop
  endfacet
  facet normal 0.000000e+00 1.000000e+00 0.000000e+00
    outer loop
      vertex   1.661920e+01 5.993380e+01 1.500000e+00
      vertex   2.619650e+00 5.993380e+01 0.000000e+00
      vertex   2.619650e+00 5.993380e+01 1.500000e+00
    endloop
  endfacet
  facet normal -1.000000e+00 0.000000e+00 0.000000e+00
    outer loop
      vertex   1.661920e+01 6.093280e+01 0.000000e+00
      vertex   1.661920e+01 5.993380e+01 0.000000e+00
      vertex   1.661920e+01 6.093280e+01 1.500000e+00
    endloop
  endfacet
  facet normal -1.000000e+00 -0.000000e+00 0.000000e+00
    outer loop
      vertex   1.661920e+01 6.093280e+01 1.500000e+00
      vertex   1.661920e+01 5.993380e+01 0.000000e+00
      vertex   1.661920e+01 5.993380e+01 1.500000e+00
    endloop
  endfacet
  facet normal 0.000000e+00 1.000000e+00 -0.000000e+00
    outer loop
      vertex   1.741980e+01 6.093280e+01 0.000000e+00
      vertex   1.661920e+01 6.093280e+01 0.000000e+00
      vertex   1.741980e+01 6.093280e+01 1.500000e+00
    endloop
  endfacet
  facet normal 0.000000e+00 1.000000e+00 0.000000e+00
    outer loop
      vertex   1.741980e+01 6.093280e+01 1.500000e+00
      vertex   1.661920e+01 6.093280e+01 0.000000e+00
      vertex   1.661920e+01 6.093280e+01 1.500000e+00
    endloop
  endfacet
  facet normal -1.000000e+00 0.000000e+00 0.000000e+00
    outer loop
      vertex   1.741980e+01 6.403340e+01 0.000000e+00
      vertex   1.741980e+01 6.093280e+01 0.000000e+00
      vertex   1.741980e+01 6.403340e+01 1.500000e+00
    endloop
  endfacet
  facet normal -1.000000e+00 -0.000000e+00 0.000000e+00
    outer loop
      vertex   1.741980e+01 6.403340e+01 1.500000e+00
      vertex   1.741980e+01 6.093280e+01 0.000000e+00
      vertex   1.741980e+01 6.093280e+01 1.500000e+00
    endloop
  endfacet
  facet normal 0.000000e+00 -1.000000e+00 0.000000e+00
    outer loop
      vertex   1.661920e+01 6.403340e+01 0.000000e+00
      vertex   1.741980e+01 6.403340e+01 0.000000e+00
      vertex   1.661920e+01 6.403340e+01 1.500000e+00
    endloop
  endfacet
  facet normal 0.000000e+00 -1.000000e+00 0.000000e+00
    outer loop
      vertex   1.661920e+01 6.403340e+01 1.500000e+00
      vertex   1.741980e+01 6.403340e+01 0.000000e+00
      vertex   1.741980e+01 6.403340e+01 1.500000e+00
    endloop
  endfacet
  facet normal -1.000000e+00 0.000000e+00 0.000000e+00
    outer loop
      vertex   1.661920e+01 6.983340e+01 0.000000e+00
      vertex   1.661920e+01 6.403340e+01 0.000000e+00
      vertex   1.661920e+01 6.983340e+01 1.500000e+00
    endloop
  endfacet
  facet normal -1.000000e+00 -0.000000e+00 0.000000e+00
    outer loop
      vertex   1.661920e+01 6.983340e+01 1.500000e+00
      vertex   1.661920e+01 6.403340e+01 0.000000e+00
      vertex   1.661920e+01 6.403340e+01 1.500000e+00
    endloop
  endfacet
  facet normal 0.000000e+00 1.000000e+00 -0.000000e+00
    outer loop
      vertex   1.741980e+01 6.983340e+01 0.000000e+00
      vertex   1.661920e+01 6.983340e+01 0.000000e+00
      vertex   1.741980e+01 6.983340e+01 1.500000e+00
    endloop
  endfacet
  facet normal 0.000000e+00 1.000000e+00 0.000000e+00
    outer loop
      vertex   1.741980e+01 6.983340e+01 1.500000e+00
      vertex   1.661920e+01 6.983340e+01 0.000000e+00
      vertex   1.661920e+01 6.983340e+01 1.500000e+00
    endloop
  endfacet
  facet normal -1.000000e+00 0.000000e+00 0.000000e+00
    outer loop
      vertex   1.741980e+01 7.293260e+01 0.000000e+00
      vertex   1.741980e+01 6.983340e+01 0.000000e+00
      vertex   1.741980e+01 7.293260e+01 1.500000e+00
    endloop
  endfacet
  facet normal -1.000000e+00 -0.000000e+00 0.000000e+00
    outer loop
      vertex   1.741980e+01 7.293260e+01 1.500000e+00
      vertex   1.741980e+01 6.983340e+01 0.000000e+00
      vertex   1.741980e+01 6.983340e+01 1.500000e+00
    endloop
  endfacet
  facet normal -1.000000e+00 0.000000e+00 0.000000e+00
    outer loop
      vertex   7.376900e+01 7.393310e+01 0.000000e+00
      vertex   7.376900e+01 7.293260e+01 0.000000e+00
      vertex   7.376900e+01 7.393310e+01 1.500000e+00
    endloop
  endfacet
  facet normal -1.000000e+00 -0.000000e+00 0.000000e+00
    outer loop
      vertex   7.376900e+01 7.393310e+01 1.500000e+00
      vertex   7.376900e+01 7.293260e+01 0.000000e+00
      vertex   7.376900e+01 7.293260e+01 1.500000e+00
    endloop
  endfacet
  facet normal 0.000000e+00 -1.000000e+00 0.000000e+00
    outer loop
      vertex   5.976970e+01 7.393310e+01 0.000000e+00
      vertex   7.376900e+01 7.393310e+01 0.000000e+00
      vertex   5.976970e+01 7.393310e+01 1.500000e+00
    endloop
  endfacet
  facet normal 0.000000e+00 -1.000000e+00 0.000000e+00
    outer loop
      vertex   5.976970e+01 7.393310e+01 1.500000e+00
      vertex   7.376900e+01 7.393310e+01 0.000000e+00
      vertex   7.376900e+01 7.393310e+01 1.500000e+00
    endloop
  endfacet
  facet normal 1.000000e+00 0.000000e+00 0.000000e+00
    outer loop
      vertex   5.976970e+01 7.293260e+01 0.000000e+00
      vertex   5.976970e+01 7.393310e+01 0.000000e+00
      vertex   5.976970e+01 7.293260e+01 1.500000e+00
    endloop
  endfacet
  facet normal 1.000000e+00 -0.000000e+00 0.000000e+00
    outer loop
      vertex   5.976970e+01 7.293260e+01 1.500000e+00
      vertex   5.976970e+01 7.393310e+01 0.000000e+00
      vertex   5.976970e+01 7.393310e+01 1.500000e+00
    endloop
  endfacet
  facet normal 0.000000e+00 -1.000000e+00 0.000000e+00
    outer loop
      vertex   5.896890e+01 7.293260e+01 0.000000e+00
      vertex   5.976970e+01 7.293260e+01 0.000000e+00
      vertex   5.896890e+01 7.293260e+01 1.500000e+00
    endloop
  endfacet
  facet normal 0.000000e+00 -1.000000e+00 0.000000e+00
    outer loop
      vertex   5.896890e+01 7.293260e+01 1.500000e+00
      vertex   5.976970e+01 7.293260e+01 0.000000e+00
      vertex   5.976970e+01 7.293260e+01 1.500000e+00
    endloop
  endfacet
  facet normal 1.000000e+00 0.000000e+00 0.000000e+00
    outer loop
      vertex   5.896890e+01 6.983340e+01 0.000000e+00
      vertex   5.896890e+01 7.293260e+01 0.000000e+00
      vertex   5.896890e+01 6.983340e+01 1.500000e+00
    endloop
  endfacet
  facet normal 1.000000e+00 -0.000000e+00 0.000000e+00
    outer loop
      vertex   5.896890e+01 6.983340e+01 1.500000e+00
      vertex   5.896890e+01 7.293260e+01 0.000000e+00
      vertex   5.896890e+01 7.293260e+01 1.500000e+00
    endloop
  endfacet
  facet normal 0.000000e+00 1.000000e+00 -0.000000e+00
    outer loop
      vertex   5.976970e+01 6.983340e+01 0.000000e+00
      vertex   5.896890e+01 6.983340e+01 0.000000e+00
      vertex   5.976970e+01 6.983340e+01 1.500000e+00
    endloop
  endfacet
  facet normal 0.000000e+00 1.000000e+00 0.000000e+00
    outer loop
      vertex   5.976970e+01 6.983340e+01 1.500000e+00
      vertex   5.896890e+01 6.983340e+01 0.000000e+00
      vertex   5.896890e+01 6.983340e+01 1.500000e+00
    endloop
  endfacet
  facet normal 1.000000e+00 0.000000e+00 0.000000e+00
    outer loop
      vertex   5.976970e+01 6.403340e+01 0.000000e+00
      vertex   5.976970e+01 6.983340e+01 0.000000e+00
      vertex   5.976970e+01 6.403340e+01 1.500000e+00
    endloop
  endfacet
  facet normal 1.000000e+00 -0.000000e+00 0.000000e+00
    outer loop
      vertex   5.976970e+01 6.403340e+01 1.500000e+00
      vertex   5.976970e+01 6.983340e+01 0.000000e+00
      vertex   5.976970e+01 6.983340e+01 1.500000e+00
    endloop
  endfacet
  facet normal 0.000000e+00 -1.000000e+00 0.000000e+00
    outer loop
      vertex   5.896890e+01 6.403340e+01 0.000000e+00
      vertex   5.976970e+01 6.403340e+01 0.000000e+00
      vertex   5.896890e+01 6.403340e+01 1.500000e+00
    endloop
  endfacet
  facet normal 0.000000e+00 -1.000000e+00 0.000000e+00
    outer loop
      vertex   5.896890e+01 6.403340e+01 1.500000e+00
      vertex   5.976970e+01 6.403340e+01 0.000000e+00
      vertex   5.976970e+01 6.403340e+01 1.500000e+00
    endloop
  endfacet
  facet normal 1.000000e+00 0.000000e+00 0.000000e+00
    outer loop
      vertex   5.896890e+01 6.093280e+01 0.000000e+00
      vertex   5.896890e+01 6.403340e+01 0.000000e+00
      vertex   5.896890e+01 6.093280e+01 1.500000e+00
    endloop
  endfacet
  facet normal 1.000000e+00 -0.000000e+00 0.000000e+00
    outer loop
      vertex   5.896890e+01 6.093280e+01 1.500000e+00
      vertex   5.896890e+01 6.403340e+01 0.000000e+00
      vertex   5.896890e+01 6.403340e+01 1.500000e+00
    endloop
  endfacet
  facet normal 0.000000e+00 1.000000e+00 -0.000000e+00
    outer loop
      vertex   5.976970e+01 6.093280e+01 0.000000e+00
      vertex   5.896890e+01 6.093280e+01 0.000000e+00
      vertex   5.976970e+01 6.093280e+01 1.500000e+00
    endloop
  endfacet
  facet normal 0.000000e+00 1.000000e+00 0.000000e+00
    outer loop
      vertex   5.976970e+01 6.093280e+01 1.500000e+00
      vertex   5.896890e+01 6.093280e+01 0.000000e+00
      vertex   5.896890e+01 6.093280e+01 1.500000e+00
    endloop
  endfacet
  facet normal 1.000000e+00 0.000000e+00 0.000000e+00
    outer loop
      vertex   5.976970e+01 5.993380e+01 0.000000e+00
      vertex   5.976970e+01 6.093280e+01 0.000000e+00
      vertex   5.976970e+01 5.993380e+01 1.500000e+00
    endloop
  endfacet
  facet normal 1.000000e+00 -0.000000e+00 0.000000e+00
    outer loop
      vertex   5.976970e+01 5.993380e+01 1.500000e+00
      vertex   5.976970e+01 6.093280e+01 0.000000e+00
      vertex   5.976970e+01 6.093280e+01 1.500000e+00
    endloop
  endfacet
  facet normal 0.000000e+00 1.000000e+00 -0.000000e+00
    outer loop
      vertex   7.376900e+01 5.993380e+01 0.000000e+00
      vertex   5.976970e+01 5.993380e+01 0.000000e+00
      vertex   7.376900e+01 5.993380e+01 1.500000e+00
    endloop
  endfacet
  facet normal 0.000000e+00 1.000000e+00 0.000000e+00
    outer loop
      vertex   7.376900e+01 5.993380e+01 1.500000e+00
      vertex   5.976970e+01 5.993380e+01 0.000000e+00
      vertex   5.976970e+01 5.993380e+01 1.500000e+00
    endloop
  endfacet
  facet normal -1.000000e+00 0.000000e+00 0.000000e+00
    outer loop
      vertex   7.376900e+01 6.093280e+01 0.000000e+00
      vertex   7.376900e+01 5.993380e+01 0.000000e+00
      vertex   7.376900e+01 6.093280e+01 1.500000e+00
    endloop
  endfacet
  facet normal -1.000000e+00 -0.000000e+00 0.000000e+00
    outer loop
      vertex   7.376900e+01 6.093280e+01 1.500000e+00
      vertex   7.376900e+01 5.993380e+01 0.000000e+00
      vertex   7.376900e+01 5.993380e+01 1.500000e+00
    endloop
  endfacet
  facet normal 0.000000e+00 1.000000e+00 -0.000000e+00
    outer loop
      vertex   7.456980e+01 6.093280e+01 0.000000e+00
      vertex   7.376900e+01 6.093280e+01 0.000000e+00
      vertex   7.456980e+01 6.093280e+01 1.500000e+00
    endloop
  endfacet
  facet normal 0.000000e+00 1.000000e+00 0.000000e+00
    outer loop
      vertex   7.456980e+01 6.093280e+01 1.500000e+00
      vertex   7.376900e+01 6.093280e+01 0.000000e+00
      vertex   7.376900e+01 6.093280e+01 1.500000e+00
    endloop
  endfacet
  facet normal -1.000000e+00 0.000000e+00 0.000000e+00
    outer loop
      vertex   7.456980e+01 6.403340e+01 0.000000e+00
      vertex   7.456980e+01 6.093280e+01 0.000000e+00
      vertex   7.456980e+01 6.403340e+01 1.500000e+00
    endloop
  endfacet
  facet normal -1.000000e+00 -0.000000e+00 0.000000e+00
    outer loop
      vertex   7.456980e+01 6.403340e+01 1.500000e+00
      vertex   7.456980e+01 6.093280e+01 0.000000e+00
      vertex   7.456980e+01 6.093280e+01 1.500000e+00
    endloop
  endfacet
  facet normal 0.000000e+00 -1.000000e+00 0.000000e+00
    outer loop
      vertex   7.376900e+01 6.403340e+01 0.000000e+00
      vertex   7.456980e+01 6.403340e+01 0.000000e+00
      vertex   7.376900e+01 6.403340e+01 1.500000e+00
    endloop
  endfacet
  facet normal 0.000000e+00 -1.000000e+00 0.000000e+00
    outer loop
      vertex   7.376900e+01 6.403340e+01 1.500000e+00
      vertex   7.456980e+01 6.403340e+01 0.000000e+00
      vertex   7.456980e+01 6.403340e+01 1.500000e+00
    endloop
  endfacet
  facet normal -1.000000e+00 0.000000e+00 0.000000e+00
    outer loop
      vertex   7.376900e+01 6.983340e+01 0.000000e+00
      vertex   7.376900e+01 6.403340e+01 0.000000e+00
      vertex   7.376900e+01 6.983340e+01 1.500000e+00
    endloop
  endfacet
  facet normal -1.000000e+00 -0.000000e+00 0.000000e+00
    outer loop
      vertex   7.376900e+01 6.983340e+01 1.500000e+00
      vertex   7.376900e+01 6.403340e+01 0.000000e+00
      vertex   7.376900e+01 6.403340e+01 1.500000e+00
    endloop
  endfacet
  facet normal 0.000000e+00 1.000000e+00 -0.000000e+00
    outer loop
      vertex   7.456980e+01 6.983340e+01 0.000000e+00
      vertex   7.376900e+01 6.983340e+01 0.000000e+00
      vertex   7.456980e+01 6.983340e+01 1.500000e+00
    endloop
  endfacet
  facet normal 0.000000e+00 1.000000e+00 0.000000e+00
    outer loop
      vertex   7.456980e+01 6.983340e+01 1.500000e+00
      vertex   7.376900e+01 6.983340e+01 0.000000e+00
      vertex   7.376900e+01 6.983340e+01 1.500000e+00
    endloop
  endfacet
  facet normal -1.000000e+00 0.000000e+00 0.000000e+00
    outer loop
      vertex   7.456980e+01 7.293260e+01 0.000000e+00
      vertex   7.456980e+01 6.983340e+01 0.000000e+00
      vertex   7.456980e+01 7.293260e+01 1.500000e+00
    endloop
  endfacet
  facet normal -1.000000e+00 -0.000000e+00 0.000000e+00
    outer loop
      vertex   7.456980e+01 7.293260e+01 1.500000e+00
      vertex   7.456980e+01 6.983340e+01 0.000000e+00
      vertex   7.456980e+01 6.983340e+01 1.500000e+00
    endloop
  endfacet
  facet normal 0.000000e+00 -1.000000e+00 0.000000e+00
    outer loop
      vertex   7.376900e+01 7.293260e+01 0.000000e+00
      vertex   7.456980e+01 7.293260e+01 0.000000e+00
      vertex   7.376900e+01 7.293260e+01 1.500000e+00
    endloop
  endfacet
  facet normal 0.000000e+00 -1.000000e+00 0.000000e+00
    outer loop
      vertex   7.376900e+01 7.293260e+01 1.500000e+00
      vertex   7.456980e+01 7.293260e+01 0.000000e+00
      vertex   7.456980e+01 7.293260e+01 1.500000e+00
    endloop
  endfacet
  facet normal 1.000000e+00 0.000000e+00 0.000000e+00
    outer loop
      vertex   2.166970e+01 5.993380e+01 0.000000e+00
      vertex   2.166970e+01 6.093280e+01 0.000000e+00
      vertex   2.166970e+01 5.993380e+01 1.500000e+00
    endloop
  endfacet
  facet normal 1.000000e+00 -0.000000e+00 0.000000e+00
    outer loop
      vertex   2.166970e+01 5.993380e+01 1.500000e+00
      vertex   2.166970e+01 6.093280e+01 0.000000e+00
      vertex   2.166970e+01 6.093280e+01 1.500000e+00
    endloop
  endfacet
  facet normal 0.000000e+00 1.000000e+00 -0.000000e+00
    outer loop
      vertex   3.566900e+01 5.993380e+01 0.000000e+00
      vertex   2.166970e+01 5.993380e+01 0.000000e+00
      vertex   3.566900e+01 5.993380e+01 1.500000e+00
    endloop
  endfacet
  facet normal 0.000000e+00 1.000000e+00 0.000000e+00
    outer loop
      vertex   3.566900e+01 5.993380e+01 1.500000e+00
      vertex   2.166970e+01 5.993380e+01 0.000000e+00
      vertex   2.166970e+01 5.993380e+01 1.500000e+00
    endloop
  endfacet
  facet normal -1.000000e+00 0.000000e+00 0.000000e+00
    outer loop
      vertex   3.566900e+01 6.093280e+01 0.000000e+00
      vertex   3.566900e+01 5.993380e+01 0.000000e+00
      vertex   3.566900e+01 6.093280e+01 1.500000e+00
    endloop
  endfacet
  facet normal -1.000000e+00 -0.000000e+00 0.000000e+00
    outer loop
      vertex   3.566900e+01 6.093280e+01 1.500000e+00
      vertex   3.566900e+01 5.993380e+01 0.000000e+00
      vertex   3.566900e+01 5.993380e+01 1.500000e+00
    endloop
  endfacet
  facet normal 0.000000e+00 1.000000e+00 -0.000000e+00
    outer loop
      vertex   3.646980e+01 6.093280e+01 0.000000e+00
      vertex   3.566900e+01 6.093280e+01 0.000000e+00
      vertex   3.646980e+01 6.093280e+01 1.500000e+00
    endloop
  endfacet
  facet normal 0.000000e+00 1.000000e+00 0.000000e+00
    outer loop
      vertex   3.646980e+01 6.093280e+01 1.500000e+00
      vertex   3.566900e+01 6.093280e+01 0.000000e+00
      vertex   3.566900e+01 6.093280e+01 1.500000e+00
    endloop
  endfacet
  facet normal -1.000000e+00 0.000000e+00 0.000000e+00
    outer loop
      vertex   3.646980e+01 6.403340e+01 0.000000e+00
      vertex   3.646980e+01 6.093280e+01 0.000000e+00
      vertex   3.646980e+01 6.403340e+01 1.500000e+00
    endloop
  endfacet
  facet normal -1.000000e+00 -0.000000e+00 0.000000e+00
    outer loop
      vertex   3.646980e+01 6.403340e+01 1.500000e+00
      vertex   3.646980e+01 6.093280e+01 0.000000e+00
      vertex   3.646980e+01 6.093280e+01 1.500000e+00
    endloop
  endfacet
  facet normal 0.000000e+00 -1.000000e+00 0.000000e+00
    outer loop
      vertex   3.566900e+01 6.403340e+01 0.000000e+00
      vertex   3.646980e+01 6.403340e+01 0.000000e+00
      vertex   3.566900e+01 6.403340e+01 1.500000e+00
    endloop
  endfacet
  facet normal 0.000000e+00 -1.000000e+00 0.000000e+00
    outer loop
      vertex   3.566900e+01 6.403340e+01 1.500000e+00
      vertex   3.646980e+01 6.403340e+01 0.000000e+00
      vertex   3.646980e+01 6.403340e+01 1.500000e+00
    endloop
  endfacet
  facet normal -1.000000e+00 0.000000e+00 0.000000e+00
    outer loop
      vertex   3.566900e+01 6.983340e+01 0.000000e+00
      vertex   3.566900e+01 6.403340e+01 0.000000e+00
      vertex   3.566900e+01 6.983340e+01 1.500000e+00
    endloop
  endfacet
  facet normal -1.000000e+00 -0.000000e+00 0.000000e+00
    outer loop
      vertex   3.566900e+01 6.983340e+01 1.500000e+00
      vertex   3.566900e+01 6.403340e+01 0.000000e+00
      vertex   3.566900e+01 6.403340e+01 1.500000e+00
    endloop
  endfacet
  facet normal 0.000000e+00 1.000000e+00 -0.000000e+00
    outer loop
      vertex   3.646980e+01 6.983340e+01 0.000000e+00
      vertex   3.566900e+01 6.983340e+01 0.000000e+00
      vertex   3.646980e+01 6.983340e+01 1.500000e+00
    endloop
  endfacet
  facet normal 0.000000e+00 1.000000e+00 0.000000e+00
    outer loop
      vertex   3.646980e+01 6.983340e+01 1.500000e+00
      vertex   3.566900e+01 6.983340e+01 0.000000e+00
      vertex   3.566900e+01 6.983340e+01 1.500000e+00
    endloop
  endfacet
  facet normal -1.000000e+00 0.000000e+00 0.000000e+00
    outer loop
      vertex   3.646980e+01 7.293260e+01 0.000000e+00
      vertex   3.646980e+01 6.983340e+01 0.000000e+00
      vertex   3.646980e+01 7.293260e+01 1.500000e+00
    endloop
  endfacet
  facet normal -1.000000e+00 -0.000000e+00 0.000000e+00
    outer loop
      vertex   3.646980e+01 7.293260e+01 1.500000e+00
      vertex   3.646980e+01 6.983340e+01 0.000000e+00
      vertex   3.646980e+01 6.983340e+01 1.500000e+00
    endloop
  endfacet
  facet normal 0.000000e+00 -1.000000e+00 0.000000e+00
    outer loop
      vertex   3.566900e+01 7.293260e+01 0.000000e+00
      vertex   3.646980e+01 7.293260e+01 0.000000e+00
      vertex   3.566900e+01 7.293260e+01 1.500000e+00
    endloop
  endfacet
  facet normal 0.000000e+00 -1.000000e+00 0.000000e+00
    outer loop
      vertex   3.566900e+01 7.293260e+01 1.500000e+00
      vertex   3.646980e+01 7.293260e+01 0.000000e+00
      vertex   3.646980e+01 7.293260e+01 1.500000e+00
    endloop
  endfacet
  facet normal -1.000000e+00 0.000000e+00 0.000000e+00
    outer loop
      vertex   3.566900e+01 7.393310e+01 0.000000e+00
      vertex   3.566900e+01 7.293260e+01 0.000000e+00
      vertex   3.566900e+01 7.393310e+01 1.500000e+00
    endloop
  endfacet
  facet normal -1.000000e+00 -0.000000e+00 0.000000e+00
    outer loop
      vertex   3.566900e+01 7.393310e+01 1.500000e+00
      vertex   3.566900e+01 7.293260e+01 0.000000e+00
      vertex   3.566900e+01 7.293260e+01 1.500000e+00
    endloop
  endfacet
  facet normal 0.000000e+00 -1.000000e+00 0.000000e+00
    outer loop
      vertex   2.166970e+01 7.393310e+01 0.000000e+00
      vertex   3.566900e+01 7.393310e+01 0.000000e+00
      vertex   2.166970e+01 7.393310e+01 1.500000e+00
    endloop
  endfacet
  facet normal 0.000000e+00 -1.000000e+00 0.000000e+00
    outer loop
      vertex   2.166970e+01 7.393310e+01 1.500000e+00
      vertex   3.566900e+01 7.393310e+01 0.000000e+00
      vertex   3.566900e+01 7.393310e+01 1.500000e+00
    endloop
  endfacet
  facet normal 1.000000e+00 0.000000e+00 0.000000e+00
    outer loop
      vertex   2.166970e+01 7.293260e+01 0.000000e+00
      vertex   2.166970e+01 7.393310e+01 0.000000e+00
      vertex   2.166970e+01 7.293260e+01 1.500000e+00
    endloop
  endfacet
  facet normal 1.000000e+00 -0.000000e+00 0.000000e+00
    outer loop
      vertex   2.166970e+01 7.293260e+01 1.500000e+00
      vertex   2.166970e+01 7.393310e+01 0.000000e+00
      vertex   2.166970e+01 7.393310e+01 1.500000e+00
    endloop
  endfacet
  facet normal 0.000000e+00 -1.000000e+00 0.000000e+00
    outer loop
      vertex   2.086900e+01 7.293260e+01 0.000000e+00
      vertex   2.166970e+01 7.293260e+01 0.000000e+00
      vertex   2.086900e+01 7.293260e+01 1.500000e+00
    endloop
  endfacet
  facet normal 0.000000e+00 -1.000000e+00 0.000000e+00
    outer loop
      vertex   2.086900e+01 7.293260e+01 1.500000e+00
      vertex   2.166970e+01 7.293260e+01 0.000000e+00
      vertex   2.166970e+01 7.293260e+01 1.500000e+00
    endloop
  endfacet
  facet normal 1.000000e+00 0.000000e+00 0.000000e+00
    outer loop
      vertex   2.086900e+01 6.983340e+01 0.000000e+00
      vertex   2.086900e+01 7.293260e+01 0.000000e+00
      vertex   2.086900e+01 6.983340e+01 1.500000e+00
    endloop
  endfacet
  facet normal 1.000000e+00 -0.000000e+00 0.000000e+00
    outer loop
      vertex   2.086900e+01 6.983340e+01 1.500000e+00
      vertex   2.086900e+01 7.293260e+01 0.000000e+00
      vertex   2.086900e+01 7.293260e+01 1.500000e+00
    endloop
  endfacet
  facet normal 0.000000e+00 1.000000e+00 -0.000000e+00
    outer loop
      vertex   2.166970e+01 6.983340e+01 0.000000e+00
      vertex   2.086900e+01 6.983340e+01 0.000000e+00
      vertex   2.166970e+01 6.983340e+01 1.500000e+00
    endloop
  endfacet
  facet normal 0.000000e+00 1.000000e+00 0.000000e+00
    outer loop
      vertex   2.166970e+01 6.983340e+01 1.500000e+00
      vertex   2.086900e+01 6.983340e+01 0.000000e+00
      vertex   2.086900e+01 6.983340e+01 1.500000e+00
    endloop
  endfacet
  facet normal 1.000000e+00 0.000000e+00 0.000000e+00
    outer loop
      vertex   2.166970e+01 6.403340e+01 0.000000e+00
      vertex   2.166970e+01 6.983340e+01 0.000000e+00
      vertex   2.166970e+01 6.403340e+01 1.500000e+00
    endloop
  endfacet
  facet normal 1.000000e+00 -0.000000e+00 0.000000e+00
    outer loop
      vertex   2.166970e+01 6.403340e+01 1.500000e+00
      vertex   2.166970e+01 6.983340e+01 0.000000e+00
      vertex   2.166970e+01 6.983340e+01 1.500000e+00
    endloop
  endfacet
  facet normal 0.000000e+00 -1.000000e+00 0.000000e+00
    outer loop
      vertex   2.086900e+01 6.403340e+01 0.000000e+00
      vertex   2.166970e+01 6.403340e+01 0.000000e+00
      vertex   2.086900e+01 6.403340e+01 1.500000e+00
    endloop
  endfacet
  facet normal 0.000000e+00 -1.000000e+00 0.000000e+00
    outer loop
      vertex   2.086900e+01 6.403340e+01 1.500000e+00
      vertex   2.166970e+01 6.403340e+01 0.000000e+00
      vertex   2.166970e+01 6.403340e+01 1.500000e+00
    endloop
  endfacet
  facet normal 1.000000e+00 0.000000e+00 0.000000e+00
    outer loop
      vertex   2.086900e+01 6.093280e+01 0.000000e+00
      vertex   2.086900e+01 6.403340e+01 0.000000e+00
      vertex   2.086900e+01 6.093280e+01 1.500000e+00
    endloop
  endfacet
  facet normal 1.000000e+00 -0.000000e+00 0.000000e+00
    outer loop
      vertex   2.086900e+01 6.093280e+01 1.500000e+00
      vertex   2.086900e+01 6.403340e+01 0.000000e+00
      vertex   2.086900e+01 6.403340e+01 1.500000e+00
    endloop
  endfacet
  facet normal 0.000000e+00 1.000000e+00 -0.000000e+00
    outer loop
      vertex   2.166970e+01 6.093280e+01 0.000000e+00
      vertex   2.086900e+01 6.093280e+01 0.000000e+00
      vertex   2.166970e+01 6.093280e+01 1.500000e+00
    endloop
  endfacet
  facet normal 0.000000e+00 1.000000e+00 0.000000e+00
    outer loop
      vertex   2.166970e+01 6.093280e+01 1.500000e+00
      vertex   2.086900e+01 6.093280e+01 0.000000e+00
      vertex   2.086900e+01 6.093280e+01 1.500000e+00
    endloop
  endfacet
  facet normal 0.000000e+00 1.000000e+00 -0.000000e+00
    outer loop
      vertex   4.071970e+01 6.093280e+01 0.000000e+00
      vertex   3.991890e+01 6.093280e+01 0.000000e+00
      vertex   4.071970e+01 6.093280e+01 1.500000e+00
    endloop
  endfacet
  facet normal 0.000000e+00 1.000000e+00 0.000000e+00
    outer loop
      vertex   4.071970e+01 6.093280e+01 1.500000e+00
      vertex   3.991890e+01 6.093280e+01 0.000000e+00
      vertex   3.991890e+01 6.093280e+01 1.500000e+00
    endloop
  endfacet
  facet normal 1.000000e+00 0.000000e+00 0.000000e+00
    outer loop
      vertex   4.071970e+01 5.993380e+01 0.000000e+00
      vertex   4.071970e+01 6.093280e+01 0.000000e+00
      vertex   4.071970e+01 5.993380e+01 1.500000e+00
    endloop
  endfacet
  facet normal 1.000000e+00 -0.000000e+00 0.000000e+00
    outer loop
      vertex   4.071970e+01 5.993380e+01 1.500000e+00
      vertex   4.071970e+01 6.093280e+01 0.000000e+00
      vertex   4.071970e+01 6.093280e+01 1.500000e+00
    endloop
  endfacet
  facet normal 0.000000e+00 1.000000e+00 -0.000000e+00
    outer loop
      vertex   5.471900e+01 5.993380e+01 0.000000e+00
      vertex   4.071970e+01 5.993380e+01 0.000000e+00
      vertex   5.471900e+01 5.993380e+01 1.500000e+00
    endloop
  endfacet
  facet normal 0.000000e+00 1.000000e+00 0.000000e+00
    outer loop
      vertex   5.471900e+01 5.993380e+01 1.500000e+00
      vertex   4.071970e+01 5.993380e+01 0.000000e+00
      vertex   4.071970e+01 5.993380e+01 1.500000e+00
    endloop
  endfacet
  facet normal -1.000000e+00 0.000000e+00 0.000000e+00
    outer loop
      vertex   5.471900e+01 6.093280e+01 0.000000e+00
      vertex   5.471900e+01 5.993380e+01 0.000000e+00
      vertex   5.471900e+01 6.093280e+01 1.500000e+00
    endloop
  endfacet
  facet normal -1.000000e+00 -0.000000e+00 0.000000e+00
    outer loop
      vertex   5.471900e+01 6.093280e+01 1.500000e+00
      vertex   5.471900e+01 5.993380e+01 0.000000e+00
      vertex   5.471900e+01 5.993380e+01 1.500000e+00
    endloop
  endfacet
  facet normal 0.000000e+00 1.000000e+00 -0.000000e+00
    outer loop
      vertex   5.551980e+01 6.093280e+01 0.000000e+00
      vertex   5.471900e+01 6.093280e+01 0.000000e+00
      vertex   5.551980e+01 6.093280e+01 1.500000e+00
    endloop
  endfacet
  facet normal 0.000000e+00 1.000000e+00 0.000000e+00
    outer loop
      vertex   5.551980e+01 6.093280e+01 1.500000e+00
      vertex   5.471900e+01 6.093280e+01 0.000000e+00
      vertex   5.471900e+01 6.093280e+01 1.500000e+00
    endloop
  endfacet
  facet normal -1.000000e+00 0.000000e+00 0.000000e+00
    outer loop
      vertex   5.551980e+01 6.403340e+01 0.000000e+00
      vertex   5.551980e+01 6.093280e+01 0.000000e+00
      vertex   5.551980e+01 6.403340e+01 1.500000e+00
    endloop
  endfacet
  facet normal -1.000000e+00 -0.000000e+00 0.000000e+00
    outer loop
      vertex   5.551980e+01 6.403340e+01 1.500000e+00
      vertex   5.551980e+01 6.093280e+01 0.000000e+00
      vertex   5.551980e+01 6.093280e+01 1.500000e+00
    endloop
  endfacet
  facet normal 0.000000e+00 -1.000000e+00 0.000000e+00
    outer loop
      vertex   5.471900e+01 6.403340e+01 0.000000e+00
      vertex   5.551980e+01 6.403340e+01 0.000000e+00
      vertex   5.471900e+01 6.403340e+01 1.500000e+00
    endloop
  endfacet
  facet normal 0.000000e+00 -1.000000e+00 0.000000e+00
    outer loop
      vertex   5.471900e+01 6.403340e+01 1.500000e+00
      vertex   5.551980e+01 6.403340e+01 0.000000e+00
      vertex   5.551980e+01 6.403340e+01 1.500000e+00
    endloop
  endfacet
  facet normal -1.000000e+00 0.000000e+00 0.000000e+00
    outer loop
      vertex   5.471900e+01 6.983340e+01 0.000000e+00
      vertex   5.471900e+01 6.403340e+01 0.000000e+00
      vertex   5.471900e+01 6.983340e+01 1.500000e+00
    endloop
  endfacet
  facet normal -1.000000e+00 -0.000000e+00 0.000000e+00
    outer loop
      vertex   5.471900e+01 6.983340e+01 1.500000e+00
      vertex   5.471900e+01 6.403340e+01 0.000000e+00
      vertex   5.471900e+01 6.403340e+01 1.500000e+00
    endloop
  endfacet
  facet normal 0.000000e+00 1.000000e+00 -0.000000e+00
    outer loop
      vertex   5.551980e+01 6.983340e+01 0.000000e+00
      vertex   5.471900e+01 6.983340e+01 0.000000e+00
      vertex   5.551980e+01 6.983340e+01 1.500000e+00
    endloop
  endfacet
  facet normal 0.000000e+00 1.000000e+00 0.000000e+00
    outer loop
      vertex   5.551980e+01 6.983340e+01 1.500000e+00
      vertex   5.471900e+01 6.983340e+01 0.000000e+00
      vertex   5.471900e+01 6.983340e+01 1.500000e+00
    endloop
  endfacet
  facet normal -1.000000e+00 0.000000e+00 0.000000e+00
    outer loop
      vertex   5.551980e+01 7.293260e+01 0.000000e+00
      vertex   5.551980e+01 6.983340e+01 0.000000e+00
      vertex   5.551980e+01 7.293260e+01 1.500000e+00
    endloop
  endfacet
  facet normal -1.000000e+00 -0.000000e+00 0.000000e+00
    outer loop
      vertex   5.551980e+01 7.293260e+01 1.500000e+00
      vertex   5.551980e+01 6.983340e+01 0.000000e+00
      vertex   5.551980e+01 6.983340e+01 1.500000e+00
    endloop
  endfacet
  facet normal 0.000000e+00 -1.000000e+00 0.000000e+00
    outer loop
      vertex   5.471900e+01 7.293260e+01 0.000000e+00
      vertex   5.551980e+01 7.293260e+01 0.000000e+00
      vertex   5.471900e+01 7.293260e+01 1.500000e+00
    endloop
  endfacet
  facet normal 0.000000e+00 -1.000000e+00 0.000000e+00
    outer loop
      vertex   5.471900e+01 7.293260e+01 1.500000e+00
      vertex   5.551980e+01 7.293260e+01 0.000000e+00
      vertex   5.551980e+01 7.293260e+01 1.500000e+00
    endloop
  endfacet
  facet normal -1.000000e+00 0.000000e+00 0.000000e+00
    outer loop
      vertex   5.471900e+01 7.393310e+01 0.000000e+00
      vertex   5.471900e+01 7.293260e+01 0.000000e+00
      vertex   5.471900e+01 7.393310e+01 1.500000e+00
    endloop
  endfacet
  facet normal -1.000000e+00 -0.000000e+00 0.000000e+00
    outer loop
      vertex   5.471900e+01 7.393310e+01 1.500000e+00
      vertex   5.471900e+01 7.293260e+01 0.000000e+00
      vertex   5.471900e+01 7.293260e+01 1.500000e+00
    endloop
  endfacet
  facet normal 0.000000e+00 -1.000000e+00 0.000000e+00
    outer loop
      vertex   4.071970e+01 7.393310e+01 0.000000e+00
      vertex   5.471900e+01 7.393310e+01 0.000000e+00
      vertex   4.071970e+01 7.393310e+01 1.500000e+00
    endloop
  endfacet
  facet normal 0.000000e+00 -1.000000e+00 0.000000e+00
    outer loop
      vertex   4.071970e+01 7.393310e+01 1.500000e+00
      vertex   5.471900e+01 7.393310e+01 0.000000e+00
      vertex   5.471900e+01 7.393310e+01 1.500000e+00
    endloop
  endfacet
  facet normal 1.000000e+00 0.000000e+00 0.000000e+00
    outer loop
      vertex   4.071970e+01 7.293260e+01 0.000000e+00
      vertex   4.071970e+01 7.393310e+01 0.000000e+00
      vertex   4.071970e+01 7.293260e+01 1.500000e+00
    endloop
  endfacet
  facet normal 1.000000e+00 -0.000000e+00 0.000000e+00
    outer loop
      vertex   4.071970e+01 7.293260e+01 1.500000e+00
      vertex   4.071970e+01 7.393310e+01 0.000000e+00
      vertex   4.071970e+01 7.393310e+01 1.500000e+00
    endloop
  endfacet
  facet normal 0.000000e+00 -1.000000e+00 0.000000e+00
    outer loop
      vertex   3.991890e+01 7.293260e+01 0.000000e+00
      vertex   4.071970e+01 7.293260e+01 0.000000e+00
      vertex   3.991890e+01 7.293260e+01 1.500000e+00
    endloop
  endfacet
  facet normal 0.000000e+00 -1.000000e+00 0.000000e+00
    outer loop
      vertex   3.991890e+01 7.293260e+01 1.500000e+00
      vertex   4.071970e+01 7.293260e+01 0.000000e+00
      vertex   4.071970e+01 7.293260e+01 1.500000e+00
    endloop
  endfacet
  facet normal 1.000000e+00 0.000000e+00 0.000000e+00
    outer loop
      vertex   3.991890e+01 6.983340e+01 0.000000e+00
      vertex   3.991890e+01 7.293260e+01 0.000000e+00
      vertex   3.991890e+01 6.983340e+01 1.500000e+00
    endloop
  endfacet
  facet normal 1.000000e+00 -0.000000e+00 0.000000e+00
    outer loop
      vertex   3.991890e+01 6.983340e+01 1.500000e+00
      vertex   3.991890e+01 7.293260e+01 0.000000e+00
      vertex   3.991890e+01 7.293260e+01 1.500000e+00
    endloop
  endfacet
  facet normal 0.000000e+00 1.000000e+00 -0.000000e+00
    outer loop
      vertex   4.071970e+01 6.983340e+01 0.000000e+00
      vertex   3.991890e+01 6.983340e+01 0.000000e+00
      vertex   4.071970e+01 6.983340e+01 1.500000e+00
    endloop
  endfacet
  facet normal 0.000000e+00 1.000000e+00 0.000000e+00
    outer loop
      vertex   4.071970e+01 6.983340e+01 1.500000e+00
      vertex   3.991890e+01 6.983340e+01 0.000000e+00
      vertex   3.991890e+01 6.983340e+01 1.500000e+00
    endloop
  endfacet
  facet normal 1.000000e+00 0.000000e+00 0.000000e+00
    outer loop
      vertex   4.071970e+01 6.403340e+01 0.000000e+00
      vertex   4.071970e+01 6.983340e+01 0.000000e+00
      vertex   4.071970e+01 6.403340e+01 1.500000e+00
    endloop
  endfacet
  facet normal 1.000000e+00 -0.000000e+00 0.000000e+00
    outer loop
      vertex   4.071970e+01 6.403340e+01 1.500000e+00
      vertex   4.071970e+01 6.983340e+01 0.000000e+00
      vertex   4.071970e+01 6.983340e+01 1.500000e+00
    endloop
  endfacet
  facet normal 0.000000e+00 -1.000000e+00 0.000000e+00
    outer loop
      vertex   3.991890e+01 6.403340e+01 0.000000e+00
      vertex   4.071970e+01 6.403340e+01 0.000000e+00
      vertex   3.991890e+01 6.403340e+01 1.500000e+00
    endloop
  endfacet
  facet normal 0.000000e+00 -1.000000e+00 0.000000e+00
    outer loop
      vertex   3.991890e+01 6.403340e+01 1.500000e+00
      vertex   4.071970e+01 6.403340e+01 0.000000e+00
      vertex   4.071970e+01 6.403340e+01 1.500000e+00
    endloop
  endfacet
  facet normal 1.000000e+00 0.000000e+00 0.000000e+00
    outer loop
      vertex   3.991890e+01 6.093280e+01 0.000000e+00
      vertex   3.991890e+01 6.403340e+01 0.000000e+00
      vertex   3.991890e+01 6.093280e+01 1.500000e+00
    endloop
  endfacet
  facet normal 1.000000e+00 -0.000000e+00 0.000000e+00
    outer loop
      vertex   3.991890e+01 6.093280e+01 1.500000e+00
      vertex   3.991890e+01 6.403340e+01 0.000000e+00
      vertex   3.991890e+01 6.403340e+01 1.500000e+00
    endloop
  endfacet
  facet normal 0.000000e+00 1.000000e+00 -0.000000e+00
    outer loop
      vertex   1.317200e+02 6.093280e+01 0.000000e+00
      vertex   1.309190e+02 6.093280e+01 0.000000e+00
      vertex   1.317200e+02 6.093280e+01 1.500000e+00
    endloop
  endfacet
  facet normal 0.000000e+00 1.000000e+00 0.000000e+00
    outer loop
      vertex   1.317200e+02 6.093280e+01 1.500000e+00
      vertex   1.309190e+02 6.093280e+01 0.000000e+00
      vertex   1.309190e+02 6.093280e+01 1.500000e+00
    endloop
  endfacet
  facet normal -1.000000e+00 0.000000e+00 0.000000e+00
    outer loop
      vertex   1.317200e+02 6.403340e+01 0.000000e+00
      vertex   1.317200e+02 6.093280e+01 0.000000e+00
      vertex   1.317200e+02 6.403340e+01 1.500000e+00
    endloop
  endfacet
  facet normal -1.000000e+00 -0.000000e+00 0.000000e+00
    outer loop
      vertex   1.317200e+02 6.403340e+01 1.500000e+00
      vertex   1.317200e+02 6.093280e+01 0.000000e+00
      vertex   1.317200e+02 6.093280e+01 1.500000e+00
    endloop
  endfacet
  facet normal 0.000000e+00 -1.000000e+00 0.000000e+00
    outer loop
      vertex   1.309190e+02 6.403340e+01 0.000000e+00
      vertex   1.317200e+02 6.403340e+01 0.000000e+00
      vertex   1.309190e+02 6.403340e+01 1.500000e+00
    endloop
  endfacet
  facet normal 0.000000e+00 -1.000000e+00 0.000000e+00
    outer loop
      vertex   1.309190e+02 6.403340e+01 1.500000e+00
      vertex   1.317200e+02 6.403340e+01 0.000000e+00
      vertex   1.317200e+02 6.403340e+01 1.500000e+00
    endloop
  endfacet
  facet normal -1.000000e+00 0.000000e+00 0.000000e+00
    outer loop
      vertex   1.309190e+02 6.983340e+01 0.000000e+00
      vertex   1.309190e+02 6.403340e+01 0.000000e+00
      vertex   1.309190e+02 6.983340e+01 1.500000e+00
    endloop
  endfacet
  facet normal -1.000000e+00 -0.000000e+00 0.000000e+00
    outer loop
      vertex   1.309190e+02 6.983340e+01 1.500000e+00
      vertex   1.309190e+02 6.403340e+01 0.000000e+00
      vertex   1.309190e+02 6.403340e+01 1.500000e+00
    endloop
  endfacet
  facet normal 0.000000e+00 1.000000e+00 -0.000000e+00
    outer loop
      vertex   1.317200e+02 6.983340e+01 0.000000e+00
      vertex   1.309190e+02 6.983340e+01 0.000000e+00
      vertex   1.317200e+02 6.983340e+01 1.500000e+00
    endloop
  endfacet
  facet normal 0.000000e+00 1.000000e+00 0.000000e+00
    outer loop
      vertex   1.317200e+02 6.983340e+01 1.500000e+00
      vertex   1.309190e+02 6.983340e+01 0.000000e+00
      vertex   1.309190e+02 6.983340e+01 1.500000e+00
    endloop
  endfacet
  facet normal -1.000000e+00 0.000000e+00 0.000000e+00
    outer loop
      vertex   1.317200e+02 7.293260e+01 0.000000e+00
      vertex   1.317200e+02 6.983340e+01 0.000000e+00
      vertex   1.317200e+02 7.293260e+01 1.500000e+00
    endloop
  endfacet
  facet normal -1.000000e+00 -0.000000e+00 0.000000e+00
    outer loop
      vertex   1.317200e+02 7.293260e+01 1.500000e+00
      vertex   1.317200e+02 6.983340e+01 0.000000e+00
      vertex   1.317200e+02 6.983340e+01 1.500000e+00
    endloop
  endfacet
  facet normal 0.000000e+00 -1.000000e+00 0.000000e+00
    outer loop
      vertex   1.309190e+02 7.293260e+01 0.000000e+00
      vertex   1.317200e+02 7.293260e+01 0.000000e+00
      vertex   1.309190e+02 7.293260e+01 1.500000e+00
    endloop
  endfacet
  facet normal 0.000000e+00 -1.000000e+00 0.000000e+00
    outer loop
      vertex   1.309190e+02 7.293260e+01 1.500000e+00
      vertex   1.317200e+02 7.293260e+01 0.000000e+00
      vertex   1.317200e+02 7.293260e+01 1.500000e+00
    endloop
  endfacet
  facet normal -1.000000e+00 0.000000e+00 0.000000e+00
    outer loop
      vertex   1.309190e+02 7.393310e+01 0.000000e+00
      vertex   1.309190e+02 7.293260e+01 0.000000e+00
      vertex   1.309190e+02 7.393310e+01 1.500000e+00
    endloop
  endfacet
  facet normal -1.000000e+00 -0.000000e+00 0.000000e+00
    outer loop
      vertex   1.309190e+02 7.393310e+01 1.500000e+00
      vertex   1.309190e+02 7.293260e+01 0.000000e+00
      vertex   1.309190e+02 7.293260e+01 1.500000e+00
    endloop
  endfacet
  facet normal 0.000000e+00 -1.000000e+00 0.000000e+00
    outer loop
      vertex   1.169180e+02 7.393310e+01 0.000000e+00
      vertex   1.309190e+02 7.393310e+01 0.000000e+00
      vertex   1.169180e+02 7.393310e+01 1.500000e+00
    endloop
  endfacet
  facet normal 0.000000e+00 -1.000000e+00 0.000000e+00
    outer loop
      vertex   1.169180e+02 7.393310e+01 1.500000e+00
      vertex   1.309190e+02 7.393310e+01 0.000000e+00
      vertex   1.309190e+02 7.393310e+01 1.500000e+00
    endloop
  endfacet
  facet normal 1.000000e+00 0.000000e+00 0.000000e+00
    outer loop
      vertex   1.169180e+02 7.293260e+01 0.000000e+00
      vertex   1.169180e+02 7.393310e+01 0.000000e+00
      vertex   1.169180e+02 7.293260e+01 1.500000e+00
    endloop
  endfacet
  facet normal 1.000000e+00 -0.000000e+00 0.000000e+00
    outer loop
      vertex   1.169180e+02 7.293260e+01 1.500000e+00
      vertex   1.169180e+02 7.393310e+01 0.000000e+00
      vertex   1.169180e+02 7.393310e+01 1.500000e+00
    endloop
  endfacet
  facet normal 0.000000e+00 -1.000000e+00 0.000000e+00
    outer loop
      vertex   1.161190e+02 7.293260e+01 0.000000e+00
      vertex   1.169180e+02 7.293260e+01 0.000000e+00
      vertex   1.161190e+02 7.293260e+01 1.500000e+00
    endloop
  endfacet
  facet normal 0.000000e+00 -1.000000e+00 0.000000e+00
    outer loop
      vertex   1.161190e+02 7.293260e+01 1.500000e+00
      vertex   1.169180e+02 7.293260e+01 0.000000e+00
      vertex   1.169180e+02 7.293260e+01 1.500000e+00
    endloop
  endfacet
  facet normal 1.000000e+00 0.000000e+00 -1.894781e-14
    outer loop
      vertex   1.161190e+02 6.983340e+01 0.000000e+00
      vertex   1.161190e+02 7.293260e+01 0.000000e+00
      vertex   1.161190e+02 6.983340e+01 1.500000e+00
    endloop
  endfacet
  facet normal 1.000000e+00 0.000000e+00 -1.894781e-14
    outer loop
      vertex   1.161190e+02 6.983340e+01 1.500000e+00
      vertex   1.161190e+02 7.293260e+01 0.000000e+00
      vertex   1.161190e+02 7.293260e+01 1.500000e+00
    endloop
  endfacet
  facet normal 0.000000e+00 1.000000e+00 -0.000000e+00
    outer loop
      vertex   1.169180e+02 6.983340e+01 0.000000e+00
      vertex   1.161190e+02 6.983340e+01 0.000000e+00
      vertex   1.169180e+02 6.983340e+01 1.500000e+00
    endloop
  endfacet
  facet normal 0.000000e+00 1.000000e+00 0.000000e+00
    outer loop
      vertex   1.169180e+02 6.983340e+01 1.500000e+00
      vertex   1.161190e+02 6.983340e+01 0.000000e+00
      vertex   1.161190e+02 6.983340e+01 1.500000e+00
    endloop
  endfacet
  facet normal 1.000000e+00 0.000000e+00 0.000000e+00
    outer loop
      vertex   1.169180e+02 6.403340e+01 0.000000e+00
      vertex   1.169180e+02 6.983340e+01 0.000000e+00
      vertex   1.169180e+02 6.403340e+01 1.500000e+00
    endloop
  endfacet
  facet normal 1.000000e+00 -0.000000e+00 0.000000e+00
    outer loop
      vertex   1.169180e+02 6.403340e+01 1.500000e+00
      vertex   1.169180e+02 6.983340e+01 0.000000e+00
      vertex   1.169180e+02 6.983340e+01 1.500000e+00
    endloop
  endfacet
  facet normal 0.000000e+00 -1.000000e+00 0.000000e+00
    outer loop
      vertex   1.161190e+02 6.403340e+01 0.000000e+00
      vertex   1.169180e+02 6.403340e+01 0.000000e+00
      vertex   1.161190e+02 6.403340e+01 1.500000e+00
    endloop
  endfacet
  facet normal 0.000000e+00 -1.000000e+00 0.000000e+00
    outer loop
      vertex   1.161190e+02 6.403340e+01 1.500000e+00
      vertex   1.169180e+02 6.403340e+01 0.000000e+00
      vertex   1.169180e+02 6.403340e+01 1.500000e+00
    endloop
  endfacet
  facet normal 1.000000e+00 0.000000e+00 -1.894781e-14
    outer loop
      vertex   1.161190e+02 6.093280e+01 0.000000e+00
      vertex   1.161190e+02 6.403340e+01 0.000000e+00
      vertex   1.161190e+02 6.093280e+01 1.500000e+00
    endloop
  endfacet
  facet normal 1.000000e+00 0.000000e+00 -1.894781e-14
    outer loop
      vertex   1.161190e+02 6.093280e+01 1.500000e+00
      vertex   1.161190e+02 6.403340e+01 0.000000e+00
      vertex   1.161190e+02 6.403340e+01 1.500000e+00
    endloop
  endfacet
  facet normal 0.000000e+00 1.000000e+00 -0.000000e+00
    outer loop
      vertex   1.169180e+02 6.093280e+01 0.000000e+00
      vertex   1.161190e+02 6.093280e+01 0.000000e+00
      vertex   1.169180e+02 6.093280e+01 1.500000e+00
    endloop
  endfacet
  facet normal 0.000000e+00 1.000000e+00 0.000000e+00
    outer loop
      vertex   1.169180e+02 6.093280e+01 1.500000e+00
      vertex   1.161190e+02 6.093280e+01 0.000000e+00
      vertex   1.161190e+02 6.093280e+01 1.500000e+00
    endloop
  endfacet
  facet normal 1.000000e+00 0.000000e+00 0.000000e+00
    outer loop
      vertex   1.169180e+02 5.993380e+01 0.000000e+00
      vertex   1.169180e+02 6.093280e+01 0.000000e+00
      vertex   1.169180e+02 5.993380e+01 1.500000e+00
    endloop
  endfacet
  facet normal 1.000000e+00 -0.000000e+00 0.000000e+00
    outer loop
      vertex   1.169180e+02 5.993380e+01 1.500000e+00
      vertex   1.169180e+02 6.093280e+01 0.000000e+00
      vertex   1.169180e+02 6.093280e+01 1.500000e+00
    endloop
  endfacet
  facet normal 0.000000e+00 1.000000e+00 -0.000000e+00
    outer loop
      vertex   1.309190e+02 5.993380e+01 0.000000e+00
      vertex   1.169180e+02 5.993380e+01 0.000000e+00
      vertex   1.309190e+02 5.993380e+01 1.500000e+00
    endloop
  endfacet
  facet normal 0.000000e+00 1.000000e+00 0.000000e+00
    outer loop
      vertex   1.309190e+02 5.993380e+01 1.500000e+00
      vertex   1.169180e+02 5.993380e+01 0.000000e+00
      vertex   1.169180e+02 5.993380e+01 1.500000e+00
    endloop
  endfacet
  facet normal -1.000000e+00 0.000000e+00 0.000000e+00
    outer loop
      vertex   1.309190e+02 6.093280e+01 0.000000e+00
      vertex   1.309190e+02 5.993380e+01 0.000000e+00
      vertex   1.309190e+02 6.093280e+01 1.500000e+00
    endloop
  endfacet
  facet normal -1.000000e+00 -0.000000e+00 0.000000e+00
    outer loop
      vertex   1.309190e+02 6.093280e+01 1.500000e+00
      vertex   1.309190e+02 5.993380e+01 0.000000e+00
      vertex   1.309190e+02 5.993380e+01 1.500000e+00
    endloop
  endfacet
  facet normal 0.000000e+00 1.000000e+00 -0.000000e+00
    outer loop
      vertex   1.126680e+02 6.093280e+01 0.000000e+00
      vertex   1.118690e+02 6.093280e+01 0.000000e+00
      vertex   1.126680e+02 6.093280e+01 1.500000e+00
    endloop
  endfacet
  facet normal 0.000000e+00 1.000000e+00 0.000000e+00
    outer loop
      vertex   1.126680e+02 6.093280e+01 1.500000e+00
      vertex   1.118690e+02 6.093280e+01 0.000000e+00
      vertex   1.118690e+02 6.093280e+01 1.500000e+00
    endloop
  endfacet
  facet normal -1.000000e+00 0.000000e+00 0.000000e+00
    outer loop
      vertex   1.126680e+02 6.403340e+01 0.000000e+00
      vertex   1.126680e+02 6.093280e+01 0.000000e+00
      vertex   1.126680e+02 6.403340e+01 1.500000e+00
    endloop
  endfacet
  facet normal -1.000000e+00 -0.000000e+00 0.000000e+00
    outer loop
      vertex   1.126680e+02 6.403340e+01 1.500000e+00
      vertex   1.126680e+02 6.093280e+01 0.000000e+00
      vertex   1.126680e+02 6.093280e+01 1.500000e+00
    endloop
  endfacet
  facet normal 0.000000e+00 -1.000000e+00 0.000000e+00
    outer loop
      vertex   1.118690e+02 6.403340e+01 0.000000e+00
      vertex   1.126680e+02 6.403340e+01 0.000000e+00
      vertex   1.118690e+02 6.403340e+01 1.500000e+00
    endloop
  endfacet
  facet normal 0.000000e+00 -1.000000e+00 0.000000e+00
    outer loop
      vertex   1.118690e+02 6.403340e+01 1.500000e+00
      vertex   1.126680e+02 6.403340e+01 0.000000e+00
      vertex   1.126680e+02 6.403340e+01 1.500000e+00
    endloop
  endfacet
  facet normal -1.000000e+00 0.000000e+00 0.000000e+00
    outer loop
      vertex   1.118690e+02 6.983340e+01 0.000000e+00
      vertex   1.118690e+02 6.403340e+01 0.000000e+00
      vertex   1.118690e+02 6.983340e+01 1.500000e+00
    endloop
  endfacet
  facet normal -1.000000e+00 -0.000000e+00 0.000000e+00
    outer loop
      vertex   1.118690e+02 6.983340e+01 1.500000e+00
      vertex   1.118690e+02 6.403340e+01 0.000000e+00
      vertex   1.118690e+02 6.403340e+01 1.500000e+00
    endloop
  endfacet
  facet normal 0.000000e+00 1.000000e+00 -0.000000e+00
    outer loop
      vertex   1.126680e+02 6.983340e+01 0.000000e+00
      vertex   1.118690e+02 6.983340e+01 0.000000e+00
      vertex   1.126680e+02 6.983340e+01 1.500000e+00
    endloop
  endfacet
  facet normal 0.000000e+00 1.000000e+00 0.000000e+00
    outer loop
      vertex   1.126680e+02 6.983340e+01 1.500000e+00
      vertex   1.118690e+02 6.983340e+01 0.000000e+00
      vertex   1.118690e+02 6.983340e+01 1.500000e+00
    endloop
  endfacet
  facet normal -1.000000e+00 0.000000e+00 0.000000e+00
    outer loop
      vertex   1.126680e+02 7.293260e+01 0.000000e+00
      vertex   1.126680e+02 6.983340e+01 0.000000e+00
      vertex   1.126680e+02 7.293260e+01 1.500000e+00
    endloop
  endfacet
  facet normal -1.000000e+00 -0.000000e+00 0.000000e+00
    outer loop
      vertex   1.126680e+02 7.293260e+01 1.500000e+00
      vertex   1.126680e+02 6.983340e+01 0.000000e+00
      vertex   1.126680e+02 6.983340e+01 1.500000e+00
    endloop
  endfacet
  facet normal 0.000000e+00 -1.000000e+00 0.000000e+00
    outer loop
      vertex   1.118690e+02 7.293260e+01 0.000000e+00
      vertex   1.126680e+02 7.293260e+01 0.000000e+00
      vertex   1.118690e+02 7.293260e+01 1.500000e+00
    endloop
  endfacet
  facet normal 0.000000e+00 -1.000000e+00 0.000000e+00
    outer loop
      vertex   1.118690e+02 7.293260e+01 1.500000e+00
      vertex   1.126680e+02 7.293260e+01 0.000000e+00
      vertex   1.126680e+02 7.293260e+01 1.500000e+00
    endloop
  endfacet
  facet normal -1.000000e+00 0.000000e+00 0.000000e+00
    outer loop
      vertex   1.118690e+02 7.393310e+01 0.000000e+00
      vertex   1.118690e+02 7.293260e+01 0.000000e+00
      vertex   1.118690e+02 7.393310e+01 1.500000e+00
    endloop
  endfacet
  facet normal -1.000000e+00 -0.000000e+00 0.000000e+00
    outer loop
      vertex   1.118690e+02 7.393310e+01 1.500000e+00
      vertex   1.118690e+02 7.293260e+01 0.000000e+00
      vertex   1.118690e+02 7.293260e+01 1.500000e+00
    endloop
  endfacet
  facet normal 0.000000e+00 -1.000000e+00 0.000000e+00
    outer loop
      vertex   9.786830e+01 7.393310e+01 0.000000e+00
      vertex   1.118690e+02 7.393310e+01 0.000000e+00
      vertex   9.786830e+01 7.393310e+01 1.500000e+00
    endloop
  endfacet
  facet normal 0.000000e+00 -1.000000e+00 0.000000e+00
    outer loop
      vertex   9.786830e+01 7.393310e+01 1.500000e+00
      vertex   1.118690e+02 7.393310e+01 0.000000e+00
      vertex   1.118690e+02 7.393310e+01 1.500000e+00
    endloop
  endfacet
  facet normal 1.000000e+00 0.000000e+00 0.000000e+00
    outer loop
      vertex   9.786830e+01 7.293260e+01 0.000000e+00
      vertex   9.786830e+01 7.393310e+01 0.000000e+00
      vertex   9.786830e+01 7.293260e+01 1.500000e+00
    endloop
  endfacet
  facet normal 1.000000e+00 -0.000000e+00 0.000000e+00
    outer loop
      vertex   9.786830e+01 7.293260e+01 1.500000e+00
      vertex   9.786830e+01 7.393310e+01 0.000000e+00
      vertex   9.786830e+01 7.393310e+01 1.500000e+00
    endloop
  endfacet
  facet normal 0.000000e+00 -1.000000e+00 0.000000e+00
    outer loop
      vertex   9.706890e+01 7.293260e+01 0.000000e+00
      vertex   9.786830e+01 7.293260e+01 0.000000e+00
      vertex   9.706890e+01 7.293260e+01 1.500000e+00
    endloop
  endfacet
  facet normal 0.000000e+00 -1.000000e+00 0.000000e+00
    outer loop
      vertex   9.706890e+01 7.293260e+01 1.500000e+00
      vertex   9.786830e+01 7.293260e+01 0.000000e+00
      vertex   9.786830e+01 7.293260e+01 1.500000e+00
    endloop
  endfacet
  facet normal 1.000000e+00 0.000000e+00 0.000000e+00
    outer loop
      vertex   9.706890e+01 6.983340e+01 0.000000e+00
      vertex   9.706890e+01 7.293260e+01 0.000000e+00
      vertex   9.706890e+01 6.983340e+01 1.500000e+00
    endloop
  endfacet
  facet normal 1.000000e+00 -0.000000e+00 0.000000e+00
    outer loop
      vertex   9.706890e+01 6.983340e+01 1.500000e+00
      vertex   9.706890e+01 7.293260e+01 0.000000e+00
      vertex   9.706890e+01 7.293260e+01 1.500000e+00
    endloop
  endfacet
  facet normal 0.000000e+00 1.000000e+00 -0.000000e+00
    outer loop
      vertex   9.786830e+01 6.983340e+01 0.000000e+00
      vertex   9.706890e+01 6.983340e+01 0.000000e+00
      vertex   9.786830e+01 6.983340e+01 1.500000e+00
    endloop
  endfacet
  facet normal 0.000000e+00 1.000000e+00 0.000000e+00
    outer loop
      vertex   9.786830e+01 6.983340e+01 1.500000e+00
      vertex   9.706890e+01 6.983340e+01 0.000000e+00
      vertex   9.706890e+01 6.983340e+01 1.500000e+00
    endloop
  endfacet
  facet normal 1.000000e+00 0.000000e+00 0.000000e+00
    outer loop
      vertex   9.786830e+01 6.403340e+01 0.000000e+00
      vertex   9.786830e+01 6.983340e+01 0.000000e+00
      vertex   9.786830e+01 6.403340e+01 1.500000e+00
    endloop
  endfacet
  facet normal 1.000000e+00 -0.000000e+00 0.000000e+00
    outer loop
      vertex   9.786830e+01 6.403340e+01 1.500000e+00
      vertex   9.786830e+01 6.983340e+01 0.000000e+00
      vertex   9.786830e+01 6.983340e+01 1.500000e+00
    endloop
  endfacet
  facet normal 0.000000e+00 -1.000000e+00 0.000000e+00
    outer loop
      vertex   9.706890e+01 6.403340e+01 0.000000e+00
      vertex   9.786830e+01 6.403340e+01 0.000000e+00
      vertex   9.706890e+01 6.403340e+01 1.500000e+00
    endloop
  endfacet
  facet normal 0.000000e+00 -1.000000e+00 0.000000e+00
    outer loop
      vertex   9.706890e+01 6.403340e+01 1.500000e+00
      vertex   9.786830e+01 6.403340e+01 0.000000e+00
      vertex   9.786830e+01 6.403340e+01 1.500000e+00
    endloop
  endfacet
  facet normal 1.000000e+00 0.000000e+00 0.000000e+00
    outer loop
      vertex   9.706890e+01 6.093280e+01 0.000000e+00
      vertex   9.706890e+01 6.403340e+01 0.000000e+00
      vertex   9.706890e+01 6.093280e+01 1.500000e+00
    endloop
  endfacet
  facet normal 1.000000e+00 -0.000000e+00 0.000000e+00
    outer loop
      vertex   9.706890e+01 6.093280e+01 1.500000e+00
      vertex   9.706890e+01 6.403340e+01 0.000000e+00
      vertex   9.706890e+01 6.403340e+01 1.500000e+00
    endloop
  endfacet
  facet normal 0.000000e+00 1.000000e+00 -0.000000e+00
    outer loop
      vertex   9.786830e+01 6.093280e+01 0.000000e+00
      vertex   9.706890e+01 6.093280e+01 0.000000e+00
      vertex   9.786830e+01 6.093280e+01 1.500000e+00
    endloop
  endfacet
  facet normal 0.000000e+00 1.000000e+00 0.000000e+00
    outer loop
      vertex   9.786830e+01 6.093280e+01 1.500000e+00
      vertex   9.706890e+01 6.093280e+01 0.000000e+00
      vertex   9.706890e+01 6.093280e+01 1.500000e+00
    endloop
  endfacet
  facet normal 1.000000e+00 0.000000e+00 0.000000e+00
    outer loop
      vertex   9.786830e+01 5.993380e+01 0.000000e+00
      vertex   9.786830e+01 6.093280e+01 0.000000e+00
      vertex   9.786830e+01 5.993380e+01 1.500000e+00
    endloop
  endfacet
  facet normal 1.000000e+00 -0.000000e+00 0.000000e+00
    outer loop
      vertex   9.786830e+01 5.993380e+01 1.500000e+00
      vertex   9.786830e+01 6.093280e+01 0.000000e+00
      vertex   9.786830e+01 6.093280e+01 1.500000e+00
    endloop
  endfacet
  facet normal 0.000000e+00 1.000000e+00 -0.000000e+00
    outer loop
      vertex   1.118690e+02 5.993380e+01 0.000000e+00
      vertex   9.786830e+01 5.993380e+01 0.000000e+00
      vertex   1.118690e+02 5.993380e+01 1.500000e+00
    endloop
  endfacet
  facet normal 0.000000e+00 1.000000e+00 0.000000e+00
    outer loop
      vertex   1.118690e+02 5.993380e+01 1.500000e+00
      vertex   9.786830e+01 5.993380e+01 0.000000e+00
      vertex   9.786830e+01 5.993380e+01 1.500000e+00
    endloop
  endfacet
  facet normal -1.000000e+00 0.000000e+00 0.000000e+00
    outer loop
      vertex   1.118690e+02 6.093280e+01 0.000000e+00
      vertex   1.118690e+02 5.993380e+01 0.000000e+00
      vertex   1.118690e+02 6.093280e+01 1.500000e+00
    endloop
  endfacet
  facet normal -1.000000e+00 -0.000000e+00 0.000000e+00
    outer loop
      vertex   1.118690e+02 6.093280e+01 1.500000e+00
      vertex   1.118690e+02 5.993380e+01 0.000000e+00
      vertex   1.118690e+02 5.993380e+01 1.500000e+00
    endloop
  endfacet
  facet normal -1.000000e+00 0.000000e+00 0.000000e+00
    outer loop
      vertex   9.361840e+01 7.293260e+01 0.000000e+00
      vertex   9.361840e+01 6.983340e+01 0.000000e+00
      vertex   9.361840e+01 7.293260e+01 1.500000e+00
    endloop
  endfacet
  facet normal -1.000000e+00 -0.000000e+00 0.000000e+00
    outer loop
      vertex   9.361840e+01 7.293260e+01 1.500000e+00
      vertex   9.361840e+01 6.983340e+01 0.000000e+00
      vertex   9.361840e+01 6.983340e+01 1.500000e+00
    endloop
  endfacet
  facet normal 0.000000e+00 -1.000000e+00 0.000000e+00
    outer loop
      vertex   9.281900e+01 7.293260e+01 0.000000e+00
      vertex   9.361840e+01 7.293260e+01 0.000000e+00
      vertex   9.281900e+01 7.293260e+01 1.500000e+00
    endloop
  endfacet
  facet normal 0.000000e+00 -1.000000e+00 0.000000e+00
    outer loop
      vertex   9.281900e+01 7.293260e+01 1.500000e+00
      vertex   9.361840e+01 7.293260e+01 0.000000e+00
      vertex   9.361840e+01 7.293260e+01 1.500000e+00
    endloop
  endfacet
  facet normal -1.000000e+00 0.000000e+00 0.000000e+00
    outer loop
      vertex   9.281900e+01 7.393310e+01 0.000000e+00
      vertex   9.281900e+01 7.293260e+01 0.000000e+00
      vertex   9.281900e+01 7.393310e+01 1.500000e+00
    endloop
  endfacet
  facet normal -1.000000e+00 -0.000000e+00 0.000000e+00
    outer loop
      vertex   9.281900e+01 7.393310e+01 1.500000e+00
      vertex   9.281900e+01 7.293260e+01 0.000000e+00
      vertex   9.281900e+01 7.293260e+01 1.500000e+00
    endloop
  endfacet
  facet normal 0.000000e+00 -1.000000e+00 0.000000e+00
    outer loop
      vertex   7.881970e+01 7.393310e+01 0.000000e+00
      vertex   9.281900e+01 7.393310e+01 0.000000e+00
      vertex   7.881970e+01 7.393310e+01 1.500000e+00
    endloop
  endfacet
  facet normal 0.000000e+00 -1.000000e+00 0.000000e+00
    outer loop
      vertex   7.881970e+01 7.393310e+01 1.500000e+00
      vertex   9.281900e+01 7.393310e+01 0.000000e+00
      vertex   9.281900e+01 7.393310e+01 1.500000e+00
    endloop
  endfacet
  facet normal 1.000000e+00 0.000000e+00 0.000000e+00
    outer loop
      vertex   7.881970e+01 7.293260e+01 0.000000e+00
      vertex   7.881970e+01 7.393310e+01 0.000000e+00
      vertex   7.881970e+01 7.293260e+01 1.500000e+00
    endloop
  endfacet
  facet normal 1.000000e+00 -0.000000e+00 0.000000e+00
    outer loop
      vertex   7.881970e+01 7.293260e+01 1.500000e+00
      vertex   7.881970e+01 7.393310e+01 0.000000e+00
      vertex   7.881970e+01 7.393310e+01 1.500000e+00
    endloop
  endfacet
  facet normal 0.000000e+00 -1.000000e+00 0.000000e+00
    outer loop
      vertex   7.801890e+01 7.293260e+01 0.000000e+00
      vertex   7.881970e+01 7.293260e+01 0.000000e+00
      vertex   7.801890e+01 7.293260e+01 1.500000e+00
    endloop
  endfacet
  facet normal 0.000000e+00 -1.000000e+00 0.000000e+00
    outer loop
      vertex   7.801890e+01 7.293260e+01 1.500000e+00
      vertex   7.881970e+01 7.293260e+01 0.000000e+00
      vertex   7.881970e+01 7.293260e+01 1.500000e+00
    endloop
  endfacet
  facet normal 1.000000e+00 0.000000e+00 0.000000e+00
    outer loop
      vertex   7.801890e+01 6.983340e+01 0.000000e+00
      vertex   7.801890e+01 7.293260e+01 0.000000e+00
      vertex   7.801890e+01 6.983340e+01 1.500000e+00
    endloop
  endfacet
  facet normal 1.000000e+00 -0.000000e+00 0.000000e+00
    outer loop
      vertex   7.801890e+01 6.983340e+01 1.500000e+00
      vertex   7.801890e+01 7.293260e+01 0.000000e+00
      vertex   7.801890e+01 7.293260e+01 1.500000e+00
    endloop
  endfacet
  facet normal 0.000000e+00 1.000000e+00 -0.000000e+00
    outer loop
      vertex   7.881970e+01 6.983340e+01 0.000000e+00
      vertex   7.801890e+01 6.983340e+01 0.000000e+00
      vertex   7.881970e+01 6.983340e+01 1.500000e+00
    endloop
  endfacet
  facet normal 0.000000e+00 1.000000e+00 0.000000e+00
    outer loop
      vertex   7.881970e+01 6.983340e+01 1.500000e+00
      vertex   7.801890e+01 6.983340e+01 0.000000e+00
      vertex   7.801890e+01 6.983340e+01 1.500000e+00
    endloop
  endfacet
  facet normal 1.000000e+00 0.000000e+00 0.000000e+00
    outer loop
      vertex   7.881970e+01 6.403340e+01 0.000000e+00
      vertex   7.881970e+01 6.983340e+01 0.000000e+00
      vertex   7.881970e+01 6.403340e+01 1.500000e+00
    endloop
  endfacet
  facet normal 1.000000e+00 -0.000000e+00 0.000000e+00
    outer loop
      vertex   7.881970e+01 6.403340e+01 1.500000e+00
      vertex   7.881970e+01 6.983340e+01 0.000000e+00
      vertex   7.881970e+01 6.983340e+01 1.500000e+00
    endloop
  endfacet
  facet normal 0.000000e+00 -1.000000e+00 0.000000e+00
    outer loop
      vertex   7.801890e+01 6.403340e+01 0.000000e+00
      vertex   7.881970e+01 6.403340e+01 0.000000e+00
      vertex   7.801890e+01 6.403340e+01 1.500000e+00
    endloop
  endfacet
  facet normal 0.000000e+00 -1.000000e+00 0.000000e+00
    outer loop
      vertex   7.801890e+01 6.403340e+01 1.500000e+00
      vertex   7.881970e+01 6.403340e+01 0.000000e+00
      vertex   7.881970e+01 6.403340e+01 1.500000e+00
    endloop
  endfacet
  facet normal 1.000000e+00 0.000000e+00 0.000000e+00
    outer loop
      vertex   7.801890e+01 6.093280e+01 0.000000e+00
      vertex   7.801890e+01 6.403340e+01 0.000000e+00
      vertex   7.801890e+01 6.093280e+01 1.500000e+00
    endloop
  endfacet
  facet normal 1.000000e+00 -0.000000e+00 0.000000e+00
    outer loop
      vertex   7.801890e+01 6.093280e+01 1.500000e+00
      vertex   7.801890e+01 6.403340e+01 0.000000e+00
      vertex   7.801890e+01 6.403340e+01 1.500000e+00
    endloop
  endfacet
  facet normal 0.000000e+00 1.000000e+00 -0.000000e+00
    outer loop
      vertex   7.881970e+01 6.093280e+01 0.000000e+00
      vertex   7.801890e+01 6.093280e+01 0.000000e+00
      vertex   7.881970e+01 6.093280e+01 1.500000e+00
    endloop
  endfacet
  facet normal 0.000000e+00 1.000000e+00 0.000000e+00
    outer loop
      vertex   7.881970e+01 6.093280e+01 1.500000e+00
      vertex   7.801890e+01 6.093280e+01 0.000000e+00
      vertex   7.801890e+01 6.093280e+01 1.500000e+00
    endloop
  endfacet
  facet normal 1.000000e+00 0.000000e+00 0.000000e+00
    outer loop
      vertex   7.881970e+01 5.993380e+01 0.000000e+00
      vertex   7.881970e+01 6.093280e+01 0.000000e+00
      vertex   7.881970e+01 5.993380e+01 1.500000e+00
    endloop
  endfacet
  facet normal 1.000000e+00 -0.000000e+00 0.000000e+00
    outer loop
      vertex   7.881970e+01 5.993380e+01 1.500000e+00
      vertex   7.881970e+01 6.093280e+01 0.000000e+00
      vertex   7.881970e+01 6.093280e+01 1.500000e+00
    endloop
  endfacet
  facet normal 0.000000e+00 1.000000e+00 -0.000000e+00
    outer loop
      vertex   9.281900e+01 5.993380e+01 0.000000e+00
      vertex   7.881970e+01 5.993380e+01 0.000000e+00
      vertex   9.281900e+01 5.993380e+01 1.500000e+00
    endloop
  endfacet
  facet normal 0.000000e+00 1.000000e+00 0.000000e+00
    outer loop
      vertex   9.281900e+01 5.993380e+01 1.500000e+00
      vertex   7.881970e+01 5.993380e+01 0.000000e+00
      vertex   7.881970e+01 5.993380e+01 1.500000e+00
    endloop
  endfacet
  facet normal -1.000000e+00 0.000000e+00 0.000000e+00
    outer loop
      vertex   9.281900e+01 6.093280e+01 0.000000e+00
      vertex   9.281900e+01 5.993380e+01 0.000000e+00
      vertex   9.281900e+01 6.093280e+01 1.500000e+00
    endloop
  endfacet
  facet normal -1.000000e+00 -0.000000e+00 0.000000e+00
    outer loop
      vertex   9.281900e+01 6.093280e+01 1.500000e+00
      vertex   9.281900e+01 5.993380e+01 0.000000e+00
      vertex   9.281900e+01 5.993380e+01 1.500000e+00
    endloop
  endfacet
  facet normal 0.000000e+00 1.000000e+00 -0.000000e+00
    outer loop
      vertex   9.361840e+01 6.093280e+01 0.000000e+00
      vertex   9.281900e+01 6.093280e+01 0.000000e+00
      vertex   9.361840e+01 6.093280e+01 1.500000e+00
    endloop
  endfacet
  facet normal 0.000000e+00 1.000000e+00 0.000000e+00
    outer loop
      vertex   9.361840e+01 6.093280e+01 1.500000e+00
      vertex   9.281900e+01 6.093280e+01 0.000000e+00
      vertex   9.281900e+01 6.093280e+01 1.500000e+00
    endloop
  endfacet
  facet normal -1.000000e+00 0.000000e+00 0.000000e+00
    outer loop
      vertex   9.361840e+01 6.403340e+01 0.000000e+00
      vertex   9.361840e+01 6.093280e+01 0.000000e+00
      vertex   9.361840e+01 6.403340e+01 1.500000e+00
    endloop
  endfacet
  facet normal -1.000000e+00 -0.000000e+00 0.000000e+00
    outer loop
      vertex   9.361840e+01 6.403340e+01 1.500000e+00
      vertex   9.361840e+01 6.093280e+01 0.000000e+00
      vertex   9.361840e+01 6.093280e+01 1.500000e+00
    endloop
  endfacet
  facet normal 0.000000e+00 -1.000000e+00 0.000000e+00
    outer loop
      vertex   9.281900e+01 6.403340e+01 0.000000e+00
      vertex   9.361840e+01 6.403340e+01 0.000000e+00
      vertex   9.281900e+01 6.403340e+01 1.500000e+00
    endloop
  endfacet
  facet normal 0.000000e+00 -1.000000e+00 0.000000e+00
    outer loop
      vertex   9.281900e+01 6.403340e+01 1.500000e+00
      vertex   9.361840e+01 6.403340e+01 0.000000e+00
      vertex   9.361840e+01 6.403340e+01 1.500000e+00
    endloop
  endfacet
  facet normal -1.000000e+00 0.000000e+00 0.000000e+00
    outer loop
      vertex   9.281900e+01 6.983340e+01 0.000000e+00
      vertex   9.281900e+01 6.403340e+01 0.000000e+00
      vertex   9.281900e+01 6.983340e+01 1.500000e+00
    endloop
  endfacet
  facet normal -1.000000e+00 -0.000000e+00 0.000000e+00
    outer loop
      vertex   9.281900e+01 6.983340e+01 1.500000e+00
      vertex   9.281900e+01 6.403340e+01 0.000000e+00
      vertex   9.281900e+01 6.403340e+01 1.500000e+00
    endloop
  endfacet
  facet normal 0.000000e+00 1.000000e+00 -0.000000e+00
    outer loop
      vertex   9.361840e+01 6.983340e+01 0.000000e+00
      vertex   9.281900e+01 6.983340e+01 0.000000e+00
      vertex   9.361840e+01 6.983340e+01 1.500000e+00
    endloop
  endfacet
  facet normal 0.000000e+00 1.000000e+00 0.000000e+00
    outer loop
      vertex   9.361840e+01 6.983340e+01 1.500000e+00
      vertex   9.281900e+01 6.983340e+01 0.000000e+00
      vertex   9.281900e+01 6.983340e+01 1.500000e+00
    endloop
  endfacet
  facet normal 1.000000e+00 0.000000e+00 0.000000e+00
    outer loop
      vertex   1.359700e+02 7.293260e+01 0.000000e+00
      vertex   1.359700e+02 7.393310e+01 0.000000e+00
      vertex   1.359700e+02 7.293260e+01 1.500000e+00
    endloop
  endfacet
  facet normal 1.000000e+00 -0.000000e+00 0.000000e+00
    outer loop
      vertex   1.359700e+02 7.293260e+01 1.500000e+00
      vertex   1.359700e+02 7.393310e+01 0.000000e+00
      vertex   1.359700e+02 7.393310e+01 1.500000e+00
    endloop
  endfacet
  facet normal 0.000000e+00 -1.000000e+00 0.000000e+00
    outer loop
      vertex   1.351690e+02 7.293260e+01 0.000000e+00
      vertex   1.359700e+02 7.293260e+01 0.000000e+00
      vertex   1.351690e+02 7.293260e+01 1.500000e+00
    endloop
  endfacet
  facet normal 0.000000e+00 -1.000000e+00 0.000000e+00
    outer loop
      vertex   1.351690e+02 7.293260e+01 1.500000e+00
      vertex   1.359700e+02 7.293260e+01 0.000000e+00
      vertex   1.359700e+02 7.293260e+01 1.500000e+00
    endloop
  endfacet
  facet normal 1.000000e+00 0.000000e+00 0.000000e+00
    outer loop
      vertex   1.351690e+02 6.983340e+01 0.000000e+00
      vertex   1.351690e+02 7.293260e+01 0.000000e+00
      vertex   1.351690e+02 6.983340e+01 1.500000e+00
    endloop
  endfacet
  facet normal 1.000000e+00 -0.000000e+00 0.000000e+00
    outer loop
      vertex   1.351690e+02 6.983340e+01 1.500000e+00
      vertex   1.351690e+02 7.293260e+01 0.000000e+00
      vertex   1.351690e+02 7.293260e+01 1.500000e+00
    endloop
  endfacet
  facet normal 0.000000e+00 1.000000e+00 -0.000000e+00
    outer loop
      vertex   1.359700e+02 6.983340e+01 0.000000e+00
      vertex   1.351690e+02 6.983340e+01 0.000000e+00
      vertex   1.359700e+02 6.983340e+01 1.500000e+00
    endloop
  endfacet
  facet normal 0.000000e+00 1.000000e+00 0.000000e+00
    outer loop
      vertex   1.359700e+02 6.983340e+01 1.500000e+00
      vertex   1.351690e+02 6.983340e+01 0.000000e+00
      vertex   1.351690e+02 6.983340e+01 1.500000e+00
    endloop
  endfacet
  facet normal 1.000000e+00 0.000000e+00 0.000000e+00
    outer loop
      vertex   1.359700e+02 6.403340e+01 0.000000e+00
      vertex   1.359700e+02 6.983340e+01 0.000000e+00
      vertex   1.359700e+02 6.403340e+01 1.500000e+00
    endloop
  endfacet
  facet normal 1.000000e+00 -0.000000e+00 0.000000e+00
    outer loop
      vertex   1.359700e+02 6.403340e+01 1.500000e+00
      vertex   1.359700e+02 6.983340e+01 0.000000e+00
      vertex   1.359700e+02 6.983340e+01 1.500000e+00
    endloop
  endfacet
  facet normal 0.000000e+00 -1.000000e+00 0.000000e+00
    outer loop
      vertex   1.351690e+02 6.403340e+01 0.000000e+00
      vertex   1.359700e+02 6.403340e+01 0.000000e+00
      vertex   1.351690e+02 6.403340e+01 1.500000e+00
    endloop
  endfacet
  facet normal 0.000000e+00 -1.000000e+00 0.000000e+00
    outer loop
      vertex   1.351690e+02 6.403340e+01 1.500000e+00
      vertex   1.359700e+02 6.403340e+01 0.000000e+00
      vertex   1.359700e+02 6.403340e+01 1.500000e+00
    endloop
  endfacet
  facet normal 1.000000e+00 0.000000e+00 0.000000e+00
    outer loop
      vertex   1.351690e+02 6.093280e+01 0.000000e+00
      vertex   1.351690e+02 6.403340e+01 0.000000e+00
      vertex   1.351690e+02 6.093280e+01 1.500000e+00
    endloop
  endfacet
  facet normal 1.000000e+00 -0.000000e+00 0.000000e+00
    outer loop
      vertex   1.351690e+02 6.093280e+01 1.500000e+00
      vertex   1.351690e+02 6.403340e+01 0.000000e+00
      vertex   1.351690e+02 6.403340e+01 1.500000e+00
    endloop
  endfacet
  facet normal 0.000000e+00 1.000000e+00 -0.000000e+00
    outer loop
      vertex   1.359700e+02 6.093280e+01 0.000000e+00
      vertex   1.351690e+02 6.093280e+01 0.000000e+00
      vertex   1.359700e+02 6.093280e+01 1.500000e+00
    endloop
  endfacet
  facet normal 0.000000e+00 1.000000e+00 0.000000e+00
    outer loop
      vertex   1.359700e+02 6.093280e+01 1.500000e+00
      vertex   1.351690e+02 6.093280e+01 0.000000e+00
      vertex   1.351690e+02 6.093280e+01 1.500000e+00
    endloop
  endfacet
  facet normal 1.000000e+00 0.000000e+00 0.000000e+00
    outer loop
      vertex   1.359700e+02 5.993380e+01 0.000000e+00
      vertex   1.359700e+02 6.093280e+01 0.000000e+00
      vertex   1.359700e+02 5.993380e+01 1.500000e+00
    endloop
  endfacet
  facet normal 1.000000e+00 -0.000000e+00 0.000000e+00
    outer loop
      vertex   1.359700e+02 5.993380e+01 1.500000e+00
      vertex   1.359700e+02 6.093280e+01 0.000000e+00
      vertex   1.359700e+02 6.093280e+01 1.500000e+00
    endloop
  endfacet
  facet normal 0.000000e+00 1.000000e+00 -0.000000e+00
    outer loop
      vertex   1.499690e+02 5.993380e+01 0.000000e+00
      vertex   1.359700e+02 5.993380e+01 0.000000e+00
      vertex   1.499690e+02 5.993380e+01 1.500000e+00
    endloop
  endfacet
  facet normal 0.000000e+00 1.000000e+00 0.000000e+00
    outer loop
      vertex   1.499690e+02 5.993380e+01 1.500000e+00
      vertex   1.359700e+02 5.993380e+01 0.000000e+00
      vertex   1.359700e+02 5.993380e+01 1.500000e+00
    endloop
  endfacet
  facet normal -1.000000e+00 0.000000e+00 0.000000e+00
    outer loop
      vertex   1.499690e+02 6.093280e+01 0.000000e+00
      vertex   1.499690e+02 5.993380e+01 0.000000e+00
      vertex   1.499690e+02 6.093280e+01 1.500000e+00
    endloop
  endfacet
  facet normal -1.000000e+00 -0.000000e+00 0.000000e+00
    outer loop
      vertex   1.499690e+02 6.093280e+01 1.500000e+00
      vertex   1.499690e+02 5.993380e+01 0.000000e+00
      vertex   1.499690e+02 5.993380e+01 1.500000e+00
    endloop
  endfacet
  facet normal 0.000000e+00 1.000000e+00 -0.000000e+00
    outer loop
      vertex   1.507700e+02 6.093280e+01 0.000000e+00
      vertex   1.499690e+02 6.093280e+01 0.000000e+00
      vertex   1.507700e+02 6.093280e+01 1.500000e+00
    endloop
  endfacet
  facet normal 0.000000e+00 1.000000e+00 0.000000e+00
    outer loop
      vertex   1.507700e+02 6.093280e+01 1.500000e+00
      vertex   1.499690e+02 6.093280e+01 0.000000e+00
      vertex   1.499690e+02 6.093280e+01 1.500000e+00
    endloop
  endfacet
  facet normal -1.000000e+00 0.000000e+00 0.000000e+00
    outer loop
      vertex   1.507700e+02 6.403340e+01 0.000000e+00
      vertex   1.507700e+02 6.093280e+01 0.000000e+00
      vertex   1.507700e+02 6.403340e+01 1.500000e+00
    endloop
  endfacet
  facet normal -1.000000e+00 -0.000000e+00 0.000000e+00
    outer loop
      vertex   1.507700e+02 6.403340e+01 1.500000e+00
      vertex   1.507700e+02 6.093280e+01 0.000000e+00
      vertex   1.507700e+02 6.093280e+01 1.500000e+00
    endloop
  endfacet
  facet normal 0.000000e+00 -1.000000e+00 0.000000e+00
    outer loop
      vertex   1.499690e+02 6.403340e+01 0.000000e+00
      vertex   1.507700e+02 6.403340e+01 0.000000e+00
      vertex   1.499690e+02 6.403340e+01 1.500000e+00
    endloop
  endfacet
  facet normal 0.000000e+00 -1.000000e+00 0.000000e+00
    outer loop
      vertex   1.499690e+02 6.403340e+01 1.500000e+00
      vertex   1.507700e+02 6.403340e+01 0.000000e+00
      vertex   1.507700e+02 6.403340e+01 1.500000e+00
    endloop
  endfacet
  facet normal -1.000000e+00 0.000000e+00 0.000000e+00
    outer loop
      vertex   1.499690e+02 6.983340e+01 0.000000e+00
      vertex   1.499690e+02 6.403340e+01 0.000000e+00
      vertex   1.499690e+02 6.983340e+01 1.500000e+00
    endloop
  endfacet
  facet normal -1.000000e+00 -0.000000e+00 0.000000e+00
    outer loop
      vertex   1.499690e+02 6.983340e+01 1.500000e+00
      vertex   1.499690e+02 6.403340e+01 0.000000e+00
      vertex   1.499690e+02 6.403340e+01 1.500000e+00
    endloop
  endfacet
  facet normal 0.000000e+00 1.000000e+00 -0.000000e+00
    outer loop
      vertex   1.507700e+02 6.983340e+01 0.000000e+00
      vertex   1.499690e+02 6.983340e+01 0.000000e+00
      vertex   1.507700e+02 6.983340e+01 1.500000e+00
    endloop
  endfacet
  facet normal 0.000000e+00 1.000000e+00 0.000000e+00
    outer loop
      vertex   1.507700e+02 6.983340e+01 1.500000e+00
      vertex   1.499690e+02 6.983340e+01 0.000000e+00
      vertex   1.499690e+02 6.983340e+01 1.500000e+00
    endloop
  endfacet
  facet normal -1.000000e+00 0.000000e+00 0.000000e+00
    outer loop
      vertex   1.507700e+02 7.293260e+01 0.000000e+00
      vertex   1.507700e+02 6.983340e+01 0.000000e+00
      vertex   1.507700e+02 7.293260e+01 1.500000e+00
    endloop
  endfacet
  facet normal -1.000000e+00 -0.000000e+00 0.000000e+00
    outer loop
      vertex   1.507700e+02 7.293260e+01 1.500000e+00
      vertex   1.507700e+02 6.983340e+01 0.000000e+00
      vertex   1.507700e+02 6.983340e+01 1.500000e+00
    endloop
  endfacet
  facet normal 0.000000e+00 -1.000000e+00 0.000000e+00
    outer loop
      vertex   1.499690e+02 7.293260e+01 0.000000e+00
      vertex   1.507700e+02 7.293260e+01 0.000000e+00
      vertex   1.499690e+02 7.293260e+01 1.500000e+00
    endloop
  endfacet
  facet normal 0.000000e+00 -1.000000e+00 0.000000e+00
    outer loop
      vertex   1.499690e+02 7.293260e+01 1.500000e+00
      vertex   1.507700e+02 7.293260e+01 0.000000e+00
      vertex   1.507700e+02 7.293260e+01 1.500000e+00
    endloop
  endfacet
  facet normal -1.000000e+00 0.000000e+00 0.000000e+00
    outer loop
      vertex   1.499690e+02 7.393310e+01 0.000000e+00
      vertex   1.499690e+02 7.293260e+01 0.000000e+00
      vertex   1.499690e+02 7.393310e+01 1.500000e+00
    endloop
  endfacet
  facet normal -1.000000e+00 -0.000000e+00 0.000000e+00
    outer loop
      vertex   1.499690e+02 7.393310e+01 1.500000e+00
      vertex   1.499690e+02 7.293260e+01 0.000000e+00
      vertex   1.499690e+02 7.293260e+01 1.500000e+00
    endloop
  endfacet
  facet normal 0.000000e+00 -1.000000e+00 0.000000e+00
    outer loop
      vertex   1.359700e+02 7.393310e+01 0.000000e+00
      vertex   1.499690e+02 7.393310e+01 0.000000e+00
      vertex   1.359700e+02 7.393310e+01 1.500000e+00
    endloop
  endfacet
  facet normal 0.000000e+00 -1.000000e+00 0.000000e+00
    outer loop
      vertex   1.359700e+02 7.393310e+01 1.500000e+00
      vertex   1.499690e+02 7.393310e+01 0.000000e+00
      vertex   1.499690e+02 7.393310e+01 1.500000e+00
    endloop
  endfacet
  facet normal 1.000000e+00 0.000000e+00 0.000000e+00
    outer loop
      vertex   1.550200e+02 6.403340e+01 0.000000e+00
      vertex   1.550200e+02 6.983340e+01 0.000000e+00
      vertex   1.550200e+02 6.403340e+01 1.500000e+00
    endloop
  endfacet
  facet normal 1.000000e+00 -0.000000e+00 0.000000e+00
    outer loop
      vertex   1.550200e+02 6.403340e+01 1.500000e+00
      vertex   1.550200e+02 6.983340e+01 0.000000e+00
      vertex   1.550200e+02 6.983340e+01 1.500000e+00
    endloop
  endfacet
  facet normal 0.000000e+00 -1.000000e+00 0.000000e+00
    outer loop
      vertex   1.542190e+02 6.403340e+01 0.000000e+00
      vertex   1.550200e+02 6.403340e+01 0.000000e+00
      vertex   1.542190e+02 6.403340e+01 1.500000e+00
    endloop
  endfacet
  facet normal 0.000000e+00 -1.000000e+00 0.000000e+00
    outer loop
      vertex   1.542190e+02 6.403340e+01 1.500000e+00
      vertex   1.550200e+02 6.403340e+01 0.000000e+00
      vertex   1.550200e+02 6.403340e+01 1.500000e+00
    endloop
  endfacet
  facet normal 1.000000e+00 0.000000e+00 0.000000e+00
    outer loop
      vertex   1.542190e+02 6.093280e+01 0.000000e+00
      vertex   1.542190e+02 6.403340e+01 0.000000e+00
      vertex   1.542190e+02 6.093280e+01 1.500000e+00
    endloop
  endfacet
  facet normal 1.000000e+00 -0.000000e+00 0.000000e+00
    outer loop
      vertex   1.542190e+02 6.093280e+01 1.500000e+00
      vertex   1.542190e+02 6.403340e+01 0.000000e+00
      vertex   1.542190e+02 6.403340e+01 1.500000e+00
    endloop
  endfacet
  facet normal 0.000000e+00 1.000000e+00 -0.000000e+00
    outer loop
      vertex   1.550200e+02 6.093280e+01 0.000000e+00
      vertex   1.542190e+02 6.093280e+01 0.000000e+00
      vertex   1.550200e+02 6.093280e+01 1.500000e+00
    endloop
  endfacet
  facet normal 0.000000e+00 1.000000e+00 0.000000e+00
    outer loop
      vertex   1.550200e+02 6.093280e+01 1.500000e+00
      vertex   1.542190e+02 6.093280e+01 0.000000e+00
      vertex   1.542190e+02 6.093280e+01 1.500000e+00
    endloop
  endfacet
  facet normal 1.000000e+00 0.000000e+00 0.000000e+00
    outer loop
      vertex   1.550200e+02 5.993380e+01 0.000000e+00
      vertex   1.550200e+02 6.093280e+01 0.000000e+00
      vertex   1.550200e+02 5.993380e+01 1.500000e+00
    endloop
  endfacet
  facet normal 1.000000e+00 -0.000000e+00 0.000000e+00
    outer loop
      vertex   1.550200e+02 5.993380e+01 1.500000e+00
      vertex   1.550200e+02 6.093280e+01 0.000000e+00
      vertex   1.550200e+02 6.093280e+01 1.500000e+00
    endloop
  endfacet
  facet normal 0.000000e+00 1.000000e+00 -0.000000e+00
    outer loop
      vertex   1.690190e+02 5.993380e+01 0.000000e+00
      vertex   1.550200e+02 5.993380e+01 0.000000e+00
      vertex   1.690190e+02 5.993380e+01 1.500000e+00
    endloop
  endfacet
  facet normal 0.000000e+00 1.000000e+00 0.000000e+00
    outer loop
      vertex   1.690190e+02 5.993380e+01 1.500000e+00
      vertex   1.550200e+02 5.993380e+01 0.000000e+00
      vertex   1.550200e+02 5.993380e+01 1.500000e+00
    endloop
  endfacet
  facet normal -1.000000e+00 0.000000e+00 0.000000e+00
    outer loop
      vertex   1.690190e+02 6.093280e+01 0.000000e+00
      vertex   1.690190e+02 5.993380e+01 0.000000e+00
      vertex   1.690190e+02 6.093280e+01 1.500000e+00
    endloop
  endfacet
  facet normal -1.000000e+00 -0.000000e+00 0.000000e+00
    outer loop
      vertex   1.690190e+02 6.093280e+01 1.500000e+00
      vertex   1.690190e+02 5.993380e+01 0.000000e+00
      vertex   1.690190e+02 5.993380e+01 1.500000e+00
    endloop
  endfacet
  facet normal 0.000000e+00 1.000000e+00 -0.000000e+00
    outer loop
      vertex   1.698200e+02 6.093280e+01 0.000000e+00
      vertex   1.690190e+02 6.093280e+01 0.000000e+00
      vertex   1.698200e+02 6.093280e+01 1.500000e+00
    endloop
  endfacet
  facet normal 0.000000e+00 1.000000e+00 0.000000e+00
    outer loop
      vertex   1.698200e+02 6.093280e+01 1.500000e+00
      vertex   1.690190e+02 6.093280e+01 0.000000e+00
      vertex   1.690190e+02 6.093280e+01 1.500000e+00
    endloop
  endfacet
  facet normal -1.000000e+00 0.000000e+00 0.000000e+00
    outer loop
      vertex   1.698200e+02 6.403340e+01 0.000000e+00
      vertex   1.698200e+02 6.093280e+01 0.000000e+00
      vertex   1.698200e+02 6.403340e+01 1.500000e+00
    endloop
  endfacet
  facet normal -1.000000e+00 -0.000000e+00 0.000000e+00
    outer loop
      vertex   1.698200e+02 6.403340e+01 1.500000e+00
      vertex   1.698200e+02 6.093280e+01 0.000000e+00
      vertex   1.698200e+02 6.093280e+01 1.500000e+00
    endloop
  endfacet
  facet normal 0.000000e+00 -1.000000e+00 0.000000e+00
    outer loop
      vertex   1.690190e+02 6.403340e+01 0.000000e+00
      vertex   1.698200e+02 6.403340e+01 0.000000e+00
      vertex   1.690190e+02 6.403340e+01 1.500000e+00
    endloop
  endfacet
  facet normal 0.000000e+00 -1.000000e+00 0.000000e+00
    outer loop
      vertex   1.690190e+02 6.403340e+01 1.500000e+00
      vertex   1.698200e+02 6.403340e+01 0.000000e+00
      vertex   1.698200e+02 6.403340e+01 1.500000e+00
    endloop
  endfacet
  facet normal -1.000000e+00 0.000000e+00 0.000000e+00
    outer loop
      vertex   1.690190e+02 6.983340e+01 0.000000e+00
      vertex   1.690190e+02 6.403340e+01 0.000000e+00
      vertex   1.690190e+02 6.983340e+01 1.500000e+00
    endloop
  endfacet
  facet normal -1.000000e+00 -0.000000e+00 0.000000e+00
    outer loop
      vertex   1.690190e+02 6.983340e+01 1.500000e+00
      vertex   1.690190e+02 6.403340e+01 0.000000e+00
      vertex   1.690190e+02 6.403340e+01 1.500000e+00
    endloop
  endfacet
  facet normal 0.000000e+00 1.000000e+00 -0.000000e+00
    outer loop
      vertex   1.698200e+02 6.983340e+01 0.000000e+00
      vertex   1.690190e+02 6.983340e+01 0.000000e+00
      vertex   1.698200e+02 6.983340e+01 1.500000e+00
    endloop
  endfacet
  facet normal 0.000000e+00 1.000000e+00 0.000000e+00
    outer loop
      vertex   1.698200e+02 6.983340e+01 1.500000e+00
      vertex   1.690190e+02 6.983340e+01 0.000000e+00
      vertex   1.690190e+02 6.983340e+01 1.500000e+00
    endloop
  endfacet
  facet normal -1.000000e+00 0.000000e+00 0.000000e+00
    outer loop
      vertex   1.698200e+02 7.293260e+01 0.000000e+00
      vertex   1.698200e+02 6.983340e+01 0.000000e+00
      vertex   1.698200e+02 7.293260e+01 1.500000e+00
    endloop
  endfacet
  facet normal -1.000000e+00 -0.000000e+00 0.000000e+00
    outer loop
      vertex   1.698200e+02 7.293260e+01 1.500000e+00
      vertex   1.698200e+02 6.983340e+01 0.000000e+00
      vertex   1.698200e+02 6.983340e+01 1.500000e+00
    endloop
  endfacet
  facet normal 0.000000e+00 -1.000000e+00 0.000000e+00
    outer loop
      vertex   1.690190e+02 7.293260e+01 0.000000e+00
      vertex   1.698200e+02 7.293260e+01 0.000000e+00
      vertex   1.690190e+02 7.293260e+01 1.500000e+00
    endloop
  endfacet
  facet normal 0.000000e+00 -1.000000e+00 0.000000e+00
    outer loop
      vertex   1.690190e+02 7.293260e+01 1.500000e+00
      vertex   1.698200e+02 7.293260e+01 0.000000e+00
      vertex   1.698200e+02 7.293260e+01 1.500000e+00
    endloop
  endfacet
  facet normal -1.000000e+00 0.000000e+00 0.000000e+00
    outer loop
      vertex   1.690190e+02 7.393310e+01 0.000000e+00
      vertex   1.690190e+02 7.293260e+01 0.000000e+00
      vertex   1.690190e+02 7.393310e+01 1.500000e+00
    endloop
  endfacet
  facet normal -1.000000e+00 -0.000000e+00 0.000000e+00
    outer loop
      vertex   1.690190e+02 7.393310e+01 1.500000e+00
      vertex   1.690190e+02 7.293260e+01 0.000000e+00
      vertex   1.690190e+02 7.293260e+01 1.500000e+00
    endloop
  endfacet
  facet normal 0.000000e+00 -1.000000e+00 0.000000e+00
    outer loop
      vertex   1.550200e+02 7.393310e+01 0.000000e+00
      vertex   1.690190e+02 7.393310e+01 0.000000e+00
      vertex   1.550200e+02 7.393310e+01 1.500000e+00
    endloop
  endfacet
  facet normal 0.000000e+00 -1.000000e+00 0.000000e+00
    outer loop
      vertex   1.550200e+02 7.393310e+01 1.500000e+00
      vertex   1.690190e+02 7.393310e+01 0.000000e+00
      vertex   1.690190e+02 7.393310e+01 1.500000e+00
    endloop
  endfacet
  facet normal 1.000000e+00 0.000000e+00 0.000000e+00
    outer loop
      vertex   1.550200e+02 7.293260e+01 0.000000e+00
      vertex   1.550200e+02 7.393310e+01 0.000000e+00
      vertex   1.550200e+02 7.293260e+01 1.500000e+00
    endloop
  endfacet
  facet normal 1.000000e+00 -0.000000e+00 0.000000e+00
    outer loop
      vertex   1.550200e+02 7.293260e+01 1.500000e+00
      vertex   1.550200e+02 7.393310e+01 0.000000e+00
      vertex   1.550200e+02 7.393310e+01 1.500000e+00
    endloop
  endfacet
  facet normal 0.000000e+00 -1.000000e+00 0.000000e+00
    outer loop
      vertex   1.542190e+02 7.293260e+01 0.000000e+00
      vertex   1.550200e+02 7.293260e+01 0.000000e+00
      vertex   1.542190e+02 7.293260e+01 1.500000e+00
    endloop
  endfacet
  facet normal 0.000000e+00 -1.000000e+00 0.000000e+00
    outer loop
      vertex   1.542190e+02 7.293260e+01 1.500000e+00
      vertex   1.550200e+02 7.293260e+01 0.000000e+00
      vertex   1.550200e+02 7.293260e+01 1.500000e+00
    endloop
  endfacet
  facet normal 1.000000e+00 0.000000e+00 0.000000e+00
    outer loop
      vertex   1.542190e+02 6.983340e+01 0.000000e+00
      vertex   1.542190e+02 7.293260e+01 0.000000e+00
      vertex   1.542190e+02 6.983340e+01 1.500000e+00
    endloop
  endfacet
  facet normal 1.000000e+00 -0.000000e+00 0.000000e+00
    outer loop
      vertex   1.542190e+02 6.983340e+01 1.500000e+00
      vertex   1.542190e+02 7.293260e+01 0.000000e+00
      vertex   1.542190e+02 7.293260e+01 1.500000e+00
    endloop
  endfacet
  facet normal 0.000000e+00 1.000000e+00 -0.000000e+00
    outer loop
      vertex   1.550200e+02 6.983340e+01 0.000000e+00
      vertex   1.542190e+02 6.983340e+01 0.000000e+00
      vertex   1.550200e+02 6.983340e+01 1.500000e+00
    endloop
  endfacet
  facet normal 0.000000e+00 1.000000e+00 0.000000e+00
    outer loop
      vertex   1.550200e+02 6.983340e+01 1.500000e+00
      vertex   1.542190e+02 6.983340e+01 0.000000e+00
      vertex   1.542190e+02 6.983340e+01 1.500000e+00
    endloop
  endfacet
  facet normal -1.000000e+00 0.000000e+00 0.000000e+00
    outer loop
      vertex   1.880690e+02 7.393310e+01 0.000000e+00
      vertex   1.880690e+02 7.293260e+01 0.000000e+00
      vertex   1.880690e+02 7.393310e+01 1.500000e+00
    endloop
  endfacet
  facet normal -1.000000e+00 -0.000000e+00 0.000000e+00
    outer loop
      vertex   1.880690e+02 7.393310e+01 1.500000e+00
      vertex   1.880690e+02 7.293260e+01 0.000000e+00
      vertex   1.880690e+02 7.293260e+01 1.500000e+00
    endloop
  endfacet
  facet normal 0.000000e+00 -1.000000e+00 0.000000e+00
    outer loop
      vertex   1.740700e+02 7.393310e+01 0.000000e+00
      vertex   1.880690e+02 7.393310e+01 0.000000e+00
      vertex   1.740700e+02 7.393310e+01 1.500000e+00
    endloop
  endfacet
  facet normal 0.000000e+00 -1.000000e+00 0.000000e+00
    outer loop
      vertex   1.740700e+02 7.393310e+01 1.500000e+00
      vertex   1.880690e+02 7.393310e+01 0.000000e+00
      vertex   1.880690e+02 7.393310e+01 1.500000e+00
    endloop
  endfacet
  facet normal 1.000000e+00 0.000000e+00 0.000000e+00
    outer loop
      vertex   1.740700e+02 7.293260e+01 0.000000e+00
      vertex   1.740700e+02 7.393310e+01 0.000000e+00
      vertex   1.740700e+02 7.293260e+01 1.500000e+00
    endloop
  endfacet
  facet normal 1.000000e+00 -0.000000e+00 0.000000e+00
    outer loop
      vertex   1.740700e+02 7.293260e+01 1.500000e+00
      vertex   1.740700e+02 7.393310e+01 0.000000e+00
      vertex   1.740700e+02 7.393310e+01 1.500000e+00
    endloop
  endfacet
  facet normal 0.000000e+00 -1.000000e+00 0.000000e+00
    outer loop
      vertex   1.732690e+02 7.293260e+01 0.000000e+00
      vertex   1.740700e+02 7.293260e+01 0.000000e+00
      vertex   1.732690e+02 7.293260e+01 1.500000e+00
    endloop
  endfacet
  facet normal 0.000000e+00 -1.000000e+00 0.000000e+00
    outer loop
      vertex   1.732690e+02 7.293260e+01 1.500000e+00
      vertex   1.740700e+02 7.293260e+01 0.000000e+00
      vertex   1.740700e+02 7.293260e+01 1.500000e+00
    endloop
  endfacet
  facet normal 1.000000e+00 0.000000e+00 0.000000e+00
    outer loop
      vertex   1.732690e+02 6.983340e+01 0.000000e+00
      vertex   1.732690e+02 7.293260e+01 0.000000e+00
      vertex   1.732690e+02 6.983340e+01 1.500000e+00
    endloop
  endfacet
  facet normal 1.000000e+00 -0.000000e+00 0.000000e+00
    outer loop
      vertex   1.732690e+02 6.983340e+01 1.500000e+00
      vertex   1.732690e+02 7.293260e+01 0.000000e+00
      vertex   1.732690e+02 7.293260e+01 1.500000e+00
    endloop
  endfacet
  facet normal 0.000000e+00 1.000000e+00 -0.000000e+00
    outer loop
      vertex   1.740700e+02 6.983340e+01 0.000000e+00
      vertex   1.732690e+02 6.983340e+01 0.000000e+00
      vertex   1.740700e+02 6.983340e+01 1.500000e+00
    endloop
  endfacet
  facet normal 0.000000e+00 1.000000e+00 0.000000e+00
    outer loop
      vertex   1.740700e+02 6.983340e+01 1.500000e+00
      vertex   1.732690e+02 6.983340e+01 0.000000e+00
      vertex   1.732690e+02 6.983340e+01 1.500000e+00
    endloop
  endfacet
  facet normal 1.000000e+00 0.000000e+00 0.000000e+00
    outer loop
      vertex   1.740700e+02 6.403340e+01 0.000000e+00
      vertex   1.740700e+02 6.983340e+01 0.000000e+00
      vertex   1.740700e+02 6.403340e+01 1.500000e+00
    endloop
  endfacet
  facet normal 1.000000e+00 -0.000000e+00 0.000000e+00
    outer loop
      vertex   1.740700e+02 6.403340e+01 1.500000e+00
      vertex   1.740700e+02 6.983340e+01 0.000000e+00
      vertex   1.740700e+02 6.983340e+01 1.500000e+00
    endloop
  endfacet
  facet normal 0.000000e+00 -1.000000e+00 0.000000e+00
    outer loop
      vertex   1.732690e+02 6.403340e+01 0.000000e+00
      vertex   1.740700e+02 6.403340e+01 0.000000e+00
      vertex   1.732690e+02 6.403340e+01 1.500000e+00
    endloop
  endfacet
  facet normal 0.000000e+00 -1.000000e+00 0.000000e+00
    outer loop
      vertex   1.732690e+02 6.403340e+01 1.500000e+00
      vertex   1.740700e+02 6.403340e+01 0.000000e+00
      vertex   1.740700e+02 6.403340e+01 1.500000e+00
    endloop
  endfacet
  facet normal 1.000000e+00 0.000000e+00 0.000000e+00
    outer loop
      vertex   1.732690e+02 6.093280e+01 0.000000e+00
      vertex   1.732690e+02 6.403340e+01 0.000000e+00
      vertex   1.732690e+02 6.093280e+01 1.500000e+00
    endloop
  endfacet
  facet normal 1.000000e+00 -0.000000e+00 0.000000e+00
    outer loop
      vertex   1.732690e+02 6.093280e+01 1.500000e+00
      vertex   1.732690e+02 6.403340e+01 0.000000e+00
      vertex   1.732690e+02 6.403340e+01 1.500000e+00
    endloop
  endfacet
  facet normal 0.000000e+00 1.000000e+00 -0.000000e+00
    outer loop
      vertex   1.740700e+02 6.093280e+01 0.000000e+00
      vertex   1.732690e+02 6.093280e+01 0.000000e+00
      vertex   1.740700e+02 6.093280e+01 1.500000e+00
    endloop
  endfacet
  facet normal 0.000000e+00 1.000000e+00 0.000000e+00
    outer loop
      vertex   1.740700e+02 6.093280e+01 1.500000e+00
      vertex   1.732690e+02 6.093280e+01 0.000000e+00
      vertex   1.732690e+02 6.093280e+01 1.500000e+00
    endloop
  endfacet
  facet normal 1.000000e+00 0.000000e+00 0.000000e+00
    outer loop
      vertex   1.740700e+02 5.993380e+01 0.000000e+00
      vertex   1.740700e+02 6.093280e+01 0.000000e+00
      vertex   1.740700e+02 5.993380e+01 1.500000e+00
    endloop
  endfacet
  facet normal 1.000000e+00 -0.000000e+00 0.000000e+00
    outer loop
      vertex   1.740700e+02 5.993380e+01 1.500000e+00
      vertex   1.740700e+02 6.093280e+01 0.000000e+00
      vertex   1.740700e+02 6.093280e+01 1.500000e+00
    endloop
  endfacet
  facet normal 0.000000e+00 1.000000e+00 -0.000000e+00
    outer loop
      vertex   1.880690e+02 5.993380e+01 0.000000e+00
      vertex   1.740700e+02 5.993380e+01 0.000000e+00
      vertex   1.880690e+02 5.993380e+01 1.500000e+00
    endloop
  endfacet
  facet normal 0.000000e+00 1.000000e+00 0.000000e+00
    outer loop
      vertex   1.880690e+02 5.993380e+01 1.500000e+00
      vertex   1.740700e+02 5.993380e+01 0.000000e+00
      vertex   1.740700e+02 5.993380e+01 1.500000e+00
    endloop
  endfacet
  facet normal -1.000000e+00 0.000000e+00 0.000000e+00
    outer loop
      vertex   1.880690e+02 6.093280e+01 0.000000e+00
      vertex   1.880690e+02 5.993380e+01 0.000000e+00
      vertex   1.880690e+02 6.093280e+01 1.500000e+00
    endloop
  endfacet
  facet normal -1.000000e+00 -0.000000e+00 0.000000e+00
    outer loop
      vertex   1.880690e+02 6.093280e+01 1.500000e+00
      vertex   1.880690e+02 5.993380e+01 0.000000e+00
      vertex   1.880690e+02 5.993380e+01 1.500000e+00
    endloop
  endfacet
  facet normal 0.000000e+00 1.000000e+00 -0.000000e+00
    outer loop
      vertex   1.888700e+02 6.093280e+01 0.000000e+00
      vertex   1.880690e+02 6.093280e+01 0.000000e+00
      vertex   1.888700e+02 6.093280e+01 1.500000e+00
    endloop
  endfacet
  facet normal 0.000000e+00 1.000000e+00 0.000000e+00
    outer loop
      vertex   1.888700e+02 6.093280e+01 1.500000e+00
      vertex   1.880690e+02 6.093280e+01 0.000000e+00
      vertex   1.880690e+02 6.093280e+01 1.500000e+00
    endloop
  endfacet
  facet normal -1.000000e+00 0.000000e+00 0.000000e+00
    outer loop
      vertex   1.888700e+02 6.403340e+01 0.000000e+00
      vertex   1.888700e+02 6.093280e+01 0.000000e+00
      vertex   1.888700e+02 6.403340e+01 1.500000e+00
    endloop
  endfacet
  facet normal -1.000000e+00 -0.000000e+00 0.000000e+00
    outer loop
      vertex   1.888700e+02 6.403340e+01 1.500000e+00
      vertex   1.888700e+02 6.093280e+01 0.000000e+00
      vertex   1.888700e+02 6.093280e+01 1.500000e+00
    endloop
  endfacet
  facet normal 0.000000e+00 -1.000000e+00 0.000000e+00
    outer loop
      vertex   1.880690e+02 6.403340e+01 0.000000e+00
      vertex   1.888700e+02 6.403340e+01 0.000000e+00
      vertex   1.880690e+02 6.403340e+01 1.500000e+00
    endloop
  endfacet
  facet normal 0.000000e+00 -1.000000e+00 0.000000e+00
    outer loop
      vertex   1.880690e+02 6.403340e+01 1.500000e+00
      vertex   1.888700e+02 6.403340e+01 0.000000e+00
      vertex   1.888700e+02 6.403340e+01 1.500000e+00
    endloop
  endfacet
  facet normal -1.000000e+00 0.000000e+00 0.000000e+00
    outer loop
      vertex   1.880690e+02 6.983340e+01 0.000000e+00
      vertex   1.880690e+02 6.403340e+01 0.000000e+00
      vertex   1.880690e+02 6.983340e+01 1.500000e+00
    endloop
  endfacet
  facet normal -1.000000e+00 -0.000000e+00 0.000000e+00
    outer loop
      vertex   1.880690e+02 6.983340e+01 1.500000e+00
      vertex   1.880690e+02 6.403340e+01 0.000000e+00
      vertex   1.880690e+02 6.403340e+01 1.500000e+00
    endloop
  endfacet
  facet normal 0.000000e+00 1.000000e+00 -0.000000e+00
    outer loop
      vertex   1.888700e+02 6.983340e+01 0.000000e+00
      vertex   1.880690e+02 6.983340e+01 0.000000e+00
      vertex   1.888700e+02 6.983340e+01 1.500000e+00
    endloop
  endfacet
  facet normal 0.000000e+00 1.000000e+00 0.000000e+00
    outer loop
      vertex   1.888700e+02 6.983340e+01 1.500000e+00
      vertex   1.880690e+02 6.983340e+01 0.000000e+00
      vertex   1.880690e+02 6.983340e+01 1.500000e+00
    endloop
  endfacet
  facet normal -1.000000e+00 0.000000e+00 0.000000e+00
    outer loop
      vertex   1.888700e+02 7.293260e+01 0.000000e+00
      vertex   1.888700e+02 6.983340e+01 0.000000e+00
      vertex   1.888700e+02 7.293260e+01 1.500000e+00
    endloop
  endfacet
  facet normal -1.000000e+00 -0.000000e+00 0.000000e+00
    outer loop
      vertex   1.888700e+02 7.293260e+01 1.500000e+00
      vertex   1.888700e+02 6.983340e+01 0.000000e+00
      vertex   1.888700e+02 6.983340e+01 1.500000e+00
    endloop
  endfacet
  facet normal 0.000000e+00 -1.000000e+00 0.000000e+00
    outer loop
      vertex   1.880690e+02 7.293260e+01 0.000000e+00
      vertex   1.888700e+02 7.293260e+01 0.000000e+00
      vertex   1.880690e+02 7.293260e+01 1.500000e+00
    endloop
  endfacet
  facet normal 0.000000e+00 -1.000000e+00 0.000000e+00
    outer loop
      vertex   1.880690e+02 7.293260e+01 1.500000e+00
      vertex   1.888700e+02 7.293260e+01 0.000000e+00
      vertex   1.888700e+02 7.293260e+01 1.500000e+00
    endloop
  endfacet
  facet normal 1.000000e+00 0.000000e+00 0.000000e+00
    outer loop
      vertex   4.548220e+01 4.088380e+01 0.000000e+00
      vertex   4.548220e+01 4.188280e+01 0.000000e+00
      vertex   4.548220e+01 4.088380e+01 1.500000e+00
    endloop
  endfacet
  facet normal 1.000000e+00 -0.000000e+00 0.000000e+00
    outer loop
      vertex   4.548220e+01 4.088380e+01 1.500000e+00
      vertex   4.548220e+01 4.188280e+01 0.000000e+00
      vertex   4.548220e+01 4.188280e+01 1.500000e+00
    endloop
  endfacet
  facet normal 0.000000e+00 1.000000e+00 -0.000000e+00
    outer loop
      vertex   5.948150e+01 4.088380e+01 0.000000e+00
      vertex   4.548220e+01 4.088380e+01 0.000000e+00
      vertex   5.948150e+01 4.088380e+01 1.500000e+00
    endloop
  endfacet
  facet normal 0.000000e+00 1.000000e+00 0.000000e+00
    outer loop
      vertex   5.948150e+01 4.088380e+01 1.500000e+00
      vertex   4.548220e+01 4.088380e+01 0.000000e+00
      vertex   4.548220e+01 4.088380e+01 1.500000e+00
    endloop
  endfacet
  facet normal -1.000000e+00 0.000000e+00 0.000000e+00
    outer loop
      vertex   5.948150e+01 4.188280e+01 0.000000e+00
      vertex   5.948150e+01 4.088380e+01 0.000000e+00
      vertex   5.948150e+01 4.188280e+01 1.500000e+00
    endloop
  endfacet
  facet normal -1.000000e+00 -0.000000e+00 0.000000e+00
    outer loop
      vertex   5.948150e+01 4.188280e+01 1.500000e+00
      vertex   5.948150e+01 4.088380e+01 0.000000e+00
      vertex   5.948150e+01 4.088380e+01 1.500000e+00
    endloop
  endfacet
  facet normal 0.000000e+00 1.000000e+00 -0.000000e+00
    outer loop
      vertex   6.028090e+01 4.188280e+01 0.000000e+00
      vertex   5.948150e+01 4.188280e+01 0.000000e+00
      vertex   6.028090e+01 4.188280e+01 1.500000e+00
    endloop
  endfacet
  facet normal 0.000000e+00 1.000000e+00 0.000000e+00
    outer loop
      vertex   6.028090e+01 4.188280e+01 1.500000e+00
      vertex   5.948150e+01 4.188280e+01 0.000000e+00
      vertex   5.948150e+01 4.188280e+01 1.500000e+00
    endloop
  endfacet
  facet normal -1.000000e+00 0.000000e+00 0.000000e+00
    outer loop
      vertex   6.028090e+01 4.498340e+01 0.000000e+00
      vertex   6.028090e+01 4.188280e+01 0.000000e+00
      vertex   6.028090e+01 4.498340e+01 1.500000e+00
    endloop
  endfacet
  facet normal -1.000000e+00 -0.000000e+00 0.000000e+00
    outer loop
      vertex   6.028090e+01 4.498340e+01 1.500000e+00
      vertex   6.028090e+01 4.188280e+01 0.000000e+00
      vertex   6.028090e+01 4.188280e+01 1.500000e+00
    endloop
  endfacet
  facet normal 0.000000e+00 -1.000000e+00 0.000000e+00
    outer loop
      vertex   5.948150e+01 4.498340e+01 0.000000e+00
      vertex   6.028090e+01 4.498340e+01 0.000000e+00
      vertex   5.948150e+01 4.498340e+01 1.500000e+00
    endloop
  endfacet
  facet normal 0.000000e+00 -1.000000e+00 0.000000e+00
    outer loop
      vertex   5.948150e+01 4.498340e+01 1.500000e+00
      vertex   6.028090e+01 4.498340e+01 0.000000e+00
      vertex   6.028090e+01 4.498340e+01 1.500000e+00
    endloop
  endfacet
  facet normal -1.000000e+00 0.000000e+00 0.000000e+00
    outer loop
      vertex   5.948150e+01 5.078340e+01 0.000000e+00
      vertex   5.948150e+01 4.498340e+01 0.000000e+00
      vertex   5.948150e+01 5.078340e+01 1.500000e+00
    endloop
  endfacet
  facet normal -1.000000e+00 -0.000000e+00 0.000000e+00
    outer loop
      vertex   5.948150e+01 5.078340e+01 1.500000e+00
      vertex   5.948150e+01 4.498340e+01 0.000000e+00
      vertex   5.948150e+01 4.498340e+01 1.500000e+00
    endloop
  endfacet
  facet normal 0.000000e+00 1.000000e+00 -0.000000e+00
    outer loop
      vertex   6.028090e+01 5.078340e+01 0.000000e+00
      vertex   5.948150e+01 5.078340e+01 0.000000e+00
      vertex   6.028090e+01 5.078340e+01 1.500000e+00
    endloop
  endfacet
  facet normal 0.000000e+00 1.000000e+00 0.000000e+00
    outer loop
      vertex   6.028090e+01 5.078340e+01 1.500000e+00
      vertex   5.948150e+01 5.078340e+01 0.000000e+00
      vertex   5.948150e+01 5.078340e+01 1.500000e+00
    endloop
  endfacet
  facet normal -1.000000e+00 0.000000e+00 0.000000e+00
    outer loop
      vertex   6.028090e+01 5.388260e+01 0.000000e+00
      vertex   6.028090e+01 5.078340e+01 0.000000e+00
      vertex   6.028090e+01 5.388260e+01 1.500000e+00
    endloop
  endfacet
  facet normal -1.000000e+00 -0.000000e+00 0.000000e+00
    outer loop
      vertex   6.028090e+01 5.388260e+01 1.500000e+00
      vertex   6.028090e+01 5.078340e+01 0.000000e+00
      vertex   6.028090e+01 5.078340e+01 1.500000e+00
    endloop
  endfacet
  facet normal 0.000000e+00 -1.000000e+00 0.000000e+00
    outer loop
      vertex   5.948150e+01 5.388260e+01 0.000000e+00
      vertex   6.028090e+01 5.388260e+01 0.000000e+00
      vertex   5.948150e+01 5.388260e+01 1.500000e+00
    endloop
  endfacet
  facet normal 0.000000e+00 -1.000000e+00 0.000000e+00
    outer loop
      vertex   5.948150e+01 5.388260e+01 1.500000e+00
      vertex   6.028090e+01 5.388260e+01 0.000000e+00
      vertex   6.028090e+01 5.388260e+01 1.500000e+00
    endloop
  endfacet
  facet normal -1.000000e+00 0.000000e+00 0.000000e+00
    outer loop
      vertex   5.948150e+01 5.488310e+01 0.000000e+00
      vertex   5.948150e+01 5.388260e+01 0.000000e+00
      vertex   5.948150e+01 5.488310e+01 1.500000e+00
    endloop
  endfacet
  facet normal -1.000000e+00 -0.000000e+00 0.000000e+00
    outer loop
      vertex   5.948150e+01 5.488310e+01 1.500000e+00
      vertex   5.948150e+01 5.388260e+01 0.000000e+00
      vertex   5.948150e+01 5.388260e+01 1.500000e+00
    endloop
  endfacet
  facet normal 0.000000e+00 -1.000000e+00 0.000000e+00
    outer loop
      vertex   4.548220e+01 5.488310e+01 0.000000e+00
      vertex   5.948150e+01 5.488310e+01 0.000000e+00
      vertex   4.548220e+01 5.488310e+01 1.500000e+00
    endloop
  endfacet
  facet normal 0.000000e+00 -1.000000e+00 0.000000e+00
    outer loop
      vertex   4.548220e+01 5.488310e+01 1.500000e+00
      vertex   5.948150e+01 5.488310e+01 0.000000e+00
      vertex   5.948150e+01 5.488310e+01 1.500000e+00
    endloop
  endfacet
  facet normal 1.000000e+00 0.000000e+00 0.000000e+00
    outer loop
      vertex   4.548220e+01 5.388260e+01 0.000000e+00
      vertex   4.548220e+01 5.488310e+01 0.000000e+00
      vertex   4.548220e+01 5.388260e+01 1.500000e+00
    endloop
  endfacet
  facet normal 1.000000e+00 -0.000000e+00 0.000000e+00
    outer loop
      vertex   4.548220e+01 5.388260e+01 1.500000e+00
      vertex   4.548220e+01 5.488310e+01 0.000000e+00
      vertex   4.548220e+01 5.488310e+01 1.500000e+00
    endloop
  endfacet
  facet normal 0.000000e+00 -1.000000e+00 0.000000e+00
    outer loop
      vertex   4.468140e+01 5.388260e+01 0.000000e+00
      vertex   4.548220e+01 5.388260e+01 0.000000e+00
      vertex   4.468140e+01 5.388260e+01 1.500000e+00
    endloop
  endfacet
  facet normal 0.000000e+00 -1.000000e+00 0.000000e+00
    outer loop
      vertex   4.468140e+01 5.388260e+01 1.500000e+00
      vertex   4.548220e+01 5.388260e+01 0.000000e+00
      vertex   4.548220e+01 5.388260e+01 1.500000e+00
    endloop
  endfacet
  facet normal 1.000000e+00 0.000000e+00 0.000000e+00
    outer loop
      vertex   4.468140e+01 5.078340e+01 0.000000e+00
      vertex   4.468140e+01 5.388260e+01 0.000000e+00
      vertex   4.468140e+01 5.078340e+01 1.500000e+00
    endloop
  endfacet
  facet normal 1.000000e+00 -0.000000e+00 0.000000e+00
    outer loop
      vertex   4.468140e+01 5.078340e+01 1.500000e+00
      vertex   4.468140e+01 5.388260e+01 0.000000e+00
      vertex   4.468140e+01 5.388260e+01 1.500000e+00
    endloop
  endfacet
  facet normal 0.000000e+00 1.000000e+00 -0.000000e+00
    outer loop
      vertex   4.548220e+01 5.078340e+01 0.000000e+00
      vertex   4.468140e+01 5.078340e+01 0.000000e+00
      vertex   4.548220e+01 5.078340e+01 1.500000e+00
    endloop
  endfacet
  facet normal 0.000000e+00 1.000000e+00 0.000000e+00
    outer loop
      vertex   4.548220e+01 5.078340e+01 1.500000e+00
      vertex   4.468140e+01 5.078340e+01 0.000000e+00
      vertex   4.468140e+01 5.078340e+01 1.500000e+00
    endloop
  endfacet
  facet normal 1.000000e+00 0.000000e+00 0.000000e+00
    outer loop
      vertex   4.548220e+01 4.498340e+01 0.000000e+00
      vertex   4.548220e+01 5.078340e+01 0.000000e+00
      vertex   4.548220e+01 4.498340e+01 1.500000e+00
    endloop
  endfacet
  facet normal 1.000000e+00 -0.000000e+00 0.000000e+00
    outer loop
      vertex   4.548220e+01 4.498340e+01 1.500000e+00
      vertex   4.548220e+01 5.078340e+01 0.000000e+00
      vertex   4.548220e+01 5.078340e+01 1.500000e+00
    endloop
  endfacet
  facet normal 0.000000e+00 -1.000000e+00 0.000000e+00
    outer loop
      vertex   4.468140e+01 4.498340e+01 0.000000e+00
      vertex   4.548220e+01 4.498340e+01 0.000000e+00
      vertex   4.468140e+01 4.498340e+01 1.500000e+00
    endloop
  endfacet
  facet normal 0.000000e+00 -1.000000e+00 0.000000e+00
    outer loop
      vertex   4.468140e+01 4.498340e+01 1.500000e+00
      vertex   4.548220e+01 4.498340e+01 0.000000e+00
      vertex   4.548220e+01 4.498340e+01 1.500000e+00
    endloop
  endfacet
  facet normal 1.000000e+00 0.000000e+00 0.000000e+00
    outer loop
      vertex   4.468140e+01 4.188280e+01 0.000000e+00
      vertex   4.468140e+01 4.498340e+01 0.000000e+00
      vertex   4.468140e+01 4.188280e+01 1.500000e+00
    endloop
  endfacet
  facet normal 1.000000e+00 -0.000000e+00 0.000000e+00
    outer loop
      vertex   4.468140e+01 4.188280e+01 1.500000e+00
      vertex   4.468140e+01 4.498340e+01 0.000000e+00
      vertex   4.468140e+01 4.498340e+01 1.500000e+00
    endloop
  endfacet
  facet normal 0.000000e+00 1.000000e+00 -0.000000e+00
    outer loop
      vertex   4.548220e+01 4.188280e+01 0.000000e+00
      vertex   4.468140e+01 4.188280e+01 0.000000e+00
      vertex   4.548220e+01 4.188280e+01 1.500000e+00
    endloop
  endfacet
  facet normal 0.000000e+00 1.000000e+00 0.000000e+00
    outer loop
      vertex   4.548220e+01 4.188280e+01 1.500000e+00
      vertex   4.468140e+01 4.188280e+01 0.000000e+00
      vertex   4.468140e+01 4.188280e+01 1.500000e+00
    endloop
  endfacet
  facet normal 0.000000e+00 1.000000e+00 -0.000000e+00
    outer loop
      vertex   4.123090e+01 5.078340e+01 0.000000e+00
      vertex   4.043150e+01 5.078340e+01 0.000000e+00
      vertex   4.123090e+01 5.078340e+01 1.500000e+00
    endloop
  endfacet
  facet normal 0.000000e+00 1.000000e+00 0.000000e+00
    outer loop
      vertex   4.123090e+01 5.078340e+01 1.500000e+00
      vertex   4.043150e+01 5.078340e+01 0.000000e+00
      vertex   4.043150e+01 5.078340e+01 1.500000e+00
    endloop
  endfacet
  facet normal -1.000000e+00 0.000000e+00 0.000000e+00
    outer loop
      vertex   4.123090e+01 5.388260e+01 0.000000e+00
      vertex   4.123090e+01 5.078340e+01 0.000000e+00
      vertex   4.123090e+01 5.388260e+01 1.500000e+00
    endloop
  endfacet
  facet normal -1.000000e+00 -0.000000e+00 0.000000e+00
    outer loop
      vertex   4.123090e+01 5.388260e+01 1.500000e+00
      vertex   4.123090e+01 5.078340e+01 0.000000e+00
      vertex   4.123090e+01 5.078340e+01 1.500000e+00
    endloop
  endfacet
  facet normal 0.000000e+00 -1.000000e+00 0.000000e+00
    outer loop
      vertex   4.043150e+01 5.388260e+01 0.000000e+00
      vertex   4.123090e+01 5.388260e+01 0.000000e+00
      vertex   4.043150e+01 5.388260e+01 1.500000e+00
    endloop
  endfacet
  facet normal 0.000000e+00 -1.000000e+00 0.000000e+00
    outer loop
      vertex   4.043150e+01 5.388260e+01 1.500000e+00
      vertex   4.123090e+01 5.388260e+01 0.000000e+00
      vertex   4.123090e+01 5.388260e+01 1.500000e+00
    endloop
  endfacet
  facet normal -1.000000e+00 0.000000e+00 0.000000e+00
    outer loop
      vertex   4.043150e+01 5.488310e+01 0.000000e+00
      vertex   4.043150e+01 5.388260e+01 0.000000e+00
      vertex   4.043150e+01 5.488310e+01 1.500000e+00
    endloop
  endfacet
  facet normal -1.000000e+00 -0.000000e+00 0.000000e+00
    outer loop
      vertex   4.043150e+01 5.488310e+01 1.500000e+00
      vertex   4.043150e+01 5.388260e+01 0.000000e+00
      vertex   4.043150e+01 5.388260e+01 1.500000e+00
    endloop
  endfacet
  facet normal 0.000000e+00 -1.000000e+00 0.000000e+00
    outer loop
      vertex   2.643220e+01 5.488310e+01 0.000000e+00
      vertex   4.043150e+01 5.488310e+01 0.000000e+00
      vertex   2.643220e+01 5.488310e+01 1.500000e+00
    endloop
  endfacet
  facet normal 0.000000e+00 -1.000000e+00 0.000000e+00
    outer loop
      vertex   2.643220e+01 5.488310e+01 1.500000e+00
      vertex   4.043150e+01 5.488310e+01 0.000000e+00
      vertex   4.043150e+01 5.488310e+01 1.500000e+00
    endloop
  endfacet
  facet normal 1.000000e+00 0.000000e+00 0.000000e+00
    outer loop
      vertex   2.643220e+01 5.388260e+01 0.000000e+00
      vertex   2.643220e+01 5.488310e+01 0.000000e+00
      vertex   2.643220e+01 5.388260e+01 1.500000e+00
    endloop
  endfacet
  facet normal 1.000000e+00 -0.000000e+00 0.000000e+00
    outer loop
      vertex   2.643220e+01 5.388260e+01 1.500000e+00
      vertex   2.643220e+01 5.488310e+01 0.000000e+00
      vertex   2.643220e+01 5.488310e+01 1.500000e+00
    endloop
  endfacet
  facet normal 0.000000e+00 -1.000000e+00 0.000000e+00
    outer loop
      vertex   2.563150e+01 5.388260e+01 0.000000e+00
      vertex   2.643220e+01 5.388260e+01 0.000000e+00
      vertex   2.563150e+01 5.388260e+01 1.500000e+00
    endloop
  endfacet
  facet normal 0.000000e+00 -1.000000e+00 0.000000e+00
    outer loop
      vertex   2.563150e+01 5.388260e+01 1.500000e+00
      vertex   2.643220e+01 5.388260e+01 0.000000e+00
      vertex   2.643220e+01 5.388260e+01 1.500000e+00
    endloop
  endfacet
  facet normal 1.000000e+00 0.000000e+00 0.000000e+00
    outer loop
      vertex   2.563150e+01 5.078340e+01 0.000000e+00
      vertex   2.563150e+01 5.388260e+01 0.000000e+00
      vertex   2.563150e+01 5.078340e+01 1.500000e+00
    endloop
  endfacet
  facet normal 1.000000e+00 -0.000000e+00 0.000000e+00
    outer loop
      vertex   2.563150e+01 5.078340e+01 1.500000e+00
      vertex   2.563150e+01 5.388260e+01 0.000000e+00
      vertex   2.563150e+01 5.388260e+01 1.500000e+00
    endloop
  endfacet
  facet normal 0.000000e+00 1.000000e+00 -0.000000e+00
    outer loop
      vertex   2.643220e+01 5.078340e+01 0.000000e+00
      vertex   2.563150e+01 5.078340e+01 0.000000e+00
      vertex   2.643220e+01 5.078340e+01 1.500000e+00
    endloop
  endfacet
  facet normal 0.000000e+00 1.000000e+00 0.000000e+00
    outer loop
      vertex   2.643220e+01 5.078340e+01 1.500000e+00
      vertex   2.563150e+01 5.078340e+01 0.000000e+00
      vertex   2.563150e+01 5.078340e+01 1.500000e+00
    endloop
  endfacet
  facet normal 1.000000e+00 0.000000e+00 0.000000e+00
    outer loop
      vertex   2.643220e+01 4.498340e+01 0.000000e+00
      vertex   2.643220e+01 5.078340e+01 0.000000e+00
      vertex   2.643220e+01 4.498340e+01 1.500000e+00
    endloop
  endfacet
  facet normal 1.000000e+00 -0.000000e+00 0.000000e+00
    outer loop
      vertex   2.643220e+01 4.498340e+01 1.500000e+00
      vertex   2.643220e+01 5.078340e+01 0.000000e+00
      vertex   2.643220e+01 5.078340e+01 1.500000e+00
    endloop
  endfacet
  facet normal 0.000000e+00 -1.000000e+00 0.000000e+00
    outer loop
      vertex   2.563150e+01 4.498340e+01 0.000000e+00
      vertex   2.643220e+01 4.498340e+01 0.000000e+00
      vertex   2.563150e+01 4.498340e+01 1.500000e+00
    endloop
  endfacet
  facet normal 0.000000e+00 -1.000000e+00 0.000000e+00
    outer loop
      vertex   2.563150e+01 4.498340e+01 1.500000e+00
      vertex   2.643220e+01 4.498340e+01 0.000000e+00
      vertex   2.643220e+01 4.498340e+01 1.500000e+00
    endloop
  endfacet
  facet normal 1.000000e+00 0.000000e+00 0.000000e+00
    outer loop
      vertex   2.563150e+01 4.188280e+01 0.000000e+00
      vertex   2.563150e+01 4.498340e+01 0.000000e+00
      vertex   2.563150e+01 4.188280e+01 1.500000e+00
    endloop
  endfacet
  facet normal 1.000000e+00 -0.000000e+00 0.000000e+00
    outer loop
      vertex   2.563150e+01 4.188280e+01 1.500000e+00
      vertex   2.563150e+01 4.498340e+01 0.000000e+00
      vertex   2.563150e+01 4.498340e+01 1.500000e+00
    endloop
  endfacet
  facet normal 0.000000e+00 1.000000e+00 -0.000000e+00
    outer loop
      vertex   2.643220e+01 4.188280e+01 0.000000e+00
      vertex   2.563150e+01 4.188280e+01 0.000000e+00
      vertex   2.643220e+01 4.188280e+01 1.500000e+00
    endloop
  endfacet
  facet normal 0.000000e+00 1.000000e+00 0.000000e+00
    outer loop
      vertex   2.643220e+01 4.188280e+01 1.500000e+00
      vertex   2.563150e+01 4.188280e+01 0.000000e+00
      vertex   2.563150e+01 4.188280e+01 1.500000e+00
    endloop
  endfacet
  facet normal 1.000000e+00 0.000000e+00 0.000000e+00
    outer loop
      vertex   2.643220e+01 4.088380e+01 0.000000e+00
      vertex   2.643220e+01 4.188280e+01 0.000000e+00
      vertex   2.643220e+01 4.088380e+01 1.500000e+00
    endloop
  endfacet
  facet normal 1.000000e+00 -0.000000e+00 0.000000e+00
    outer loop
      vertex   2.643220e+01 4.088380e+01 1.500000e+00
      vertex   2.643220e+01 4.188280e+01 0.000000e+00
      vertex   2.643220e+01 4.188280e+01 1.500000e+00
    endloop
  endfacet
  facet normal 0.000000e+00 1.000000e+00 -0.000000e+00
    outer loop
      vertex   4.043150e+01 4.088380e+01 0.000000e+00
      vertex   2.643220e+01 4.088380e+01 0.000000e+00
      vertex   4.043150e+01 4.088380e+01 1.500000e+00
    endloop
  endfacet
  facet normal 0.000000e+00 1.000000e+00 0.000000e+00
    outer loop
      vertex   4.043150e+01 4.088380e+01 1.500000e+00
      vertex   2.643220e+01 4.088380e+01 0.000000e+00
      vertex   2.643220e+01 4.088380e+01 1.500000e+00
    endloop
  endfacet
  facet normal -1.000000e+00 0.000000e+00 0.000000e+00
    outer loop
      vertex   4.043150e+01 4.188280e+01 0.000000e+00
      vertex   4.043150e+01 4.088380e+01 0.000000e+00
      vertex   4.043150e+01 4.188280e+01 1.500000e+00
    endloop
  endfacet
  facet normal -1.000000e+00 -0.000000e+00 0.000000e+00
    outer loop
      vertex   4.043150e+01 4.188280e+01 1.500000e+00
      vertex   4.043150e+01 4.088380e+01 0.000000e+00
      vertex   4.043150e+01 4.088380e+01 1.500000e+00
    endloop
  endfacet
  facet normal 0.000000e+00 1.000000e+00 -0.000000e+00
    outer loop
      vertex   4.123090e+01 4.188280e+01 0.000000e+00
      vertex   4.043150e+01 4.188280e+01 0.000000e+00
      vertex   4.123090e+01 4.188280e+01 1.500000e+00
    endloop
  endfacet
  facet normal 0.000000e+00 1.000000e+00 0.000000e+00
    outer loop
      vertex   4.123090e+01 4.188280e+01 1.500000e+00
      vertex   4.043150e+01 4.188280e+01 0.000000e+00
      vertex   4.043150e+01 4.188280e+01 1.500000e+00
    endloop
  endfacet
  facet normal -1.000000e+00 0.000000e+00 0.000000e+00
    outer loop
      vertex   4.123090e+01 4.498340e+01 0.000000e+00
      vertex   4.123090e+01 4.188280e+01 0.000000e+00
      vertex   4.123090e+01 4.498340e+01 1.500000e+00
    endloop
  endfacet
  facet normal -1.000000e+00 -0.000000e+00 0.000000e+00
    outer loop
      vertex   4.123090e+01 4.498340e+01 1.500000e+00
      vertex   4.123090e+01 4.188280e+01 0.000000e+00
      vertex   4.123090e+01 4.188280e+01 1.500000e+00
    endloop
  endfacet
  facet normal 0.000000e+00 -1.000000e+00 0.000000e+00
    outer loop
      vertex   4.043150e+01 4.498340e+01 0.000000e+00
      vertex   4.123090e+01 4.498340e+01 0.000000e+00
      vertex   4.043150e+01 4.498340e+01 1.500000e+00
    endloop
  endfacet
  facet normal 0.000000e+00 -1.000000e+00 0.000000e+00
    outer loop
      vertex   4.043150e+01 4.498340e+01 1.500000e+00
      vertex   4.123090e+01 4.498340e+01 0.000000e+00
      vertex   4.123090e+01 4.498340e+01 1.500000e+00
    endloop
  endfacet
  facet normal -1.000000e+00 0.000000e+00 0.000000e+00
    outer loop
      vertex   4.043150e+01 5.078340e+01 0.000000e+00
      vertex   4.043150e+01 4.498340e+01 0.000000e+00
      vertex   4.043150e+01 5.078340e+01 1.500000e+00
    endloop
  endfacet
  facet normal -1.000000e+00 -0.000000e+00 0.000000e+00
    outer loop
      vertex   4.043150e+01 5.078340e+01 1.500000e+00
      vertex   4.043150e+01 4.498340e+01 0.000000e+00
      vertex   4.043150e+01 4.498340e+01 1.500000e+00
    endloop
  endfacet
  facet normal 1.000000e+00 0.000000e+00 0.000000e+00
    outer loop
      vertex   7.382160e+00 4.498340e+01 0.000000e+00
      vertex   7.382160e+00 5.078340e+01 0.000000e+00
      vertex   7.382160e+00 4.498340e+01 1.500000e+00
    endloop
  endfacet
  facet normal 1.000000e+00 -0.000000e+00 0.000000e+00
    outer loop
      vertex   7.382160e+00 4.498340e+01 1.500000e+00
      vertex   7.382160e+00 5.078340e+01 0.000000e+00
      vertex   7.382160e+00 5.078340e+01 1.500000e+00
    endloop
  endfacet
  facet normal 0.000000e+00 -1.000000e+00 0.000000e+00
    outer loop
      vertex   6.581530e+00 4.498340e+01 0.000000e+00
      vertex   7.382160e+00 4.498340e+01 0.000000e+00
      vertex   6.581530e+00 4.498340e+01 1.500000e+00
    endloop
  endfacet
  facet normal 0.000000e+00 -1.000000e+00 0.000000e+00
    outer loop
      vertex   6.581530e+00 4.498340e+01 1.500000e+00
      vertex   7.382160e+00 4.498340e+01 0.000000e+00
      vertex   7.382160e+00 4.498340e+01 1.500000e+00
    endloop
  endfacet
  facet normal 1.000000e+00 0.000000e+00 0.000000e+00
    outer loop
      vertex   6.581530e+00 4.188280e+01 0.000000e+00
      vertex   6.581530e+00 4.498340e+01 0.000000e+00
      vertex   6.581530e+00 4.188280e+01 1.500000e+00
    endloop
  endfacet
  facet normal 1.000000e+00 -0.000000e+00 0.000000e+00
    outer loop
      vertex   6.581530e+00 4.188280e+01 1.500000e+00
      vertex   6.581530e+00 4.498340e+01 0.000000e+00
      vertex   6.581530e+00 4.498340e+01 1.500000e+00
    endloop
  endfacet
  facet normal 0.000000e+00 1.000000e+00 -0.000000e+00
    outer loop
      vertex   7.382160e+00 4.188280e+01 0.000000e+00
      vertex   6.581530e+00 4.188280e+01 0.000000e+00
      vertex   7.382160e+00 4.188280e+01 1.500000e+00
    endloop
  endfacet
  facet normal 0.000000e+00 1.000000e+00 0.000000e+00
    outer loop
      vertex   7.382160e+00 4.188280e+01 1.500000e+00
      vertex   6.581530e+00 4.188280e+01 0.000000e+00
      vertex   6.581530e+00 4.188280e+01 1.500000e+00
    endloop
  endfacet
  facet normal 1.000000e+00 0.000000e+00 0.000000e+00
    outer loop
      vertex   7.382160e+00 4.088380e+01 0.000000e+00
      vertex   7.382160e+00 4.188280e+01 0.000000e+00
      vertex   7.382160e+00 4.088380e+01 1.500000e+00
    endloop
  endfacet
  facet normal 1.000000e+00 -0.000000e+00 0.000000e+00
    outer loop
      vertex   7.382160e+00 4.088380e+01 1.500000e+00
      vertex   7.382160e+00 4.188280e+01 0.000000e+00
      vertex   7.382160e+00 4.188280e+01 1.500000e+00
    endloop
  endfacet
  facet normal 0.000000e+00 1.000000e+00 -0.000000e+00
    outer loop
      vertex   2.138170e+01 4.088380e+01 0.000000e+00
      vertex   7.382160e+00 4.088380e+01 0.000000e+00
      vertex   2.138170e+01 4.088380e+01 1.500000e+00
    endloop
  endfacet
  facet normal 0.000000e+00 1.000000e+00 0.000000e+00
    outer loop
      vertex   2.138170e+01 4.088380e+01 1.500000e+00
      vertex   7.382160e+00 4.088380e+01 0.000000e+00
      vertex   7.382160e+00 4.088380e+01 1.500000e+00
    endloop
  endfacet
  facet normal -1.000000e+00 0.000000e+00 0.000000e+00
    outer loop
      vertex   2.138170e+01 4.188280e+01 0.000000e+00
      vertex   2.138170e+01 4.088380e+01 0.000000e+00
      vertex   2.138170e+01 4.188280e+01 1.500000e+00
    endloop
  endfacet
  facet normal -1.000000e+00 -0.000000e+00 0.000000e+00
    outer loop
      vertex   2.138170e+01 4.188280e+01 1.500000e+00
      vertex   2.138170e+01 4.088380e+01 0.000000e+00
      vertex   2.138170e+01 4.088380e+01 1.500000e+00
    endloop
  endfacet
  facet normal 0.000000e+00 1.000000e+00 -0.000000e+00
    outer loop
      vertex   2.218090e+01 4.188280e+01 0.000000e+00
      vertex   2.138170e+01 4.188280e+01 0.000000e+00
      vertex   2.218090e+01 4.188280e+01 1.500000e+00
    endloop
  endfacet
  facet normal 0.000000e+00 1.000000e+00 0.000000e+00
    outer loop
      vertex   2.218090e+01 4.188280e+01 1.500000e+00
      vertex   2.138170e+01 4.188280e+01 0.000000e+00
      vertex   2.138170e+01 4.188280e+01 1.500000e+00
    endloop
  endfacet
  facet normal -1.000000e+00 0.000000e+00 0.000000e+00
    outer loop
      vertex   2.218090e+01 4.498340e+01 0.000000e+00
      vertex   2.218090e+01 4.188280e+01 0.000000e+00
      vertex   2.218090e+01 4.498340e+01 1.500000e+00
    endloop
  endfacet
  facet normal -1.000000e+00 -0.000000e+00 0.000000e+00
    outer loop
      vertex   2.218090e+01 4.498340e+01 1.500000e+00
      vertex   2.218090e+01 4.188280e+01 0.000000e+00
      vertex   2.218090e+01 4.188280e+01 1.500000e+00
    endloop
  endfacet
  facet normal 0.000000e+00 -1.000000e+00 0.000000e+00
    outer loop
      vertex   2.138170e+01 4.498340e+01 0.000000e+00
      vertex   2.218090e+01 4.498340e+01 0.000000e+00
      vertex   2.138170e+01 4.498340e+01 1.500000e+00
    endloop
  endfacet
  facet normal 0.000000e+00 -1.000000e+00 0.000000e+00
    outer loop
      vertex   2.138170e+01 4.498340e+01 1.500000e+00
      vertex   2.218090e+01 4.498340e+01 0.000000e+00
      vertex   2.218090e+01 4.498340e+01 1.500000e+00
    endloop
  endfacet
  facet normal -1.000000e+00 0.000000e+00 0.000000e+00
    outer loop
      vertex   2.138170e+01 5.078340e+01 0.000000e+00
      vertex   2.138170e+01 4.498340e+01 0.000000e+00
      vertex   2.138170e+01 5.078340e+01 1.500000e+00
    endloop
  endfacet
  facet normal -1.000000e+00 -0.000000e+00 0.000000e+00
    outer loop
      vertex   2.138170e+01 5.078340e+01 1.500000e+00
      vertex   2.138170e+01 4.498340e+01 0.000000e+00
      vertex   2.138170e+01 4.498340e+01 1.500000e+00
    endloop
  endfacet
  facet normal 0.000000e+00 1.000000e+00 -0.000000e+00
    outer loop
      vertex   2.218090e+01 5.078340e+01 0.000000e+00
      vertex   2.138170e+01 5.078340e+01 0.000000e+00
      vertex   2.218090e+01 5.078340e+01 1.500000e+00
    endloop
  endfacet
  facet normal 0.000000e+00 1.000000e+00 0.000000e+00
    outer loop
      vertex   2.218090e+01 5.078340e+01 1.500000e+00
      vertex   2.138170e+01 5.078340e+01 0.000000e+00
      vertex   2.138170e+01 5.078340e+01 1.500000e+00
    endloop
  endfacet
  facet normal -1.000000e+00 0.000000e+00 0.000000e+00
    outer loop
      vertex   2.218090e+01 5.388260e+01 0.000000e+00
      vertex   2.218090e+01 5.078340e+01 0.000000e+00
      vertex   2.218090e+01 5.388260e+01 1.500000e+00
    endloop
  endfacet
  facet normal -1.000000e+00 -0.000000e+00 0.000000e+00
    outer loop
      vertex   2.218090e+01 5.388260e+01 1.500000e+00
      vertex   2.218090e+01 5.078340e+01 0.000000e+00
      vertex   2.218090e+01 5.078340e+01 1.500000e+00
    endloop
  endfacet
  facet normal 0.000000e+00 -1.000000e+00 0.000000e+00
    outer loop
      vertex   2.138170e+01 5.388260e+01 0.000000e+00
      vertex   2.218090e+01 5.388260e+01 0.000000e+00
      vertex   2.138170e+01 5.388260e+01 1.500000e+00
    endloop
  endfacet
  facet normal 0.000000e+00 -1.000000e+00 0.000000e+00
    outer loop
      vertex   2.138170e+01 5.388260e+01 1.500000e+00
      vertex   2.218090e+01 5.388260e+01 0.000000e+00
      vertex   2.218090e+01 5.388260e+01 1.500000e+00
    endloop
  endfacet
  facet normal -1.000000e+00 0.000000e+00 0.000000e+00
    outer loop
      vertex   2.138170e+01 5.488310e+01 0.000000e+00
      vertex   2.138170e+01 5.388260e+01 0.000000e+00
      vertex   2.138170e+01 5.488310e+01 1.500000e+00
    endloop
  endfacet
  facet normal -1.000000e+00 -0.000000e+00 0.000000e+00
    outer loop
      vertex   2.138170e+01 5.488310e+01 1.500000e+00
      vertex   2.138170e+01 5.388260e+01 0.000000e+00
      vertex   2.138170e+01 5.388260e+01 1.500000e+00
    endloop
  endfacet
  facet normal 0.000000e+00 -1.000000e+00 0.000000e+00
    outer loop
      vertex   7.382160e+00 5.488310e+01 0.000000e+00
      vertex   2.138170e+01 5.488310e+01 0.000000e+00
      vertex   7.382160e+00 5.488310e+01 1.500000e+00
    endloop
  endfacet
  facet normal 0.000000e+00 -1.000000e+00 0.000000e+00
    outer loop
      vertex   7.382160e+00 5.488310e+01 1.500000e+00
      vertex   2.138170e+01 5.488310e+01 0.000000e+00
      vertex   2.138170e+01 5.488310e+01 1.500000e+00
    endloop
  endfacet
  facet normal 1.000000e+00 8.877346e-16 -0.000000e+00
    outer loop
      vertex   7.382160e+00 5.388260e+01 0.000000e+00
      vertex   7.382160e+00 5.488310e+01 0.000000e+00
      vertex   7.382160e+00 5.388260e+01 1.500000e+00
    endloop
  endfacet
  facet normal 1.000000e+00 8.877346e-16 0.000000e+00
    outer loop
      vertex   7.382160e+00 5.388260e+01 1.500000e+00
      vertex   7.382160e+00 5.488310e+01 0.000000e+00
      vertex   7.382160e+00 5.488310e+01 1.500000e+00
    endloop
  endfacet
  facet normal 0.000000e+00 -1.000000e+00 0.000000e+00
    outer loop
      vertex   6.581530e+00 5.388260e+01 0.000000e+00
      vertex   7.382160e+00 5.388260e+01 0.000000e+00
      vertex   6.581530e+00 5.388260e+01 1.500000e+00
    endloop
  endfacet
  facet normal 0.000000e+00 -1.000000e+00 0.000000e+00
    outer loop
      vertex   6.581530e+00 5.388260e+01 1.500000e+00
      vertex   7.382160e+00 5.388260e+01 0.000000e+00
      vertex   7.382160e+00 5.388260e+01 1.500000e+00
    endloop
  endfacet
  facet normal 1.000000e+00 0.000000e+00 0.000000e+00
    outer loop
      vertex   6.581530e+00 5.078340e+01 0.000000e+00
      vertex   6.581530e+00 5.388260e+01 0.000000e+00
      vertex   6.581530e+00 5.078340e+01 1.500000e+00
    endloop
  endfacet
  facet normal 1.000000e+00 -0.000000e+00 0.000000e+00
    outer loop
      vertex   6.581530e+00 5.078340e+01 1.500000e+00
      vertex   6.581530e+00 5.388260e+01 0.000000e+00
      vertex   6.581530e+00 5.388260e+01 1.500000e+00
    endloop
  endfacet
  facet normal 0.000000e+00 1.000000e+00 -0.000000e+00
    outer loop
      vertex   7.382160e+00 5.078340e+01 0.000000e+00
      vertex   6.581530e+00 5.078340e+01 0.000000e+00
      vertex   7.382160e+00 5.078340e+01 1.500000e+00
    endloop
  endfacet
  facet normal 0.000000e+00 1.000000e+00 0.000000e+00
    outer loop
      vertex   7.382160e+00 5.078340e+01 1.500000e+00
      vertex   6.581530e+00 5.078340e+01 0.000000e+00
      vertex   6.581530e+00 5.078340e+01 1.500000e+00
    endloop
  endfacet
  facet normal 0.000000e+00 -1.000000e+00 0.000000e+00
    outer loop
      vertex   1.018310e+02 4.498340e+01 0.000000e+00
      vertex   1.026320e+02 4.498340e+01 0.000000e+00
      vertex   1.018310e+02 4.498340e+01 1.500000e+00
    endloop
  endfacet
  facet normal 0.000000e+00 -1.000000e+00 0.000000e+00
    outer loop
      vertex   1.018310e+02 4.498340e+01 1.500000e+00
      vertex   1.026320e+02 4.498340e+01 0.000000e+00
      vertex   1.026320e+02 4.498340e+01 1.500000e+00
    endloop
  endfacet
  facet normal 1.000000e+00 0.000000e+00 -9.473903e-15
    outer loop
      vertex   1.018310e+02 4.188280e+01 0.000000e+00
      vertex   1.018310e+02 4.498340e+01 0.000000e+00
      vertex   1.018310e+02 4.188280e+01 1.500000e+00
    endloop
  endfacet
  facet normal 1.000000e+00 0.000000e+00 -9.473903e-15
    outer loop
      vertex   1.018310e+02 4.188280e+01 1.500000e+00
      vertex   1.018310e+02 4.498340e+01 0.000000e+00
      vertex   1.018310e+02 4.498340e+01 1.500000e+00
    endloop
  endfacet
  facet normal 0.000000e+00 1.000000e+00 -0.000000e+00
    outer loop
      vertex   1.026320e+02 4.188280e+01 0.000000e+00
      vertex   1.018310e+02 4.188280e+01 0.000000e+00
      vertex   1.026320e+02 4.188280e+01 1.500000e+00
    endloop
  endfacet
  facet normal 0.000000e+00 1.000000e+00 0.000000e+00
    outer loop
      vertex   1.026320e+02 4.188280e+01 1.500000e+00
      vertex   1.018310e+02 4.188280e+01 0.000000e+00
      vertex   1.018310e+02 4.188280e+01 1.500000e+00
    endloop
  endfacet
  facet normal 1.000000e+00 0.000000e+00 0.000000e+00
    outer loop
      vertex   1.026320e+02 4.088380e+01 0.000000e+00
      vertex   1.026320e+02 4.188280e+01 0.000000e+00
      vertex   1.026320e+02 4.088380e+01 1.500000e+00
    endloop
  endfacet
  facet normal 1.000000e+00 -0.000000e+00 0.000000e+00
    outer loop
      vertex   1.026320e+02 4.088380e+01 1.500000e+00
      vertex   1.026320e+02 4.188280e+01 0.000000e+00
      vertex   1.026320e+02 4.188280e+01 1.500000e+00
    endloop
  endfacet
  facet normal 0.000000e+00 1.000000e+00 -0.000000e+00
    outer loop
      vertex   1.166320e+02 4.088380e+01 0.000000e+00
      vertex   1.026320e+02 4.088380e+01 0.000000e+00
      vertex   1.166320e+02 4.088380e+01 1.500000e+00
    endloop
  endfacet
  facet normal 0.000000e+00 1.000000e+00 0.000000e+00
    outer loop
      vertex   1.166320e+02 4.088380e+01 1.500000e+00
      vertex   1.026320e+02 4.088380e+01 0.000000e+00
      vertex   1.026320e+02 4.088380e+01 1.500000e+00
    endloop
  endfacet
  facet normal -1.000000e+00 0.000000e+00 9.473903e-15
    outer loop
      vertex   1.166320e+02 4.188280e+01 0.000000e+00
      vertex   1.166320e+02 4.088380e+01 0.000000e+00
      vertex   1.166320e+02 4.188280e+01 1.500000e+00
    endloop
  endfacet
  facet normal -1.000000e+00 0.000000e+00 9.473903e-15
    outer loop
      vertex   1.166320e+02 4.188280e+01 1.500000e+00
      vertex   1.166320e+02 4.088380e+01 0.000000e+00
      vertex   1.166320e+02 4.088380e+01 1.500000e+00
    endloop
  endfacet
  facet normal 0.000000e+00 1.000000e+00 -0.000000e+00
    outer loop
      vertex   1.174310e+02 4.188280e+01 0.000000e+00
      vertex   1.166320e+02 4.188280e+01 0.000000e+00
      vertex   1.174310e+02 4.188280e+01 1.500000e+00
    endloop
  endfacet
  facet normal 0.000000e+00 1.000000e+00 0.000000e+00
    outer loop
      vertex   1.174310e+02 4.188280e+01 1.500000e+00
      vertex   1.166320e+02 4.188280e+01 0.000000e+00
      vertex   1.166320e+02 4.188280e+01 1.500000e+00
    endloop
  endfacet
  facet normal -1.000000e+00 0.000000e+00 9.473903e-15
    outer loop
      vertex   1.174310e+02 4.498340e+01 0.000000e+00
      vertex   1.174310e+02 4.188280e+01 0.000000e+00
      vertex   1.174310e+02 4.498340e+01 1.500000e+00
    endloop
  endfacet
  facet normal -1.000000e+00 0.000000e+00 9.473903e-15
    outer loop
      vertex   1.174310e+02 4.498340e+01 1.500000e+00
      vertex   1.174310e+02 4.188280e+01 0.000000e+00
      vertex   1.174310e+02 4.188280e+01 1.500000e+00
    endloop
  endfacet
  facet normal 0.000000e+00 -1.000000e+00 0.000000e+00
    outer loop
      vertex   1.166320e+02 4.498340e+01 0.000000e+00
      vertex   1.174310e+02 4.498340e+01 0.000000e+00
      vertex   1.166320e+02 4.498340e+01 1.500000e+00
    endloop
  endfacet
  facet normal 0.000000e+00 -1.000000e+00 0.000000e+00
    outer loop
      vertex   1.166320e+02 4.498340e+01 1.500000e+00
      vertex   1.174310e+02 4.498340e+01 0.000000e+00
      vertex   1.174310e+02 4.498340e+01 1.500000e+00
    endloop
  endfacet
  facet normal -1.000000e+00 0.000000e+00 9.473903e-15
    outer loop
      vertex   1.166320e+02 5.078340e+01 0.000000e+00
      vertex   1.166320e+02 4.498340e+01 0.000000e+00
      vertex   1.166320e+02 5.078340e+01 1.500000e+00
    endloop
  endfacet
  facet normal -1.000000e+00 0.000000e+00 9.473903e-15
    outer loop
      vertex   1.166320e+02 5.078340e+01 1.500000e+00
      vertex   1.166320e+02 4.498340e+01 0.000000e+00
      vertex   1.166320e+02 4.498340e+01 1.500000e+00
    endloop
  endfacet
  facet normal 0.000000e+00 1.000000e+00 -0.000000e+00
    outer loop
      vertex   1.174310e+02 5.078340e+01 0.000000e+00
      vertex   1.166320e+02 5.078340e+01 0.000000e+00
      vertex   1.174310e+02 5.078340e+01 1.500000e+00
    endloop
  endfacet
  facet normal 0.000000e+00 1.000000e+00 0.000000e+00
    outer loop
      vertex   1.174310e+02 5.078340e+01 1.500000e+00
      vertex   1.166320e+02 5.078340e+01 0.000000e+00
      vertex   1.166320e+02 5.078340e+01 1.500000e+00
    endloop
  endfacet
  facet normal -1.000000e+00 0.000000e+00 9.473903e-15
    outer loop
      vertex   1.174310e+02 5.388260e+01 0.000000e+00
      vertex   1.174310e+02 5.078340e+01 0.000000e+00
      vertex   1.174310e+02 5.388260e+01 1.500000e+00
    endloop
  endfacet
  facet normal -1.000000e+00 0.000000e+00 9.473903e-15
    outer loop
      vertex   1.174310e+02 5.388260e+01 1.500000e+00
      vertex   1.174310e+02 5.078340e+01 0.000000e+00
      vertex   1.174310e+02 5.078340e+01 1.500000e+00
    endloop
  endfacet
  facet normal 0.000000e+00 -1.000000e+00 0.000000e+00
    outer loop
      vertex   1.166320e+02 5.388260e+01 0.000000e+00
      vertex   1.174310e+02 5.388260e+01 0.000000e+00
      vertex   1.166320e+02 5.388260e+01 1.500000e+00
    endloop
  endfacet
  facet normal 0.000000e+00 -1.000000e+00 0.000000e+00
    outer loop
      vertex   1.166320e+02 5.388260e+01 1.500000e+00
      vertex   1.174310e+02 5.388260e+01 0.000000e+00
      vertex   1.174310e+02 5.388260e+01 1.500000e+00
    endloop
  endfacet
  facet normal -1.000000e+00 0.000000e+00 9.473903e-15
    outer loop
      vertex   1.166320e+02 5.488310e+01 0.000000e+00
      vertex   1.166320e+02 5.388260e+01 0.000000e+00
      vertex   1.166320e+02 5.488310e+01 1.500000e+00
    endloop
  endfacet
  facet normal -1.000000e+00 0.000000e+00 9.473903e-15
    outer loop
      vertex   1.166320e+02 5.488310e+01 1.500000e+00
      vertex   1.166320e+02 5.388260e+01 0.000000e+00
      vertex   1.166320e+02 5.388260e+01 1.500000e+00
    endloop
  endfacet
  facet normal 0.000000e+00 -1.000000e+00 0.000000e+00
    outer loop
      vertex   1.026320e+02 5.488310e+01 0.000000e+00
      vertex   1.166320e+02 5.488310e+01 0.000000e+00
      vertex   1.026320e+02 5.488310e+01 1.500000e+00
    endloop
  endfacet
  facet normal 0.000000e+00 -1.000000e+00 0.000000e+00
    outer loop
      vertex   1.026320e+02 5.488310e+01 1.500000e+00
      vertex   1.166320e+02 5.488310e+01 0.000000e+00
      vertex   1.166320e+02 5.488310e+01 1.500000e+00
    endloop
  endfacet
  facet normal 1.000000e+00 0.000000e+00 0.000000e+00
    outer loop
      vertex   1.026320e+02 5.388260e+01 0.000000e+00
      vertex   1.026320e+02 5.488310e+01 0.000000e+00
      vertex   1.026320e+02 5.388260e+01 1.500000e+00
    endloop
  endfacet
  facet normal 1.000000e+00 -0.000000e+00 0.000000e+00
    outer loop
      vertex   1.026320e+02 5.388260e+01 1.500000e+00
      vertex   1.026320e+02 5.488310e+01 0.000000e+00
      vertex   1.026320e+02 5.488310e+01 1.500000e+00
    endloop
  endfacet
  facet normal 0.000000e+00 -1.000000e+00 0.000000e+00
    outer loop
      vertex   1.018310e+02 5.388260e+01 0.000000e+00
      vertex   1.026320e+02 5.388260e+01 0.000000e+00
      vertex   1.018310e+02 5.388260e+01 1.500000e+00
    endloop
  endfacet
  facet normal 0.000000e+00 -1.000000e+00 0.000000e+00
    outer loop
      vertex   1.018310e+02 5.388260e+01 1.500000e+00
      vertex   1.026320e+02 5.388260e+01 0.000000e+00
      vertex   1.026320e+02 5.388260e+01 1.500000e+00
    endloop
  endfacet
  facet normal 1.000000e+00 0.000000e+00 -9.473903e-15
    outer loop
      vertex   1.018310e+02 5.078340e+01 0.000000e+00
      vertex   1.018310e+02 5.388260e+01 0.000000e+00
      vertex   1.018310e+02 5.078340e+01 1.500000e+00
    endloop
  endfacet
  facet normal 1.000000e+00 0.000000e+00 -9.473903e-15
    outer loop
      vertex   1.018310e+02 5.078340e+01 1.500000e+00
      vertex   1.018310e+02 5.388260e+01 0.000000e+00
      vertex   1.018310e+02 5.388260e+01 1.500000e+00
    endloop
  endfacet
  facet normal 0.000000e+00 1.000000e+00 -0.000000e+00
    outer loop
      vertex   1.026320e+02 5.078340e+01 0.000000e+00
      vertex   1.018310e+02 5.078340e+01 0.000000e+00
      vertex   1.026320e+02 5.078340e+01 1.500000e+00
    endloop
  endfacet
  facet normal 0.000000e+00 1.000000e+00 0.000000e+00
    outer loop
      vertex   1.026320e+02 5.078340e+01 1.500000e+00
      vertex   1.018310e+02 5.078340e+01 0.000000e+00
      vertex   1.018310e+02 5.078340e+01 1.500000e+00
    endloop
  endfacet
  facet normal 1.000000e+00 0.000000e+00 0.000000e+00
    outer loop
      vertex   1.026320e+02 4.498340e+01 0.000000e+00
      vertex   1.026320e+02 5.078340e+01 0.000000e+00
      vertex   1.026320e+02 4.498340e+01 1.500000e+00
    endloop
  endfacet
  facet normal 1.000000e+00 -0.000000e+00 0.000000e+00
    outer loop
      vertex   1.026320e+02 4.498340e+01 1.500000e+00
      vertex   1.026320e+02 5.078340e+01 0.000000e+00
      vertex   1.026320e+02 5.078340e+01 1.500000e+00
    endloop
  endfacet
  facet normal 0.000000e+00 1.000000e+00 -0.000000e+00
    outer loop
      vertex   6.453220e+01 4.188280e+01 0.000000e+00
      vertex   6.373140e+01 4.188280e+01 0.000000e+00
      vertex   6.453220e+01 4.188280e+01 1.500000e+00
    endloop
  endfacet
  facet normal 0.000000e+00 1.000000e+00 0.000000e+00
    outer loop
      vertex   6.453220e+01 4.188280e+01 1.500000e+00
      vertex   6.373140e+01 4.188280e+01 0.000000e+00
      vertex   6.373140e+01 4.188280e+01 1.500000e+00
    endloop
  endfacet
  facet normal 1.000000e+00 0.000000e+00 0.000000e+00
    outer loop
      vertex   6.453220e+01 4.088380e+01 0.000000e+00
      vertex   6.453220e+01 4.188280e+01 0.000000e+00
      vertex   6.453220e+01 4.088380e+01 1.500000e+00
    endloop
  endfacet
  facet normal 1.000000e+00 -0.000000e+00 0.000000e+00
    outer loop
      vertex   6.453220e+01 4.088380e+01 1.500000e+00
      vertex   6.453220e+01 4.188280e+01 0.000000e+00
      vertex   6.453220e+01 4.188280e+01 1.500000e+00
    endloop
  endfacet
  facet normal 0.000000e+00 1.000000e+00 -0.000000e+00
    outer loop
      vertex   7.853150e+01 4.088380e+01 0.000000e+00
      vertex   6.453220e+01 4.088380e+01 0.000000e+00
      vertex   7.853150e+01 4.088380e+01 1.500000e+00
    endloop
  endfacet
  facet normal 0.000000e+00 1.000000e+00 0.000000e+00
    outer loop
      vertex   7.853150e+01 4.088380e+01 1.500000e+00
      vertex   6.453220e+01 4.088380e+01 0.000000e+00
      vertex   6.453220e+01 4.088380e+01 1.500000e+00
    endloop
  endfacet
  facet normal -1.000000e+00 0.000000e+00 0.000000e+00
    outer loop
      vertex   7.853150e+01 4.188280e+01 0.000000e+00
      vertex   7.853150e+01 4.088380e+01 0.000000e+00
      vertex   7.853150e+01 4.188280e+01 1.500000e+00
    endloop
  endfacet
  facet normal -1.000000e+00 -0.000000e+00 0.000000e+00
    outer loop
      vertex   7.853150e+01 4.188280e+01 1.500000e+00
      vertex   7.853150e+01 4.088380e+01 0.000000e+00
      vertex   7.853150e+01 4.088380e+01 1.500000e+00
    endloop
  endfacet
  facet normal 0.000000e+00 1.000000e+00 -0.000000e+00
    outer loop
      vertex   7.933090e+01 4.188280e+01 0.000000e+00
      vertex   7.853150e+01 4.188280e+01 0.000000e+00
      vertex   7.933090e+01 4.188280e+01 1.500000e+00
    endloop
  endfacet
  facet normal 0.000000e+00 1.000000e+00 0.000000e+00
    outer loop
      vertex   7.933090e+01 4.188280e+01 1.500000e+00
      vertex   7.853150e+01 4.188280e+01 0.000000e+00
      vertex   7.853150e+01 4.188280e+01 1.500000e+00
    endloop
  endfacet
  facet normal -1.000000e+00 0.000000e+00 0.000000e+00
    outer loop
      vertex   7.933090e+01 4.498340e+01 0.000000e+00
      vertex   7.933090e+01 4.188280e+01 0.000000e+00
      vertex   7.933090e+01 4.498340e+01 1.500000e+00
    endloop
  endfacet
  facet normal -1.000000e+00 -0.000000e+00 0.000000e+00
    outer loop
      vertex   7.933090e+01 4.498340e+01 1.500000e+00
      vertex   7.933090e+01 4.188280e+01 0.000000e+00
      vertex   7.933090e+01 4.188280e+01 1.500000e+00
    endloop
  endfacet
  facet normal 0.000000e+00 -1.000000e+00 0.000000e+00
    outer loop
      vertex   7.853150e+01 4.498340e+01 0.000000e+00
      vertex   7.933090e+01 4.498340e+01 0.000000e+00
      vertex   7.853150e+01 4.498340e+01 1.500000e+00
    endloop
  endfacet
  facet normal 0.000000e+00 -1.000000e+00 0.000000e+00
    outer loop
      vertex   7.853150e+01 4.498340e+01 1.500000e+00
      vertex   7.933090e+01 4.498340e+01 0.000000e+00
      vertex   7.933090e+01 4.498340e+01 1.500000e+00
    endloop
  endfacet
  facet normal -1.000000e+00 0.000000e+00 0.000000e+00
    outer loop
      vertex   7.853150e+01 5.078340e+01 0.000000e+00
      vertex   7.853150e+01 4.498340e+01 0.000000e+00
      vertex   7.853150e+01 5.078340e+01 1.500000e+00
    endloop
  endfacet
  facet normal -1.000000e+00 -0.000000e+00 0.000000e+00
    outer loop
      vertex   7.853150e+01 5.078340e+01 1.500000e+00
      vertex   7.853150e+01 4.498340e+01 0.000000e+00
      vertex   7.853150e+01 4.498340e+01 1.500000e+00
    endloop
  endfacet
  facet normal 0.000000e+00 1.000000e+00 -0.000000e+00
    outer loop
      vertex   7.933090e+01 5.078340e+01 0.000000e+00
      vertex   7.853150e+01 5.078340e+01 0.000000e+00
      vertex   7.933090e+01 5.078340e+01 1.500000e+00
    endloop
  endfacet
  facet normal 0.000000e+00 1.000000e+00 0.000000e+00
    outer loop
      vertex   7.933090e+01 5.078340e+01 1.500000e+00
      vertex   7.853150e+01 5.078340e+01 0.000000e+00
      vertex   7.853150e+01 5.078340e+01 1.500000e+00
    endloop
  endfacet
  facet normal -1.000000e+00 0.000000e+00 0.000000e+00
    outer loop
      vertex   7.933090e+01 5.388260e+01 0.000000e+00
      vertex   7.933090e+01 5.078340e+01 0.000000e+00
      vertex   7.933090e+01 5.388260e+01 1.500000e+00
    endloop
  endfacet
  facet normal -1.000000e+00 -0.000000e+00 0.000000e+00
    outer loop
      vertex   7.933090e+01 5.388260e+01 1.500000e+00
      vertex   7.933090e+01 5.078340e+01 0.000000e+00
      vertex   7.933090e+01 5.078340e+01 1.500000e+00
    endloop
  endfacet
  facet normal 0.000000e+00 -1.000000e+00 0.000000e+00
    outer loop
      vertex   7.853150e+01 5.388260e+01 0.000000e+00
      vertex   7.933090e+01 5.388260e+01 0.000000e+00
      vertex   7.853150e+01 5.388260e+01 1.500000e+00
    endloop
  endfacet
  facet normal 0.000000e+00 -1.000000e+00 0.000000e+00
    outer loop
      vertex   7.853150e+01 5.388260e+01 1.500000e+00
      vertex   7.933090e+01 5.388260e+01 0.000000e+00
      vertex   7.933090e+01 5.388260e+01 1.500000e+00
    endloop
  endfacet
  facet normal -1.000000e+00 0.000000e+00 0.000000e+00
    outer loop
      vertex   7.853150e+01 5.488310e+01 0.000000e+00
      vertex   7.853150e+01 5.388260e+01 0.000000e+00
      vertex   7.853150e+01 5.488310e+01 1.500000e+00
    endloop
  endfacet
  facet normal -1.000000e+00 -0.000000e+00 0.000000e+00
    outer loop
      vertex   7.853150e+01 5.488310e+01 1.500000e+00
      vertex   7.853150e+01 5.388260e+01 0.000000e+00
      vertex   7.853150e+01 5.388260e+01 1.500000e+00
    endloop
  endfacet
  facet normal 0.000000e+00 -1.000000e+00 0.000000e+00
    outer loop
      vertex   6.453220e+01 5.488310e+01 0.000000e+00
      vertex   7.853150e+01 5.488310e+01 0.000000e+00
      vertex   6.453220e+01 5.488310e+01 1.500000e+00
    endloop
  endfacet
  facet normal 0.000000e+00 -1.000000e+00 0.000000e+00
    outer loop
      vertex   6.453220e+01 5.488310e+01 1.500000e+00
      vertex   7.853150e+01 5.488310e+01 0.000000e+00
      vertex   7.853150e+01 5.488310e+01 1.500000e+00
    endloop
  endfacet
  facet normal 1.000000e+00 0.000000e+00 0.000000e+00
    outer loop
      vertex   6.453220e+01 5.388260e+01 0.000000e+00
      vertex   6.453220e+01 5.488310e+01 0.000000e+00
      vertex   6.453220e+01 5.388260e+01 1.500000e+00
    endloop
  endfacet
  facet normal 1.000000e+00 -0.000000e+00 0.000000e+00
    outer loop
      vertex   6.453220e+01 5.388260e+01 1.500000e+00
      vertex   6.453220e+01 5.488310e+01 0.000000e+00
      vertex   6.453220e+01 5.488310e+01 1.500000e+00
    endloop
  endfacet
  facet normal 0.000000e+00 -1.000000e+00 0.000000e+00
    outer loop
      vertex   6.373140e+01 5.388260e+01 0.000000e+00
      vertex   6.453220e+01 5.388260e+01 0.000000e+00
      vertex   6.373140e+01 5.388260e+01 1.500000e+00
    endloop
  endfacet
  facet normal 0.000000e+00 -1.000000e+00 0.000000e+00
    outer loop
      vertex   6.373140e+01 5.388260e+01 1.500000e+00
      vertex   6.453220e+01 5.388260e+01 0.000000e+00
      vertex   6.453220e+01 5.388260e+01 1.500000e+00
    endloop
  endfacet
  facet normal 1.000000e+00 0.000000e+00 0.000000e+00
    outer loop
      vertex   6.373140e+01 5.078340e+01 0.000000e+00
      vertex   6.373140e+01 5.388260e+01 0.000000e+00
      vertex   6.373140e+01 5.078340e+01 1.500000e+00
    endloop
  endfacet
  facet normal 1.000000e+00 -0.000000e+00 0.000000e+00
    outer loop
      vertex   6.373140e+01 5.078340e+01 1.500000e+00
      vertex   6.373140e+01 5.388260e+01 0.000000e+00
      vertex   6.373140e+01 5.388260e+01 1.500000e+00
    endloop
  endfacet
  facet normal 0.000000e+00 1.000000e+00 -0.000000e+00
    outer loop
      vertex   6.453220e+01 5.078340e+01 0.000000e+00
      vertex   6.373140e+01 5.078340e+01 0.000000e+00
      vertex   6.453220e+01 5.078340e+01 1.500000e+00
    endloop
  endfacet
  facet normal 0.000000e+00 1.000000e+00 0.000000e+00
    outer loop
      vertex   6.453220e+01 5.078340e+01 1.500000e+00
      vertex   6.373140e+01 5.078340e+01 0.000000e+00
      vertex   6.373140e+01 5.078340e+01 1.500000e+00
    endloop
  endfacet
  facet normal 1.000000e+00 0.000000e+00 0.000000e+00
    outer loop
      vertex   6.453220e+01 4.498340e+01 0.000000e+00
      vertex   6.453220e+01 5.078340e+01 0.000000e+00
      vertex   6.453220e+01 4.498340e+01 1.500000e+00
    endloop
  endfacet
  facet normal 1.000000e+00 -0.000000e+00 0.000000e+00
    outer loop
      vertex   6.453220e+01 4.498340e+01 1.500000e+00
      vertex   6.453220e+01 5.078340e+01 0.000000e+00
      vertex   6.453220e+01 5.078340e+01 1.500000e+00
    endloop
  endfacet
  facet normal 0.000000e+00 -1.000000e+00 0.000000e+00
    outer loop
      vertex   6.373140e+01 4.498340e+01 0.000000e+00
      vertex   6.453220e+01 4.498340e+01 0.000000e+00
      vertex   6.373140e+01 4.498340e+01 1.500000e+00
    endloop
  endfacet
  facet normal 0.000000e+00 -1.000000e+00 0.000000e+00
    outer loop
      vertex   6.373140e+01 4.498340e+01 1.500000e+00
      vertex   6.453220e+01 4.498340e+01 0.000000e+00
      vertex   6.453220e+01 4.498340e+01 1.500000e+00
    endloop
  endfacet
  facet normal 1.000000e+00 0.000000e+00 0.000000e+00
    outer loop
      vertex   6.373140e+01 4.188280e+01 0.000000e+00
      vertex   6.373140e+01 4.498340e+01 0.000000e+00
      vertex   6.373140e+01 4.188280e+01 1.500000e+00
    endloop
  endfacet
  facet normal 1.000000e+00 -0.000000e+00 0.000000e+00
    outer loop
      vertex   6.373140e+01 4.188280e+01 1.500000e+00
      vertex   6.373140e+01 4.498340e+01 0.000000e+00
      vertex   6.373140e+01 4.498340e+01 1.500000e+00
    endloop
  endfacet
  facet normal -1.000000e+00 0.000000e+00 1.894781e-14
    outer loop
      vertex   1.356820e+02 5.488310e+01 0.000000e+00
      vertex   1.356820e+02 5.388260e+01 0.000000e+00
      vertex   1.356820e+02 5.488310e+01 1.500000e+00
    endloop
  endfacet
  facet normal -1.000000e+00 0.000000e+00 1.894781e-14
    outer loop
      vertex   1.356820e+02 5.488310e+01 1.500000e+00
      vertex   1.356820e+02 5.388260e+01 0.000000e+00
      vertex   1.356820e+02 5.388260e+01 1.500000e+00
    endloop
  endfacet
  facet normal 0.000000e+00 -1.000000e+00 0.000000e+00
    outer loop
      vertex   1.216820e+02 5.488310e+01 0.000000e+00
      vertex   1.356820e+02 5.488310e+01 0.000000e+00
      vertex   1.216820e+02 5.488310e+01 1.500000e+00
    endloop
  endfacet
  facet normal 0.000000e+00 -1.000000e+00 0.000000e+00
    outer loop
      vertex   1.216820e+02 5.488310e+01 1.500000e+00
      vertex   1.356820e+02 5.488310e+01 0.000000e+00
      vertex   1.356820e+02 5.488310e+01 1.500000e+00
    endloop
  endfacet
  facet normal 1.000000e+00 0.000000e+00 -9.473903e-15
    outer loop
      vertex   1.216820e+02 5.388260e+01 0.000000e+00
      vertex   1.216820e+02 5.488310e+01 0.000000e+00
      vertex   1.216820e+02 5.388260e+01 1.500000e+00
    endloop
  endfacet
  facet normal 1.000000e+00 0.000000e+00 -9.473903e-15
    outer loop
      vertex   1.216820e+02 5.388260e+01 1.500000e+00
      vertex   1.216820e+02 5.488310e+01 0.000000e+00
      vertex   1.216820e+02 5.488310e+01 1.500000e+00
    endloop
  endfacet
  facet normal 0.000000e+00 -1.000000e+00 0.000000e+00
    outer loop
      vertex   1.208810e+02 5.388260e+01 0.000000e+00
      vertex   1.216820e+02 5.388260e+01 0.000000e+00
      vertex   1.208810e+02 5.388260e+01 1.500000e+00
    endloop
  endfacet
  facet normal 0.000000e+00 -1.000000e+00 0.000000e+00
    outer loop
      vertex   1.208810e+02 5.388260e+01 1.500000e+00
      vertex   1.216820e+02 5.388260e+01 0.000000e+00
      vertex   1.216820e+02 5.388260e+01 1.500000e+00
    endloop
  endfacet
  facet normal 1.000000e+00 0.000000e+00 0.000000e+00
    outer loop
      vertex   1.208810e+02 5.078340e+01 0.000000e+00
      vertex   1.208810e+02 5.388260e+01 0.000000e+00
      vertex   1.208810e+02 5.078340e+01 1.500000e+00
    endloop
  endfacet
  facet normal 1.000000e+00 -0.000000e+00 0.000000e+00
    outer loop
      vertex   1.208810e+02 5.078340e+01 1.500000e+00
      vertex   1.208810e+02 5.388260e+01 0.000000e+00
      vertex   1.208810e+02 5.388260e+01 1.500000e+00
    endloop
  endfacet
  facet normal 0.000000e+00 1.000000e+00 -0.000000e+00
    outer loop
      vertex   1.216820e+02 5.078340e+01 0.000000e+00
      vertex   1.208810e+02 5.078340e+01 0.000000e+00
      vertex   1.216820e+02 5.078340e+01 1.500000e+00
    endloop
  endfacet
  facet normal 0.000000e+00 1.000000e+00 0.000000e+00
    outer loop
      vertex   1.216820e+02 5.078340e+01 1.500000e+00
      vertex   1.208810e+02 5.078340e+01 0.000000e+00
      vertex   1.208810e+02 5.078340e+01 1.500000e+00
    endloop
  endfacet
  facet normal 1.000000e+00 0.000000e+00 -9.473903e-15
    outer loop
      vertex   1.216820e+02 4.498340e+01 0.000000e+00
      vertex   1.216820e+02 5.078340e+01 0.000000e+00
      vertex   1.216820e+02 4.498340e+01 1.500000e+00
    endloop
  endfacet
  facet normal 1.000000e+00 0.000000e+00 -9.473903e-15
    outer loop
      vertex   1.216820e+02 4.498340e+01 1.500000e+00
      vertex   1.216820e+02 5.078340e+01 0.000000e+00
      vertex   1.216820e+02 5.078340e+01 1.500000e+00
    endloop
  endfacet
  facet normal 0.000000e+00 -1.000000e+00 0.000000e+00
    outer loop
      vertex   1.208810e+02 4.498340e+01 0.000000e+00
      vertex   1.216820e+02 4.498340e+01 0.000000e+00
      vertex   1.208810e+02 4.498340e+01 1.500000e+00
    endloop
  endfacet
  facet normal 0.000000e+00 -1.000000e+00 0.000000e+00
    outer loop
      vertex   1.208810e+02 4.498340e+01 1.500000e+00
      vertex   1.216820e+02 4.498340e+01 0.000000e+00
      vertex   1.216820e+02 4.498340e+01 1.500000e+00
    endloop
  endfacet
  facet normal 1.000000e+00 0.000000e+00 0.000000e+00
    outer loop
      vertex   1.208810e+02 4.188280e+01 0.000000e+00
      vertex   1.208810e+02 4.498340e+01 0.000000e+00
      vertex   1.208810e+02 4.188280e+01 1.500000e+00
    endloop
  endfacet
  facet normal 1.000000e+00 -0.000000e+00 0.000000e+00
    outer loop
      vertex   1.208810e+02 4.188280e+01 1.500000e+00
      vertex   1.208810e+02 4.498340e+01 0.000000e+00
      vertex   1.208810e+02 4.498340e+01 1.500000e+00
    endloop
  endfacet
  facet normal 0.000000e+00 1.000000e+00 -0.000000e+00
    outer loop
      vertex   1.216820e+02 4.188280e+01 0.000000e+00
      vertex   1.208810e+02 4.188280e+01 0.000000e+00
      vertex   1.216820e+02 4.188280e+01 1.500000e+00
    endloop
  endfacet
  facet normal 0.000000e+00 1.000000e+00 0.000000e+00
    outer loop
      vertex   1.216820e+02 4.188280e+01 1.500000e+00
      vertex   1.208810e+02 4.188280e+01 0.000000e+00
      vertex   1.208810e+02 4.188280e+01 1.500000e+00
    endloop
  endfacet
  facet normal 1.000000e+00 0.000000e+00 -9.473903e-15
    outer loop
      vertex   1.216820e+02 4.088380e+01 0.000000e+00
      vertex   1.216820e+02 4.188280e+01 0.000000e+00
      vertex   1.216820e+02 4.088380e+01 1.500000e+00
    endloop
  endfacet
  facet normal 1.000000e+00 0.000000e+00 -9.473903e-15
    outer loop
      vertex   1.216820e+02 4.088380e+01 1.500000e+00
      vertex   1.216820e+02 4.188280e+01 0.000000e+00
      vertex   1.216820e+02 4.188280e+01 1.500000e+00
    endloop
  endfacet
  facet normal 0.000000e+00 1.000000e+00 -0.000000e+00
    outer loop
      vertex   1.356820e+02 4.088380e+01 0.000000e+00
      vertex   1.216820e+02 4.088380e+01 0.000000e+00
      vertex   1.356820e+02 4.088380e+01 1.500000e+00
    endloop
  endfacet
  facet normal 0.000000e+00 1.000000e+00 0.000000e+00
    outer loop
      vertex   1.356820e+02 4.088380e+01 1.500000e+00
      vertex   1.216820e+02 4.088380e+01 0.000000e+00
      vertex   1.216820e+02 4.088380e+01 1.500000e+00
    endloop
  endfacet
  facet normal -1.000000e+00 0.000000e+00 1.894781e-14
    outer loop
      vertex   1.356820e+02 4.188280e+01 0.000000e+00
      vertex   1.356820e+02 4.088380e+01 0.000000e+00
      vertex   1.356820e+02 4.188280e+01 1.500000e+00
    endloop
  endfacet
  facet normal -1.000000e+00 0.000000e+00 1.894781e-14
    outer loop
      vertex   1.356820e+02 4.188280e+01 1.500000e+00
      vertex   1.356820e+02 4.088380e+01 0.000000e+00
      vertex   1.356820e+02 4.088380e+01 1.500000e+00
    endloop
  endfacet
  facet normal 0.000000e+00 1.000000e+00 -0.000000e+00
    outer loop
      vertex   1.364810e+02 4.188280e+01 0.000000e+00
      vertex   1.356820e+02 4.188280e+01 0.000000e+00
      vertex   1.364810e+02 4.188280e+01 1.500000e+00
    endloop
  endfacet
  facet normal 0.000000e+00 1.000000e+00 0.000000e+00
    outer loop
      vertex   1.364810e+02 4.188280e+01 1.500000e+00
      vertex   1.356820e+02 4.188280e+01 0.000000e+00
      vertex   1.356820e+02 4.188280e+01 1.500000e+00
    endloop
  endfacet
  facet normal -1.000000e+00 0.000000e+00 0.000000e+00
    outer loop
      vertex   1.364810e+02 4.498340e+01 0.000000e+00
      vertex   1.364810e+02 4.188280e+01 0.000000e+00
      vertex   1.364810e+02 4.498340e+01 1.500000e+00
    endloop
  endfacet
  facet normal -1.000000e+00 -0.000000e+00 0.000000e+00
    outer loop
      vertex   1.364810e+02 4.498340e+01 1.500000e+00
      vertex   1.364810e+02 4.188280e+01 0.000000e+00
      vertex   1.364810e+02 4.188280e+01 1.500000e+00
    endloop
  endfacet
  facet normal 0.000000e+00 -1.000000e+00 0.000000e+00
    outer loop
      vertex   1.356820e+02 4.498340e+01 0.000000e+00
      vertex   1.364810e+02 4.498340e+01 0.000000e+00
      vertex   1.356820e+02 4.498340e+01 1.500000e+00
    endloop
  endfacet
  facet normal 0.000000e+00 -1.000000e+00 0.000000e+00
    outer loop
      vertex   1.356820e+02 4.498340e+01 1.500000e+00
      vertex   1.364810e+02 4.498340e+01 0.000000e+00
      vertex   1.364810e+02 4.498340e+01 1.500000e+00
    endloop
  endfacet
  facet normal -1.000000e+00 0.000000e+00 1.894781e-14
    outer loop
      vertex   1.356820e+02 5.078340e+01 0.000000e+00
      vertex   1.356820e+02 4.498340e+01 0.000000e+00
      vertex   1.356820e+02 5.078340e+01 1.500000e+00
    endloop
  endfacet
  facet normal -1.000000e+00 0.000000e+00 1.894781e-14
    outer loop
      vertex   1.356820e+02 5.078340e+01 1.500000e+00
      vertex   1.356820e+02 4.498340e+01 0.000000e+00
      vertex   1.356820e+02 4.498340e+01 1.500000e+00
    endloop
  endfacet
  facet normal 0.000000e+00 1.000000e+00 -0.000000e+00
    outer loop
      vertex   1.364810e+02 5.078340e+01 0.000000e+00
      vertex   1.356820e+02 5.078340e+01 0.000000e+00
      vertex   1.364810e+02 5.078340e+01 1.500000e+00
    endloop
  endfacet
  facet normal 0.000000e+00 1.000000e+00 0.000000e+00
    outer loop
      vertex   1.364810e+02 5.078340e+01 1.500000e+00
      vertex   1.356820e+02 5.078340e+01 0.000000e+00
      vertex   1.356820e+02 5.078340e+01 1.500000e+00
    endloop
  endfacet
  facet normal -1.000000e+00 0.000000e+00 0.000000e+00
    outer loop
      vertex   1.364810e+02 5.388260e+01 0.000000e+00
      vertex   1.364810e+02 5.078340e+01 0.000000e+00
      vertex   1.364810e+02 5.388260e+01 1.500000e+00
    endloop
  endfacet
  facet normal -1.000000e+00 -0.000000e+00 0.000000e+00
    outer loop
      vertex   1.364810e+02 5.388260e+01 1.500000e+00
      vertex   1.364810e+02 5.078340e+01 0.000000e+00
      vertex   1.364810e+02 5.078340e+01 1.500000e+00
    endloop
  endfacet
  facet normal 0.000000e+00 -1.000000e+00 0.000000e+00
    outer loop
      vertex   1.356820e+02 5.388260e+01 0.000000e+00
      vertex   1.364810e+02 5.388260e+01 0.000000e+00
      vertex   1.356820e+02 5.388260e+01 1.500000e+00
    endloop
  endfacet
  facet normal 0.000000e+00 -1.000000e+00 0.000000e+00
    outer loop
      vertex   1.356820e+02 5.388260e+01 1.500000e+00
      vertex   1.364810e+02 5.388260e+01 0.000000e+00
      vertex   1.364810e+02 5.388260e+01 1.500000e+00
    endloop
  endfacet
  facet normal -1.000000e+00 0.000000e+00 0.000000e+00
    outer loop
      vertex   9.838090e+01 4.498340e+01 0.000000e+00
      vertex   9.838090e+01 4.188280e+01 0.000000e+00
      vertex   9.838090e+01 4.498340e+01 1.500000e+00
    endloop
  endfacet
  facet normal -1.000000e+00 -0.000000e+00 0.000000e+00
    outer loop
      vertex   9.838090e+01 4.498340e+01 1.500000e+00
      vertex   9.838090e+01 4.188280e+01 0.000000e+00
      vertex   9.838090e+01 4.188280e+01 1.500000e+00
    endloop
  endfacet
  facet normal 0.000000e+00 -1.000000e+00 0.000000e+00
    outer loop
      vertex   9.758150e+01 4.498340e+01 0.000000e+00
      vertex   9.838090e+01 4.498340e+01 0.000000e+00
      vertex   9.758150e+01 4.498340e+01 1.500000e+00
    endloop
  endfacet
  facet normal 0.000000e+00 -1.000000e+00 0.000000e+00
    outer loop
      vertex   9.758150e+01 4.498340e+01 1.500000e+00
      vertex   9.838090e+01 4.498340e+01 0.000000e+00
      vertex   9.838090e+01 4.498340e+01 1.500000e+00
    endloop
  endfacet
  facet normal -1.000000e+00 0.000000e+00 0.000000e+00
    outer loop
      vertex   9.758150e+01 5.078340e+01 0.000000e+00
      vertex   9.758150e+01 4.498340e+01 0.000000e+00
      vertex   9.758150e+01 5.078340e+01 1.500000e+00
    endloop
  endfacet
  facet normal -1.000000e+00 -0.000000e+00 0.000000e+00
    outer loop
      vertex   9.758150e+01 5.078340e+01 1.500000e+00
      vertex   9.758150e+01 4.498340e+01 0.000000e+00
      vertex   9.758150e+01 4.498340e+01 1.500000e+00
    endloop
  endfacet
  facet normal 0.000000e+00 1.000000e+00 -0.000000e+00
    outer loop
      vertex   9.838090e+01 5.078340e+01 0.000000e+00
      vertex   9.758150e+01 5.078340e+01 0.000000e+00
      vertex   9.838090e+01 5.078340e+01 1.500000e+00
    endloop
  endfacet
  facet normal 0.000000e+00 1.000000e+00 0.000000e+00
    outer loop
      vertex   9.838090e+01 5.078340e+01 1.500000e+00
      vertex   9.758150e+01 5.078340e+01 0.000000e+00
      vertex   9.758150e+01 5.078340e+01 1.500000e+00
    endloop
  endfacet
  facet normal -1.000000e+00 0.000000e+00 0.000000e+00
    outer loop
      vertex   9.838090e+01 5.388260e+01 0.000000e+00
      vertex   9.838090e+01 5.078340e+01 0.000000e+00
      vertex   9.838090e+01 5.388260e+01 1.500000e+00
    endloop
  endfacet
  facet normal -1.000000e+00 -0.000000e+00 0.000000e+00
    outer loop
      vertex   9.838090e+01 5.388260e+01 1.500000e+00
      vertex   9.838090e+01 5.078340e+01 0.000000e+00
      vertex   9.838090e+01 5.078340e+01 1.500000e+00
    endloop
  endfacet
  facet normal 0.000000e+00 -1.000000e+00 0.000000e+00
    outer loop
      vertex   9.758150e+01 5.388260e+01 0.000000e+00
      vertex   9.838090e+01 5.388260e+01 0.000000e+00
      vertex   9.758150e+01 5.388260e+01 1.500000e+00
    endloop
  endfacet
  facet normal 0.000000e+00 -1.000000e+00 0.000000e+00
    outer loop
      vertex   9.758150e+01 5.388260e+01 1.500000e+00
      vertex   9.838090e+01 5.388260e+01 0.000000e+00
      vertex   9.838090e+01 5.388260e+01 1.500000e+00
    endloop
  endfacet
  facet normal -1.000000e+00 0.000000e+00 0.000000e+00
    outer loop
      vertex   9.758150e+01 5.488310e+01 0.000000e+00
      vertex   9.758150e+01 5.388260e+01 0.000000e+00
      vertex   9.758150e+01 5.488310e+01 1.500000e+00
    endloop
  endfacet
  facet normal -1.000000e+00 -0.000000e+00 0.000000e+00
    outer loop
      vertex   9.758150e+01 5.488310e+01 1.500000e+00
      vertex   9.758150e+01 5.388260e+01 0.000000e+00
      vertex   9.758150e+01 5.388260e+01 1.500000e+00
    endloop
  endfacet
  facet normal 0.000000e+00 -1.000000e+00 0.000000e+00
    outer loop
      vertex   8.358220e+01 5.488310e+01 0.000000e+00
      vertex   9.758150e+01 5.488310e+01 0.000000e+00
      vertex   8.358220e+01 5.488310e+01 1.500000e+00
    endloop
  endfacet
  facet normal 0.000000e+00 -1.000000e+00 0.000000e+00
    outer loop
      vertex   8.358220e+01 5.488310e+01 1.500000e+00
      vertex   9.758150e+01 5.488310e+01 0.000000e+00
      vertex   9.758150e+01 5.488310e+01 1.500000e+00
    endloop
  endfacet
  facet normal 1.000000e+00 0.000000e+00 0.000000e+00
    outer loop
      vertex   8.358220e+01 5.388260e+01 0.000000e+00
      vertex   8.358220e+01 5.488310e+01 0.000000e+00
      vertex   8.358220e+01 5.388260e+01 1.500000e+00
    endloop
  endfacet
  facet normal 1.000000e+00 -0.000000e+00 0.000000e+00
    outer loop
      vertex   8.358220e+01 5.388260e+01 1.500000e+00
      vertex   8.358220e+01 5.488310e+01 0.000000e+00
      vertex   8.358220e+01 5.488310e+01 1.500000e+00
    endloop
  endfacet
  facet normal 0.000000e+00 -1.000000e+00 0.000000e+00
    outer loop
      vertex   8.278140e+01 5.388260e+01 0.000000e+00
      vertex   8.358220e+01 5.388260e+01 0.000000e+00
      vertex   8.278140e+01 5.388260e+01 1.500000e+00
    endloop
  endfacet
  facet normal 0.000000e+00 -1.000000e+00 0.000000e+00
    outer loop
      vertex   8.278140e+01 5.388260e+01 1.500000e+00
      vertex   8.358220e+01 5.388260e+01 0.000000e+00
      vertex   8.358220e+01 5.388260e+01 1.500000e+00
    endloop
  endfacet
  facet normal 1.000000e+00 0.000000e+00 0.000000e+00
    outer loop
      vertex   8.278140e+01 5.078340e+01 0.000000e+00
      vertex   8.278140e+01 5.388260e+01 0.000000e+00
      vertex   8.278140e+01 5.078340e+01 1.500000e+00
    endloop
  endfacet
  facet normal 1.000000e+00 -0.000000e+00 0.000000e+00
    outer loop
      vertex   8.278140e+01 5.078340e+01 1.500000e+00
      vertex   8.278140e+01 5.388260e+01 0.000000e+00
      vertex   8.278140e+01 5.388260e+01 1.500000e+00
    endloop
  endfacet
  facet normal 0.000000e+00 1.000000e+00 -0.000000e+00
    outer loop
      vertex   8.358220e+01 5.078340e+01 0.000000e+00
      vertex   8.278140e+01 5.078340e+01 0.000000e+00
      vertex   8.358220e+01 5.078340e+01 1.500000e+00
    endloop
  endfacet
  facet normal 0.000000e+00 1.000000e+00 0.000000e+00
    outer loop
      vertex   8.358220e+01 5.078340e+01 1.500000e+00
      vertex   8.278140e+01 5.078340e+01 0.000000e+00
      vertex   8.278140e+01 5.078340e+01 1.500000e+00
    endloop
  endfacet
  facet normal 1.000000e+00 0.000000e+00 0.000000e+00
    outer loop
      vertex   8.358220e+01 4.498340e+01 0.000000e+00
      vertex   8.358220e+01 5.078340e+01 0.000000e+00
      vertex   8.358220e+01 4.498340e+01 1.500000e+00
    endloop
  endfacet
  facet normal 1.000000e+00 -0.000000e+00 0.000000e+00
    outer loop
      vertex   8.358220e+01 4.498340e+01 1.500000e+00
      vertex   8.358220e+01 5.078340e+01 0.000000e+00
      vertex   8.358220e+01 5.078340e+01 1.500000e+00
    endloop
  endfacet
  facet normal 0.000000e+00 -1.000000e+00 0.000000e+00
    outer loop
      vertex   8.278140e+01 4.498340e+01 0.000000e+00
      vertex   8.358220e+01 4.498340e+01 0.000000e+00
      vertex   8.278140e+01 4.498340e+01 1.500000e+00
    endloop
  endfacet
  facet normal 0.000000e+00 -1.000000e+00 0.000000e+00
    outer loop
      vertex   8.278140e+01 4.498340e+01 1.500000e+00
      vertex   8.358220e+01 4.498340e+01 0.000000e+00
      vertex   8.358220e+01 4.498340e+01 1.500000e+00
    endloop
  endfacet
  facet normal 1.000000e+00 0.000000e+00 0.000000e+00
    outer loop
      vertex   8.278140e+01 4.188280e+01 0.000000e+00
      vertex   8.278140e+01 4.498340e+01 0.000000e+00
      vertex   8.278140e+01 4.188280e+01 1.500000e+00
    endloop
  endfacet
  facet normal 1.000000e+00 -0.000000e+00 0.000000e+00
    outer loop
      vertex   8.278140e+01 4.188280e+01 1.500000e+00
      vertex   8.278140e+01 4.498340e+01 0.000000e+00
      vertex   8.278140e+01 4.498340e+01 1.500000e+00
    endloop
  endfacet
  facet normal 0.000000e+00 1.000000e+00 -0.000000e+00
    outer loop
      vertex   8.358220e+01 4.188280e+01 0.000000e+00
      vertex   8.278140e+01 4.188280e+01 0.000000e+00
      vertex   8.358220e+01 4.188280e+01 1.500000e+00
    endloop
  endfacet
  facet normal 0.000000e+00 1.000000e+00 0.000000e+00
    outer loop
      vertex   8.358220e+01 4.188280e+01 1.500000e+00
      vertex   8.278140e+01 4.188280e+01 0.000000e+00
      vertex   8.278140e+01 4.188280e+01 1.500000e+00
    endloop
  endfacet
  facet normal 1.000000e+00 0.000000e+00 0.000000e+00
    outer loop
      vertex   8.358220e+01 4.088380e+01 0.000000e+00
      vertex   8.358220e+01 4.188280e+01 0.000000e+00
      vertex   8.358220e+01 4.088380e+01 1.500000e+00
    endloop
  endfacet
  facet normal 1.000000e+00 -0.000000e+00 0.000000e+00
    outer loop
      vertex   8.358220e+01 4.088380e+01 1.500000e+00
      vertex   8.358220e+01 4.188280e+01 0.000000e+00
      vertex   8.358220e+01 4.188280e+01 1.500000e+00
    endloop
  endfacet
  facet normal 0.000000e+00 1.000000e+00 -0.000000e+00
    outer loop
      vertex   9.758150e+01 4.088380e+01 0.000000e+00
      vertex   8.358220e+01 4.088380e+01 0.000000e+00
      vertex   9.758150e+01 4.088380e+01 1.500000e+00
    endloop
  endfacet
  facet normal 0.000000e+00 1.000000e+00 0.000000e+00
    outer loop
      vertex   9.758150e+01 4.088380e+01 1.500000e+00
      vertex   8.358220e+01 4.088380e+01 0.000000e+00
      vertex   8.358220e+01 4.088380e+01 1.500000e+00
    endloop
  endfacet
  facet normal -1.000000e+00 0.000000e+00 0.000000e+00
    outer loop
      vertex   9.758150e+01 4.188280e+01 0.000000e+00
      vertex   9.758150e+01 4.088380e+01 0.000000e+00
      vertex   9.758150e+01 4.188280e+01 1.500000e+00
    endloop
  endfacet
  facet normal -1.000000e+00 -0.000000e+00 0.000000e+00
    outer loop
      vertex   9.758150e+01 4.188280e+01 1.500000e+00
      vertex   9.758150e+01 4.088380e+01 0.000000e+00
      vertex   9.758150e+01 4.088380e+01 1.500000e+00
    endloop
  endfacet
  facet normal 0.000000e+00 1.000000e+00 -0.000000e+00
    outer loop
      vertex   9.838090e+01 4.188280e+01 0.000000e+00
      vertex   9.758150e+01 4.188280e+01 0.000000e+00
      vertex   9.838090e+01 4.188280e+01 1.500000e+00
    endloop
  endfacet
  facet normal 0.000000e+00 1.000000e+00 0.000000e+00
    outer loop
      vertex   9.838090e+01 4.188280e+01 1.500000e+00
      vertex   9.758150e+01 4.188280e+01 0.000000e+00
      vertex   9.758150e+01 4.188280e+01 1.500000e+00
    endloop
  endfacet
  facet normal -1.000000e+00 0.000000e+00 0.000000e+00
    outer loop
      vertex   3.090660e+01 3.173350e+01 0.000000e+00
      vertex   3.090660e+01 2.593330e+01 0.000000e+00
      vertex   3.090660e+01 3.173350e+01 1.500000e+00
    endloop
  endfacet
  facet normal -1.000000e+00 -0.000000e+00 0.000000e+00
    outer loop
      vertex   3.090660e+01 3.173350e+01 1.500000e+00
      vertex   3.090660e+01 2.593330e+01 0.000000e+00
      vertex   3.090660e+01 2.593330e+01 1.500000e+00
    endloop
  endfacet
  facet normal 0.000000e+00 1.000000e+00 -0.000000e+00
    outer loop
      vertex   3.170590e+01 3.173350e+01 0.000000e+00
      vertex   3.090660e+01 3.173350e+01 0.000000e+00
      vertex   3.170590e+01 3.173350e+01 1.500000e+00
    endloop
  endfacet
  facet normal 0.000000e+00 1.000000e+00 0.000000e+00
    outer loop
      vertex   3.170590e+01 3.173350e+01 1.500000e+00
      vertex   3.090660e+01 3.173350e+01 0.000000e+00
      vertex   3.090660e+01 3.173350e+01 1.500000e+00
    endloop
  endfacet
  facet normal -1.000000e+00 0.000000e+00 0.000000e+00
    outer loop
      vertex   3.170590e+01 3.483270e+01 0.000000e+00
      vertex   3.170590e+01 3.173350e+01 0.000000e+00
      vertex   3.170590e+01 3.483270e+01 1.500000e+00
    endloop
  endfacet
  facet normal -1.000000e+00 -0.000000e+00 0.000000e+00
    outer loop
      vertex   3.170590e+01 3.483270e+01 1.500000e+00
      vertex   3.170590e+01 3.173350e+01 0.000000e+00
      vertex   3.170590e+01 3.173350e+01 1.500000e+00
    endloop
  endfacet
  facet normal 0.000000e+00 -1.000000e+00 0.000000e+00
    outer loop
      vertex   3.090660e+01 3.483270e+01 0.000000e+00
      vertex   3.170590e+01 3.483270e+01 0.000000e+00
      vertex   3.090660e+01 3.483270e+01 1.500000e+00
    endloop
  endfacet
  facet normal 0.000000e+00 -1.000000e+00 0.000000e+00
    outer loop
      vertex   3.090660e+01 3.483270e+01 1.500000e+00
      vertex   3.170590e+01 3.483270e+01 0.000000e+00
      vertex   3.170590e+01 3.483270e+01 1.500000e+00
    endloop
  endfacet
  facet normal -1.000000e+00 0.000000e+00 0.000000e+00
    outer loop
      vertex   3.090660e+01 3.583300e+01 0.000000e+00
      vertex   3.090660e+01 3.483270e+01 0.000000e+00
      vertex   3.090660e+01 3.583300e+01 1.500000e+00
    endloop
  endfacet
  facet normal -1.000000e+00 -0.000000e+00 0.000000e+00
    outer loop
      vertex   3.090660e+01 3.583300e+01 1.500000e+00
      vertex   3.090660e+01 3.483270e+01 0.000000e+00
      vertex   3.090660e+01 3.483270e+01 1.500000e+00
    endloop
  endfacet
  facet normal 0.000000e+00 -1.000000e+00 0.000000e+00
    outer loop
      vertex   1.690720e+01 3.583300e+01 0.000000e+00
      vertex   3.090660e+01 3.583300e+01 0.000000e+00
      vertex   1.690720e+01 3.583300e+01 1.500000e+00
    endloop
  endfacet
  facet normal 0.000000e+00 -1.000000e+00 0.000000e+00
    outer loop
      vertex   1.690720e+01 3.583300e+01 1.500000e+00
      vertex   3.090660e+01 3.583300e+01 0.000000e+00
      vertex   3.090660e+01 3.583300e+01 1.500000e+00
    endloop
  endfacet
  facet normal 1.000000e+00 0.000000e+00 0.000000e+00
    outer loop
      vertex   1.690720e+01 3.483270e+01 0.000000e+00
      vertex   1.690720e+01 3.583300e+01 0.000000e+00
      vertex   1.690720e+01 3.483270e+01 1.500000e+00
    endloop
  endfacet
  facet normal 1.000000e+00 -0.000000e+00 0.000000e+00
    outer loop
      vertex   1.690720e+01 3.483270e+01 1.500000e+00
      vertex   1.690720e+01 3.583300e+01 0.000000e+00
      vertex   1.690720e+01 3.583300e+01 1.500000e+00
    endloop
  endfacet
  facet normal 0.000000e+00 -1.000000e+00 0.000000e+00
    outer loop
      vertex   1.610650e+01 3.483270e+01 0.000000e+00
      vertex   1.690720e+01 3.483270e+01 0.000000e+00
      vertex   1.610650e+01 3.483270e+01 1.500000e+00
    endloop
  endfacet
  facet normal 0.000000e+00 -1.000000e+00 0.000000e+00
    outer loop
      vertex   1.610650e+01 3.483270e+01 1.500000e+00
      vertex   1.690720e+01 3.483270e+01 0.000000e+00
      vertex   1.690720e+01 3.483270e+01 1.500000e+00
    endloop
  endfacet
  facet normal 1.000000e+00 0.000000e+00 0.000000e+00
    outer loop
      vertex   1.610650e+01 3.173350e+01 0.000000e+00
      vertex   1.610650e+01 3.483270e+01 0.000000e+00
      vertex   1.610650e+01 3.173350e+01 1.500000e+00
    endloop
  endfacet
  facet normal 1.000000e+00 -0.000000e+00 0.000000e+00
    outer loop
      vertex   1.610650e+01 3.173350e+01 1.500000e+00
      vertex   1.610650e+01 3.483270e+01 0.000000e+00
      vertex   1.610650e+01 3.483270e+01 1.500000e+00
    endloop
  endfacet
  facet normal 0.000000e+00 1.000000e+00 -0.000000e+00
    outer loop
      vertex   1.690720e+01 3.173350e+01 0.000000e+00
      vertex   1.610650e+01 3.173350e+01 0.000000e+00
      vertex   1.690720e+01 3.173350e+01 1.500000e+00
    endloop
  endfacet
  facet normal 0.000000e+00 1.000000e+00 0.000000e+00
    outer loop
      vertex   1.690720e+01 3.173350e+01 1.500000e+00
      vertex   1.610650e+01 3.173350e+01 0.000000e+00
      vertex   1.610650e+01 3.173350e+01 1.500000e+00
    endloop
  endfacet
  facet normal 1.000000e+00 0.000000e+00 0.000000e+00
    outer loop
      vertex   1.690720e+01 2.593330e+01 0.000000e+00
      vertex   1.690720e+01 3.173350e+01 0.000000e+00
      vertex   1.690720e+01 2.593330e+01 1.500000e+00
    endloop
  endfacet
  facet normal 1.000000e+00 -0.000000e+00 0.000000e+00
    outer loop
      vertex   1.690720e+01 2.593330e+01 1.500000e+00
      vertex   1.690720e+01 3.173350e+01 0.000000e+00
      vertex   1.690720e+01 3.173350e+01 1.500000e+00
    endloop
  endfacet
  facet normal 0.000000e+00 -1.000000e+00 0.000000e+00
    outer loop
      vertex   1.610650e+01 2.593330e+01 0.000000e+00
      vertex   1.690720e+01 2.593330e+01 0.000000e+00
      vertex   1.610650e+01 2.593330e+01 1.500000e+00
    endloop
  endfacet
  facet normal 0.000000e+00 -1.000000e+00 0.000000e+00
    outer loop
      vertex   1.610650e+01 2.593330e+01 1.500000e+00
      vertex   1.690720e+01 2.593330e+01 0.000000e+00
      vertex   1.690720e+01 2.593330e+01 1.500000e+00
    endloop
  endfacet
  facet normal 1.000000e+00 0.000000e+00 0.000000e+00
    outer loop
      vertex   1.610650e+01 2.283270e+01 0.000000e+00
      vertex   1.610650e+01 2.593330e+01 0.000000e+00
      vertex   1.610650e+01 2.283270e+01 1.500000e+00
    endloop
  endfacet
  facet normal 1.000000e+00 -0.000000e+00 0.000000e+00
    outer loop
      vertex   1.610650e+01 2.283270e+01 1.500000e+00
      vertex   1.610650e+01 2.593330e+01 0.000000e+00
      vertex   1.610650e+01 2.593330e+01 1.500000e+00
    endloop
  endfacet
  facet normal 0.000000e+00 1.000000e+00 -0.000000e+00
    outer loop
      vertex   1.690720e+01 2.283270e+01 0.000000e+00
      vertex   1.610650e+01 2.283270e+01 0.000000e+00
      vertex   1.690720e+01 2.283270e+01 1.500000e+00
    endloop
  endfacet
  facet normal 0.000000e+00 1.000000e+00 0.000000e+00
    outer loop
      vertex   1.690720e+01 2.283270e+01 1.500000e+00
      vertex   1.610650e+01 2.283270e+01 0.000000e+00
      vertex   1.610650e+01 2.283270e+01 1.500000e+00
    endloop
  endfacet
  facet normal 1.000000e+00 0.000000e+00 0.000000e+00
    outer loop
      vertex   1.690720e+01 2.183360e+01 0.000000e+00
      vertex   1.690720e+01 2.283270e+01 0.000000e+00
      vertex   1.690720e+01 2.183360e+01 1.500000e+00
    endloop
  endfacet
  facet normal 1.000000e+00 -0.000000e+00 0.000000e+00
    outer loop
      vertex   1.690720e+01 2.183360e+01 1.500000e+00
      vertex   1.690720e+01 2.283270e+01 0.000000e+00
      vertex   1.690720e+01 2.283270e+01 1.500000e+00
    endloop
  endfacet
  facet normal 0.000000e+00 1.000000e+00 -0.000000e+00
    outer loop
      vertex   3.090660e+01 2.183360e+01 0.000000e+00
      vertex   1.690720e+01 2.183360e+01 0.000000e+00
      vertex   3.090660e+01 2.183360e+01 1.500000e+00
    endloop
  endfacet
  facet normal 0.000000e+00 1.000000e+00 0.000000e+00
    outer loop
      vertex   3.090660e+01 2.183360e+01 1.500000e+00
      vertex   1.690720e+01 2.183360e+01 0.000000e+00
      vertex   1.690720e+01 2.183360e+01 1.500000e+00
    endloop
  endfacet
  facet normal -1.000000e+00 0.000000e+00 0.000000e+00
    outer loop
      vertex   3.090660e+01 2.283270e+01 0.000000e+00
      vertex   3.090660e+01 2.183360e+01 0.000000e+00
      vertex   3.090660e+01 2.283270e+01 1.500000e+00
    endloop
  endfacet
  facet normal -1.000000e+00 -0.000000e+00 0.000000e+00
    outer loop
      vertex   3.090660e+01 2.283270e+01 1.500000e+00
      vertex   3.090660e+01 2.183360e+01 0.000000e+00
      vertex   3.090660e+01 2.183360e+01 1.500000e+00
    endloop
  endfacet
  facet normal 0.000000e+00 1.000000e+00 -0.000000e+00
    outer loop
      vertex   3.170590e+01 2.283270e+01 0.000000e+00
      vertex   3.090660e+01 2.283270e+01 0.000000e+00
      vertex   3.170590e+01 2.283270e+01 1.500000e+00
    endloop
  endfacet
  facet normal 0.000000e+00 1.000000e+00 0.000000e+00
    outer loop
      vertex   3.170590e+01 2.283270e+01 1.500000e+00
      vertex   3.090660e+01 2.283270e+01 0.000000e+00
      vertex   3.090660e+01 2.283270e+01 1.500000e+00
    endloop
  endfacet
  facet normal -1.000000e+00 0.000000e+00 0.000000e+00
    outer loop
      vertex   3.170590e+01 2.593330e+01 0.000000e+00
      vertex   3.170590e+01 2.283270e+01 0.000000e+00
      vertex   3.170590e+01 2.593330e+01 1.500000e+00
    endloop
  endfacet
  facet normal -1.000000e+00 -0.000000e+00 0.000000e+00
    outer loop
      vertex   3.170590e+01 2.593330e+01 1.500000e+00
      vertex   3.170590e+01 2.283270e+01 0.000000e+00
      vertex   3.170590e+01 2.283270e+01 1.500000e+00
    endloop
  endfacet
  facet normal 0.000000e+00 -1.000000e+00 0.000000e+00
    outer loop
      vertex   3.090660e+01 2.593330e+01 0.000000e+00
      vertex   3.170590e+01 2.593330e+01 0.000000e+00
      vertex   3.090660e+01 2.593330e+01 1.500000e+00
    endloop
  endfacet
  facet normal 0.000000e+00 -1.000000e+00 0.000000e+00
    outer loop
      vertex   3.090660e+01 2.593330e+01 1.500000e+00
      vertex   3.170590e+01 2.593330e+01 0.000000e+00
      vertex   3.170590e+01 2.593330e+01 1.500000e+00
    endloop
  endfacet
  facet normal 0.000000e+00 1.000000e+00 -0.000000e+00
    outer loop
      vertex   1.597820e+02 5.078340e+01 0.000000e+00
      vertex   1.589810e+02 5.078340e+01 0.000000e+00
      vertex   1.597820e+02 5.078340e+01 1.500000e+00
    endloop
  endfacet
  facet normal 0.000000e+00 1.000000e+00 0.000000e+00
    outer loop
      vertex   1.597820e+02 5.078340e+01 1.500000e+00
      vertex   1.589810e+02 5.078340e+01 0.000000e+00
      vertex   1.589810e+02 5.078340e+01 1.500000e+00
    endloop
  endfacet
  facet normal 1.000000e+00 0.000000e+00 0.000000e+00
    outer loop
      vertex   1.597820e+02 4.498340e+01 0.000000e+00
      vertex   1.597820e+02 5.078340e+01 0.000000e+00
      vertex   1.597820e+02 4.498340e+01 1.500000e+00
    endloop
  endfacet
  facet normal 1.000000e+00 -0.000000e+00 0.000000e+00
    outer loop
      vertex   1.597820e+02 4.498340e+01 1.500000e+00
      vertex   1.597820e+02 5.078340e+01 0.000000e+00
      vertex   1.597820e+02 5.078340e+01 1.500000e+00
    endloop
  endfacet
  facet normal 0.000000e+00 -1.000000e+00 0.000000e+00
    outer loop
      vertex   1.589810e+02 4.498340e+01 0.000000e+00
      vertex   1.597820e+02 4.498340e+01 0.000000e+00
      vertex   1.589810e+02 4.498340e+01 1.500000e+00
    endloop
  endfacet
  facet normal 0.000000e+00 -1.000000e+00 0.000000e+00
    outer loop
      vertex   1.589810e+02 4.498340e+01 1.500000e+00
      vertex   1.597820e+02 4.498340e+01 0.000000e+00
      vertex   1.597820e+02 4.498340e+01 1.500000e+00
    endloop
  endfacet
  facet normal 1.000000e+00 0.000000e+00 0.000000e+00
    outer loop
      vertex   1.589810e+02 4.188280e+01 0.000000e+00
      vertex   1.589810e+02 4.498340e+01 0.000000e+00
      vertex   1.589810e+02 4.188280e+01 1.500000e+00
    endloop
  endfacet
  facet normal 1.000000e+00 -0.000000e+00 0.000000e+00
    outer loop
      vertex   1.589810e+02 4.188280e+01 1.500000e+00
      vertex   1.589810e+02 4.498340e+01 0.000000e+00
      vertex   1.589810e+02 4.498340e+01 1.500000e+00
    endloop
  endfacet
  facet normal 0.000000e+00 1.000000e+00 -0.000000e+00
    outer loop
      vertex   1.597820e+02 4.188280e+01 0.000000e+00
      vertex   1.589810e+02 4.188280e+01 0.000000e+00
      vertex   1.597820e+02 4.188280e+01 1.500000e+00
    endloop
  endfacet
  facet normal 0.000000e+00 1.000000e+00 0.000000e+00
    outer loop
      vertex   1.597820e+02 4.188280e+01 1.500000e+00
      vertex   1.589810e+02 4.188280e+01 0.000000e+00
      vertex   1.589810e+02 4.188280e+01 1.500000e+00
    endloop
  endfacet
  facet normal 1.000000e+00 0.000000e+00 0.000000e+00
    outer loop
      vertex   1.597820e+02 4.088380e+01 0.000000e+00
      vertex   1.597820e+02 4.188280e+01 0.000000e+00
      vertex   1.597820e+02 4.088380e+01 1.500000e+00
    endloop
  endfacet
  facet normal 1.000000e+00 -0.000000e+00 0.000000e+00
    outer loop
      vertex   1.597820e+02 4.088380e+01 1.500000e+00
      vertex   1.597820e+02 4.188280e+01 0.000000e+00
      vertex   1.597820e+02 4.188280e+01 1.500000e+00
    endloop
  endfacet
  facet normal 0.000000e+00 1.000000e+00 -0.000000e+00
    outer loop
      vertex   1.737820e+02 4.088380e+01 0.000000e+00
      vertex   1.597820e+02 4.088380e+01 0.000000e+00
      vertex   1.737820e+02 4.088380e+01 1.500000e+00
    endloop
  endfacet
  facet normal 0.000000e+00 1.000000e+00 0.000000e+00
    outer loop
      vertex   1.737820e+02 4.088380e+01 1.500000e+00
      vertex   1.597820e+02 4.088380e+01 0.000000e+00
      vertex   1.597820e+02 4.088380e+01 1.500000e+00
    endloop
  endfacet
  facet normal -1.000000e+00 0.000000e+00 0.000000e+00
    outer loop
      vertex   1.737820e+02 4.188280e+01 0.000000e+00
      vertex   1.737820e+02 4.088380e+01 0.000000e+00
      vertex   1.737820e+02 4.188280e+01 1.500000e+00
    endloop
  endfacet
  facet normal -1.000000e+00 -0.000000e+00 0.000000e+00
    outer loop
      vertex   1.737820e+02 4.188280e+01 1.500000e+00
      vertex   1.737820e+02 4.088380e+01 0.000000e+00
      vertex   1.737820e+02 4.088380e+01 1.500000e+00
    endloop
  endfacet
  facet normal 0.000000e+00 1.000000e+00 -0.000000e+00
    outer loop
      vertex   1.745810e+02 4.188280e+01 0.000000e+00
      vertex   1.737820e+02 4.188280e+01 0.000000e+00
      vertex   1.745810e+02 4.188280e+01 1.500000e+00
    endloop
  endfacet
  facet normal 0.000000e+00 1.000000e+00 0.000000e+00
    outer loop
      vertex   1.745810e+02 4.188280e+01 1.500000e+00
      vertex   1.737820e+02 4.188280e+01 0.000000e+00
      vertex   1.737820e+02 4.188280e+01 1.500000e+00
    endloop
  endfacet
  facet normal -1.000000e+00 0.000000e+00 0.000000e+00
    outer loop
      vertex   1.745810e+02 4.498340e+01 0.000000e+00
      vertex   1.745810e+02 4.188280e+01 0.000000e+00
      vertex   1.745810e+02 4.498340e+01 1.500000e+00
    endloop
  endfacet
  facet normal -1.000000e+00 -0.000000e+00 0.000000e+00
    outer loop
      vertex   1.745810e+02 4.498340e+01 1.500000e+00
      vertex   1.745810e+02 4.188280e+01 0.000000e+00
      vertex   1.745810e+02 4.188280e+01 1.500000e+00
    endloop
  endfacet
  facet normal 0.000000e+00 -1.000000e+00 0.000000e+00
    outer loop
      vertex   1.737820e+02 4.498340e+01 0.000000e+00
      vertex   1.745810e+02 4.498340e+01 0.000000e+00
      vertex   1.737820e+02 4.498340e+01 1.500000e+00
    endloop
  endfacet
  facet normal 0.000000e+00 -1.000000e+00 0.000000e+00
    outer loop
      vertex   1.737820e+02 4.498340e+01 1.500000e+00
      vertex   1.745810e+02 4.498340e+01 0.000000e+00
      vertex   1.745810e+02 4.498340e+01 1.500000e+00
    endloop
  endfacet
  facet normal -1.000000e+00 0.000000e+00 0.000000e+00
    outer loop
      vertex   1.737820e+02 5.078340e+01 0.000000e+00
      vertex   1.737820e+02 4.498340e+01 0.000000e+00
      vertex   1.737820e+02 5.078340e+01 1.500000e+00
    endloop
  endfacet
  facet normal -1.000000e+00 -0.000000e+00 0.000000e+00
    outer loop
      vertex   1.737820e+02 5.078340e+01 1.500000e+00
      vertex   1.737820e+02 4.498340e+01 0.000000e+00
      vertex   1.737820e+02 4.498340e+01 1.500000e+00
    endloop
  endfacet
  facet normal 0.000000e+00 1.000000e+00 -0.000000e+00
    outer loop
      vertex   1.745810e+02 5.078340e+01 0.000000e+00
      vertex   1.737820e+02 5.078340e+01 0.000000e+00
      vertex   1.745810e+02 5.078340e+01 1.500000e+00
    endloop
  endfacet
  facet normal 0.000000e+00 1.000000e+00 0.000000e+00
    outer loop
      vertex   1.745810e+02 5.078340e+01 1.500000e+00
      vertex   1.737820e+02 5.078340e+01 0.000000e+00
      vertex   1.737820e+02 5.078340e+01 1.500000e+00
    endloop
  endfacet
  facet normal -1.000000e+00 0.000000e+00 0.000000e+00
    outer loop
      vertex   1.745810e+02 5.388260e+01 0.000000e+00
      vertex   1.745810e+02 5.078340e+01 0.000000e+00
      vertex   1.745810e+02 5.388260e+01 1.500000e+00
    endloop
  endfacet
  facet normal -1.000000e+00 -0.000000e+00 0.000000e+00
    outer loop
      vertex   1.745810e+02 5.388260e+01 1.500000e+00
      vertex   1.745810e+02 5.078340e+01 0.000000e+00
      vertex   1.745810e+02 5.078340e+01 1.500000e+00
    endloop
  endfacet
  facet normal 0.000000e+00 -1.000000e+00 0.000000e+00
    outer loop
      vertex   1.737820e+02 5.388260e+01 0.000000e+00
      vertex   1.745810e+02 5.388260e+01 0.000000e+00
      vertex   1.737820e+02 5.388260e+01 1.500000e+00
    endloop
  endfacet
  facet normal 0.000000e+00 -1.000000e+00 0.000000e+00
    outer loop
      vertex   1.737820e+02 5.388260e+01 1.500000e+00
      vertex   1.745810e+02 5.388260e+01 0.000000e+00
      vertex   1.745810e+02 5.388260e+01 1.500000e+00
    endloop
  endfacet
  facet normal -1.000000e+00 0.000000e+00 0.000000e+00
    outer loop
      vertex   1.737820e+02 5.488310e+01 0.000000e+00
      vertex   1.737820e+02 5.388260e+01 0.000000e+00
      vertex   1.737820e+02 5.488310e+01 1.500000e+00
    endloop
  endfacet
  facet normal -1.000000e+00 -0.000000e+00 0.000000e+00
    outer loop
      vertex   1.737820e+02 5.488310e+01 1.500000e+00
      vertex   1.737820e+02 5.388260e+01 0.000000e+00
      vertex   1.737820e+02 5.388260e+01 1.500000e+00
    endloop
  endfacet
  facet normal 0.000000e+00 -1.000000e+00 0.000000e+00
    outer loop
      vertex   1.597820e+02 5.488310e+01 0.000000e+00
      vertex   1.737820e+02 5.488310e+01 0.000000e+00
      vertex   1.597820e+02 5.488310e+01 1.500000e+00
    endloop
  endfacet
  facet normal 0.000000e+00 -1.000000e+00 0.000000e+00
    outer loop
      vertex   1.597820e+02 5.488310e+01 1.500000e+00
      vertex   1.737820e+02 5.488310e+01 0.000000e+00
      vertex   1.737820e+02 5.488310e+01 1.500000e+00
    endloop
  endfacet
  facet normal 1.000000e+00 0.000000e+00 0.000000e+00
    outer loop
      vertex   1.597820e+02 5.388260e+01 0.000000e+00
      vertex   1.597820e+02 5.488310e+01 0.000000e+00
      vertex   1.597820e+02 5.388260e+01 1.500000e+00
    endloop
  endfacet
  facet normal 1.000000e+00 -0.000000e+00 0.000000e+00
    outer loop
      vertex   1.597820e+02 5.388260e+01 1.500000e+00
      vertex   1.597820e+02 5.488310e+01 0.000000e+00
      vertex   1.597820e+02 5.488310e+01 1.500000e+00
    endloop
  endfacet
  facet normal 0.000000e+00 -1.000000e+00 0.000000e+00
    outer loop
      vertex   1.589810e+02 5.388260e+01 0.000000e+00
      vertex   1.597820e+02 5.388260e+01 0.000000e+00
      vertex   1.589810e+02 5.388260e+01 1.500000e+00
    endloop
  endfacet
  facet normal 0.000000e+00 -1.000000e+00 0.000000e+00
    outer loop
      vertex   1.589810e+02 5.388260e+01 1.500000e+00
      vertex   1.597820e+02 5.388260e+01 0.000000e+00
      vertex   1.597820e+02 5.388260e+01 1.500000e+00
    endloop
  endfacet
  facet normal 1.000000e+00 0.000000e+00 0.000000e+00
    outer loop
      vertex   1.589810e+02 5.078340e+01 0.000000e+00
      vertex   1.589810e+02 5.388260e+01 0.000000e+00
      vertex   1.589810e+02 5.078340e+01 1.500000e+00
    endloop
  endfacet
  facet normal 1.000000e+00 -0.000000e+00 0.000000e+00
    outer loop
      vertex   1.589810e+02 5.078340e+01 1.500000e+00
      vertex   1.589810e+02 5.388260e+01 0.000000e+00
      vertex   1.589810e+02 5.388260e+01 1.500000e+00
    endloop
  endfacet
  facet normal 0.000000e+00 -1.000000e+00 0.000000e+00
    outer loop
      vertex   1.547320e+02 5.388260e+01 0.000000e+00
      vertex   1.555310e+02 5.388260e+01 0.000000e+00
      vertex   1.547320e+02 5.388260e+01 1.500000e+00
    endloop
  endfacet
  facet normal 0.000000e+00 -1.000000e+00 0.000000e+00
    outer loop
      vertex   1.547320e+02 5.388260e+01 1.500000e+00
      vertex   1.555310e+02 5.388260e+01 0.000000e+00
      vertex   1.555310e+02 5.388260e+01 1.500000e+00
    endloop
  endfacet
  facet normal -1.000000e+00 0.000000e+00 1.894781e-14
    outer loop
      vertex   1.547320e+02 5.488310e+01 0.000000e+00
      vertex   1.547320e+02 5.388260e+01 0.000000e+00
      vertex   1.547320e+02 5.488310e+01 1.500000e+00
    endloop
  endfacet
  facet normal -1.000000e+00 0.000000e+00 1.894781e-14
    outer loop
      vertex   1.547320e+02 5.488310e+01 1.500000e+00
      vertex   1.547320e+02 5.388260e+01 0.000000e+00
      vertex   1.547320e+02 5.388260e+01 1.500000e+00
    endloop
  endfacet
  facet normal 0.000000e+00 -1.000000e+00 0.000000e+00
    outer loop
      vertex   1.407320e+02 5.488310e+01 0.000000e+00
      vertex   1.547320e+02 5.488310e+01 0.000000e+00
      vertex   1.407320e+02 5.488310e+01 1.500000e+00
    endloop
  endfacet
  facet normal 0.000000e+00 -1.000000e+00 0.000000e+00
    outer loop
      vertex   1.407320e+02 5.488310e+01 1.500000e+00
      vertex   1.547320e+02 5.488310e+01 0.000000e+00
      vertex   1.547320e+02 5.488310e+01 1.500000e+00
    endloop
  endfacet
  facet normal 1.000000e+00 0.000000e+00 0.000000e+00
    outer loop
      vertex   1.407320e+02 5.388260e+01 0.000000e+00
      vertex   1.407320e+02 5.488310e+01 0.000000e+00
      vertex   1.407320e+02 5.388260e+01 1.500000e+00
    endloop
  endfacet
  facet normal 1.000000e+00 -0.000000e+00 0.000000e+00
    outer loop
      vertex   1.407320e+02 5.388260e+01 1.500000e+00
      vertex   1.407320e+02 5.488310e+01 0.000000e+00
      vertex   1.407320e+02 5.488310e+01 1.500000e+00
    endloop
  endfacet
  facet normal 0.000000e+00 -1.000000e+00 0.000000e+00
    outer loop
      vertex   1.399310e+02 5.388260e+01 0.000000e+00
      vertex   1.407320e+02 5.388260e+01 0.000000e+00
      vertex   1.399310e+02 5.388260e+01 1.500000e+00
    endloop
  endfacet
  facet normal 0.000000e+00 -1.000000e+00 0.000000e+00
    outer loop
      vertex   1.399310e+02 5.388260e+01 1.500000e+00
      vertex   1.407320e+02 5.388260e+01 0.000000e+00
      vertex   1.407320e+02 5.388260e+01 1.500000e+00
    endloop
  endfacet
  facet normal 1.000000e+00 0.000000e+00 0.000000e+00
    outer loop
      vertex   1.399310e+02 5.078340e+01 0.000000e+00
      vertex   1.399310e+02 5.388260e+01 0.000000e+00
      vertex   1.399310e+02 5.078340e+01 1.500000e+00
    endloop
  endfacet
  facet normal 1.000000e+00 -0.000000e+00 0.000000e+00
    outer loop
      vertex   1.399310e+02 5.078340e+01 1.500000e+00
      vertex   1.399310e+02 5.388260e+01 0.000000e+00
      vertex   1.399310e+02 5.388260e+01 1.500000e+00
    endloop
  endfacet
  facet normal 0.000000e+00 1.000000e+00 -0.000000e+00
    outer loop
      vertex   1.407320e+02 5.078340e+01 0.000000e+00
      vertex   1.399310e+02 5.078340e+01 0.000000e+00
      vertex   1.407320e+02 5.078340e+01 1.500000e+00
    endloop
  endfacet
  facet normal 0.000000e+00 1.000000e+00 0.000000e+00
    outer loop
      vertex   1.407320e+02 5.078340e+01 1.500000e+00
      vertex   1.399310e+02 5.078340e+01 0.000000e+00
      vertex   1.399310e+02 5.078340e+01 1.500000e+00
    endloop
  endfacet
  facet normal 1.000000e+00 0.000000e+00 0.000000e+00
    outer loop
      vertex   1.407320e+02 4.498340e+01 0.000000e+00
      vertex   1.407320e+02 5.078340e+01 0.000000e+00
      vertex   1.407320e+02 4.498340e+01 1.500000e+00
    endloop
  endfacet
  facet normal 1.000000e+00 -0.000000e+00 0.000000e+00
    outer loop
      vertex   1.407320e+02 4.498340e+01 1.500000e+00
      vertex   1.407320e+02 5.078340e+01 0.000000e+00
      vertex   1.407320e+02 5.078340e+01 1.500000e+00
    endloop
  endfacet
  facet normal 0.000000e+00 -1.000000e+00 0.000000e+00
    outer loop
      vertex   1.399310e+02 4.498340e+01 0.000000e+00
      vertex   1.407320e+02 4.498340e+01 0.000000e+00
      vertex   1.399310e+02 4.498340e+01 1.500000e+00
    endloop
  endfacet
  facet normal 0.000000e+00 -1.000000e+00 0.000000e+00
    outer loop
      vertex   1.399310e+02 4.498340e+01 1.500000e+00
      vertex   1.407320e+02 4.498340e+01 0.000000e+00
      vertex   1.407320e+02 4.498340e+01 1.500000e+00
    endloop
  endfacet
  facet normal 1.000000e+00 0.000000e+00 0.000000e+00
    outer loop
      vertex   1.399310e+02 4.188280e+01 0.000000e+00
      vertex   1.399310e+02 4.498340e+01 0.000000e+00
      vertex   1.399310e+02 4.188280e+01 1.500000e+00
    endloop
  endfacet
  facet normal 1.000000e+00 -0.000000e+00 0.000000e+00
    outer loop
      vertex   1.399310e+02 4.188280e+01 1.500000e+00
      vertex   1.399310e+02 4.498340e+01 0.000000e+00
      vertex   1.399310e+02 4.498340e+01 1.500000e+00
    endloop
  endfacet
  facet normal 0.000000e+00 1.000000e+00 -0.000000e+00
    outer loop
      vertex   1.407320e+02 4.188280e+01 0.000000e+00
      vertex   1.399310e+02 4.188280e+01 0.000000e+00
      vertex   1.407320e+02 4.188280e+01 1.500000e+00
    endloop
  endfacet
  facet normal 0.000000e+00 1.000000e+00 0.000000e+00
    outer loop
      vertex   1.407320e+02 4.188280e+01 1.500000e+00
      vertex   1.399310e+02 4.188280e+01 0.000000e+00
      vertex   1.399310e+02 4.188280e+01 1.500000e+00
    endloop
  endfacet
  facet normal 1.000000e+00 0.000000e+00 0.000000e+00
    outer loop
      vertex   1.407320e+02 4.088380e+01 0.000000e+00
      vertex   1.407320e+02 4.188280e+01 0.000000e+00
      vertex   1.407320e+02 4.088380e+01 1.500000e+00
    endloop
  endfacet
  facet normal 1.000000e+00 -0.000000e+00 0.000000e+00
    outer loop
      vertex   1.407320e+02 4.088380e+01 1.500000e+00
      vertex   1.407320e+02 4.188280e+01 0.000000e+00
      vertex   1.407320e+02 4.188280e+01 1.500000e+00
    endloop
  endfacet
  facet normal 0.000000e+00 1.000000e+00 -0.000000e+00
    outer loop
      vertex   1.547320e+02 4.088380e+01 0.000000e+00
      vertex   1.407320e+02 4.088380e+01 0.000000e+00
      vertex   1.547320e+02 4.088380e+01 1.500000e+00
    endloop
  endfacet
  facet normal 0.000000e+00 1.000000e+00 0.000000e+00
    outer loop
      vertex   1.547320e+02 4.088380e+01 1.500000e+00
      vertex   1.407320e+02 4.088380e+01 0.000000e+00
      vertex   1.407320e+02 4.088380e+01 1.500000e+00
    endloop
  endfacet
  facet normal -1.000000e+00 0.000000e+00 1.894781e-14
    outer loop
      vertex   1.547320e+02 4.188280e+01 0.000000e+00
      vertex   1.547320e+02 4.088380e+01 0.000000e+00
      vertex   1.547320e+02 4.188280e+01 1.500000e+00
    endloop
  endfacet
  facet normal -1.000000e+00 0.000000e+00 1.894781e-14
    outer loop
      vertex   1.547320e+02 4.188280e+01 1.500000e+00
      vertex   1.547320e+02 4.088380e+01 0.000000e+00
      vertex   1.547320e+02 4.088380e+01 1.500000e+00
    endloop
  endfacet
  facet normal 0.000000e+00 1.000000e+00 -0.000000e+00
    outer loop
      vertex   1.555310e+02 4.188280e+01 0.000000e+00
      vertex   1.547320e+02 4.188280e+01 0.000000e+00
      vertex   1.555310e+02 4.188280e+01 1.500000e+00
    endloop
  endfacet
  facet normal 0.000000e+00 1.000000e+00 0.000000e+00
    outer loop
      vertex   1.555310e+02 4.188280e+01 1.500000e+00
      vertex   1.547320e+02 4.188280e+01 0.000000e+00
      vertex   1.547320e+02 4.188280e+01 1.500000e+00
    endloop
  endfacet
  facet normal -1.000000e+00 0.000000e+00 0.000000e+00
    outer loop
      vertex   1.555310e+02 4.498340e+01 0.000000e+00
      vertex   1.555310e+02 4.188280e+01 0.000000e+00
      vertex   1.555310e+02 4.498340e+01 1.500000e+00
    endloop
  endfacet
  facet normal -1.000000e+00 -0.000000e+00 0.000000e+00
    outer loop
      vertex   1.555310e+02 4.498340e+01 1.500000e+00
      vertex   1.555310e+02 4.188280e+01 0.000000e+00
      vertex   1.555310e+02 4.188280e+01 1.500000e+00
    endloop
  endfacet
  facet normal 0.000000e+00 -1.000000e+00 0.000000e+00
    outer loop
      vertex   1.547320e+02 4.498340e+01 0.000000e+00
      vertex   1.555310e+02 4.498340e+01 0.000000e+00
      vertex   1.547320e+02 4.498340e+01 1.500000e+00
    endloop
  endfacet
  facet normal 0.000000e+00 -1.000000e+00 0.000000e+00
    outer loop
      vertex   1.547320e+02 4.498340e+01 1.500000e+00
      vertex   1.555310e+02 4.498340e+01 0.000000e+00
      vertex   1.555310e+02 4.498340e+01 1.500000e+00
    endloop
  endfacet
  facet normal -1.000000e+00 0.000000e+00 1.894781e-14
    outer loop
      vertex   1.547320e+02 5.078340e+01 0.000000e+00
      vertex   1.547320e+02 4.498340e+01 0.000000e+00
      vertex   1.547320e+02 5.078340e+01 1.500000e+00
    endloop
  endfacet
  facet normal -1.000000e+00 0.000000e+00 1.894781e-14
    outer loop
      vertex   1.547320e+02 5.078340e+01 1.500000e+00
      vertex   1.547320e+02 4.498340e+01 0.000000e+00
      vertex   1.547320e+02 4.498340e+01 1.500000e+00
    endloop
  endfacet
  facet normal 0.000000e+00 1.000000e+00 -0.000000e+00
    outer loop
      vertex   1.555310e+02 5.078340e+01 0.000000e+00
      vertex   1.547320e+02 5.078340e+01 0.000000e+00
      vertex   1.555310e+02 5.078340e+01 1.500000e+00
    endloop
  endfacet
  facet normal 0.000000e+00 1.000000e+00 0.000000e+00
    outer loop
      vertex   1.555310e+02 5.078340e+01 1.500000e+00
      vertex   1.547320e+02 5.078340e+01 0.000000e+00
      vertex   1.547320e+02 5.078340e+01 1.500000e+00
    endloop
  endfacet
  facet normal -1.000000e+00 0.000000e+00 0.000000e+00
    outer loop
      vertex   1.555310e+02 5.388260e+01 0.000000e+00
      vertex   1.555310e+02 5.078340e+01 0.000000e+00
      vertex   1.555310e+02 5.388260e+01 1.500000e+00
    endloop
  endfacet
  facet normal -1.000000e+00 -0.000000e+00 0.000000e+00
    outer loop
      vertex   1.555310e+02 5.388260e+01 1.500000e+00
      vertex   1.555310e+02 5.078340e+01 0.000000e+00
      vertex   1.555310e+02 5.078340e+01 1.500000e+00
    endloop
  endfacet
  facet normal 0.000000e+00 1.000000e+00 -0.000000e+00
    outer loop
      vertex   5.500720e+01 3.173350e+01 0.000000e+00
      vertex   5.420640e+01 3.173350e+01 0.000000e+00
      vertex   5.500720e+01 3.173350e+01 1.500000e+00
    endloop
  endfacet
  facet normal 0.000000e+00 1.000000e+00 0.000000e+00
    outer loop
      vertex   5.500720e+01 3.173350e+01 1.500000e+00
      vertex   5.420640e+01 3.173350e+01 0.000000e+00
      vertex   5.420640e+01 3.173350e+01 1.500000e+00
    endloop
  endfacet
  facet normal 1.000000e+00 0.000000e+00 0.000000e+00
    outer loop
      vertex   5.500720e+01 2.593330e+01 0.000000e+00
      vertex   5.500720e+01 3.173350e+01 0.000000e+00
      vertex   5.500720e+01 2.593330e+01 1.500000e+00
    endloop
  endfacet
  facet normal 1.000000e+00 -0.000000e+00 0.000000e+00
    outer loop
      vertex   5.500720e+01 2.593330e+01 1.500000e+00
      vertex   5.500720e+01 3.173350e+01 0.000000e+00
      vertex   5.500720e+01 3.173350e+01 1.500000e+00
    endloop
  endfacet
  facet normal 0.000000e+00 -1.000000e+00 0.000000e+00
    outer loop
      vertex   5.420640e+01 2.593330e+01 0.000000e+00
      vertex   5.500720e+01 2.593330e+01 0.000000e+00
      vertex   5.420640e+01 2.593330e+01 1.500000e+00
    endloop
  endfacet
  facet normal 0.000000e+00 -1.000000e+00 0.000000e+00
    outer loop
      vertex   5.420640e+01 2.593330e+01 1.500000e+00
      vertex   5.500720e+01 2.593330e+01 0.000000e+00
      vertex   5.500720e+01 2.593330e+01 1.500000e+00
    endloop
  endfacet
  facet normal 1.000000e+00 0.000000e+00 0.000000e+00
    outer loop
      vertex   5.420640e+01 2.283270e+01 0.000000e+00
      vertex   5.420640e+01 2.593330e+01 0.000000e+00
      vertex   5.420640e+01 2.283270e+01 1.500000e+00
    endloop
  endfacet
  facet normal 1.000000e+00 -0.000000e+00 0.000000e+00
    outer loop
      vertex   5.420640e+01 2.283270e+01 1.500000e+00
      vertex   5.420640e+01 2.593330e+01 0.000000e+00
      vertex   5.420640e+01 2.593330e+01 1.500000e+00
    endloop
  endfacet
  facet normal 0.000000e+00 1.000000e+00 -0.000000e+00
    outer loop
      vertex   5.500720e+01 2.283270e+01 0.000000e+00
      vertex   5.420640e+01 2.283270e+01 0.000000e+00
      vertex   5.500720e+01 2.283270e+01 1.500000e+00
    endloop
  endfacet
  facet normal 0.000000e+00 1.000000e+00 0.000000e+00
    outer loop
      vertex   5.500720e+01 2.283270e+01 1.500000e+00
      vertex   5.420640e+01 2.283270e+01 0.000000e+00
      vertex   5.420640e+01 2.283270e+01 1.500000e+00
    endloop
  endfacet
  facet normal 1.000000e+00 0.000000e+00 0.000000e+00
    outer loop
      vertex   5.500720e+01 2.183360e+01 0.000000e+00
      vertex   5.500720e+01 2.283270e+01 0.000000e+00
      vertex   5.500720e+01 2.183360e+01 1.500000e+00
    endloop
  endfacet
  facet normal 1.000000e+00 -0.000000e+00 0.000000e+00
    outer loop
      vertex   5.500720e+01 2.183360e+01 1.500000e+00
      vertex   5.500720e+01 2.283270e+01 0.000000e+00
      vertex   5.500720e+01 2.283270e+01 1.500000e+00
    endloop
  endfacet
  facet normal 0.000000e+00 1.000000e+00 -0.000000e+00
    outer loop
      vertex   6.900650e+01 2.183360e+01 0.000000e+00
      vertex   5.500720e+01 2.183360e+01 0.000000e+00
      vertex   6.900650e+01 2.183360e+01 1.500000e+00
    endloop
  endfacet
  facet normal 0.000000e+00 1.000000e+00 0.000000e+00
    outer loop
      vertex   6.900650e+01 2.183360e+01 1.500000e+00
      vertex   5.500720e+01 2.183360e+01 0.000000e+00
      vertex   5.500720e+01 2.183360e+01 1.500000e+00
    endloop
  endfacet
  facet normal -1.000000e+00 0.000000e+00 0.000000e+00
    outer loop
      vertex   6.900650e+01 2.283270e+01 0.000000e+00
      vertex   6.900650e+01 2.183360e+01 0.000000e+00
      vertex   6.900650e+01 2.283270e+01 1.500000e+00
    endloop
  endfacet
  facet normal -1.000000e+00 -0.000000e+00 0.000000e+00
    outer loop
      vertex   6.900650e+01 2.283270e+01 1.500000e+00
      vertex   6.900650e+01 2.183360e+01 0.000000e+00
      vertex   6.900650e+01 2.183360e+01 1.500000e+00
    endloop
  endfacet
  facet normal 0.000000e+00 1.000000e+00 -0.000000e+00
    outer loop
      vertex   6.980590e+01 2.283270e+01 0.000000e+00
      vertex   6.900650e+01 2.283270e+01 0.000000e+00
      vertex   6.980590e+01 2.283270e+01 1.500000e+00
    endloop
  endfacet
  facet normal 0.000000e+00 1.000000e+00 0.000000e+00
    outer loop
      vertex   6.980590e+01 2.283270e+01 1.500000e+00
      vertex   6.900650e+01 2.283270e+01 0.000000e+00
      vertex   6.900650e+01 2.283270e+01 1.500000e+00
    endloop
  endfacet
  facet normal -1.000000e+00 0.000000e+00 0.000000e+00
    outer loop
      vertex   6.980590e+01 2.593330e+01 0.000000e+00
      vertex   6.980590e+01 2.283270e+01 0.000000e+00
      vertex   6.980590e+01 2.593330e+01 1.500000e+00
    endloop
  endfacet
  facet normal -1.000000e+00 -0.000000e+00 0.000000e+00
    outer loop
      vertex   6.980590e+01 2.593330e+01 1.500000e+00
      vertex   6.980590e+01 2.283270e+01 0.000000e+00
      vertex   6.980590e+01 2.283270e+01 1.500000e+00
    endloop
  endfacet
  facet normal 0.000000e+00 -1.000000e+00 0.000000e+00
    outer loop
      vertex   6.900650e+01 2.593330e+01 0.000000e+00
      vertex   6.980590e+01 2.593330e+01 0.000000e+00
      vertex   6.900650e+01 2.593330e+01 1.500000e+00
    endloop
  endfacet
  facet normal 0.000000e+00 -1.000000e+00 0.000000e+00
    outer loop
      vertex   6.900650e+01 2.593330e+01 1.500000e+00
      vertex   6.980590e+01 2.593330e+01 0.000000e+00
      vertex   6.980590e+01 2.593330e+01 1.500000e+00
    endloop
  endfacet
  facet normal -1.000000e+00 0.000000e+00 0.000000e+00
    outer loop
      vertex   6.900650e+01 3.173350e+01 0.000000e+00
      vertex   6.900650e+01 2.593330e+01 0.000000e+00
      vertex   6.900650e+01 3.173350e+01 1.500000e+00
    endloop
  endfacet
  facet normal -1.000000e+00 -0.000000e+00 0.000000e+00
    outer loop
      vertex   6.900650e+01 3.173350e+01 1.500000e+00
      vertex   6.900650e+01 2.593330e+01 0.000000e+00
      vertex   6.900650e+01 2.593330e+01 1.500000e+00
    endloop
  endfacet
  facet normal 0.000000e+00 1.000000e+00 -0.000000e+00
    outer loop
      vertex   6.980590e+01 3.173350e+01 0.000000e+00
      vertex   6.900650e+01 3.173350e+01 0.000000e+00
      vertex   6.980590e+01 3.173350e+01 1.500000e+00
    endloop
  endfacet
  facet normal 0.000000e+00 1.000000e+00 0.000000e+00
    outer loop
      vertex   6.980590e+01 3.173350e+01 1.500000e+00
      vertex   6.900650e+01 3.173350e+01 0.000000e+00
      vertex   6.900650e+01 3.173350e+01 1.500000e+00
    endloop
  endfacet
  facet normal -1.000000e+00 0.000000e+00 0.000000e+00
    outer loop
      vertex   6.980590e+01 3.483270e+01 0.000000e+00
      vertex   6.980590e+01 3.173350e+01 0.000000e+00
      vertex   6.980590e+01 3.483270e+01 1.500000e+00
    endloop
  endfacet
  facet normal -1.000000e+00 -0.000000e+00 0.000000e+00
    outer loop
      vertex   6.980590e+01 3.483270e+01 1.500000e+00
      vertex   6.980590e+01 3.173350e+01 0.000000e+00
      vertex   6.980590e+01 3.173350e+01 1.500000e+00
    endloop
  endfacet
  facet normal 0.000000e+00 -1.000000e+00 0.000000e+00
    outer loop
      vertex   6.900650e+01 3.483270e+01 0.000000e+00
      vertex   6.980590e+01 3.483270e+01 0.000000e+00
      vertex   6.900650e+01 3.483270e+01 1.500000e+00
    endloop
  endfacet
  facet normal 0.000000e+00 -1.000000e+00 0.000000e+00
    outer loop
      vertex   6.900650e+01 3.483270e+01 1.500000e+00
      vertex   6.980590e+01 3.483270e+01 0.000000e+00
      vertex   6.980590e+01 3.483270e+01 1.500000e+00
    endloop
  endfacet
  facet normal -1.000000e+00 0.000000e+00 0.000000e+00
    outer loop
      vertex   6.900650e+01 3.583300e+01 0.000000e+00
      vertex   6.900650e+01 3.483270e+01 0.000000e+00
      vertex   6.900650e+01 3.583300e+01 1.500000e+00
    endloop
  endfacet
  facet normal -1.000000e+00 -0.000000e+00 0.000000e+00
    outer loop
      vertex   6.900650e+01 3.583300e+01 1.500000e+00
      vertex   6.900650e+01 3.483270e+01 0.000000e+00
      vertex   6.900650e+01 3.483270e+01 1.500000e+00
    endloop
  endfacet
  facet normal 0.000000e+00 -1.000000e+00 0.000000e+00
    outer loop
      vertex   5.500720e+01 3.583300e+01 0.000000e+00
      vertex   6.900650e+01 3.583300e+01 0.000000e+00
      vertex   5.500720e+01 3.583300e+01 1.500000e+00
    endloop
  endfacet
  facet normal 0.000000e+00 -1.000000e+00 0.000000e+00
    outer loop
      vertex   5.500720e+01 3.583300e+01 1.500000e+00
      vertex   6.900650e+01 3.583300e+01 0.000000e+00
      vertex   6.900650e+01 3.583300e+01 1.500000e+00
    endloop
  endfacet
  facet normal 1.000000e+00 0.000000e+00 0.000000e+00
    outer loop
      vertex   5.500720e+01 3.483270e+01 0.000000e+00
      vertex   5.500720e+01 3.583300e+01 0.000000e+00
      vertex   5.500720e+01 3.483270e+01 1.500000e+00
    endloop
  endfacet
  facet normal 1.000000e+00 -0.000000e+00 0.000000e+00
    outer loop
      vertex   5.500720e+01 3.483270e+01 1.500000e+00
      vertex   5.500720e+01 3.583300e+01 0.000000e+00
      vertex   5.500720e+01 3.583300e+01 1.500000e+00
    endloop
  endfacet
  facet normal 0.000000e+00 -1.000000e+00 0.000000e+00
    outer loop
      vertex   5.420640e+01 3.483270e+01 0.000000e+00
      vertex   5.500720e+01 3.483270e+01 0.000000e+00
      vertex   5.420640e+01 3.483270e+01 1.500000e+00
    endloop
  endfacet
  facet normal 0.000000e+00 -1.000000e+00 0.000000e+00
    outer loop
      vertex   5.420640e+01 3.483270e+01 1.500000e+00
      vertex   5.500720e+01 3.483270e+01 0.000000e+00
      vertex   5.500720e+01 3.483270e+01 1.500000e+00
    endloop
  endfacet
  facet normal 1.000000e+00 0.000000e+00 0.000000e+00
    outer loop
      vertex   5.420640e+01 3.173350e+01 0.000000e+00
      vertex   5.420640e+01 3.483270e+01 0.000000e+00
      vertex   5.420640e+01 3.173350e+01 1.500000e+00
    endloop
  endfacet
  facet normal 1.000000e+00 -0.000000e+00 0.000000e+00
    outer loop
      vertex   5.420640e+01 3.173350e+01 1.500000e+00
      vertex   5.420640e+01 3.483270e+01 0.000000e+00
      vertex   5.420640e+01 3.483270e+01 1.500000e+00
    endloop
  endfacet
  facet normal 0.000000e+00 -1.000000e+00 0.000000e+00
    outer loop
      vertex   4.995650e+01 2.593330e+01 0.000000e+00
      vertex   5.075590e+01 2.593330e+01 0.000000e+00
      vertex   4.995650e+01 2.593330e+01 1.500000e+00
    endloop
  endfacet
  facet normal 0.000000e+00 -1.000000e+00 0.000000e+00
    outer loop
      vertex   4.995650e+01 2.593330e+01 1.500000e+00
      vertex   5.075590e+01 2.593330e+01 0.000000e+00
      vertex   5.075590e+01 2.593330e+01 1.500000e+00
    endloop
  endfacet
  facet normal -1.000000e+00 0.000000e+00 0.000000e+00
    outer loop
      vertex   4.995650e+01 3.173350e+01 0.000000e+00
      vertex   4.995650e+01 2.593330e+01 0.000000e+00
      vertex   4.995650e+01 3.173350e+01 1.500000e+00
    endloop
  endfacet
  facet normal -1.000000e+00 -0.000000e+00 0.000000e+00
    outer loop
      vertex   4.995650e+01 3.173350e+01 1.500000e+00
      vertex   4.995650e+01 2.593330e+01 0.000000e+00
      vertex   4.995650e+01 2.593330e+01 1.500000e+00
    endloop
  endfacet
  facet normal 0.000000e+00 1.000000e+00 -0.000000e+00
    outer loop
      vertex   5.075590e+01 3.173350e+01 0.000000e+00
      vertex   4.995650e+01 3.173350e+01 0.000000e+00
      vertex   5.075590e+01 3.173350e+01 1.500000e+00
    endloop
  endfacet
  facet normal 0.000000e+00 1.000000e+00 0.000000e+00
    outer loop
      vertex   5.075590e+01 3.173350e+01 1.500000e+00
      vertex   4.995650e+01 3.173350e+01 0.000000e+00
      vertex   4.995650e+01 3.173350e+01 1.500000e+00
    endloop
  endfacet
  facet normal -1.000000e+00 0.000000e+00 0.000000e+00
    outer loop
      vertex   5.075590e+01 3.483270e+01 0.000000e+00
      vertex   5.075590e+01 3.173350e+01 0.000000e+00
      vertex   5.075590e+01 3.483270e+01 1.500000e+00
    endloop
  endfacet
  facet normal -1.000000e+00 -0.000000e+00 0.000000e+00
    outer loop
      vertex   5.075590e+01 3.483270e+01 1.500000e+00
      vertex   5.075590e+01 3.173350e+01 0.000000e+00
      vertex   5.075590e+01 3.173350e+01 1.500000e+00
    endloop
  endfacet
  facet normal 0.000000e+00 -1.000000e+00 0.000000e+00
    outer loop
      vertex   4.995650e+01 3.483270e+01 0.000000e+00
      vertex   5.075590e+01 3.483270e+01 0.000000e+00
      vertex   4.995650e+01 3.483270e+01 1.500000e+00
    endloop
  endfacet
  facet normal 0.000000e+00 -1.000000e+00 0.000000e+00
    outer loop
      vertex   4.995650e+01 3.483270e+01 1.500000e+00
      vertex   5.075590e+01 3.483270e+01 0.000000e+00
      vertex   5.075590e+01 3.483270e+01 1.500000e+00
    endloop
  endfacet
  facet normal -1.000000e+00 0.000000e+00 0.000000e+00
    outer loop
      vertex   4.995650e+01 3.583300e+01 0.000000e+00
      vertex   4.995650e+01 3.483270e+01 0.000000e+00
      vertex   4.995650e+01 3.583300e+01 1.500000e+00
    endloop
  endfacet
  facet normal -1.000000e+00 -0.000000e+00 0.000000e+00
    outer loop
      vertex   4.995650e+01 3.583300e+01 1.500000e+00
      vertex   4.995650e+01 3.483270e+01 0.000000e+00
      vertex   4.995650e+01 3.483270e+01 1.500000e+00
    endloop
  endfacet
  facet normal 0.000000e+00 -1.000000e+00 0.000000e+00
    outer loop
      vertex   3.595720e+01 3.583300e+01 0.000000e+00
      vertex   4.995650e+01 3.583300e+01 0.000000e+00
      vertex   3.595720e+01 3.583300e+01 1.500000e+00
    endloop
  endfacet
  facet normal 0.000000e+00 -1.000000e+00 0.000000e+00
    outer loop
      vertex   3.595720e+01 3.583300e+01 1.500000e+00
      vertex   4.995650e+01 3.583300e+01 0.000000e+00
      vertex   4.995650e+01 3.583300e+01 1.500000e+00
    endloop
  endfacet
  facet normal 1.000000e+00 0.000000e+00 0.000000e+00
    outer loop
      vertex   3.595720e+01 3.483270e+01 0.000000e+00
      vertex   3.595720e+01 3.583300e+01 0.000000e+00
      vertex   3.595720e+01 3.483270e+01 1.500000e+00
    endloop
  endfacet
  facet normal 1.000000e+00 -0.000000e+00 0.000000e+00
    outer loop
      vertex   3.595720e+01 3.483270e+01 1.500000e+00
      vertex   3.595720e+01 3.583300e+01 0.000000e+00
      vertex   3.595720e+01 3.583300e+01 1.500000e+00
    endloop
  endfacet
  facet normal 0.000000e+00 -1.000000e+00 0.000000e+00
    outer loop
      vertex   3.515650e+01 3.483270e+01 0.000000e+00
      vertex   3.595720e+01 3.483270e+01 0.000000e+00
      vertex   3.515650e+01 3.483270e+01 1.500000e+00
    endloop
  endfacet
  facet normal 0.000000e+00 -1.000000e+00 0.000000e+00
    outer loop
      vertex   3.515650e+01 3.483270e+01 1.500000e+00
      vertex   3.595720e+01 3.483270e+01 0.000000e+00
      vertex   3.595720e+01 3.483270e+01 1.500000e+00
    endloop
  endfacet
  facet normal 1.000000e+00 0.000000e+00 0.000000e+00
    outer loop
      vertex   3.515650e+01 3.173350e+01 0.000000e+00
      vertex   3.515650e+01 3.483270e+01 0.000000e+00
      vertex   3.515650e+01 3.173350e+01 1.500000e+00
    endloop
  endfacet
  facet normal 1.000000e+00 -0.000000e+00 0.000000e+00
    outer loop
      vertex   3.515650e+01 3.173350e+01 1.500000e+00
      vertex   3.515650e+01 3.483270e+01 0.000000e+00
      vertex   3.515650e+01 3.483270e+01 1.500000e+00
    endloop
  endfacet
  facet normal 0.000000e+00 1.000000e+00 -0.000000e+00
    outer loop
      vertex   3.595720e+01 3.173350e+01 0.000000e+00
      vertex   3.515650e+01 3.173350e+01 0.000000e+00
      vertex   3.595720e+01 3.173350e+01 1.500000e+00
    endloop
  endfacet
  facet normal 0.000000e+00 1.000000e+00 0.000000e+00
    outer loop
      vertex   3.595720e+01 3.173350e+01 1.500000e+00
      vertex   3.515650e+01 3.173350e+01 0.000000e+00
      vertex   3.515650e+01 3.173350e+01 1.500000e+00
    endloop
  endfacet
  facet normal 1.000000e+00 0.000000e+00 0.000000e+00
    outer loop
      vertex   3.595720e+01 2.593330e+01 0.000000e+00
      vertex   3.595720e+01 3.173350e+01 0.000000e+00
      vertex   3.595720e+01 2.593330e+01 1.500000e+00
    endloop
  endfacet
  facet normal 1.000000e+00 -0.000000e+00 0.000000e+00
    outer loop
      vertex   3.595720e+01 2.593330e+01 1.500000e+00
      vertex   3.595720e+01 3.173350e+01 0.000000e+00
      vertex   3.595720e+01 3.173350e+01 1.500000e+00
    endloop
  endfacet
  facet normal 0.000000e+00 -1.000000e+00 0.000000e+00
    outer loop
      vertex   3.515650e+01 2.593330e+01 0.000000e+00
      vertex   3.595720e+01 2.593330e+01 0.000000e+00
      vertex   3.515650e+01 2.593330e+01 1.500000e+00
    endloop
  endfacet
  facet normal 0.000000e+00 -1.000000e+00 0.000000e+00
    outer loop
      vertex   3.515650e+01 2.593330e+01 1.500000e+00
      vertex   3.595720e+01 2.593330e+01 0.000000e+00
      vertex   3.595720e+01 2.593330e+01 1.500000e+00
    endloop
  endfacet
  facet normal 1.000000e+00 0.000000e+00 0.000000e+00
    outer loop
      vertex   3.515650e+01 2.283270e+01 0.000000e+00
      vertex   3.515650e+01 2.593330e+01 0.000000e+00
      vertex   3.515650e+01 2.283270e+01 1.500000e+00
    endloop
  endfacet
  facet normal 1.000000e+00 -0.000000e+00 0.000000e+00
    outer loop
      vertex   3.515650e+01 2.283270e+01 1.500000e+00
      vertex   3.515650e+01 2.593330e+01 0.000000e+00
      vertex   3.515650e+01 2.593330e+01 1.500000e+00
    endloop
  endfacet
  facet normal 0.000000e+00 1.000000e+00 -0.000000e+00
    outer loop
      vertex   3.595720e+01 2.283270e+01 0.000000e+00
      vertex   3.515650e+01 2.283270e+01 0.000000e+00
      vertex   3.595720e+01 2.283270e+01 1.500000e+00
    endloop
  endfacet
  facet normal 0.000000e+00 1.000000e+00 0.000000e+00
    outer loop
      vertex   3.595720e+01 2.283270e+01 1.500000e+00
      vertex   3.515650e+01 2.283270e+01 0.000000e+00
      vertex   3.515650e+01 2.283270e+01 1.500000e+00
    endloop
  endfacet
  facet normal 1.000000e+00 0.000000e+00 0.000000e+00
    outer loop
      vertex   3.595720e+01 2.183360e+01 0.000000e+00
      vertex   3.595720e+01 2.283270e+01 0.000000e+00
      vertex   3.595720e+01 2.183360e+01 1.500000e+00
    endloop
  endfacet
  facet normal 1.000000e+00 -0.000000e+00 0.000000e+00
    outer loop
      vertex   3.595720e+01 2.183360e+01 1.500000e+00
      vertex   3.595720e+01 2.283270e+01 0.000000e+00
      vertex   3.595720e+01 2.283270e+01 1.500000e+00
    endloop
  endfacet
  facet normal 0.000000e+00 1.000000e+00 -0.000000e+00
    outer loop
      vertex   4.995650e+01 2.183360e+01 0.000000e+00
      vertex   3.595720e+01 2.183360e+01 0.000000e+00
      vertex   4.995650e+01 2.183360e+01 1.500000e+00
    endloop
  endfacet
  facet normal 0.000000e+00 1.000000e+00 0.000000e+00
    outer loop
      vertex   4.995650e+01 2.183360e+01 1.500000e+00
      vertex   3.595720e+01 2.183360e+01 0.000000e+00
      vertex   3.595720e+01 2.183360e+01 1.500000e+00
    endloop
  endfacet
  facet normal -1.000000e+00 0.000000e+00 0.000000e+00
    outer loop
      vertex   4.995650e+01 2.283270e+01 0.000000e+00
      vertex   4.995650e+01 2.183360e+01 0.000000e+00
      vertex   4.995650e+01 2.283270e+01 1.500000e+00
    endloop
  endfacet
  facet normal -1.000000e+00 -0.000000e+00 0.000000e+00
    outer loop
      vertex   4.995650e+01 2.283270e+01 1.500000e+00
      vertex   4.995650e+01 2.183360e+01 0.000000e+00
      vertex   4.995650e+01 2.183360e+01 1.500000e+00
    endloop
  endfacet
  facet normal 0.000000e+00 1.000000e+00 -0.000000e+00
    outer loop
      vertex   5.075590e+01 2.283270e+01 0.000000e+00
      vertex   4.995650e+01 2.283270e+01 0.000000e+00
      vertex   5.075590e+01 2.283270e+01 1.500000e+00
    endloop
  endfacet
  facet normal 0.000000e+00 1.000000e+00 0.000000e+00
    outer loop
      vertex   5.075590e+01 2.283270e+01 1.500000e+00
      vertex   4.995650e+01 2.283270e+01 0.000000e+00
      vertex   4.995650e+01 2.283270e+01 1.500000e+00
    endloop
  endfacet
  facet normal -1.000000e+00 0.000000e+00 0.000000e+00
    outer loop
      vertex   5.075590e+01 2.593330e+01 0.000000e+00
      vertex   5.075590e+01 2.283270e+01 0.000000e+00
      vertex   5.075590e+01 2.593330e+01 1.500000e+00
    endloop
  endfacet
  facet normal -1.000000e+00 -0.000000e+00 0.000000e+00
    outer loop
      vertex   5.075590e+01 2.593330e+01 1.500000e+00
      vertex   5.075590e+01 2.283270e+01 0.000000e+00
      vertex   5.075590e+01 2.283270e+01 1.500000e+00
    endloop
  endfacet
  facet normal -1.000000e+00 -1.864981e-16 0.000000e+00
    outer loop
      vertex   1.438220e+01 2.883340e+01 0.000000e+00
      vertex   1.438220e+01 1.930860e+01 0.000000e+00
      vertex   1.438220e+01 2.883340e+01 1.500000e+00
    endloop
  endfacet
  facet normal -1.000000e+00 -1.864981e-16 0.000000e+00
    outer loop
      vertex   1.438220e+01 2.883340e+01 1.500000e+00
      vertex   1.438220e+01 1.930860e+01 0.000000e+00
      vertex   1.438220e+01 1.930860e+01 1.500000e+00
    endloop
  endfacet
  facet normal -1.000000e+00 -2.834527e-05 0.000000e+00
    outer loop
      vertex   1.438193e+01 3.835880e+01 0.000000e+00
      vertex   1.438220e+01 2.883340e+01 0.000000e+00
      vertex   1.438193e+01 3.835880e+01 1.500000e+00
    endloop
  endfacet
  facet normal -1.000000e+00 -2.834527e-05 0.000000e+00
    outer loop
      vertex   1.438193e+01 3.835880e+01 1.500000e+00
      vertex   1.438220e+01 2.883340e+01 0.000000e+00
      vertex   1.438220e+01 2.883340e+01 1.500000e+00
    endloop
  endfacet
  facet normal 0.000000e+00 -1.000000e+00 0.000000e+00
    outer loop
      vertex   4.857160e+00 3.835880e+01 0.000000e+00
      vertex   1.438193e+01 3.835880e+01 0.000000e+00
      vertex   4.857160e+00 3.835880e+01 1.500000e+00
    endloop
  endfacet
  facet normal 0.000000e+00 -1.000000e+00 0.000000e+00
    outer loop
      vertex   4.857160e+00 3.835880e+01 1.500000e+00
      vertex   1.438193e+01 3.835880e+01 0.000000e+00
      vertex   1.438193e+01 3.835880e+01 1.500000e+00
    endloop
  endfacet
  facet normal -1.000000e+00 4.662354e-17 -5.921189e-16
    outer loop
      vertex   4.857160e+00 5.740880e+01 0.000000e+00
      vertex   4.857160e+00 3.835880e+01 0.000000e+00
      vertex   4.857160e+00 5.740880e+01 1.500000e+00
    endloop
  endfacet
  facet normal -1.000000e+00 -0.000000e+00 0.000000e+00
    outer loop
      vertex   4.857160e+00 5.740880e+01 1.500000e+00
      vertex   4.857160e+00 3.835880e+01 0.000000e+00
      vertex   4.857160e+00 3.835880e+01 1.500000e+00
    endloop
  endfacet
  facet normal -1.492086e-15 -1.000000e+00 -5.521828e-31
    outer loop
      vertex   9.508460e-02 5.740880e+01 0.000000e+00
      vertex   4.857160e+00 5.740880e+01 0.000000e+00
      vertex   9.508460e-02 5.740880e+01 1.500000e+00
    endloop
  endfacet
  facet normal -1.492086e-15 -1.000000e+00 -1.766985e-30
    outer loop
      vertex   9.508460e-02 5.740880e+01 1.500000e+00
      vertex   4.857160e+00 5.740880e+01 0.000000e+00
      vertex   4.857160e+00 5.740880e+01 1.500000e+00
    endloop
  endfacet
  facet normal -1.000000e+00 2.914170e-18 -4.070818e-16
    outer loop
      vertex   9.508460e-02 7.645750e+01 0.000000e+00
      vertex   9.508460e-02 5.740880e+01 0.000000e+00
      vertex   9.508460e-02 7.645750e+01 1.500000e+00
    endloop
  endfacet
  facet normal -1.000000e+00 -0.000000e+00 -3.700743e-16
    outer loop
      vertex   9.508460e-02 7.645750e+01 1.500000e+00
      vertex   9.508460e-02 5.740880e+01 0.000000e+00
      vertex   9.508460e-02 5.740880e+01 1.500000e+00
    endloop
  endfacet
  facet normal 0.000000e+00 1.000000e+00 -0.000000e+00
    outer loop
      vertex   1.905950e+02 7.645750e+01 0.000000e+00
      vertex   9.508460e-02 7.645750e+01 0.000000e+00
      vertex   1.905950e+02 7.645750e+01 1.500000e+00
    endloop
  endfacet
  facet normal 0.000000e+00 1.000000e+00 0.000000e+00
    outer loop
      vertex   1.905950e+02 7.645750e+01 1.500000e+00
      vertex   9.508460e-02 7.645750e+01 0.000000e+00
      vertex   9.508460e-02 7.645750e+01 1.500000e+00
    endloop
  endfacet
  facet normal 1.000000e+00 0.000000e+00 0.000000e+00
    outer loop
      vertex   1.905950e+02 5.740880e+01 0.000000e+00
      vertex   1.905950e+02 7.645750e+01 0.000000e+00
      vertex   1.905950e+02 5.740880e+01 1.500000e+00
    endloop
  endfacet
  facet normal 1.000000e+00 -0.000000e+00 0.000000e+00
    outer loop
      vertex   1.905950e+02 5.740880e+01 1.500000e+00
      vertex   1.905950e+02 7.645750e+01 0.000000e+00
      vertex   1.905950e+02 7.645750e+01 1.500000e+00
    endloop
  endfacet
  facet normal 0.000000e+00 -1.000000e+00 0.000000e+00
    outer loop
      vertex   1.763070e+02 5.740880e+01 0.000000e+00
      vertex   1.905950e+02 5.740880e+01 0.000000e+00
      vertex   1.763070e+02 5.740880e+01 1.500000e+00
    endloop
  endfacet
  facet normal 0.000000e+00 -1.000000e+00 0.000000e+00
    outer loop
      vertex   1.763070e+02 5.740880e+01 1.500000e+00
      vertex   1.905950e+02 5.740880e+01 0.000000e+00
      vertex   1.905950e+02 5.740880e+01 1.500000e+00
    endloop
  endfacet
  facet normal 1.000000e+00 0.000000e+00 0.000000e+00
    outer loop
      vertex   1.763070e+02 3.835880e+01 0.000000e+00
      vertex   1.763070e+02 5.740880e+01 0.000000e+00
      vertex   1.763070e+02 3.835880e+01 1.500000e+00
    endloop
  endfacet
  facet normal 1.000000e+00 -0.000000e+00 0.000000e+00
    outer loop
      vertex   1.763070e+02 3.835880e+01 1.500000e+00
      vertex   1.763070e+02 5.740880e+01 0.000000e+00
      vertex   1.763070e+02 5.740880e+01 1.500000e+00
    endloop
  endfacet
  facet normal 0.000000e+00 -1.000000e+00 0.000000e+00
    outer loop
      vertex   1.477320e+02 3.835880e+01 0.000000e+00
      vertex   1.763070e+02 3.835880e+01 0.000000e+00
      vertex   1.477320e+02 3.835880e+01 1.500000e+00
    endloop
  endfacet
  facet normal 0.000000e+00 -1.000000e+00 0.000000e+00
    outer loop
      vertex   1.477320e+02 3.835880e+01 1.500000e+00
      vertex   1.763070e+02 3.835880e+01 0.000000e+00
      vertex   1.763070e+02 3.835880e+01 1.500000e+00
    endloop
  endfacet
  facet normal 1.000000e+00 0.000000e+00 0.000000e+00
    outer loop
      vertex   1.477320e+02 1.930860e+01 0.000000e+00
      vertex   1.477320e+02 3.835880e+01 0.000000e+00
      vertex   1.477320e+02 1.930860e+01 1.500000e+00
    endloop
  endfacet
  facet normal 1.000000e+00 -0.000000e+00 0.000000e+00
    outer loop
      vertex   1.477320e+02 1.930860e+01 1.500000e+00
      vertex   1.477320e+02 3.835880e+01 0.000000e+00
      vertex   1.477320e+02 3.835880e+01 1.500000e+00
    endloop
  endfacet
  facet normal 0.000000e+00 -1.000000e+00 0.000000e+00
    outer loop
      vertex   1.239200e+02 1.930860e+01 0.000000e+00
      vertex   1.477320e+02 1.930860e+01 0.000000e+00
      vertex   1.239200e+02 1.930860e+01 1.500000e+00
    endloop
  endfacet
  facet normal 0.000000e+00 -1.000000e+00 0.000000e+00
    outer loop
      vertex   1.239200e+02 1.930860e+01 1.500000e+00
      vertex   1.477320e+02 1.930860e+01 0.000000e+00
      vertex   1.477320e+02 1.930860e+01 1.500000e+00
    endloop
  endfacet
  facet normal 1.000000e+00 7.459411e-16 -0.000000e+00
    outer loop
      vertex   1.239200e+02 2.576930e-01 0.000000e+00
      vertex   1.239200e+02 1.930860e+01 0.000000e+00
      vertex   1.239200e+02 2.576930e-01 1.500000e+00
    endloop
  endfacet
  facet normal 1.000000e+00 0.000000e+00 -9.473903e-15
    outer loop
      vertex   1.239200e+02 2.576930e-01 1.500000e+00
      vertex   1.239200e+02 1.930860e+01 0.000000e+00
      vertex   1.239200e+02 1.930860e+01 1.500000e+00
    endloop
  endfacet
  facet normal 0.000000e+00 -1.000000e+00 0.000000e+00
    outer loop
      vertex   7.153090e+01 2.576930e-01 0.000000e+00
      vertex   1.239200e+02 2.576930e-01 0.000000e+00
      vertex   7.153090e+01 2.576930e-01 1.500000e+00
    endloop
  endfacet
  facet normal 0.000000e+00 -1.000000e+00 0.000000e+00
    outer loop
      vertex   7.153090e+01 2.576930e-01 1.500000e+00
      vertex   1.239200e+02 2.576930e-01 0.000000e+00
      vertex   1.239200e+02 2.576930e-01 1.500000e+00
    endloop
  endfacet
  facet normal -1.000000e+00 0.000000e+00 0.000000e+00
    outer loop
      vertex   7.153090e+01 1.930860e+01 0.000000e+00
      vertex   7.153090e+01 2.576930e-01 0.000000e+00
      vertex   7.153090e+01 1.930860e+01 1.500000e+00
    endloop
  endfacet
  facet normal -1.000000e+00 -0.000000e+00 0.000000e+00
    outer loop
      vertex   7.153090e+01 1.930860e+01 1.500000e+00
      vertex   7.153090e+01 2.576930e-01 0.000000e+00
      vertex   7.153090e+01 2.576930e-01 1.500000e+00
    endloop
  endfacet
  facet normal 0.000000e+00 -1.000000e+00 0.000000e+00
    outer loop
      vertex   1.438220e+01 1.930860e+01 0.000000e+00
      vertex   7.153090e+01 1.930860e+01 0.000000e+00
      vertex   1.438220e+01 1.930860e+01 1.500000e+00
    endloop
  endfacet
  facet normal 0.000000e+00 -1.000000e+00 0.000000e+00
    outer loop
      vertex   1.438220e+01 1.930860e+01 1.500000e+00
      vertex   7.153090e+01 1.930860e+01 0.000000e+00
      vertex   7.153090e+01 1.930860e+01 1.500000e+00
    endloop
  endfacet
  facet normal 0.000000e+00 0.000000e+00 1.000000e+00
    outer loop
      vertex   7.153090e+01 1.930860e+01 1.500000e+00
      vertex   3.595720e+01 2.183360e+01 1.500000e+00
      vertex   1.438220e+01 1.930860e+01 1.500000e+00
    endloop
  endfacet
  facet normal 0.000000e+00 0.000000e+00 1.000000e+00
    outer loop
      vertex   1.438220e+01 1.930860e+01 1.500000e+00
      vertex   3.595720e+01 2.183360e+01 1.500000e+00
      vertex   3.090660e+01 2.183360e+01 1.500000e+00
    endloop
  endfacet
  facet normal 0.000000e+00 0.000000e+00 1.000000e+00
    outer loop
      vertex   1.438220e+01 1.930860e+01 1.500000e+00
      vertex   3.090660e+01 2.183360e+01 1.500000e+00
      vertex   1.690720e+01 2.183360e+01 1.500000e+00
    endloop
  endfacet
  facet normal 0.000000e+00 0.000000e+00 1.000000e+00
    outer loop
      vertex   7.153090e+01 2.576930e-01 1.500000e+00
      vertex   8.162540e+01 1.028173e+01 1.500000e+00
      vertex   7.153090e+01 1.930860e+01 1.500000e+00
    endloop
  endfacet
  facet normal 0.000000e+00 0.000000e+00 1.000000e+00
    outer loop
      vertex   7.153090e+01 1.930860e+01 1.500000e+00
      vertex   8.162540e+01 1.028173e+01 1.500000e+00
      vertex   8.245090e+01 1.531280e+01 1.500000e+00
    endloop
  endfacet
  facet normal 0.000000e+00 0.000000e+00 1.000000e+00
    outer loop
      vertex   7.153090e+01 1.930860e+01 1.500000e+00
      vertex   8.245090e+01 1.531280e+01 1.500000e+00
      vertex   8.245260e+01 1.655160e+01 1.500000e+00
    endloop
  endfacet
  facet normal 0.000000e+00 0.000000e+00 1.000000e+00
    outer loop
      vertex   1.239200e+02 2.576930e-01 1.500000e+00
      vertex   9.072600e+01 2.783640e+00 1.500000e+00
      vertex   7.153090e+01 2.576930e-01 1.500000e+00
    endloop
  endfacet
  facet normal 0.000000e+00 0.000000e+00 1.000000e+00
    outer loop
      vertex   7.153090e+01 2.576930e-01 1.500000e+00
      vertex   9.072600e+01 2.783640e+00 1.500000e+00
      vertex   8.245090e+01 4.252730e+00 1.500000e+00
    endloop
  endfacet
  facet normal 0.000000e+00 0.000000e+00 1.000000e+00
    outer loop
      vertex   7.153090e+01 2.576930e-01 1.500000e+00
      vertex   8.245090e+01 4.252730e+00 1.500000e+00
      vertex   8.162540e+01 7.482730e+00 1.500000e+00
    endloop
  endfacet
  facet normal -0.000000e+00 0.000000e+00 1.000000e+00
    outer loop
      vertex   8.162540e+01 7.482730e+00 1.500000e+00
      vertex   8.245090e+01 4.252730e+00 1.500000e+00
      vertex   8.245090e+01 7.482730e+00 1.500000e+00
    endloop
  endfacet
  facet normal 0.000000e+00 0.000000e+00 1.000000e+00
    outer loop
      vertex   1.239200e+02 1.930860e+01 1.500000e+00
      vertex   1.138260e+02 1.028173e+01 1.500000e+00
      vertex   1.239200e+02 2.576930e-01 1.500000e+00
    endloop
  endfacet
  facet normal 0.000000e+00 0.000000e+00 1.000000e+00
    outer loop
      vertex   1.239200e+02 2.576930e-01 1.500000e+00
      vertex   1.138260e+02 1.028173e+01 1.500000e+00
      vertex   1.138260e+02 7.482730e+00 1.500000e+00
    endloop
  endfacet
  facet normal 0.000000e+00 0.000000e+00 1.000000e+00
    outer loop
      vertex   1.239200e+02 2.576930e-01 1.500000e+00
      vertex   1.138260e+02 7.482730e+00 1.500000e+00
      vertex   1.130000e+02 4.252730e+00 1.500000e+00
    endloop
  endfacet
  facet normal 0.000000e+00 0.000000e+00 1.000000e+00
    outer loop
      vertex   1.130000e+02 4.252730e+00 1.500000e+00
      vertex   1.138260e+02 7.482730e+00 1.500000e+00
      vertex   1.130000e+02 7.482730e+00 1.500000e+00
    endloop
  endfacet
  facet normal 0.000000e+00 0.000000e+00 1.000000e+00
    outer loop
      vertex   1.477320e+02 1.930860e+01 1.500000e+00
      vertex   1.312070e+02 2.183360e+01 1.500000e+00
      vertex   1.239200e+02 1.930860e+01 1.500000e+00
    endloop
  endfacet
  facet normal 0.000000e+00 0.000000e+00 1.000000e+00
    outer loop
      vertex   1.239200e+02 1.930860e+01 1.500000e+00
      vertex   1.312070e+02 2.183360e+01 1.500000e+00
      vertex   1.261570e+02 2.183360e+01 1.500000e+00
    endloop
  endfacet
  facet normal 0.000000e+00 -0.000000e+00 1.000000e+00
    outer loop
      vertex   1.239200e+02 1.930860e+01 1.500000e+00
      vertex   1.261570e+02 2.183360e+01 1.500000e+00
      vertex   1.121570e+02 2.183360e+01 1.500000e+00
    endloop
  endfacet
  facet normal 0.000000e+00 0.000000e+00 1.000000e+00
    outer loop
      vertex   1.477320e+02 3.835880e+01 1.500000e+00
      vertex   1.460060e+02 3.173350e+01 1.500000e+00
      vertex   1.477320e+02 1.930860e+01 1.500000e+00
    endloop
  endfacet
  facet normal 0.000000e+00 0.000000e+00 1.000000e+00
    outer loop
      vertex   1.477320e+02 1.930860e+01 1.500000e+00
      vertex   1.460060e+02 3.173350e+01 1.500000e+00
      vertex   1.460060e+02 2.593330e+01 1.500000e+00
    endloop
  endfacet
  facet normal 0.000000e+00 0.000000e+00 1.000000e+00
    outer loop
      vertex   1.477320e+02 1.930860e+01 1.500000e+00
      vertex   1.460060e+02 2.593330e+01 1.500000e+00
      vertex   1.460060e+02 2.283270e+01 1.500000e+00
    endloop
  endfacet
  facet normal 0.000000e+00 0.000000e+00 1.000000e+00
    outer loop
      vertex   1.763070e+02 3.835880e+01 1.500000e+00
      vertex   1.597820e+02 4.088380e+01 1.500000e+00
      vertex   1.477320e+02 3.835880e+01 1.500000e+00
    endloop
  endfacet
  facet normal 0.000000e+00 0.000000e+00 1.000000e+00
    outer loop
      vertex   1.477320e+02 3.835880e+01 1.500000e+00
      vertex   1.597820e+02 4.088380e+01 1.500000e+00
      vertex   1.547320e+02 4.088380e+01 1.500000e+00
    endloop
  endfacet
  facet normal 0.000000e+00 -0.000000e+00 1.000000e+00
    outer loop
      vertex   1.477320e+02 3.835880e+01 1.500000e+00
      vertex   1.547320e+02 4.088380e+01 1.500000e+00
      vertex   1.407320e+02 4.088380e+01 1.500000e+00
    endloop
  endfacet
  facet normal 0.000000e+00 0.000000e+00 1.000000e+00
    outer loop
      vertex   1.763070e+02 5.740880e+01 1.500000e+00
      vertex   1.745810e+02 5.078340e+01 1.500000e+00
      vertex   1.763070e+02 3.835880e+01 1.500000e+00
    endloop
  endfacet
  facet normal 0.000000e+00 0.000000e+00 1.000000e+00
    outer loop
      vertex   1.763070e+02 3.835880e+01 1.500000e+00
      vertex   1.745810e+02 5.078340e+01 1.500000e+00
      vertex   1.745810e+02 4.498340e+01 1.500000e+00
    endloop
  endfacet
  facet normal 0.000000e+00 0.000000e+00 1.000000e+00
    outer loop
      vertex   1.763070e+02 3.835880e+01 1.500000e+00
      vertex   1.745810e+02 4.498340e+01 1.500000e+00
      vertex   1.745810e+02 4.188280e+01 1.500000e+00
    endloop
  endfacet
  facet normal 0.000000e+00 0.000000e+00 1.000000e+00
    outer loop
      vertex   1.905950e+02 5.740880e+01 1.500000e+00
      vertex   1.880690e+02 5.993380e+01 1.500000e+00
      vertex   1.763070e+02 5.740880e+01 1.500000e+00
    endloop
  endfacet
  facet normal 0.000000e+00 -0.000000e+00 1.000000e+00
    outer loop
      vertex   1.763070e+02 5.740880e+01 1.500000e+00
      vertex   1.880690e+02 5.993380e+01 1.500000e+00
      vertex   1.740700e+02 5.993380e+01 1.500000e+00
    endloop
  endfacet
  facet normal 0.000000e+00 0.000000e+00 1.000000e+00
    outer loop
      vertex   1.763070e+02 5.740880e+01 1.500000e+00
      vertex   1.740700e+02 5.993380e+01 1.500000e+00
      vertex   1.690190e+02 5.993380e+01 1.500000e+00
    endloop
  endfacet
  facet normal 0.000000e+00 0.000000e+00 1.000000e+00
    outer loop
      vertex   1.690190e+02 5.993380e+01 1.500000e+00
      vertex   1.740700e+02 5.993380e+01 1.500000e+00
      vertex   1.698200e+02 6.093280e+01 1.500000e+00
    endloop
  endfacet
  facet normal 0.000000e+00 0.000000e+00 1.000000e+00
    outer loop
      vertex   1.690190e+02 5.993380e+01 1.500000e+00
      vertex   1.698200e+02 6.093280e+01 1.500000e+00
      vertex   1.690190e+02 6.093280e+01 1.500000e+00
    endloop
  endfacet
  facet normal 0.000000e+00 0.000000e+00 1.000000e+00
    outer loop
      vertex   1.905950e+02 7.645750e+01 1.500000e+00
      vertex   1.888700e+02 6.403340e+01 1.500000e+00
      vertex   1.905950e+02 5.740880e+01 1.500000e+00
    endloop
  endfacet
  facet normal 0.000000e+00 0.000000e+00 1.000000e+00
    outer loop
      vertex   1.905950e+02 5.740880e+01 1.500000e+00
      vertex   1.888700e+02 6.403340e+01 1.500000e+00
      vertex   1.888700e+02 6.093280e+01 1.500000e+00
    endloop
  endfacet
  facet normal 0.000000e+00 0.000000e+00 1.000000e+00
    outer loop
      vertex   1.905950e+02 5.740880e+01 1.500000e+00
      vertex   1.888700e+02 6.093280e+01 1.500000e+00
      vertex   1.880690e+02 5.993380e+01 1.500000e+00
    endloop
  endfacet
  facet normal 0.000000e+00 0.000000e+00 1.000000e+00
    outer loop
      vertex   1.880690e+02 5.993380e+01 1.500000e+00
      vertex   1.888700e+02 6.093280e+01 1.500000e+00
      vertex   1.880690e+02 6.093280e+01 1.500000e+00
    endloop
  endfacet
  facet normal -0.000000e+00 0.000000e+00 1.000000e+00
    outer loop
      vertex   9.508460e-02 7.645750e+01 1.500000e+00
      vertex   9.786830e+01 7.393310e+01 1.500000e+00
      vertex   1.905950e+02 7.645750e+01 1.500000e+00
    endloop
  endfacet
  facet normal 0.000000e+00 0.000000e+00 1.000000e+00
    outer loop
      vertex   1.905950e+02 7.645750e+01 1.500000e+00
      vertex   9.786830e+01 7.393310e+01 1.500000e+00
      vertex   1.118690e+02 7.393310e+01 1.500000e+00
    endloop
  endfacet
  facet normal 0.000000e+00 0.000000e+00 1.000000e+00
    outer loop
      vertex   1.905950e+02 7.645750e+01 1.500000e+00
      vertex   1.118690e+02 7.393310e+01 1.500000e+00
      vertex   1.169180e+02 7.393310e+01 1.500000e+00
    endloop
  endfacet
  facet normal 0.000000e+00 0.000000e+00 1.000000e+00
    outer loop
      vertex   1.169180e+02 7.393310e+01 1.500000e+00
      vertex   1.118690e+02 7.393310e+01 1.500000e+00
      vertex   1.161190e+02 7.293260e+01 1.500000e+00
    endloop
  endfacet
  facet normal 0.000000e+00 0.000000e+00 1.000000e+00
    outer loop
      vertex   1.169180e+02 7.393310e+01 1.500000e+00
      vertex   1.161190e+02 7.293260e+01 1.500000e+00
      vertex   1.169180e+02 7.293260e+01 1.500000e+00
    endloop
  endfacet
  facet normal 0.000000e+00 0.000000e+00 1.000000e+00
    outer loop
      vertex   9.508460e-02 5.740880e+01 1.500000e+00
      vertex   1.819010e+00 6.403340e+01 1.500000e+00
      vertex   9.508460e-02 7.645750e+01 1.500000e+00
    endloop
  endfacet
  facet normal 0.000000e+00 0.000000e+00 1.000000e+00
    outer loop
      vertex   9.508460e-02 7.645750e+01 1.500000e+00
      vertex   1.819010e+00 6.403340e+01 1.500000e+00
      vertex   1.819010e+00 6.983340e+01 1.500000e+00
    endloop
  endfacet
  facet normal 0.000000e+00 0.000000e+00 1.000000e+00
    outer loop
      vertex   9.508460e-02 7.645750e+01 1.500000e+00
      vertex   1.819010e+00 6.983340e+01 1.500000e+00
      vertex   1.819010e+00 7.293260e+01 1.500000e+00
    endloop
  endfacet
  facet normal 0.000000e+00 0.000000e+00 1.000000e+00
    outer loop
      vertex   4.857160e+00 5.740880e+01 1.500000e+00
      vertex   2.619650e+00 5.993380e+01 1.500000e+00
      vertex   9.508460e-02 5.740880e+01 1.500000e+00
    endloop
  endfacet
  facet normal 0.000000e+00 0.000000e+00 1.000000e+00
    outer loop
      vertex   9.508460e-02 5.740880e+01 1.500000e+00
      vertex   2.619650e+00 5.993380e+01 1.500000e+00
      vertex   1.819010e+00 6.093280e+01 1.500000e+00
    endloop
  endfacet
  facet normal 0.000000e+00 0.000000e+00 1.000000e+00
    outer loop
      vertex   9.508460e-02 5.740880e+01 1.500000e+00
      vertex   1.819010e+00 6.093280e+01 1.500000e+00
      vertex   1.819010e+00 6.403340e+01 1.500000e+00
    endloop
  endfacet
  facet normal 0.000000e+00 0.000000e+00 1.000000e+00
    outer loop
      vertex   4.857160e+00 3.835880e+01 1.500000e+00
      vertex   6.581530e+00 5.078340e+01 1.500000e+00
      vertex   4.857160e+00 5.740880e+01 1.500000e+00
    endloop
  endfacet
  facet normal 0.000000e+00 0.000000e+00 1.000000e+00
    outer loop
      vertex   4.857160e+00 5.740880e+01 1.500000e+00
      vertex   6.581530e+00 5.078340e+01 1.500000e+00
      vertex   6.581530e+00 5.388260e+01 1.500000e+00
    endloop
  endfacet
  facet normal 0.000000e+00 0.000000e+00 1.000000e+00
    outer loop
      vertex   4.857160e+00 5.740880e+01 1.500000e+00
      vertex   6.581530e+00 5.388260e+01 1.500000e+00
      vertex   7.382160e+00 5.488310e+01 1.500000e+00
    endloop
  endfacet
  facet normal 0.000000e+00 0.000000e+00 1.000000e+00
    outer loop
      vertex   7.382160e+00 5.488310e+01 1.500000e+00
      vertex   6.581530e+00 5.388260e+01 1.500000e+00
      vertex   7.382160e+00 5.388260e+01 1.500000e+00
    endloop
  endfacet
  facet normal 0.000000e+00 0.000000e+00 1.000000e+00
    outer loop
      vertex   1.438193e+01 3.835880e+01 1.500000e+00
      vertex   7.382160e+00 4.088380e+01 1.500000e+00
      vertex   4.857160e+00 3.835880e+01 1.500000e+00
    endloop
  endfacet
  facet normal 0.000000e+00 0.000000e+00 1.000000e+00
    outer loop
      vertex   4.857160e+00 3.835880e+01 1.500000e+00
      vertex   7.382160e+00 4.088380e+01 1.500000e+00
      vertex   6.581530e+00 4.188280e+01 1.500000e+00
    endloop
  endfacet
  facet normal 0.000000e+00 0.000000e+00 1.000000e+00
    outer loop
      vertex   4.857160e+00 3.835880e+01 1.500000e+00
      vertex   6.581530e+00 4.188280e+01 1.500000e+00
      vertex   6.581530e+00 4.498340e+01 1.500000e+00
    endloop
  endfacet
  facet normal 0.000000e+00 -0.000000e+00 1.000000e+00
    outer loop
      vertex   1.438220e+01 2.883340e+01 1.500000e+00
      vertex   1.610650e+01 3.483270e+01 1.500000e+00
      vertex   1.438193e+01 3.835880e+01 1.500000e+00
    endloop
  endfacet
  facet normal 0.000000e+00 0.000000e+00 1.000000e+00
    outer loop
      vertex   1.438193e+01 3.835880e+01 1.500000e+00
      vertex   1.610650e+01 3.483270e+01 1.500000e+00
      vertex   1.690720e+01 3.583300e+01 1.500000e+00
    endloop
  endfacet
  facet normal -0.000000e+00 0.000000e+00 1.000000e+00
    outer loop
      vertex   1.438193e+01 3.835880e+01 1.500000e+00
      vertex   1.690720e+01 3.583300e+01 1.500000e+00
      vertex   2.138170e+01 4.088380e+01 1.500000e+00
    endloop
  endfacet
  facet normal 0.000000e+00 0.000000e+00 1.000000e+00
    outer loop
      vertex   2.138170e+01 4.088380e+01 1.500000e+00
      vertex   1.690720e+01 3.583300e+01 1.500000e+00
      vertex   3.090660e+01 3.583300e+01 1.500000e+00
    endloop
  endfacet
  facet normal -0.000000e+00 0.000000e+00 1.000000e+00
    outer loop
      vertex   2.138170e+01 4.088380e+01 1.500000e+00
      vertex   3.090660e+01 3.583300e+01 1.500000e+00
      vertex   2.643220e+01 4.088380e+01 1.500000e+00
    endloop
  endfacet
  facet normal -0.000000e+00 0.000000e+00 1.000000e+00
    outer loop
      vertex   2.643220e+01 4.088380e+01 1.500000e+00
      vertex   3.090660e+01 3.583300e+01 1.500000e+00
      vertex   4.043150e+01 4.088380e+01 1.500000e+00
    endloop
  endfacet
  facet normal 0.000000e+00 0.000000e+00 1.000000e+00
    outer loop
      vertex   4.043150e+01 4.088380e+01 1.500000e+00
      vertex   3.090660e+01 3.583300e+01 1.500000e+00
      vertex   3.595720e+01 3.583300e+01 1.500000e+00
    endloop
  endfacet
  facet normal 0.000000e+00 0.000000e+00 1.000000e+00
    outer loop
      vertex   4.043150e+01 4.088380e+01 1.500000e+00
      vertex   3.595720e+01 3.583300e+01 1.500000e+00
      vertex   4.995650e+01 3.583300e+01 1.500000e+00
    endloop
  endfacet
  facet normal 0.000000e+00 -0.000000e+00 1.000000e+00
    outer loop
      vertex   1.438220e+01 1.930860e+01 1.500000e+00
      vertex   1.610650e+01 2.283270e+01 1.500000e+00
      vertex   1.438220e+01 2.883340e+01 1.500000e+00
    endloop
  endfacet
  facet normal 0.000000e+00 0.000000e+00 1.000000e+00
    outer loop
      vertex   1.438220e+01 2.883340e+01 1.500000e+00
      vertex   1.610650e+01 2.283270e+01 1.500000e+00
      vertex   1.610650e+01 2.593330e+01 1.500000e+00
    endloop
  endfacet
  facet normal 0.000000e+00 0.000000e+00 1.000000e+00
    outer loop
      vertex   1.438220e+01 2.883340e+01 1.500000e+00
      vertex   1.610650e+01 2.593330e+01 1.500000e+00
      vertex   1.690720e+01 2.593330e+01 1.500000e+00
    endloop
  endfacet
  facet normal 0.000000e+00 0.000000e+00 1.000000e+00
    outer loop
      vertex   5.075590e+01 2.283270e+01 1.500000e+00
      vertex   5.420640e+01 2.283270e+01 1.500000e+00
      vertex   5.075590e+01 2.593330e+01 1.500000e+00
    endloop
  endfacet
  facet normal -0.000000e+00 0.000000e+00 1.000000e+00
    outer loop
      vertex   5.075590e+01 2.593330e+01 1.500000e+00
      vertex   5.420640e+01 2.283270e+01 1.500000e+00
      vertex   5.420640e+01 2.593330e+01 1.500000e+00
    endloop
  endfacet
  facet normal 0.000000e+00 0.000000e+00 1.000000e+00
    outer loop
      vertex   5.075590e+01 2.593330e+01 1.500000e+00
      vertex   5.420640e+01 2.593330e+01 1.500000e+00
      vertex   5.075590e+01 3.173350e+01 1.500000e+00
    endloop
  endfacet
  facet normal -0.000000e+00 0.000000e+00 1.000000e+00
    outer loop
      vertex   5.075590e+01 3.173350e+01 1.500000e+00
      vertex   5.420640e+01 2.593330e+01 1.500000e+00
      vertex   5.420640e+01 3.173350e+01 1.500000e+00
    endloop
  endfacet
  facet normal 0.000000e+00 0.000000e+00 1.000000e+00
    outer loop
      vertex   5.075590e+01 3.173350e+01 1.500000e+00
      vertex   5.420640e+01 3.173350e+01 1.500000e+00
      vertex   5.075590e+01 3.483270e+01 1.500000e+00
    endloop
  endfacet
  facet normal -0.000000e+00 0.000000e+00 1.000000e+00
    outer loop
      vertex   5.075590e+01 3.483270e+01 1.500000e+00
      vertex   5.420640e+01 3.173350e+01 1.500000e+00
      vertex   5.420640e+01 3.483270e+01 1.500000e+00
    endloop
  endfacet
  facet normal 0.000000e+00 -0.000000e+00 1.000000e+00
    outer loop
      vertex   5.075590e+01 3.483270e+01 1.500000e+00
      vertex   5.420640e+01 3.483270e+01 1.500000e+00
      vertex   4.995650e+01 3.583300e+01 1.500000e+00
    endloop
  endfacet
  facet normal -0.000000e+00 0.000000e+00 1.000000e+00
    outer loop
      vertex   4.995650e+01 3.583300e+01 1.500000e+00
      vertex   5.420640e+01 3.483270e+01 1.500000e+00
      vertex   5.500720e+01 3.583300e+01 1.500000e+00
    endloop
  endfacet
  facet normal 0.000000e+00 -0.000000e+00 1.000000e+00
    outer loop
      vertex   4.995650e+01 3.583300e+01 1.500000e+00
      vertex   5.500720e+01 3.583300e+01 1.500000e+00
      vertex   4.548220e+01 4.088380e+01 1.500000e+00
    endloop
  endfacet
  facet normal -0.000000e+00 0.000000e+00 1.000000e+00
    outer loop
      vertex   4.548220e+01 4.088380e+01 1.500000e+00
      vertex   5.500720e+01 3.583300e+01 1.500000e+00
      vertex   5.948150e+01 4.088380e+01 1.500000e+00
    endloop
  endfacet
  facet normal 0.000000e+00 0.000000e+00 1.000000e+00
    outer loop
      vertex   5.948150e+01 4.088380e+01 1.500000e+00
      vertex   5.500720e+01 3.583300e+01 1.500000e+00
      vertex   6.900650e+01 3.583300e+01 1.500000e+00
    endloop
  endfacet
  facet normal -0.000000e+00 0.000000e+00 1.000000e+00
    outer loop
      vertex   5.948150e+01 4.088380e+01 1.500000e+00
      vertex   6.900650e+01 3.583300e+01 1.500000e+00
      vertex   6.453220e+01 4.088380e+01 1.500000e+00
    endloop
  endfacet
  facet normal 0.000000e+00 0.000000e+00 1.000000e+00
    outer loop
      vertex   6.453220e+01 4.088380e+01 1.500000e+00
      vertex   6.900650e+01 3.583300e+01 1.500000e+00
      vertex   7.405720e+01 3.583300e+01 1.500000e+00
    endloop
  endfacet
  facet normal -0.000000e+00 0.000000e+00 1.000000e+00
    outer loop
      vertex   6.453220e+01 4.088380e+01 1.500000e+00
      vertex   7.405720e+01 3.583300e+01 1.500000e+00
      vertex   7.853150e+01 4.088380e+01 1.500000e+00
    endloop
  endfacet
  facet normal 0.000000e+00 0.000000e+00 1.000000e+00
    outer loop
      vertex   7.853150e+01 4.088380e+01 1.500000e+00
      vertex   7.405720e+01 3.583300e+01 1.500000e+00
      vertex   8.805650e+01 3.583300e+01 1.500000e+00
    endloop
  endfacet
  facet normal -0.000000e+00 0.000000e+00 1.000000e+00
    outer loop
      vertex   7.853150e+01 4.088380e+01 1.500000e+00
      vertex   8.805650e+01 3.583300e+01 1.500000e+00
      vertex   8.358220e+01 4.088380e+01 1.500000e+00
    endloop
  endfacet
  facet normal 0.000000e+00 0.000000e+00 1.000000e+00
    outer loop
      vertex   8.358220e+01 4.088380e+01 1.500000e+00
      vertex   8.805650e+01 3.583300e+01 1.500000e+00
      vertex   9.310720e+01 3.583300e+01 1.500000e+00
    endloop
  endfacet
  facet normal -0.000000e+00 0.000000e+00 1.000000e+00
    outer loop
      vertex   8.358220e+01 4.088380e+01 1.500000e+00
      vertex   9.310720e+01 3.583300e+01 1.500000e+00
      vertex   9.758150e+01 4.088380e+01 1.500000e+00
    endloop
  endfacet
  facet normal -0.000000e+00 0.000000e+00 1.000000e+00
    outer loop
      vertex   9.758150e+01 4.088380e+01 1.500000e+00
      vertex   9.310720e+01 3.583300e+01 1.500000e+00
      vertex   1.026320e+02 4.088380e+01 1.500000e+00
    endloop
  endfacet
  facet normal 0.000000e+00 0.000000e+00 1.000000e+00
    outer loop
      vertex   9.758150e+01 4.088380e+01 1.500000e+00
      vertex   1.026320e+02 4.088380e+01 1.500000e+00
      vertex   1.018310e+02 4.188280e+01 1.500000e+00
    endloop
  endfacet
  facet normal -0.000000e+00 0.000000e+00 1.000000e+00
    outer loop
      vertex   1.018310e+02 4.188280e+01 1.500000e+00
      vertex   1.026320e+02 4.088380e+01 1.500000e+00
      vertex   1.026320e+02 4.188280e+01 1.500000e+00
    endloop
  endfacet
  facet normal -0.000000e+00 0.000000e+00 1.000000e+00
    outer loop
      vertex   4.995650e+01 2.283270e+01 1.500000e+00
      vertex   4.995650e+01 2.183360e+01 1.500000e+00
      vertex   5.075590e+01 2.283270e+01 1.500000e+00
    endloop
  endfacet
  facet normal -0.000000e+00 0.000000e+00 1.000000e+00
    outer loop
      vertex   5.075590e+01 2.283270e+01 1.500000e+00
      vertex   4.995650e+01 2.183360e+01 1.500000e+00
      vertex   5.420640e+01 2.283270e+01 1.500000e+00
    endloop
  endfacet
  facet normal -0.000000e+00 0.000000e+00 1.000000e+00
    outer loop
      vertex   3.595720e+01 2.183360e+01 1.500000e+00
      vertex   7.153090e+01 1.930860e+01 1.500000e+00
      vertex   4.995650e+01 2.183360e+01 1.500000e+00
    endloop
  endfacet
  facet normal -0.000000e+00 0.000000e+00 1.000000e+00
    outer loop
      vertex   4.995650e+01 2.183360e+01 1.500000e+00
      vertex   7.153090e+01 1.930860e+01 1.500000e+00
      vertex   5.500720e+01 2.183360e+01 1.500000e+00
    endloop
  endfacet
  facet normal 0.000000e+00 0.000000e+00 1.000000e+00
    outer loop
      vertex   4.995650e+01 2.183360e+01 1.500000e+00
      vertex   5.500720e+01 2.183360e+01 1.500000e+00
      vertex   5.420640e+01 2.283270e+01 1.500000e+00
    endloop
  endfacet
  facet normal -0.000000e+00 0.000000e+00 1.000000e+00
    outer loop
      vertex   5.420640e+01 2.283270e+01 1.500000e+00
      vertex   5.500720e+01 2.183360e+01 1.500000e+00
      vertex   5.500720e+01 2.283270e+01 1.500000e+00
    endloop
  endfacet
  facet normal 0.000000e+00 0.000000e+00 1.000000e+00
    outer loop
      vertex   3.595720e+01 2.283270e+01 1.500000e+00
      vertex   3.515650e+01 2.283270e+01 1.500000e+00
      vertex   3.595720e+01 2.183360e+01 1.500000e+00
    endloop
  endfacet
  facet normal 0.000000e+00 0.000000e+00 1.000000e+00
    outer loop
      vertex   3.595720e+01 2.183360e+01 1.500000e+00
      vertex   3.515650e+01 2.283270e+01 1.500000e+00
      vertex   3.090660e+01 2.183360e+01 1.500000e+00
    endloop
  endfacet
  facet normal 0.000000e+00 0.000000e+00 1.000000e+00
    outer loop
      vertex   3.515650e+01 2.593330e+01 1.500000e+00
      vertex   3.170590e+01 2.593330e+01 1.500000e+00
      vertex   3.515650e+01 2.283270e+01 1.500000e+00
    endloop
  endfacet
  facet normal 0.000000e+00 0.000000e+00 1.000000e+00
    outer loop
      vertex   3.515650e+01 2.283270e+01 1.500000e+00
      vertex   3.170590e+01 2.593330e+01 1.500000e+00
      vertex   3.170590e+01 2.283270e+01 1.500000e+00
    endloop
  endfacet
  facet normal 0.000000e+00 0.000000e+00 1.000000e+00
    outer loop
      vertex   3.515650e+01 2.283270e+01 1.500000e+00
      vertex   3.170590e+01 2.283270e+01 1.500000e+00
      vertex   3.090660e+01 2.183360e+01 1.500000e+00
    endloop
  endfacet
  facet normal 0.000000e+00 0.000000e+00 1.000000e+00
    outer loop
      vertex   3.090660e+01 2.183360e+01 1.500000e+00
      vertex   3.170590e+01 2.283270e+01 1.500000e+00
      vertex   3.090660e+01 2.283270e+01 1.500000e+00
    endloop
  endfacet
  facet normal 0.000000e+00 0.000000e+00 1.000000e+00
    outer loop
      vertex   3.595720e+01 2.593330e+01 1.500000e+00
      vertex   3.515650e+01 3.173350e+01 1.500000e+00
      vertex   3.515650e+01 2.593330e+01 1.500000e+00
    endloop
  endfacet
  facet normal 0.000000e+00 -0.000000e+00 1.000000e+00
    outer loop
      vertex   3.515650e+01 2.593330e+01 1.500000e+00
      vertex   3.515650e+01 3.173350e+01 1.500000e+00
      vertex   3.170590e+01 3.173350e+01 1.500000e+00
    endloop
  endfacet
  facet normal 0.000000e+00 0.000000e+00 1.000000e+00
    outer loop
      vertex   3.515650e+01 2.593330e+01 1.500000e+00
      vertex   3.170590e+01 3.173350e+01 1.500000e+00
      vertex   3.170590e+01 2.593330e+01 1.500000e+00
    endloop
  endfacet
  facet normal 0.000000e+00 -0.000000e+00 1.000000e+00
    outer loop
      vertex   3.170590e+01 2.593330e+01 1.500000e+00
      vertex   3.170590e+01 3.173350e+01 1.500000e+00
      vertex   3.090660e+01 3.173350e+01 1.500000e+00
    endloop
  endfacet
  facet normal 0.000000e+00 0.000000e+00 1.000000e+00
    outer loop
      vertex   3.170590e+01 2.593330e+01 1.500000e+00
      vertex   3.090660e+01 3.173350e+01 1.500000e+00
      vertex   3.090660e+01 2.593330e+01 1.500000e+00
    endloop
  endfacet
  facet normal 0.000000e+00 -0.000000e+00 1.000000e+00
    outer loop
      vertex   3.595720e+01 2.593330e+01 1.500000e+00
      vertex   3.595720e+01 3.173350e+01 1.500000e+00
      vertex   3.515650e+01 3.173350e+01 1.500000e+00
    endloop
  endfacet
  facet normal 0.000000e+00 0.000000e+00 1.000000e+00
    outer loop
      vertex   3.170590e+01 3.173350e+01 1.500000e+00
      vertex   3.515650e+01 3.173350e+01 1.500000e+00
      vertex   3.170590e+01 3.483270e+01 1.500000e+00
    endloop
  endfacet
  facet normal -0.000000e+00 0.000000e+00 1.000000e+00
    outer loop
      vertex   3.170590e+01 3.483270e+01 1.500000e+00
      vertex   3.515650e+01 3.173350e+01 1.500000e+00
      vertex   3.515650e+01 3.483270e+01 1.500000e+00
    endloop
  endfacet
  facet normal 0.000000e+00 -0.000000e+00 1.000000e+00
    outer loop
      vertex   3.170590e+01 3.483270e+01 1.500000e+00
      vertex   3.515650e+01 3.483270e+01 1.500000e+00
      vertex   3.090660e+01 3.583300e+01 1.500000e+00
    endloop
  endfacet
  facet normal -0.000000e+00 0.000000e+00 1.000000e+00
    outer loop
      vertex   3.090660e+01 3.583300e+01 1.500000e+00
      vertex   3.515650e+01 3.483270e+01 1.500000e+00
      vertex   3.595720e+01 3.583300e+01 1.500000e+00
    endloop
  endfacet
  facet normal 0.000000e+00 0.000000e+00 1.000000e+00
    outer loop
      vertex   3.515650e+01 3.483270e+01 1.500000e+00
      vertex   3.595720e+01 3.483270e+01 1.500000e+00
      vertex   3.595720e+01 3.583300e+01 1.500000e+00
    endloop
  endfacet
  facet normal 0.000000e+00 0.000000e+00 1.000000e+00
    outer loop
      vertex   4.995650e+01 3.583300e+01 1.500000e+00
      vertex   4.995650e+01 3.483270e+01 1.500000e+00
      vertex   5.075590e+01 3.483270e+01 1.500000e+00
    endloop
  endfacet
  facet normal 0.000000e+00 0.000000e+00 1.000000e+00
    outer loop
      vertex   5.075590e+01 3.173350e+01 1.500000e+00
      vertex   4.995650e+01 3.173350e+01 1.500000e+00
      vertex   5.075590e+01 2.593330e+01 1.500000e+00
    endloop
  endfacet
  facet normal 0.000000e+00 0.000000e+00 1.000000e+00
    outer loop
      vertex   5.075590e+01 2.593330e+01 1.500000e+00
      vertex   4.995650e+01 3.173350e+01 1.500000e+00
      vertex   4.995650e+01 2.593330e+01 1.500000e+00
    endloop
  endfacet
  facet normal 0.000000e+00 0.000000e+00 1.000000e+00
    outer loop
      vertex   5.420640e+01 3.483270e+01 1.500000e+00
      vertex   5.500720e+01 3.483270e+01 1.500000e+00
      vertex   5.500720e+01 3.583300e+01 1.500000e+00
    endloop
  endfacet
  facet normal 0.000000e+00 0.000000e+00 1.000000e+00
    outer loop
      vertex   6.900650e+01 3.483270e+01 1.500000e+00
      vertex   6.980590e+01 3.483270e+01 1.500000e+00
      vertex   6.900650e+01 3.583300e+01 1.500000e+00
    endloop
  endfacet
  facet normal 0.000000e+00 0.000000e+00 1.000000e+00
    outer loop
      vertex   6.900650e+01 3.583300e+01 1.500000e+00
      vertex   6.980590e+01 3.483270e+01 1.500000e+00
      vertex   7.325640e+01 3.483270e+01 1.500000e+00
    endloop
  endfacet
  facet normal -0.000000e+00 0.000000e+00 1.000000e+00
    outer loop
      vertex   6.900650e+01 3.583300e+01 1.500000e+00
      vertex   7.325640e+01 3.483270e+01 1.500000e+00
      vertex   7.405720e+01 3.583300e+01 1.500000e+00
    endloop
  endfacet
  facet normal 0.000000e+00 0.000000e+00 1.000000e+00
    outer loop
      vertex   7.405720e+01 3.583300e+01 1.500000e+00
      vertex   7.325640e+01 3.483270e+01 1.500000e+00
      vertex   7.405720e+01 3.483270e+01 1.500000e+00
    endloop
  endfacet
  facet normal 0.000000e+00 0.000000e+00 1.000000e+00
    outer loop
      vertex   7.325640e+01 3.483270e+01 1.500000e+00
      vertex   6.980590e+01 3.483270e+01 1.500000e+00
      vertex   7.325640e+01 3.173350e+01 1.500000e+00
    endloop
  endfacet
  facet normal 0.000000e+00 0.000000e+00 1.000000e+00
    outer loop
      vertex   7.325640e+01 3.173350e+01 1.500000e+00
      vertex   6.980590e+01 3.483270e+01 1.500000e+00
      vertex   6.980590e+01 3.173350e+01 1.500000e+00
    endloop
  endfacet
  facet normal 0.000000e+00 0.000000e+00 1.000000e+00
    outer loop
      vertex   7.325640e+01 3.173350e+01 1.500000e+00
      vertex   6.980590e+01 3.173350e+01 1.500000e+00
      vertex   7.325640e+01 2.593330e+01 1.500000e+00
    endloop
  endfacet
  facet normal 0.000000e+00 0.000000e+00 1.000000e+00
    outer loop
      vertex   7.325640e+01 2.593330e+01 1.500000e+00
      vertex   6.980590e+01 3.173350e+01 1.500000e+00
      vertex   6.980590e+01 2.593330e+01 1.500000e+00
    endloop
  endfacet
  facet normal 0.000000e+00 0.000000e+00 1.000000e+00
    outer loop
      vertex   7.325640e+01 2.593330e+01 1.500000e+00
      vertex   6.980590e+01 2.593330e+01 1.500000e+00
      vertex   7.325640e+01 2.283270e+01 1.500000e+00
    endloop
  endfacet
  facet normal 0.000000e+00 0.000000e+00 1.000000e+00
    outer loop
      vertex   7.325640e+01 2.283270e+01 1.500000e+00
      vertex   6.980590e+01 2.593330e+01 1.500000e+00
      vertex   6.980590e+01 2.283270e+01 1.500000e+00
    endloop
  endfacet
  facet normal 0.000000e+00 0.000000e+00 1.000000e+00
    outer loop
      vertex   7.325640e+01 2.283270e+01 1.500000e+00
      vertex   6.980590e+01 2.283270e+01 1.500000e+00
      vertex   6.900650e+01 2.183360e+01 1.500000e+00
    endloop
  endfacet
  facet normal 0.000000e+00 0.000000e+00 1.000000e+00
    outer loop
      vertex   6.900650e+01 2.183360e+01 1.500000e+00
      vertex   6.980590e+01 2.283270e+01 1.500000e+00
      vertex   6.900650e+01 2.283270e+01 1.500000e+00
    endloop
  endfacet
  facet normal 0.000000e+00 0.000000e+00 1.000000e+00
    outer loop
      vertex   6.980590e+01 3.173350e+01 1.500000e+00
      vertex   6.900650e+01 3.173350e+01 1.500000e+00
      vertex   6.980590e+01 2.593330e+01 1.500000e+00
    endloop
  endfacet
  facet normal 0.000000e+00 0.000000e+00 1.000000e+00
    outer loop
      vertex   6.980590e+01 2.593330e+01 1.500000e+00
      vertex   6.900650e+01 3.173350e+01 1.500000e+00
      vertex   6.900650e+01 2.593330e+01 1.500000e+00
    endloop
  endfacet
  facet normal -0.000000e+00 0.000000e+00 1.000000e+00
    outer loop
      vertex   5.500720e+01 2.183360e+01 1.500000e+00
      vertex   7.153090e+01 1.930860e+01 1.500000e+00
      vertex   6.900650e+01 2.183360e+01 1.500000e+00
    endloop
  endfacet
  facet normal -0.000000e+00 0.000000e+00 1.000000e+00
    outer loop
      vertex   6.900650e+01 2.183360e+01 1.500000e+00
      vertex   7.153090e+01 1.930860e+01 1.500000e+00
      vertex   7.405720e+01 2.183360e+01 1.500000e+00
    endloop
  endfacet
  facet normal 0.000000e+00 0.000000e+00 1.000000e+00
    outer loop
      vertex   6.900650e+01 2.183360e+01 1.500000e+00
      vertex   7.405720e+01 2.183360e+01 1.500000e+00
      vertex   7.325640e+01 2.283270e+01 1.500000e+00
    endloop
  endfacet
  facet normal -0.000000e+00 0.000000e+00 1.000000e+00
    outer loop
      vertex   7.325640e+01 2.283270e+01 1.500000e+00
      vertex   7.405720e+01 2.183360e+01 1.500000e+00
      vertex   7.405720e+01 2.283270e+01 1.500000e+00
    endloop
  endfacet
  facet normal 0.000000e+00 0.000000e+00 1.000000e+00
    outer loop
      vertex   5.420640e+01 2.593330e+01 1.500000e+00
      vertex   5.500720e+01 2.593330e+01 1.500000e+00
      vertex   5.420640e+01 3.173350e+01 1.500000e+00
    endloop
  endfacet
  facet normal -0.000000e+00 0.000000e+00 1.000000e+00
    outer loop
      vertex   5.420640e+01 3.173350e+01 1.500000e+00
      vertex   5.500720e+01 2.593330e+01 1.500000e+00
      vertex   5.500720e+01 3.173350e+01 1.500000e+00
    endloop
  endfacet
  facet normal 0.000000e+00 0.000000e+00 1.000000e+00
    outer loop
      vertex   1.555310e+02 5.078340e+01 1.500000e+00
      vertex   1.589810e+02 5.078340e+01 1.500000e+00
      vertex   1.555310e+02 5.388260e+01 1.500000e+00
    endloop
  endfacet
  facet normal -0.000000e+00 0.000000e+00 1.000000e+00
    outer loop
      vertex   1.555310e+02 5.388260e+01 1.500000e+00
      vertex   1.589810e+02 5.078340e+01 1.500000e+00
      vertex   1.589810e+02 5.388260e+01 1.500000e+00
    endloop
  endfacet
  facet normal 0.000000e+00 -0.000000e+00 1.000000e+00
    outer loop
      vertex   1.555310e+02 5.388260e+01 1.500000e+00
      vertex   1.589810e+02 5.388260e+01 1.500000e+00
      vertex   1.547320e+02 5.488310e+01 1.500000e+00
    endloop
  endfacet
  facet normal -0.000000e+00 0.000000e+00 1.000000e+00
    outer loop
      vertex   1.547320e+02 5.488310e+01 1.500000e+00
      vertex   1.589810e+02 5.388260e+01 1.500000e+00
      vertex   1.597820e+02 5.488310e+01 1.500000e+00
    endloop
  endfacet
  facet normal 0.000000e+00 0.000000e+00 1.000000e+00
    outer loop
      vertex   1.547320e+02 5.488310e+01 1.500000e+00
      vertex   1.597820e+02 5.488310e+01 1.500000e+00
      vertex   1.550200e+02 5.993380e+01 1.500000e+00
    endloop
  endfacet
  facet normal -0.000000e+00 0.000000e+00 1.000000e+00
    outer loop
      vertex   1.550200e+02 5.993380e+01 1.500000e+00
      vertex   1.597820e+02 5.488310e+01 1.500000e+00
      vertex   1.690190e+02 5.993380e+01 1.500000e+00
    endloop
  endfacet
  facet normal 0.000000e+00 0.000000e+00 1.000000e+00
    outer loop
      vertex   1.690190e+02 5.993380e+01 1.500000e+00
      vertex   1.597820e+02 5.488310e+01 1.500000e+00
      vertex   1.737820e+02 5.488310e+01 1.500000e+00
    endloop
  endfacet
  facet normal 0.000000e+00 0.000000e+00 1.000000e+00
    outer loop
      vertex   1.690190e+02 5.993380e+01 1.500000e+00
      vertex   1.737820e+02 5.488310e+01 1.500000e+00
      vertex   1.763070e+02 5.740880e+01 1.500000e+00
    endloop
  endfacet
  facet normal 0.000000e+00 0.000000e+00 1.000000e+00
    outer loop
      vertex   1.763070e+02 5.740880e+01 1.500000e+00
      vertex   1.737820e+02 5.488310e+01 1.500000e+00
      vertex   1.745810e+02 5.388260e+01 1.500000e+00
    endloop
  endfacet
  facet normal 0.000000e+00 0.000000e+00 1.000000e+00
    outer loop
      vertex   1.763070e+02 5.740880e+01 1.500000e+00
      vertex   1.745810e+02 5.388260e+01 1.500000e+00
      vertex   1.745810e+02 5.078340e+01 1.500000e+00
    endloop
  endfacet
  facet normal -0.000000e+00 0.000000e+00 1.000000e+00
    outer loop
      vertex   1.547320e+02 5.078340e+01 1.500000e+00
      vertex   1.555310e+02 4.498340e+01 1.500000e+00
      vertex   1.555310e+02 5.078340e+01 1.500000e+00
    endloop
  endfacet
  facet normal 0.000000e+00 0.000000e+00 1.000000e+00
    outer loop
      vertex   1.555310e+02 5.078340e+01 1.500000e+00
      vertex   1.555310e+02 4.498340e+01 1.500000e+00
      vertex   1.589810e+02 4.498340e+01 1.500000e+00
    endloop
  endfacet
  facet normal -0.000000e+00 0.000000e+00 1.000000e+00
    outer loop
      vertex   1.555310e+02 5.078340e+01 1.500000e+00
      vertex   1.589810e+02 4.498340e+01 1.500000e+00
      vertex   1.589810e+02 5.078340e+01 1.500000e+00
    endloop
  endfacet
  facet normal 0.000000e+00 0.000000e+00 1.000000e+00
    outer loop
      vertex   1.589810e+02 5.078340e+01 1.500000e+00
      vertex   1.589810e+02 4.498340e+01 1.500000e+00
      vertex   1.597820e+02 4.498340e+01 1.500000e+00
    endloop
  endfacet
  facet normal -0.000000e+00 0.000000e+00 1.000000e+00
    outer loop
      vertex   1.589810e+02 5.078340e+01 1.500000e+00
      vertex   1.597820e+02 4.498340e+01 1.500000e+00
      vertex   1.597820e+02 5.078340e+01 1.500000e+00
    endloop
  endfacet
  facet normal 0.000000e+00 0.000000e+00 1.000000e+00
    outer loop
      vertex   1.547320e+02 5.078340e+01 1.500000e+00
      vertex   1.547320e+02 4.498340e+01 1.500000e+00
      vertex   1.555310e+02 4.498340e+01 1.500000e+00
    endloop
  endfacet
  facet normal 0.000000e+00 0.000000e+00 1.000000e+00
    outer loop
      vertex   1.589810e+02 4.498340e+01 1.500000e+00
      vertex   1.555310e+02 4.498340e+01 1.500000e+00
      vertex   1.589810e+02 4.188280e+01 1.500000e+00
    endloop
  endfacet
  facet normal 0.000000e+00 0.000000e+00 1.000000e+00
    outer loop
      vertex   1.589810e+02 4.188280e+01 1.500000e+00
      vertex   1.555310e+02 4.498340e+01 1.500000e+00
      vertex   1.555310e+02 4.188280e+01 1.500000e+00
    endloop
  endfacet
  facet normal 0.000000e+00 0.000000e+00 1.000000e+00
    outer loop
      vertex   1.589810e+02 4.188280e+01 1.500000e+00
      vertex   1.555310e+02 4.188280e+01 1.500000e+00
      vertex   1.547320e+02 4.088380e+01 1.500000e+00
    endloop
  endfacet
  facet normal 0.000000e+00 0.000000e+00 1.000000e+00
    outer loop
      vertex   1.547320e+02 4.088380e+01 1.500000e+00
      vertex   1.555310e+02 4.188280e+01 1.500000e+00
      vertex   1.547320e+02 4.188280e+01 1.500000e+00
    endloop
  endfacet
  facet normal 0.000000e+00 0.000000e+00 1.000000e+00
    outer loop
      vertex   1.407320e+02 4.188280e+01 1.500000e+00
      vertex   1.399310e+02 4.188280e+01 1.500000e+00
      vertex   1.407320e+02 4.088380e+01 1.500000e+00
    endloop
  endfacet
  facet normal 0.000000e+00 0.000000e+00 1.000000e+00
    outer loop
      vertex   1.407320e+02 4.088380e+01 1.500000e+00
      vertex   1.399310e+02 4.188280e+01 1.500000e+00
      vertex   1.356820e+02 4.088380e+01 1.500000e+00
    endloop
  endfacet
  facet normal 0.000000e+00 0.000000e+00 1.000000e+00
    outer loop
      vertex   1.407320e+02 4.088380e+01 1.500000e+00
      vertex   1.356820e+02 4.088380e+01 1.500000e+00
      vertex   1.452070e+02 3.583300e+01 1.500000e+00
    endloop
  endfacet
  facet normal 0.000000e+00 0.000000e+00 1.000000e+00
    outer loop
      vertex   1.452070e+02 3.583300e+01 1.500000e+00
      vertex   1.356820e+02 4.088380e+01 1.500000e+00
      vertex   1.312070e+02 3.583300e+01 1.500000e+00
    endloop
  endfacet
  facet normal 0.000000e+00 -0.000000e+00 1.000000e+00
    outer loop
      vertex   1.312070e+02 3.583300e+01 1.500000e+00
      vertex   1.356820e+02 4.088380e+01 1.500000e+00
      vertex   1.216820e+02 4.088380e+01 1.500000e+00
    endloop
  endfacet
  facet normal 0.000000e+00 0.000000e+00 1.000000e+00
    outer loop
      vertex   1.312070e+02 3.583300e+01 1.500000e+00
      vertex   1.216820e+02 4.088380e+01 1.500000e+00
      vertex   1.261570e+02 3.583300e+01 1.500000e+00
    endloop
  endfacet
  facet normal 0.000000e+00 0.000000e+00 1.000000e+00
    outer loop
      vertex   1.261570e+02 3.583300e+01 1.500000e+00
      vertex   1.216820e+02 4.088380e+01 1.500000e+00
      vertex   1.166320e+02 4.088380e+01 1.500000e+00
    endloop
  endfacet
  facet normal 0.000000e+00 0.000000e+00 1.000000e+00
    outer loop
      vertex   1.261570e+02 3.583300e+01 1.500000e+00
      vertex   1.166320e+02 4.088380e+01 1.500000e+00
      vertex   1.121570e+02 3.583300e+01 1.500000e+00
    endloop
  endfacet
  facet normal 0.000000e+00 -0.000000e+00 1.000000e+00
    outer loop
      vertex   1.121570e+02 3.583300e+01 1.500000e+00
      vertex   1.166320e+02 4.088380e+01 1.500000e+00
      vertex   1.026320e+02 4.088380e+01 1.500000e+00
    endloop
  endfacet
  facet normal 0.000000e+00 0.000000e+00 1.000000e+00
    outer loop
      vertex   1.121570e+02 3.583300e+01 1.500000e+00
      vertex   1.026320e+02 4.088380e+01 1.500000e+00
      vertex   1.071070e+02 3.583300e+01 1.500000e+00
    endloop
  endfacet
  facet normal 0.000000e+00 0.000000e+00 1.000000e+00
    outer loop
      vertex   1.071070e+02 3.583300e+01 1.500000e+00
      vertex   1.026320e+02 4.088380e+01 1.500000e+00
      vertex   9.310720e+01 3.583300e+01 1.500000e+00
    endloop
  endfacet
  facet normal 0.000000e+00 0.000000e+00 1.000000e+00
    outer loop
      vertex   1.399310e+02 4.498340e+01 1.500000e+00
      vertex   1.364810e+02 4.498340e+01 1.500000e+00
      vertex   1.399310e+02 4.188280e+01 1.500000e+00
    endloop
  endfacet
  facet normal 0.000000e+00 0.000000e+00 1.000000e+00
    outer loop
      vertex   1.399310e+02 4.188280e+01 1.500000e+00
      vertex   1.364810e+02 4.498340e+01 1.500000e+00
      vertex   1.364810e+02 4.188280e+01 1.500000e+00
    endloop
  endfacet
  facet normal 0.000000e+00 0.000000e+00 1.000000e+00
    outer loop
      vertex   1.399310e+02 4.188280e+01 1.500000e+00
      vertex   1.364810e+02 4.188280e+01 1.500000e+00
      vertex   1.356820e+02 4.088380e+01 1.500000e+00
    endloop
  endfacet
  facet normal 0.000000e+00 0.000000e+00 1.000000e+00
    outer loop
      vertex   1.356820e+02 4.088380e+01 1.500000e+00
      vertex   1.364810e+02 4.188280e+01 1.500000e+00
      vertex   1.356820e+02 4.188280e+01 1.500000e+00
    endloop
  endfacet
  facet normal 0.000000e+00 0.000000e+00 1.000000e+00
    outer loop
      vertex   1.407320e+02 4.498340e+01 1.500000e+00
      vertex   1.399310e+02 5.078340e+01 1.500000e+00
      vertex   1.399310e+02 4.498340e+01 1.500000e+00
    endloop
  endfacet
  facet normal 0.000000e+00 -0.000000e+00 1.000000e+00
    outer loop
      vertex   1.399310e+02 4.498340e+01 1.500000e+00
      vertex   1.399310e+02 5.078340e+01 1.500000e+00
      vertex   1.364810e+02 5.078340e+01 1.500000e+00
    endloop
  endfacet
  facet normal 0.000000e+00 0.000000e+00 1.000000e+00
    outer loop
      vertex   1.399310e+02 4.498340e+01 1.500000e+00
      vertex   1.364810e+02 5.078340e+01 1.500000e+00
      vertex   1.364810e+02 4.498340e+01 1.500000e+00
    endloop
  endfacet
  facet normal 0.000000e+00 -0.000000e+00 1.000000e+00
    outer loop
      vertex   1.364810e+02 4.498340e+01 1.500000e+00
      vertex   1.364810e+02 5.078340e+01 1.500000e+00
      vertex   1.356820e+02 5.078340e+01 1.500000e+00
    endloop
  endfacet
  facet normal 0.000000e+00 0.000000e+00 1.000000e+00
    outer loop
      vertex   1.364810e+02 4.498340e+01 1.500000e+00
      vertex   1.356820e+02 5.078340e+01 1.500000e+00
      vertex   1.356820e+02 4.498340e+01 1.500000e+00
    endloop
  endfacet
  facet normal 0.000000e+00 -0.000000e+00 1.000000e+00
    outer loop
      vertex   1.407320e+02 4.498340e+01 1.500000e+00
      vertex   1.407320e+02 5.078340e+01 1.500000e+00
      vertex   1.399310e+02 5.078340e+01 1.500000e+00
    endloop
  endfacet
  facet normal 0.000000e+00 0.000000e+00 1.000000e+00
    outer loop
      vertex   1.364810e+02 5.078340e+01 1.500000e+00
      vertex   1.399310e+02 5.078340e+01 1.500000e+00
      vertex   1.364810e+02 5.388260e+01 1.500000e+00
    endloop
  endfacet
  facet normal -0.000000e+00 0.000000e+00 1.000000e+00
    outer loop
      vertex   1.364810e+02 5.388260e+01 1.500000e+00
      vertex   1.399310e+02 5.078340e+01 1.500000e+00
      vertex   1.399310e+02 5.388260e+01 1.500000e+00
    endloop
  endfacet
  facet normal 0.000000e+00 -0.000000e+00 1.000000e+00
    outer loop
      vertex   1.364810e+02 5.388260e+01 1.500000e+00
      vertex   1.399310e+02 5.388260e+01 1.500000e+00
      vertex   1.356820e+02 5.488310e+01 1.500000e+00
    endloop
  endfacet
  facet normal -0.000000e+00 0.000000e+00 1.000000e+00
    outer loop
      vertex   1.356820e+02 5.488310e+01 1.500000e+00
      vertex   1.399310e+02 5.388260e+01 1.500000e+00
      vertex   1.407320e+02 5.488310e+01 1.500000e+00
    endloop
  endfacet
  facet normal 0.000000e+00 0.000000e+00 1.000000e+00
    outer loop
      vertex   1.356820e+02 5.488310e+01 1.500000e+00
      vertex   1.407320e+02 5.488310e+01 1.500000e+00
      vertex   1.359700e+02 5.993380e+01 1.500000e+00
    endloop
  endfacet
  facet normal -0.000000e+00 0.000000e+00 1.000000e+00
    outer loop
      vertex   1.359700e+02 5.993380e+01 1.500000e+00
      vertex   1.407320e+02 5.488310e+01 1.500000e+00
      vertex   1.499690e+02 5.993380e+01 1.500000e+00
    endloop
  endfacet
  facet normal 0.000000e+00 0.000000e+00 1.000000e+00
    outer loop
      vertex   1.499690e+02 5.993380e+01 1.500000e+00
      vertex   1.407320e+02 5.488310e+01 1.500000e+00
      vertex   1.547320e+02 5.488310e+01 1.500000e+00
    endloop
  endfacet
  facet normal -0.000000e+00 0.000000e+00 1.000000e+00
    outer loop
      vertex   1.499690e+02 5.993380e+01 1.500000e+00
      vertex   1.547320e+02 5.488310e+01 1.500000e+00
      vertex   1.550200e+02 5.993380e+01 1.500000e+00
    endloop
  endfacet
  facet normal 0.000000e+00 0.000000e+00 1.000000e+00
    outer loop
      vertex   1.399310e+02 5.388260e+01 1.500000e+00
      vertex   1.407320e+02 5.388260e+01 1.500000e+00
      vertex   1.407320e+02 5.488310e+01 1.500000e+00
    endloop
  endfacet
  facet normal 0.000000e+00 0.000000e+00 1.000000e+00
    outer loop
      vertex   1.547320e+02 5.488310e+01 1.500000e+00
      vertex   1.547320e+02 5.388260e+01 1.500000e+00
      vertex   1.555310e+02 5.388260e+01 1.500000e+00
    endloop
  endfacet
  facet normal 0.000000e+00 0.000000e+00 1.000000e+00
    outer loop
      vertex   1.589810e+02 5.388260e+01 1.500000e+00
      vertex   1.597820e+02 5.388260e+01 1.500000e+00
      vertex   1.597820e+02 5.488310e+01 1.500000e+00
    endloop
  endfacet
  facet normal 0.000000e+00 0.000000e+00 1.000000e+00
    outer loop
      vertex   1.737820e+02 5.488310e+01 1.500000e+00
      vertex   1.737820e+02 5.388260e+01 1.500000e+00
      vertex   1.745810e+02 5.388260e+01 1.500000e+00
    endloop
  endfacet
  facet normal 0.000000e+00 0.000000e+00 1.000000e+00
    outer loop
      vertex   1.745810e+02 5.078340e+01 1.500000e+00
      vertex   1.737820e+02 5.078340e+01 1.500000e+00
      vertex   1.745810e+02 4.498340e+01 1.500000e+00
    endloop
  endfacet
  facet normal 0.000000e+00 0.000000e+00 1.000000e+00
    outer loop
      vertex   1.745810e+02 4.498340e+01 1.500000e+00
      vertex   1.737820e+02 5.078340e+01 1.500000e+00
      vertex   1.737820e+02 4.498340e+01 1.500000e+00
    endloop
  endfacet
  facet normal -0.000000e+00 0.000000e+00 1.000000e+00
    outer loop
      vertex   1.737820e+02 4.188280e+01 1.500000e+00
      vertex   1.737820e+02 4.088380e+01 1.500000e+00
      vertex   1.745810e+02 4.188280e+01 1.500000e+00
    endloop
  endfacet
  facet normal 0.000000e+00 0.000000e+00 1.000000e+00
    outer loop
      vertex   1.745810e+02 4.188280e+01 1.500000e+00
      vertex   1.737820e+02 4.088380e+01 1.500000e+00
      vertex   1.763070e+02 3.835880e+01 1.500000e+00
    endloop
  endfacet
  facet normal 0.000000e+00 0.000000e+00 1.000000e+00
    outer loop
      vertex   1.737820e+02 4.088380e+01 1.500000e+00
      vertex   1.597820e+02 4.088380e+01 1.500000e+00
      vertex   1.763070e+02 3.835880e+01 1.500000e+00
    endloop
  endfacet
  facet normal 0.000000e+00 0.000000e+00 1.000000e+00
    outer loop
      vertex   1.597820e+02 4.188280e+01 1.500000e+00
      vertex   1.589810e+02 4.188280e+01 1.500000e+00
      vertex   1.597820e+02 4.088380e+01 1.500000e+00
    endloop
  endfacet
  facet normal 0.000000e+00 0.000000e+00 1.000000e+00
    outer loop
      vertex   1.597820e+02 4.088380e+01 1.500000e+00
      vertex   1.589810e+02 4.188280e+01 1.500000e+00
      vertex   1.547320e+02 4.088380e+01 1.500000e+00
    endloop
  endfacet
  facet normal 0.000000e+00 0.000000e+00 1.000000e+00
    outer loop
      vertex   1.690720e+01 2.283270e+01 1.500000e+00
      vertex   1.610650e+01 2.283270e+01 1.500000e+00
      vertex   1.690720e+01 2.183360e+01 1.500000e+00
    endloop
  endfacet
  facet normal 0.000000e+00 0.000000e+00 1.000000e+00
    outer loop
      vertex   1.690720e+01 2.183360e+01 1.500000e+00
      vertex   1.610650e+01 2.283270e+01 1.500000e+00
      vertex   1.438220e+01 1.930860e+01 1.500000e+00
    endloop
  endfacet
  facet normal 0.000000e+00 -0.000000e+00 1.000000e+00
    outer loop
      vertex   1.690720e+01 2.593330e+01 1.500000e+00
      vertex   1.690720e+01 3.173350e+01 1.500000e+00
      vertex   1.438220e+01 2.883340e+01 1.500000e+00
    endloop
  endfacet
  facet normal 0.000000e+00 0.000000e+00 1.000000e+00
    outer loop
      vertex   1.438220e+01 2.883340e+01 1.500000e+00
      vertex   1.690720e+01 3.173350e+01 1.500000e+00
      vertex   1.610650e+01 3.173350e+01 1.500000e+00
    endloop
  endfacet
  facet normal 0.000000e+00 0.000000e+00 1.000000e+00
    outer loop
      vertex   1.438220e+01 2.883340e+01 1.500000e+00
      vertex   1.610650e+01 3.173350e+01 1.500000e+00
      vertex   1.610650e+01 3.483270e+01 1.500000e+00
    endloop
  endfacet
  facet normal 0.000000e+00 0.000000e+00 1.000000e+00
    outer loop
      vertex   1.610650e+01 3.483270e+01 1.500000e+00
      vertex   1.690720e+01 3.483270e+01 1.500000e+00
      vertex   1.690720e+01 3.583300e+01 1.500000e+00
    endloop
  endfacet
  facet normal 0.000000e+00 0.000000e+00 1.000000e+00
    outer loop
      vertex   3.090660e+01 3.583300e+01 1.500000e+00
      vertex   3.090660e+01 3.483270e+01 1.500000e+00
      vertex   3.170590e+01 3.483270e+01 1.500000e+00
    endloop
  endfacet
  facet normal -0.000000e+00 0.000000e+00 1.000000e+00
    outer loop
      vertex   9.758150e+01 4.188280e+01 1.500000e+00
      vertex   9.758150e+01 4.088380e+01 1.500000e+00
      vertex   9.838090e+01 4.188280e+01 1.500000e+00
    endloop
  endfacet
  facet normal -0.000000e+00 0.000000e+00 1.000000e+00
    outer loop
      vertex   9.838090e+01 4.188280e+01 1.500000e+00
      vertex   9.758150e+01 4.088380e+01 1.500000e+00
      vertex   1.018310e+02 4.188280e+01 1.500000e+00
    endloop
  endfacet
  facet normal 0.000000e+00 0.000000e+00 1.000000e+00
    outer loop
      vertex   9.838090e+01 4.188280e+01 1.500000e+00
      vertex   1.018310e+02 4.188280e+01 1.500000e+00
      vertex   9.838090e+01 4.498340e+01 1.500000e+00
    endloop
  endfacet
  facet normal -0.000000e+00 0.000000e+00 1.000000e+00
    outer loop
      vertex   9.838090e+01 4.498340e+01 1.500000e+00
      vertex   1.018310e+02 4.188280e+01 1.500000e+00
      vertex   1.018310e+02 4.498340e+01 1.500000e+00
    endloop
  endfacet
  facet normal 0.000000e+00 0.000000e+00 1.000000e+00
    outer loop
      vertex   9.838090e+01 4.498340e+01 1.500000e+00
      vertex   1.018310e+02 4.498340e+01 1.500000e+00
      vertex   9.838090e+01 5.078340e+01 1.500000e+00
    endloop
  endfacet
  facet normal -0.000000e+00 0.000000e+00 1.000000e+00
    outer loop
      vertex   9.838090e+01 5.078340e+01 1.500000e+00
      vertex   1.018310e+02 4.498340e+01 1.500000e+00
      vertex   1.018310e+02 5.078340e+01 1.500000e+00
    endloop
  endfacet
  facet normal 0.000000e+00 0.000000e+00 1.000000e+00
    outer loop
      vertex   9.838090e+01 5.078340e+01 1.500000e+00
      vertex   1.018310e+02 5.078340e+01 1.500000e+00
      vertex   9.838090e+01 5.388260e+01 1.500000e+00
    endloop
  endfacet
  facet normal -0.000000e+00 0.000000e+00 1.000000e+00
    outer loop
      vertex   9.838090e+01 5.388260e+01 1.500000e+00
      vertex   1.018310e+02 5.078340e+01 1.500000e+00
      vertex   1.018310e+02 5.388260e+01 1.500000e+00
    endloop
  endfacet
  facet normal 0.000000e+00 -0.000000e+00 1.000000e+00
    outer loop
      vertex   9.838090e+01 5.388260e+01 1.500000e+00
      vertex   1.018310e+02 5.388260e+01 1.500000e+00
      vertex   9.758150e+01 5.488310e+01 1.500000e+00
    endloop
  endfacet
  facet normal -0.000000e+00 0.000000e+00 1.000000e+00
    outer loop
      vertex   9.758150e+01 5.488310e+01 1.500000e+00
      vertex   1.018310e+02 5.388260e+01 1.500000e+00
      vertex   1.026320e+02 5.488310e+01 1.500000e+00
    endloop
  endfacet
  facet normal 0.000000e+00 0.000000e+00 1.000000e+00
    outer loop
      vertex   9.758150e+01 5.488310e+01 1.500000e+00
      vertex   1.026320e+02 5.488310e+01 1.500000e+00
      vertex   9.786830e+01 5.993380e+01 1.500000e+00
    endloop
  endfacet
  facet normal -0.000000e+00 0.000000e+00 1.000000e+00
    outer loop
      vertex   9.786830e+01 5.993380e+01 1.500000e+00
      vertex   1.026320e+02 5.488310e+01 1.500000e+00
      vertex   1.118690e+02 5.993380e+01 1.500000e+00
    endloop
  endfacet
  facet normal 0.000000e+00 0.000000e+00 1.000000e+00
    outer loop
      vertex   1.118690e+02 5.993380e+01 1.500000e+00
      vertex   1.026320e+02 5.488310e+01 1.500000e+00
      vertex   1.166320e+02 5.488310e+01 1.500000e+00
    endloop
  endfacet
  facet normal -0.000000e+00 0.000000e+00 1.000000e+00
    outer loop
      vertex   1.118690e+02 5.993380e+01 1.500000e+00
      vertex   1.166320e+02 5.488310e+01 1.500000e+00
      vertex   1.169180e+02 5.993380e+01 1.500000e+00
    endloop
  endfacet
  facet normal 0.000000e+00 0.000000e+00 1.000000e+00
    outer loop
      vertex   1.169180e+02 5.993380e+01 1.500000e+00
      vertex   1.166320e+02 5.488310e+01 1.500000e+00
      vertex   1.216820e+02 5.488310e+01 1.500000e+00
    endloop
  endfacet
  facet normal -0.000000e+00 0.000000e+00 1.000000e+00
    outer loop
      vertex   1.169180e+02 5.993380e+01 1.500000e+00
      vertex   1.216820e+02 5.488310e+01 1.500000e+00
      vertex   1.309190e+02 5.993380e+01 1.500000e+00
    endloop
  endfacet
  facet normal 0.000000e+00 0.000000e+00 1.000000e+00
    outer loop
      vertex   1.309190e+02 5.993380e+01 1.500000e+00
      vertex   1.216820e+02 5.488310e+01 1.500000e+00
      vertex   1.356820e+02 5.488310e+01 1.500000e+00
    endloop
  endfacet
  facet normal -0.000000e+00 0.000000e+00 1.000000e+00
    outer loop
      vertex   1.309190e+02 5.993380e+01 1.500000e+00
      vertex   1.356820e+02 5.488310e+01 1.500000e+00
      vertex   1.359700e+02 5.993380e+01 1.500000e+00
    endloop
  endfacet
  facet normal 0.000000e+00 0.000000e+00 1.000000e+00
    outer loop
      vertex   8.358220e+01 4.188280e+01 1.500000e+00
      vertex   8.278140e+01 4.188280e+01 1.500000e+00
      vertex   8.358220e+01 4.088380e+01 1.500000e+00
    endloop
  endfacet
  facet normal 0.000000e+00 0.000000e+00 1.000000e+00
    outer loop
      vertex   8.358220e+01 4.088380e+01 1.500000e+00
      vertex   8.278140e+01 4.188280e+01 1.500000e+00
      vertex   7.853150e+01 4.088380e+01 1.500000e+00
    endloop
  endfacet
  facet normal 0.000000e+00 0.000000e+00 1.000000e+00
    outer loop
      vertex   8.278140e+01 4.498340e+01 1.500000e+00
      vertex   7.933090e+01 4.498340e+01 1.500000e+00
      vertex   8.278140e+01 4.188280e+01 1.500000e+00
    endloop
  endfacet
  facet normal 0.000000e+00 0.000000e+00 1.000000e+00
    outer loop
      vertex   8.278140e+01 4.188280e+01 1.500000e+00
      vertex   7.933090e+01 4.498340e+01 1.500000e+00
      vertex   7.933090e+01 4.188280e+01 1.500000e+00
    endloop
  endfacet
  facet normal 0.000000e+00 0.000000e+00 1.000000e+00
    outer loop
      vertex   8.278140e+01 4.188280e+01 1.500000e+00
      vertex   7.933090e+01 4.188280e+01 1.500000e+00
      vertex   7.853150e+01 4.088380e+01 1.500000e+00
    endloop
  endfacet
  facet normal 0.000000e+00 0.000000e+00 1.000000e+00
    outer loop
      vertex   7.853150e+01 4.088380e+01 1.500000e+00
      vertex   7.933090e+01 4.188280e+01 1.500000e+00
      vertex   7.853150e+01 4.188280e+01 1.500000e+00
    endloop
  endfacet
  facet normal 0.000000e+00 0.000000e+00 1.000000e+00
    outer loop
      vertex   8.358220e+01 4.498340e+01 1.500000e+00
      vertex   8.278140e+01 5.078340e+01 1.500000e+00
      vertex   8.278140e+01 4.498340e+01 1.500000e+00
    endloop
  endfacet
  facet normal 0.000000e+00 -0.000000e+00 1.000000e+00
    outer loop
      vertex   8.278140e+01 4.498340e+01 1.500000e+00
      vertex   8.278140e+01 5.078340e+01 1.500000e+00
      vertex   7.933090e+01 5.078340e+01 1.500000e+00
    endloop
  endfacet
  facet normal 0.000000e+00 0.000000e+00 1.000000e+00
    outer loop
      vertex   8.278140e+01 4.498340e+01 1.500000e+00
      vertex   7.933090e+01 5.078340e+01 1.500000e+00
      vertex   7.933090e+01 4.498340e+01 1.500000e+00
    endloop
  endfacet
  facet normal 0.000000e+00 -0.000000e+00 1.000000e+00
    outer loop
      vertex   7.933090e+01 4.498340e+01 1.500000e+00
      vertex   7.933090e+01 5.078340e+01 1.500000e+00
      vertex   7.853150e+01 5.078340e+01 1.500000e+00
    endloop
  endfacet
  facet normal 0.000000e+00 0.000000e+00 1.000000e+00
    outer loop
      vertex   7.933090e+01 4.498340e+01 1.500000e+00
      vertex   7.853150e+01 5.078340e+01 1.500000e+00
      vertex   7.853150e+01 4.498340e+01 1.500000e+00
    endloop
  endfacet
  facet normal 0.000000e+00 -0.000000e+00 1.000000e+00
    outer loop
      vertex   8.358220e+01 4.498340e+01 1.500000e+00
      vertex   8.358220e+01 5.078340e+01 1.500000e+00
      vertex   8.278140e+01 5.078340e+01 1.500000e+00
    endloop
  endfacet
  facet normal 0.000000e+00 0.000000e+00 1.000000e+00
    outer loop
      vertex   7.933090e+01 5.078340e+01 1.500000e+00
      vertex   8.278140e+01 5.078340e+01 1.500000e+00
      vertex   7.933090e+01 5.388260e+01 1.500000e+00
    endloop
  endfacet
  facet normal -0.000000e+00 0.000000e+00 1.000000e+00
    outer loop
      vertex   7.933090e+01 5.388260e+01 1.500000e+00
      vertex   8.278140e+01 5.078340e+01 1.500000e+00
      vertex   8.278140e+01 5.388260e+01 1.500000e+00
    endloop
  endfacet
  facet normal 0.000000e+00 -0.000000e+00 1.000000e+00
    outer loop
      vertex   7.933090e+01 5.388260e+01 1.500000e+00
      vertex   8.278140e+01 5.388260e+01 1.500000e+00
      vertex   7.853150e+01 5.488310e+01 1.500000e+00
    endloop
  endfacet
  facet normal -0.000000e+00 0.000000e+00 1.000000e+00
    outer loop
      vertex   7.853150e+01 5.488310e+01 1.500000e+00
      vertex   8.278140e+01 5.388260e+01 1.500000e+00
      vertex   8.358220e+01 5.488310e+01 1.500000e+00
    endloop
  endfacet
  facet normal 0.000000e+00 0.000000e+00 1.000000e+00
    outer loop
      vertex   7.853150e+01 5.488310e+01 1.500000e+00
      vertex   8.358220e+01 5.488310e+01 1.500000e+00
      vertex   7.881970e+01 5.993380e+01 1.500000e+00
    endloop
  endfacet
  facet normal -0.000000e+00 0.000000e+00 1.000000e+00
    outer loop
      vertex   7.881970e+01 5.993380e+01 1.500000e+00
      vertex   8.358220e+01 5.488310e+01 1.500000e+00
      vertex   9.281900e+01 5.993380e+01 1.500000e+00
    endloop
  endfacet
  facet normal 0.000000e+00 0.000000e+00 1.000000e+00
    outer loop
      vertex   9.281900e+01 5.993380e+01 1.500000e+00
      vertex   8.358220e+01 5.488310e+01 1.500000e+00
      vertex   9.758150e+01 5.488310e+01 1.500000e+00
    endloop
  endfacet
  facet normal -0.000000e+00 0.000000e+00 1.000000e+00
    outer loop
      vertex   9.281900e+01 5.993380e+01 1.500000e+00
      vertex   9.758150e+01 5.488310e+01 1.500000e+00
      vertex   9.786830e+01 5.993380e+01 1.500000e+00
    endloop
  endfacet
  facet normal 0.000000e+00 0.000000e+00 1.000000e+00
    outer loop
      vertex   8.278140e+01 5.388260e+01 1.500000e+00
      vertex   8.358220e+01 5.388260e+01 1.500000e+00
      vertex   8.358220e+01 5.488310e+01 1.500000e+00
    endloop
  endfacet
  facet normal 0.000000e+00 0.000000e+00 1.000000e+00
    outer loop
      vertex   9.758150e+01 5.488310e+01 1.500000e+00
      vertex   9.758150e+01 5.388260e+01 1.500000e+00
      vertex   9.838090e+01 5.388260e+01 1.500000e+00
    endloop
  endfacet
  facet normal 0.000000e+00 0.000000e+00 1.000000e+00
    outer loop
      vertex   9.838090e+01 5.078340e+01 1.500000e+00
      vertex   9.758150e+01 5.078340e+01 1.500000e+00
      vertex   9.838090e+01 4.498340e+01 1.500000e+00
    endloop
  endfacet
  facet normal 0.000000e+00 0.000000e+00 1.000000e+00
    outer loop
      vertex   9.838090e+01 4.498340e+01 1.500000e+00
      vertex   9.758150e+01 5.078340e+01 1.500000e+00
      vertex   9.758150e+01 4.498340e+01 1.500000e+00
    endloop
  endfacet
  facet normal 0.000000e+00 0.000000e+00 1.000000e+00
    outer loop
      vertex   1.356820e+02 5.388260e+01 1.500000e+00
      vertex   1.364810e+02 5.388260e+01 1.500000e+00
      vertex   1.356820e+02 5.488310e+01 1.500000e+00
    endloop
  endfacet
  facet normal 0.000000e+00 0.000000e+00 1.000000e+00
    outer loop
      vertex   1.216820e+02 4.188280e+01 1.500000e+00
      vertex   1.208810e+02 4.188280e+01 1.500000e+00
      vertex   1.216820e+02 4.088380e+01 1.500000e+00
    endloop
  endfacet
  facet normal 0.000000e+00 0.000000e+00 1.000000e+00
    outer loop
      vertex   1.216820e+02 4.088380e+01 1.500000e+00
      vertex   1.208810e+02 4.188280e+01 1.500000e+00
      vertex   1.166320e+02 4.088380e+01 1.500000e+00
    endloop
  endfacet
  facet normal 0.000000e+00 0.000000e+00 1.000000e+00
    outer loop
      vertex   1.208810e+02 4.498340e+01 1.500000e+00
      vertex   1.174310e+02 4.498340e+01 1.500000e+00
      vertex   1.208810e+02 4.188280e+01 1.500000e+00
    endloop
  endfacet
  facet normal 0.000000e+00 0.000000e+00 1.000000e+00
    outer loop
      vertex   1.208810e+02 4.188280e+01 1.500000e+00
      vertex   1.174310e+02 4.498340e+01 1.500000e+00
      vertex   1.174310e+02 4.188280e+01 1.500000e+00
    endloop
  endfacet
  facet normal 0.000000e+00 0.000000e+00 1.000000e+00
    outer loop
      vertex   1.208810e+02 4.188280e+01 1.500000e+00
      vertex   1.174310e+02 4.188280e+01 1.500000e+00
      vertex   1.166320e+02 4.088380e+01 1.500000e+00
    endloop
  endfacet
  facet normal 0.000000e+00 0.000000e+00 1.000000e+00
    outer loop
      vertex   1.166320e+02 4.088380e+01 1.500000e+00
      vertex   1.174310e+02 4.188280e+01 1.500000e+00
      vertex   1.166320e+02 4.188280e+01 1.500000e+00
    endloop
  endfacet
  facet normal 0.000000e+00 0.000000e+00 1.000000e+00
    outer loop
      vertex   1.216820e+02 4.498340e+01 1.500000e+00
      vertex   1.208810e+02 5.078340e+01 1.500000e+00
      vertex   1.208810e+02 4.498340e+01 1.500000e+00
    endloop
  endfacet
  facet normal 0.000000e+00 -0.000000e+00 1.000000e+00
    outer loop
      vertex   1.208810e+02 4.498340e+01 1.500000e+00
      vertex   1.208810e+02 5.078340e+01 1.500000e+00
      vertex   1.174310e+02 5.078340e+01 1.500000e+00
    endloop
  endfacet
  facet normal 0.000000e+00 0.000000e+00 1.000000e+00
    outer loop
      vertex   1.208810e+02 4.498340e+01 1.500000e+00
      vertex   1.174310e+02 5.078340e+01 1.500000e+00
      vertex   1.174310e+02 4.498340e+01 1.500000e+00
    endloop
  endfacet
  facet normal 0.000000e+00 -0.000000e+00 1.000000e+00
    outer loop
      vertex   1.174310e+02 4.498340e+01 1.500000e+00
      vertex   1.174310e+02 5.078340e+01 1.500000e+00
      vertex   1.166320e+02 5.078340e+01 1.500000e+00
    endloop
  endfacet
  facet normal 0.000000e+00 0.000000e+00 1.000000e+00
    outer loop
      vertex   1.174310e+02 4.498340e+01 1.500000e+00
      vertex   1.166320e+02 5.078340e+01 1.500000e+00
      vertex   1.166320e+02 4.498340e+01 1.500000e+00
    endloop
  endfacet
  facet normal 0.000000e+00 -0.000000e+00 1.000000e+00
    outer loop
      vertex   1.216820e+02 4.498340e+01 1.500000e+00
      vertex   1.216820e+02 5.078340e+01 1.500000e+00
      vertex   1.208810e+02 5.078340e+01 1.500000e+00
    endloop
  endfacet
  facet normal 0.000000e+00 0.000000e+00 1.000000e+00
    outer loop
      vertex   1.174310e+02 5.078340e+01 1.500000e+00
      vertex   1.208810e+02 5.078340e+01 1.500000e+00
      vertex   1.174310e+02 5.388260e+01 1.500000e+00
    endloop
  endfacet
  facet normal -0.000000e+00 0.000000e+00 1.000000e+00
    outer loop
      vertex   1.174310e+02 5.388260e+01 1.500000e+00
      vertex   1.208810e+02 5.078340e+01 1.500000e+00
      vertex   1.208810e+02 5.388260e+01 1.500000e+00
    endloop
  endfacet
  facet normal 0.000000e+00 -0.000000e+00 1.000000e+00
    outer loop
      vertex   1.174310e+02 5.388260e+01 1.500000e+00
      vertex   1.208810e+02 5.388260e+01 1.500000e+00
      vertex   1.166320e+02 5.488310e+01 1.500000e+00
    endloop
  endfacet
  facet normal -0.000000e+00 0.000000e+00 1.000000e+00
    outer loop
      vertex   1.166320e+02 5.488310e+01 1.500000e+00
      vertex   1.208810e+02 5.388260e+01 1.500000e+00
      vertex   1.216820e+02 5.488310e+01 1.500000e+00
    endloop
  endfacet
  facet normal 0.000000e+00 0.000000e+00 1.000000e+00
    outer loop
      vertex   1.208810e+02 5.388260e+01 1.500000e+00
      vertex   1.216820e+02 5.388260e+01 1.500000e+00
      vertex   1.216820e+02 5.488310e+01 1.500000e+00
    endloop
  endfacet
  facet normal 0.000000e+00 0.000000e+00 1.000000e+00
    outer loop
      vertex   6.373140e+01 4.498340e+01 1.500000e+00
      vertex   6.028090e+01 4.498340e+01 1.500000e+00
      vertex   6.373140e+01 4.188280e+01 1.500000e+00
    endloop
  endfacet
  facet normal 0.000000e+00 0.000000e+00 1.000000e+00
    outer loop
      vertex   6.373140e+01 4.188280e+01 1.500000e+00
      vertex   6.028090e+01 4.498340e+01 1.500000e+00
      vertex   6.028090e+01 4.188280e+01 1.500000e+00
    endloop
  endfacet
  facet normal 0.000000e+00 0.000000e+00 1.000000e+00
    outer loop
      vertex   6.373140e+01 4.188280e+01 1.500000e+00
      vertex   6.028090e+01 4.188280e+01 1.500000e+00
      vertex   5.948150e+01 4.088380e+01 1.500000e+00
    endloop
  endfacet
  facet normal 0.000000e+00 0.000000e+00 1.000000e+00
    outer loop
      vertex   5.948150e+01 4.088380e+01 1.500000e+00
      vertex   6.028090e+01 4.188280e+01 1.500000e+00
      vertex   5.948150e+01 4.188280e+01 1.500000e+00
    endloop
  endfacet
  facet normal 0.000000e+00 0.000000e+00 1.000000e+00
    outer loop
      vertex   6.453220e+01 4.498340e+01 1.500000e+00
      vertex   6.373140e+01 5.078340e+01 1.500000e+00
      vertex   6.373140e+01 4.498340e+01 1.500000e+00
    endloop
  endfacet
  facet normal 0.000000e+00 -0.000000e+00 1.000000e+00
    outer loop
      vertex   6.373140e+01 4.498340e+01 1.500000e+00
      vertex   6.373140e+01 5.078340e+01 1.500000e+00
      vertex   6.028090e+01 5.078340e+01 1.500000e+00
    endloop
  endfacet
  facet normal 0.000000e+00 0.000000e+00 1.000000e+00
    outer loop
      vertex   6.373140e+01 4.498340e+01 1.500000e+00
      vertex   6.028090e+01 5.078340e+01 1.500000e+00
      vertex   6.028090e+01 4.498340e+01 1.500000e+00
    endloop
  endfacet
  facet normal 0.000000e+00 -0.000000e+00 1.000000e+00
    outer loop
      vertex   6.028090e+01 4.498340e+01 1.500000e+00
      vertex   6.028090e+01 5.078340e+01 1.500000e+00
      vertex   5.948150e+01 5.078340e+01 1.500000e+00
    endloop
  endfacet
  facet normal 0.000000e+00 0.000000e+00 1.000000e+00
    outer loop
      vertex   6.028090e+01 4.498340e+01 1.500000e+00
      vertex   5.948150e+01 5.078340e+01 1.500000e+00
      vertex   5.948150e+01 4.498340e+01 1.500000e+00
    endloop
  endfacet
  facet normal 0.000000e+00 -0.000000e+00 1.000000e+00
    outer loop
      vertex   6.453220e+01 4.498340e+01 1.500000e+00
      vertex   6.453220e+01 5.078340e+01 1.500000e+00
      vertex   6.373140e+01 5.078340e+01 1.500000e+00
    endloop
  endfacet
  facet normal 0.000000e+00 0.000000e+00 1.000000e+00
    outer loop
      vertex   6.028090e+01 5.078340e+01 1.500000e+00
      vertex   6.373140e+01 5.078340e+01 1.500000e+00
      vertex   6.028090e+01 5.388260e+01 1.500000e+00
    endloop
  endfacet
  facet normal -0.000000e+00 0.000000e+00 1.000000e+00
    outer loop
      vertex   6.028090e+01 5.388260e+01 1.500000e+00
      vertex   6.373140e+01 5.078340e+01 1.500000e+00
      vertex   6.373140e+01 5.388260e+01 1.500000e+00
    endloop
  endfacet
  facet normal 0.000000e+00 -0.000000e+00 1.000000e+00
    outer loop
      vertex   6.028090e+01 5.388260e+01 1.500000e+00
      vertex   6.373140e+01 5.388260e+01 1.500000e+00
      vertex   5.948150e+01 5.488310e+01 1.500000e+00
    endloop
  endfacet
  facet normal -0.000000e+00 0.000000e+00 1.000000e+00
    outer loop
      vertex   5.948150e+01 5.488310e+01 1.500000e+00
      vertex   6.373140e+01 5.388260e+01 1.500000e+00
      vertex   6.453220e+01 5.488310e+01 1.500000e+00
    endloop
  endfacet
  facet normal 0.000000e+00 0.000000e+00 1.000000e+00
    outer loop
      vertex   5.948150e+01 5.488310e+01 1.500000e+00
      vertex   6.453220e+01 5.488310e+01 1.500000e+00
      vertex   5.976970e+01 5.993380e+01 1.500000e+00
    endloop
  endfacet
  facet normal -0.000000e+00 0.000000e+00 1.000000e+00
    outer loop
      vertex   5.976970e+01 5.993380e+01 1.500000e+00
      vertex   6.453220e+01 5.488310e+01 1.500000e+00
      vertex   7.376900e+01 5.993380e+01 1.500000e+00
    endloop
  endfacet
  facet normal 0.000000e+00 0.000000e+00 1.000000e+00
    outer loop
      vertex   7.376900e+01 5.993380e+01 1.500000e+00
      vertex   6.453220e+01 5.488310e+01 1.500000e+00
      vertex   7.853150e+01 5.488310e+01 1.500000e+00
    endloop
  endfacet
  facet normal -0.000000e+00 0.000000e+00 1.000000e+00
    outer loop
      vertex   7.376900e+01 5.993380e+01 1.500000e+00
      vertex   7.853150e+01 5.488310e+01 1.500000e+00
      vertex   7.881970e+01 5.993380e+01 1.500000e+00
    endloop
  endfacet
  facet normal 0.000000e+00 0.000000e+00 1.000000e+00
    outer loop
      vertex   6.373140e+01 5.388260e+01 1.500000e+00
      vertex   6.453220e+01 5.388260e+01 1.500000e+00
      vertex   6.453220e+01 5.488310e+01 1.500000e+00
    endloop
  endfacet
  facet normal 0.000000e+00 0.000000e+00 1.000000e+00
    outer loop
      vertex   7.853150e+01 5.488310e+01 1.500000e+00
      vertex   7.853150e+01 5.388260e+01 1.500000e+00
      vertex   7.933090e+01 5.388260e+01 1.500000e+00
    endloop
  endfacet
  facet normal 0.000000e+00 0.000000e+00 1.000000e+00
    outer loop
      vertex   6.453220e+01 4.188280e+01 1.500000e+00
      vertex   6.373140e+01 4.188280e+01 1.500000e+00
      vertex   6.453220e+01 4.088380e+01 1.500000e+00
    endloop
  endfacet
  facet normal 0.000000e+00 0.000000e+00 1.000000e+00
    outer loop
      vertex   6.453220e+01 4.088380e+01 1.500000e+00
      vertex   6.373140e+01 4.188280e+01 1.500000e+00
      vertex   5.948150e+01 4.088380e+01 1.500000e+00
    endloop
  endfacet
  facet normal 0.000000e+00 0.000000e+00 1.000000e+00
    outer loop
      vertex   1.026320e+02 5.078340e+01 1.500000e+00
      vertex   1.018310e+02 5.078340e+01 1.500000e+00
      vertex   1.026320e+02 4.498340e+01 1.500000e+00
    endloop
  endfacet
  facet normal 0.000000e+00 0.000000e+00 1.000000e+00
    outer loop
      vertex   1.026320e+02 4.498340e+01 1.500000e+00
      vertex   1.018310e+02 5.078340e+01 1.500000e+00
      vertex   1.018310e+02 4.498340e+01 1.500000e+00
    endloop
  endfacet
  facet normal 0.000000e+00 0.000000e+00 1.000000e+00
    outer loop
      vertex   1.018310e+02 5.388260e+01 1.500000e+00
      vertex   1.026320e+02 5.388260e+01 1.500000e+00
      vertex   1.026320e+02 5.488310e+01 1.500000e+00
    endloop
  endfacet
  facet normal 0.000000e+00 0.000000e+00 1.000000e+00
    outer loop
      vertex   1.166320e+02 5.488310e+01 1.500000e+00
      vertex   1.166320e+02 5.388260e+01 1.500000e+00
      vertex   1.174310e+02 5.388260e+01 1.500000e+00
    endloop
  endfacet
  facet normal 0.000000e+00 0.000000e+00 1.000000e+00
    outer loop
      vertex   7.382160e+00 5.078340e+01 1.500000e+00
      vertex   6.581530e+00 5.078340e+01 1.500000e+00
      vertex   7.382160e+00 4.498340e+01 1.500000e+00
    endloop
  endfacet
  facet normal 0.000000e+00 0.000000e+00 1.000000e+00
    outer loop
      vertex   7.382160e+00 4.498340e+01 1.500000e+00
      vertex   6.581530e+00 5.078340e+01 1.500000e+00
      vertex   6.581530e+00 4.498340e+01 1.500000e+00
    endloop
  endfacet
  facet normal 0.000000e+00 -0.000000e+00 1.000000e+00
    outer loop
      vertex   6.581530e+00 4.498340e+01 1.500000e+00
      vertex   6.581530e+00 5.078340e+01 1.500000e+00
      vertex   4.857160e+00 3.835880e+01 1.500000e+00
    endloop
  endfacet
  facet normal -0.000000e+00 0.000000e+00 1.000000e+00
    outer loop
      vertex   4.857160e+00 5.740880e+01 1.500000e+00
      vertex   7.382160e+00 5.488310e+01 1.500000e+00
      vertex   1.661920e+01 5.993380e+01 1.500000e+00
    endloop
  endfacet
  facet normal 0.000000e+00 0.000000e+00 1.000000e+00
    outer loop
      vertex   1.661920e+01 5.993380e+01 1.500000e+00
      vertex   7.382160e+00 5.488310e+01 1.500000e+00
      vertex   2.138170e+01 5.488310e+01 1.500000e+00
    endloop
  endfacet
  facet normal -0.000000e+00 0.000000e+00 1.000000e+00
    outer loop
      vertex   1.661920e+01 5.993380e+01 1.500000e+00
      vertex   2.138170e+01 5.488310e+01 1.500000e+00
      vertex   2.166970e+01 5.993380e+01 1.500000e+00
    endloop
  endfacet
  facet normal 0.000000e+00 0.000000e+00 1.000000e+00
    outer loop
      vertex   2.166970e+01 5.993380e+01 1.500000e+00
      vertex   2.138170e+01 5.488310e+01 1.500000e+00
      vertex   2.643220e+01 5.488310e+01 1.500000e+00
    endloop
  endfacet
  facet normal -0.000000e+00 0.000000e+00 1.000000e+00
    outer loop
      vertex   2.166970e+01 5.993380e+01 1.500000e+00
      vertex   2.643220e+01 5.488310e+01 1.500000e+00
      vertex   3.566900e+01 5.993380e+01 1.500000e+00
    endloop
  endfacet
  facet normal 0.000000e+00 0.000000e+00 1.000000e+00
    outer loop
      vertex   3.566900e+01 5.993380e+01 1.500000e+00
      vertex   2.643220e+01 5.488310e+01 1.500000e+00
      vertex   4.043150e+01 5.488310e+01 1.500000e+00
    endloop
  endfacet
  facet normal -0.000000e+00 0.000000e+00 1.000000e+00
    outer loop
      vertex   3.566900e+01 5.993380e+01 1.500000e+00
      vertex   4.043150e+01 5.488310e+01 1.500000e+00
      vertex   4.071970e+01 5.993380e+01 1.500000e+00
    endloop
  endfacet
  facet normal 0.000000e+00 0.000000e+00 1.000000e+00
    outer loop
      vertex   4.071970e+01 5.993380e+01 1.500000e+00
      vertex   4.043150e+01 5.488310e+01 1.500000e+00
      vertex   4.548220e+01 5.488310e+01 1.500000e+00
    endloop
  endfacet
  facet normal -0.000000e+00 0.000000e+00 1.000000e+00
    outer loop
      vertex   4.071970e+01 5.993380e+01 1.500000e+00
      vertex   4.548220e+01 5.488310e+01 1.500000e+00
      vertex   5.471900e+01 5.993380e+01 1.500000e+00
    endloop
  endfacet
  facet normal 0.000000e+00 0.000000e+00 1.000000e+00
    outer loop
      vertex   5.471900e+01 5.993380e+01 1.500000e+00
      vertex   4.548220e+01 5.488310e+01 1.500000e+00
      vertex   5.948150e+01 5.488310e+01 1.500000e+00
    endloop
  endfacet
  facet normal -0.000000e+00 0.000000e+00 1.000000e+00
    outer loop
      vertex   5.471900e+01 5.993380e+01 1.500000e+00
      vertex   5.948150e+01 5.488310e+01 1.500000e+00
      vertex   5.976970e+01 5.993380e+01 1.500000e+00
    endloop
  endfacet
  facet normal 0.000000e+00 0.000000e+00 1.000000e+00
    outer loop
      vertex   2.138170e+01 5.388260e+01 1.500000e+00
      vertex   2.218090e+01 5.388260e+01 1.500000e+00
      vertex   2.138170e+01 5.488310e+01 1.500000e+00
    endloop
  endfacet
  facet normal 0.000000e+00 0.000000e+00 1.000000e+00
    outer loop
      vertex   2.138170e+01 5.488310e+01 1.500000e+00
      vertex   2.218090e+01 5.388260e+01 1.500000e+00
      vertex   2.563150e+01 5.388260e+01 1.500000e+00
    endloop
  endfacet
  facet normal -0.000000e+00 0.000000e+00 1.000000e+00
    outer loop
      vertex   2.138170e+01 5.488310e+01 1.500000e+00
      vertex   2.563150e+01 5.388260e+01 1.500000e+00
      vertex   2.643220e+01 5.488310e+01 1.500000e+00
    endloop
  endfacet
  facet normal 0.000000e+00 0.000000e+00 1.000000e+00
    outer loop
      vertex   2.643220e+01 5.488310e+01 1.500000e+00
      vertex   2.563150e+01 5.388260e+01 1.500000e+00
      vertex   2.643220e+01 5.388260e+01 1.500000e+00
    endloop
  endfacet
  facet normal 0.000000e+00 0.000000e+00 1.000000e+00
    outer loop
      vertex   2.563150e+01 5.388260e+01 1.500000e+00
      vertex   2.218090e+01 5.388260e+01 1.500000e+00
      vertex   2.563150e+01 5.078340e+01 1.500000e+00
    endloop
  endfacet
  facet normal 0.000000e+00 0.000000e+00 1.000000e+00
    outer loop
      vertex   2.563150e+01 5.078340e+01 1.500000e+00
      vertex   2.218090e+01 5.388260e+01 1.500000e+00
      vertex   2.218090e+01 5.078340e+01 1.500000e+00
    endloop
  endfacet
  facet normal 0.000000e+00 0.000000e+00 1.000000e+00
    outer loop
      vertex   2.563150e+01 5.078340e+01 1.500000e+00
      vertex   2.218090e+01 5.078340e+01 1.500000e+00
      vertex   2.563150e+01 4.498340e+01 1.500000e+00
    endloop
  endfacet
  facet normal 0.000000e+00 0.000000e+00 1.000000e+00
    outer loop
      vertex   2.563150e+01 4.498340e+01 1.500000e+00
      vertex   2.218090e+01 5.078340e+01 1.500000e+00
      vertex   2.218090e+01 4.498340e+01 1.500000e+00
    endloop
  endfacet
  facet normal 0.000000e+00 0.000000e+00 1.000000e+00
    outer loop
      vertex   2.563150e+01 4.498340e+01 1.500000e+00
      vertex   2.218090e+01 4.498340e+01 1.500000e+00
      vertex   2.563150e+01 4.188280e+01 1.500000e+00
    endloop
  endfacet
  facet normal 0.000000e+00 0.000000e+00 1.000000e+00
    outer loop
      vertex   2.563150e+01 4.188280e+01 1.500000e+00
      vertex   2.218090e+01 4.498340e+01 1.500000e+00
      vertex   2.218090e+01 4.188280e+01 1.500000e+00
    endloop
  endfacet
  facet normal 0.000000e+00 0.000000e+00 1.000000e+00
    outer loop
      vertex   2.563150e+01 4.188280e+01 1.500000e+00
      vertex   2.218090e+01 4.188280e+01 1.500000e+00
      vertex   2.138170e+01 4.088380e+01 1.500000e+00
    endloop
  endfacet
  facet normal 0.000000e+00 0.000000e+00 1.000000e+00
    outer loop
      vertex   2.138170e+01 4.088380e+01 1.500000e+00
      vertex   2.218090e+01 4.188280e+01 1.500000e+00
      vertex   2.138170e+01 4.188280e+01 1.500000e+00
    endloop
  endfacet
  facet normal 0.000000e+00 0.000000e+00 1.000000e+00
    outer loop
      vertex   2.218090e+01 5.078340e+01 1.500000e+00
      vertex   2.138170e+01 5.078340e+01 1.500000e+00
      vertex   2.218090e+01 4.498340e+01 1.500000e+00
    endloop
  endfacet
  facet normal 0.000000e+00 0.000000e+00 1.000000e+00
    outer loop
      vertex   2.218090e+01 4.498340e+01 1.500000e+00
      vertex   2.138170e+01 5.078340e+01 1.500000e+00
      vertex   2.138170e+01 4.498340e+01 1.500000e+00
    endloop
  endfacet
  facet normal 0.000000e+00 0.000000e+00 1.000000e+00
    outer loop
      vertex   2.138170e+01 4.088380e+01 1.500000e+00
      vertex   7.382160e+00 4.088380e+01 1.500000e+00
      vertex   1.438193e+01 3.835880e+01 1.500000e+00
    endloop
  endfacet
  facet normal 0.000000e+00 -0.000000e+00 1.000000e+00
    outer loop
      vertex   7.382160e+00 4.088380e+01 1.500000e+00
      vertex   7.382160e+00 4.188280e+01 1.500000e+00
      vertex   6.581530e+00 4.188280e+01 1.500000e+00
    endloop
  endfacet
  facet normal 0.000000e+00 0.000000e+00 1.000000e+00
    outer loop
      vertex   4.043150e+01 4.498340e+01 1.500000e+00
      vertex   4.123090e+01 4.498340e+01 1.500000e+00
      vertex   4.043150e+01 5.078340e+01 1.500000e+00
    endloop
  endfacet
  facet normal -0.000000e+00 0.000000e+00 1.000000e+00
    outer loop
      vertex   4.043150e+01 5.078340e+01 1.500000e+00
      vertex   4.123090e+01 4.498340e+01 1.500000e+00
      vertex   4.123090e+01 5.078340e+01 1.500000e+00
    endloop
  endfacet
  facet normal 0.000000e+00 0.000000e+00 1.000000e+00
    outer loop
      vertex   4.123090e+01 5.078340e+01 1.500000e+00
      vertex   4.123090e+01 4.498340e+01 1.500000e+00
      vertex   4.468140e+01 4.498340e+01 1.500000e+00
    endloop
  endfacet
  facet normal -0.000000e+00 0.000000e+00 1.000000e+00
    outer loop
      vertex   4.123090e+01 5.078340e+01 1.500000e+00
      vertex   4.468140e+01 4.498340e+01 1.500000e+00
      vertex   4.468140e+01 5.078340e+01 1.500000e+00
    endloop
  endfacet
  facet normal 0.000000e+00 0.000000e+00 1.000000e+00
    outer loop
      vertex   4.468140e+01 5.078340e+01 1.500000e+00
      vertex   4.468140e+01 4.498340e+01 1.500000e+00
      vertex   4.548220e+01 4.498340e+01 1.500000e+00
    endloop
  endfacet
  facet normal -0.000000e+00 0.000000e+00 1.000000e+00
    outer loop
      vertex   4.468140e+01 5.078340e+01 1.500000e+00
      vertex   4.548220e+01 4.498340e+01 1.500000e+00
      vertex   4.548220e+01 5.078340e+01 1.500000e+00
    endloop
  endfacet
  facet normal 0.000000e+00 0.000000e+00 1.000000e+00
    outer loop
      vertex   4.468140e+01 4.498340e+01 1.500000e+00
      vertex   4.123090e+01 4.498340e+01 1.500000e+00
      vertex   4.468140e+01 4.188280e+01 1.500000e+00
    endloop
  endfacet
  facet normal 0.000000e+00 0.000000e+00 1.000000e+00
    outer loop
      vertex   4.468140e+01 4.188280e+01 1.500000e+00
      vertex   4.123090e+01 4.498340e+01 1.500000e+00
      vertex   4.123090e+01 4.188280e+01 1.500000e+00
    endloop
  endfacet
  facet normal 0.000000e+00 0.000000e+00 1.000000e+00
    outer loop
      vertex   4.468140e+01 4.188280e+01 1.500000e+00
      vertex   4.123090e+01 4.188280e+01 1.500000e+00
      vertex   4.043150e+01 4.088380e+01 1.500000e+00
    endloop
  endfacet
  facet normal 0.000000e+00 0.000000e+00 1.000000e+00
    outer loop
      vertex   4.043150e+01 4.088380e+01 1.500000e+00
      vertex   4.123090e+01 4.188280e+01 1.500000e+00
      vertex   4.043150e+01 4.188280e+01 1.500000e+00
    endloop
  endfacet
  facet normal 0.000000e+00 0.000000e+00 1.000000e+00
    outer loop
      vertex   2.643220e+01 4.188280e+01 1.500000e+00
      vertex   2.563150e+01 4.188280e+01 1.500000e+00
      vertex   2.643220e+01 4.088380e+01 1.500000e+00
    endloop
  endfacet
  facet normal 0.000000e+00 0.000000e+00 1.000000e+00
    outer loop
      vertex   2.643220e+01 4.088380e+01 1.500000e+00
      vertex   2.563150e+01 4.188280e+01 1.500000e+00
      vertex   2.138170e+01 4.088380e+01 1.500000e+00
    endloop
  endfacet
  facet normal 0.000000e+00 0.000000e+00 1.000000e+00
    outer loop
      vertex   2.563150e+01 4.498340e+01 1.500000e+00
      vertex   2.643220e+01 4.498340e+01 1.500000e+00
      vertex   2.563150e+01 5.078340e+01 1.500000e+00
    endloop
  endfacet
  facet normal -0.000000e+00 0.000000e+00 1.000000e+00
    outer loop
      vertex   2.563150e+01 5.078340e+01 1.500000e+00
      vertex   2.643220e+01 4.498340e+01 1.500000e+00
      vertex   2.643220e+01 5.078340e+01 1.500000e+00
    endloop
  endfacet
  facet normal 0.000000e+00 0.000000e+00 1.000000e+00
    outer loop
      vertex   4.043150e+01 5.388260e+01 1.500000e+00
      vertex   4.123090e+01 5.388260e+01 1.500000e+00
      vertex   4.043150e+01 5.488310e+01 1.500000e+00
    endloop
  endfacet
  facet normal 0.000000e+00 0.000000e+00 1.000000e+00
    outer loop
      vertex   4.043150e+01 5.488310e+01 1.500000e+00
      vertex   4.123090e+01 5.388260e+01 1.500000e+00
      vertex   4.468140e+01 5.388260e+01 1.500000e+00
    endloop
  endfacet
  facet normal -0.000000e+00 0.000000e+00 1.000000e+00
    outer loop
      vertex   4.043150e+01 5.488310e+01 1.500000e+00
      vertex   4.468140e+01 5.388260e+01 1.500000e+00
      vertex   4.548220e+01 5.488310e+01 1.500000e+00
    endloop
  endfacet
  facet normal 0.000000e+00 0.000000e+00 1.000000e+00
    outer loop
      vertex   4.548220e+01 5.488310e+01 1.500000e+00
      vertex   4.468140e+01 5.388260e+01 1.500000e+00
      vertex   4.548220e+01 5.388260e+01 1.500000e+00
    endloop
  endfacet
  facet normal 0.000000e+00 0.000000e+00 1.000000e+00
    outer loop
      vertex   4.468140e+01 5.388260e+01 1.500000e+00
      vertex   4.123090e+01 5.388260e+01 1.500000e+00
      vertex   4.468140e+01 5.078340e+01 1.500000e+00
    endloop
  endfacet
  facet normal 0.000000e+00 0.000000e+00 1.000000e+00
    outer loop
      vertex   4.468140e+01 5.078340e+01 1.500000e+00
      vertex   4.123090e+01 5.388260e+01 1.500000e+00
      vertex   4.123090e+01 5.078340e+01 1.500000e+00
    endloop
  endfacet
  facet normal 0.000000e+00 0.000000e+00 1.000000e+00
    outer loop
      vertex   4.548220e+01 4.188280e+01 1.500000e+00
      vertex   4.468140e+01 4.188280e+01 1.500000e+00
      vertex   4.548220e+01 4.088380e+01 1.500000e+00
    endloop
  endfacet
  facet normal 0.000000e+00 0.000000e+00 1.000000e+00
    outer loop
      vertex   4.548220e+01 4.088380e+01 1.500000e+00
      vertex   4.468140e+01 4.188280e+01 1.500000e+00
      vertex   4.043150e+01 4.088380e+01 1.500000e+00
    endloop
  endfacet
  facet normal 0.000000e+00 0.000000e+00 1.000000e+00
    outer loop
      vertex   4.548220e+01 4.088380e+01 1.500000e+00
      vertex   4.043150e+01 4.088380e+01 1.500000e+00
      vertex   4.995650e+01 3.583300e+01 1.500000e+00
    endloop
  endfacet
  facet normal 0.000000e+00 0.000000e+00 1.000000e+00
    outer loop
      vertex   5.948150e+01 5.488310e+01 1.500000e+00
      vertex   5.948150e+01 5.388260e+01 1.500000e+00
      vertex   6.028090e+01 5.388260e+01 1.500000e+00
    endloop
  endfacet
  facet normal 0.000000e+00 0.000000e+00 1.000000e+00
    outer loop
      vertex   1.880690e+02 7.293260e+01 1.500000e+00
      vertex   1.888700e+02 7.293260e+01 1.500000e+00
      vertex   1.880690e+02 7.393310e+01 1.500000e+00
    endloop
  endfacet
  facet normal -0.000000e+00 0.000000e+00 1.000000e+00
    outer loop
      vertex   1.880690e+02 7.393310e+01 1.500000e+00
      vertex   1.888700e+02 7.293260e+01 1.500000e+00
      vertex   1.905950e+02 7.645750e+01 1.500000e+00
    endloop
  endfacet
  facet normal 0.000000e+00 -0.000000e+00 1.000000e+00
    outer loop
      vertex   1.880690e+02 7.393310e+01 1.500000e+00
      vertex   1.905950e+02 7.645750e+01 1.500000e+00
      vertex   1.740700e+02 7.393310e+01 1.500000e+00
    endloop
  endfacet
  facet normal 0.000000e+00 -0.000000e+00 1.000000e+00
    outer loop
      vertex   1.740700e+02 7.393310e+01 1.500000e+00
      vertex   1.905950e+02 7.645750e+01 1.500000e+00
      vertex   1.690190e+02 7.393310e+01 1.500000e+00
    endloop
  endfacet
  facet normal 0.000000e+00 0.000000e+00 1.000000e+00
    outer loop
      vertex   1.740700e+02 7.393310e+01 1.500000e+00
      vertex   1.690190e+02 7.393310e+01 1.500000e+00
      vertex   1.732690e+02 7.293260e+01 1.500000e+00
    endloop
  endfacet
  facet normal 0.000000e+00 0.000000e+00 1.000000e+00
    outer loop
      vertex   1.732690e+02 7.293260e+01 1.500000e+00
      vertex   1.690190e+02 7.393310e+01 1.500000e+00
      vertex   1.698200e+02 7.293260e+01 1.500000e+00
    endloop
  endfacet
  facet normal 0.000000e+00 0.000000e+00 1.000000e+00
    outer loop
      vertex   1.732690e+02 7.293260e+01 1.500000e+00
      vertex   1.698200e+02 7.293260e+01 1.500000e+00
      vertex   1.732690e+02 6.983340e+01 1.500000e+00
    endloop
  endfacet
  facet normal 0.000000e+00 0.000000e+00 1.000000e+00
    outer loop
      vertex   1.732690e+02 6.983340e+01 1.500000e+00
      vertex   1.698200e+02 7.293260e+01 1.500000e+00
      vertex   1.698200e+02 6.983340e+01 1.500000e+00
    endloop
  endfacet
  facet normal 0.000000e+00 0.000000e+00 1.000000e+00
    outer loop
      vertex   1.732690e+02 6.983340e+01 1.500000e+00
      vertex   1.698200e+02 6.983340e+01 1.500000e+00
      vertex   1.732690e+02 6.403340e+01 1.500000e+00
    endloop
  endfacet
  facet normal 0.000000e+00 0.000000e+00 1.000000e+00
    outer loop
      vertex   1.732690e+02 6.403340e+01 1.500000e+00
      vertex   1.698200e+02 6.983340e+01 1.500000e+00
      vertex   1.698200e+02 6.403340e+01 1.500000e+00
    endloop
  endfacet
  facet normal 0.000000e+00 0.000000e+00 1.000000e+00
    outer loop
      vertex   1.732690e+02 6.403340e+01 1.500000e+00
      vertex   1.698200e+02 6.403340e+01 1.500000e+00
      vertex   1.732690e+02 6.093280e+01 1.500000e+00
    endloop
  endfacet
  facet normal 0.000000e+00 0.000000e+00 1.000000e+00
    outer loop
      vertex   1.732690e+02 6.093280e+01 1.500000e+00
      vertex   1.698200e+02 6.403340e+01 1.500000e+00
      vertex   1.698200e+02 6.093280e+01 1.500000e+00
    endloop
  endfacet
  facet normal 0.000000e+00 0.000000e+00 1.000000e+00
    outer loop
      vertex   1.732690e+02 6.093280e+01 1.500000e+00
      vertex   1.698200e+02 6.093280e+01 1.500000e+00
      vertex   1.740700e+02 5.993380e+01 1.500000e+00
    endloop
  endfacet
  facet normal -0.000000e+00 0.000000e+00 1.000000e+00
    outer loop
      vertex   1.888700e+02 7.293260e+01 1.500000e+00
      vertex   1.888700e+02 6.983340e+01 1.500000e+00
      vertex   1.905950e+02 7.645750e+01 1.500000e+00
    endloop
  endfacet
  facet normal 0.000000e+00 0.000000e+00 1.000000e+00
    outer loop
      vertex   1.905950e+02 7.645750e+01 1.500000e+00
      vertex   1.888700e+02 6.983340e+01 1.500000e+00
      vertex   1.888700e+02 6.403340e+01 1.500000e+00
    endloop
  endfacet
  facet normal 0.000000e+00 0.000000e+00 1.000000e+00
    outer loop
      vertex   1.888700e+02 6.983340e+01 1.500000e+00
      vertex   1.880690e+02 6.983340e+01 1.500000e+00
      vertex   1.888700e+02 6.403340e+01 1.500000e+00
    endloop
  endfacet
  facet normal 0.000000e+00 0.000000e+00 1.000000e+00
    outer loop
      vertex   1.888700e+02 6.403340e+01 1.500000e+00
      vertex   1.880690e+02 6.983340e+01 1.500000e+00
      vertex   1.880690e+02 6.403340e+01 1.500000e+00
    endloop
  endfacet
  facet normal 0.000000e+00 -0.000000e+00 1.000000e+00
    outer loop
      vertex   1.740700e+02 5.993380e+01 1.500000e+00
      vertex   1.740700e+02 6.093280e+01 1.500000e+00
      vertex   1.732690e+02 6.093280e+01 1.500000e+00
    endloop
  endfacet
  facet normal 0.000000e+00 0.000000e+00 1.000000e+00
    outer loop
      vertex   1.732690e+02 6.403340e+01 1.500000e+00
      vertex   1.740700e+02 6.403340e+01 1.500000e+00
      vertex   1.732690e+02 6.983340e+01 1.500000e+00
    endloop
  endfacet
  facet normal -0.000000e+00 0.000000e+00 1.000000e+00
    outer loop
      vertex   1.732690e+02 6.983340e+01 1.500000e+00
      vertex   1.740700e+02 6.403340e+01 1.500000e+00
      vertex   1.740700e+02 6.983340e+01 1.500000e+00
    endloop
  endfacet
  facet normal 0.000000e+00 0.000000e+00 1.000000e+00
    outer loop
      vertex   1.732690e+02 7.293260e+01 1.500000e+00
      vertex   1.740700e+02 7.293260e+01 1.500000e+00
      vertex   1.740700e+02 7.393310e+01 1.500000e+00
    endloop
  endfacet
  facet normal 0.000000e+00 0.000000e+00 1.000000e+00
    outer loop
      vertex   1.550200e+02 6.983340e+01 1.500000e+00
      vertex   1.542190e+02 6.983340e+01 1.500000e+00
      vertex   1.550200e+02 6.403340e+01 1.500000e+00
    endloop
  endfacet
  facet normal 0.000000e+00 0.000000e+00 1.000000e+00
    outer loop
      vertex   1.550200e+02 6.403340e+01 1.500000e+00
      vertex   1.542190e+02 6.983340e+01 1.500000e+00
      vertex   1.542190e+02 6.403340e+01 1.500000e+00
    endloop
  endfacet
  facet normal 0.000000e+00 -0.000000e+00 1.000000e+00
    outer loop
      vertex   1.542190e+02 6.403340e+01 1.500000e+00
      vertex   1.542190e+02 6.983340e+01 1.500000e+00
      vertex   1.507700e+02 6.983340e+01 1.500000e+00
    endloop
  endfacet
  facet normal 0.000000e+00 0.000000e+00 1.000000e+00
    outer loop
      vertex   1.542190e+02 6.403340e+01 1.500000e+00
      vertex   1.507700e+02 6.983340e+01 1.500000e+00
      vertex   1.507700e+02 6.403340e+01 1.500000e+00
    endloop
  endfacet
  facet normal 0.000000e+00 -0.000000e+00 1.000000e+00
    outer loop
      vertex   1.507700e+02 6.403340e+01 1.500000e+00
      vertex   1.507700e+02 6.983340e+01 1.500000e+00
      vertex   1.499690e+02 6.983340e+01 1.500000e+00
    endloop
  endfacet
  facet normal 0.000000e+00 0.000000e+00 1.000000e+00
    outer loop
      vertex   1.507700e+02 6.403340e+01 1.500000e+00
      vertex   1.499690e+02 6.983340e+01 1.500000e+00
      vertex   1.499690e+02 6.403340e+01 1.500000e+00
    endloop
  endfacet
  facet normal 0.000000e+00 0.000000e+00 1.000000e+00
    outer loop
      vertex   1.507700e+02 6.983340e+01 1.500000e+00
      vertex   1.542190e+02 6.983340e+01 1.500000e+00
      vertex   1.507700e+02 7.293260e+01 1.500000e+00
    endloop
  endfacet
  facet normal -0.000000e+00 0.000000e+00 1.000000e+00
    outer loop
      vertex   1.507700e+02 7.293260e+01 1.500000e+00
      vertex   1.542190e+02 6.983340e+01 1.500000e+00
      vertex   1.542190e+02 7.293260e+01 1.500000e+00
    endloop
  endfacet
  facet normal 0.000000e+00 -0.000000e+00 1.000000e+00
    outer loop
      vertex   1.507700e+02 7.293260e+01 1.500000e+00
      vertex   1.542190e+02 7.293260e+01 1.500000e+00
      vertex   1.499690e+02 7.393310e+01 1.500000e+00
    endloop
  endfacet
  facet normal -0.000000e+00 0.000000e+00 1.000000e+00
    outer loop
      vertex   1.499690e+02 7.393310e+01 1.500000e+00
      vertex   1.542190e+02 7.293260e+01 1.500000e+00
      vertex   1.550200e+02 7.393310e+01 1.500000e+00
    endloop
  endfacet
  facet normal 0.000000e+00 0.000000e+00 1.000000e+00
    outer loop
      vertex   1.499690e+02 7.393310e+01 1.500000e+00
      vertex   1.550200e+02 7.393310e+01 1.500000e+00
      vertex   1.905950e+02 7.645750e+01 1.500000e+00
    endloop
  endfacet
  facet normal 0.000000e+00 0.000000e+00 1.000000e+00
    outer loop
      vertex   1.905950e+02 7.645750e+01 1.500000e+00
      vertex   1.550200e+02 7.393310e+01 1.500000e+00
      vertex   1.690190e+02 7.393310e+01 1.500000e+00
    endloop
  endfacet
  facet normal 0.000000e+00 0.000000e+00 1.000000e+00
    outer loop
      vertex   1.542190e+02 7.293260e+01 1.500000e+00
      vertex   1.550200e+02 7.293260e+01 1.500000e+00
      vertex   1.550200e+02 7.393310e+01 1.500000e+00
    endloop
  endfacet
  facet normal 0.000000e+00 0.000000e+00 1.000000e+00
    outer loop
      vertex   1.690190e+02 7.393310e+01 1.500000e+00
      vertex   1.690190e+02 7.293260e+01 1.500000e+00
      vertex   1.698200e+02 7.293260e+01 1.500000e+00
    endloop
  endfacet
  facet normal 0.000000e+00 0.000000e+00 1.000000e+00
    outer loop
      vertex   1.698200e+02 6.983340e+01 1.500000e+00
      vertex   1.690190e+02 6.983340e+01 1.500000e+00
      vertex   1.698200e+02 6.403340e+01 1.500000e+00
    endloop
  endfacet
  facet normal 0.000000e+00 0.000000e+00 1.000000e+00
    outer loop
      vertex   1.698200e+02 6.403340e+01 1.500000e+00
      vertex   1.690190e+02 6.983340e+01 1.500000e+00
      vertex   1.690190e+02 6.403340e+01 1.500000e+00
    endloop
  endfacet
  facet normal 0.000000e+00 0.000000e+00 1.000000e+00
    outer loop
      vertex   1.550200e+02 6.093280e+01 1.500000e+00
      vertex   1.542190e+02 6.093280e+01 1.500000e+00
      vertex   1.550200e+02 5.993380e+01 1.500000e+00
    endloop
  endfacet
  facet normal 0.000000e+00 0.000000e+00 1.000000e+00
    outer loop
      vertex   1.550200e+02 5.993380e+01 1.500000e+00
      vertex   1.542190e+02 6.093280e+01 1.500000e+00
      vertex   1.507700e+02 6.093280e+01 1.500000e+00
    endloop
  endfacet
  facet normal 0.000000e+00 0.000000e+00 1.000000e+00
    outer loop
      vertex   1.550200e+02 5.993380e+01 1.500000e+00
      vertex   1.507700e+02 6.093280e+01 1.500000e+00
      vertex   1.499690e+02 5.993380e+01 1.500000e+00
    endloop
  endfacet
  facet normal 0.000000e+00 0.000000e+00 1.000000e+00
    outer loop
      vertex   1.499690e+02 5.993380e+01 1.500000e+00
      vertex   1.507700e+02 6.093280e+01 1.500000e+00
      vertex   1.499690e+02 6.093280e+01 1.500000e+00
    endloop
  endfacet
  facet normal 0.000000e+00 0.000000e+00 1.000000e+00
    outer loop
      vertex   1.507700e+02 6.093280e+01 1.500000e+00
      vertex   1.542190e+02 6.093280e+01 1.500000e+00
      vertex   1.507700e+02 6.403340e+01 1.500000e+00
    endloop
  endfacet
  facet normal -0.000000e+00 0.000000e+00 1.000000e+00
    outer loop
      vertex   1.507700e+02 6.403340e+01 1.500000e+00
      vertex   1.542190e+02 6.093280e+01 1.500000e+00
      vertex   1.542190e+02 6.403340e+01 1.500000e+00
    endloop
  endfacet
  facet normal 0.000000e+00 -0.000000e+00 1.000000e+00
    outer loop
      vertex   1.499690e+02 7.393310e+01 1.500000e+00
      vertex   1.905950e+02 7.645750e+01 1.500000e+00
      vertex   1.359700e+02 7.393310e+01 1.500000e+00
    endloop
  endfacet
  facet normal 0.000000e+00 -0.000000e+00 1.000000e+00
    outer loop
      vertex   1.359700e+02 7.393310e+01 1.500000e+00
      vertex   1.905950e+02 7.645750e+01 1.500000e+00
      vertex   1.309190e+02 7.393310e+01 1.500000e+00
    endloop
  endfacet
  facet normal 0.000000e+00 0.000000e+00 1.000000e+00
    outer loop
      vertex   1.359700e+02 7.393310e+01 1.500000e+00
      vertex   1.309190e+02 7.393310e+01 1.500000e+00
      vertex   1.351690e+02 7.293260e+01 1.500000e+00
    endloop
  endfacet
  facet normal 0.000000e+00 0.000000e+00 1.000000e+00
    outer loop
      vertex   1.351690e+02 7.293260e+01 1.500000e+00
      vertex   1.309190e+02 7.393310e+01 1.500000e+00
      vertex   1.317200e+02 7.293260e+01 1.500000e+00
    endloop
  endfacet
  facet normal 0.000000e+00 0.000000e+00 1.000000e+00
    outer loop
      vertex   1.351690e+02 7.293260e+01 1.500000e+00
      vertex   1.317200e+02 7.293260e+01 1.500000e+00
      vertex   1.351690e+02 6.983340e+01 1.500000e+00
    endloop
  endfacet
  facet normal 0.000000e+00 0.000000e+00 1.000000e+00
    outer loop
      vertex   1.351690e+02 6.983340e+01 1.500000e+00
      vertex   1.317200e+02 7.293260e+01 1.500000e+00
      vertex   1.317200e+02 6.983340e+01 1.500000e+00
    endloop
  endfacet
  facet normal 0.000000e+00 0.000000e+00 1.000000e+00
    outer loop
      vertex   1.351690e+02 6.983340e+01 1.500000e+00
      vertex   1.317200e+02 6.983340e+01 1.500000e+00
      vertex   1.351690e+02 6.403340e+01 1.500000e+00
    endloop
  endfacet
  facet normal 0.000000e+00 0.000000e+00 1.000000e+00
    outer loop
      vertex   1.351690e+02 6.403340e+01 1.500000e+00
      vertex   1.317200e+02 6.983340e+01 1.500000e+00
      vertex   1.317200e+02 6.403340e+01 1.500000e+00
    endloop
  endfacet
  facet normal 0.000000e+00 0.000000e+00 1.000000e+00
    outer loop
      vertex   1.351690e+02 6.403340e+01 1.500000e+00
      vertex   1.317200e+02 6.403340e+01 1.500000e+00
      vertex   1.351690e+02 6.093280e+01 1.500000e+00
    endloop
  endfacet
  facet normal 0.000000e+00 0.000000e+00 1.000000e+00
    outer loop
      vertex   1.351690e+02 6.093280e+01 1.500000e+00
      vertex   1.317200e+02 6.403340e+01 1.500000e+00
      vertex   1.317200e+02 6.093280e+01 1.500000e+00
    endloop
  endfacet
  facet normal 0.000000e+00 0.000000e+00 1.000000e+00
    outer loop
      vertex   1.351690e+02 6.093280e+01 1.500000e+00
      vertex   1.317200e+02 6.093280e+01 1.500000e+00
      vertex   1.359700e+02 5.993380e+01 1.500000e+00
    endloop
  endfacet
  facet normal 0.000000e+00 0.000000e+00 1.000000e+00
    outer loop
      vertex   1.359700e+02 5.993380e+01 1.500000e+00
      vertex   1.317200e+02 6.093280e+01 1.500000e+00
      vertex   1.309190e+02 5.993380e+01 1.500000e+00
    endloop
  endfacet
  facet normal 0.000000e+00 0.000000e+00 1.000000e+00
    outer loop
      vertex   1.499690e+02 7.393310e+01 1.500000e+00
      vertex   1.499690e+02 7.293260e+01 1.500000e+00
      vertex   1.507700e+02 7.293260e+01 1.500000e+00
    endloop
  endfacet
  facet normal 0.000000e+00 -0.000000e+00 1.000000e+00
    outer loop
      vertex   1.359700e+02 5.993380e+01 1.500000e+00
      vertex   1.359700e+02 6.093280e+01 1.500000e+00
      vertex   1.351690e+02 6.093280e+01 1.500000e+00
    endloop
  endfacet
  facet normal 0.000000e+00 0.000000e+00 1.000000e+00
    outer loop
      vertex   1.351690e+02 6.403340e+01 1.500000e+00
      vertex   1.359700e+02 6.403340e+01 1.500000e+00
      vertex   1.351690e+02 6.983340e+01 1.500000e+00
    endloop
  endfacet
  facet normal -0.000000e+00 0.000000e+00 1.000000e+00
    outer loop
      vertex   1.351690e+02 6.983340e+01 1.500000e+00
      vertex   1.359700e+02 6.403340e+01 1.500000e+00
      vertex   1.359700e+02 6.983340e+01 1.500000e+00
    endloop
  endfacet
  facet normal 0.000000e+00 0.000000e+00 1.000000e+00
    outer loop
      vertex   1.351690e+02 7.293260e+01 1.500000e+00
      vertex   1.359700e+02 7.293260e+01 1.500000e+00
      vertex   1.359700e+02 7.393310e+01 1.500000e+00
    endloop
  endfacet
  facet normal -0.000000e+00 0.000000e+00 1.000000e+00
    outer loop
      vertex   9.281900e+01 6.983340e+01 1.500000e+00
      vertex   9.361840e+01 6.403340e+01 1.500000e+00
      vertex   9.361840e+01 6.983340e+01 1.500000e+00
    endloop
  endfacet
  facet normal 0.000000e+00 0.000000e+00 1.000000e+00
    outer loop
      vertex   9.361840e+01 6.983340e+01 1.500000e+00
      vertex   9.361840e+01 6.403340e+01 1.500000e+00
      vertex   9.706890e+01 6.403340e+01 1.500000e+00
    endloop
  endfacet
  facet normal -0.000000e+00 0.000000e+00 1.000000e+00
    outer loop
      vertex   9.361840e+01 6.983340e+01 1.500000e+00
      vertex   9.706890e+01 6.403340e+01 1.500000e+00
      vertex   9.706890e+01 6.983340e+01 1.500000e+00
    endloop
  endfacet
  facet normal 0.000000e+00 0.000000e+00 1.000000e+00
    outer loop
      vertex   9.706890e+01 6.983340e+01 1.500000e+00
      vertex   9.706890e+01 6.403340e+01 1.500000e+00
      vertex   9.786830e+01 6.403340e+01 1.500000e+00
    endloop
  endfacet
  facet normal -0.000000e+00 0.000000e+00 1.000000e+00
    outer loop
      vertex   9.706890e+01 6.983340e+01 1.500000e+00
      vertex   9.786830e+01 6.403340e+01 1.500000e+00
      vertex   9.786830e+01 6.983340e+01 1.500000e+00
    endloop
  endfacet
  facet normal 0.000000e+00 0.000000e+00 1.000000e+00
    outer loop
      vertex   9.281900e+01 6.983340e+01 1.500000e+00
      vertex   9.281900e+01 6.403340e+01 1.500000e+00
      vertex   9.361840e+01 6.403340e+01 1.500000e+00
    endloop
  endfacet
  facet normal 0.000000e+00 0.000000e+00 1.000000e+00
    outer loop
      vertex   9.706890e+01 6.403340e+01 1.500000e+00
      vertex   9.361840e+01 6.403340e+01 1.500000e+00
      vertex   9.706890e+01 6.093280e+01 1.500000e+00
    endloop
  endfacet
  facet normal 0.000000e+00 0.000000e+00 1.000000e+00
    outer loop
      vertex   9.706890e+01 6.093280e+01 1.500000e+00
      vertex   9.361840e+01 6.403340e+01 1.500000e+00
      vertex   9.361840e+01 6.093280e+01 1.500000e+00
    endloop
  endfacet
  facet normal 0.000000e+00 0.000000e+00 1.000000e+00
    outer loop
      vertex   9.706890e+01 6.093280e+01 1.500000e+00
      vertex   9.361840e+01 6.093280e+01 1.500000e+00
      vertex   9.786830e+01 5.993380e+01 1.500000e+00
    endloop
  endfacet
  facet normal 0.000000e+00 0.000000e+00 1.000000e+00
    outer loop
      vertex   9.786830e+01 5.993380e+01 1.500000e+00
      vertex   9.361840e+01 6.093280e+01 1.500000e+00
      vertex   9.281900e+01 5.993380e+01 1.500000e+00
    endloop
  endfacet
  facet normal 0.000000e+00 0.000000e+00 1.000000e+00
    outer loop
      vertex   9.361840e+01 6.093280e+01 1.500000e+00
      vertex   9.281900e+01 6.093280e+01 1.500000e+00
      vertex   9.281900e+01 5.993380e+01 1.500000e+00
    endloop
  endfacet
  facet normal 0.000000e+00 0.000000e+00 1.000000e+00
    outer loop
      vertex   7.881970e+01 6.093280e+01 1.500000e+00
      vertex   7.801890e+01 6.093280e+01 1.500000e+00
      vertex   7.881970e+01 5.993380e+01 1.500000e+00
    endloop
  endfacet
  facet normal 0.000000e+00 0.000000e+00 1.000000e+00
    outer loop
      vertex   7.881970e+01 5.993380e+01 1.500000e+00
      vertex   7.801890e+01 6.093280e+01 1.500000e+00
      vertex   7.456980e+01 6.093280e+01 1.500000e+00
    endloop
  endfacet
  facet normal 0.000000e+00 0.000000e+00 1.000000e+00
    outer loop
      vertex   7.881970e+01 5.993380e+01 1.500000e+00
      vertex   7.456980e+01 6.093280e+01 1.500000e+00
      vertex   7.376900e+01 5.993380e+01 1.500000e+00
    endloop
  endfacet
  facet normal 0.000000e+00 0.000000e+00 1.000000e+00
    outer loop
      vertex   7.376900e+01 5.993380e+01 1.500000e+00
      vertex   7.456980e+01 6.093280e+01 1.500000e+00
      vertex   7.376900e+01 6.093280e+01 1.500000e+00
    endloop
  endfacet
  facet normal 0.000000e+00 0.000000e+00 1.000000e+00
    outer loop
      vertex   7.456980e+01 6.093280e+01 1.500000e+00
      vertex   7.801890e+01 6.093280e+01 1.500000e+00
      vertex   7.456980e+01 6.403340e+01 1.500000e+00
    endloop
  endfacet
  facet normal -0.000000e+00 0.000000e+00 1.000000e+00
    outer loop
      vertex   7.456980e+01 6.403340e+01 1.500000e+00
      vertex   7.801890e+01 6.093280e+01 1.500000e+00
      vertex   7.801890e+01 6.403340e+01 1.500000e+00
    endloop
  endfacet
  facet normal 0.000000e+00 0.000000e+00 1.000000e+00
    outer loop
      vertex   7.456980e+01 6.403340e+01 1.500000e+00
      vertex   7.801890e+01 6.403340e+01 1.500000e+00
      vertex   7.456980e+01 6.983340e+01 1.500000e+00
    endloop
  endfacet
  facet normal -0.000000e+00 0.000000e+00 1.000000e+00
    outer loop
      vertex   7.456980e+01 6.983340e+01 1.500000e+00
      vertex   7.801890e+01 6.403340e+01 1.500000e+00
      vertex   7.801890e+01 6.983340e+01 1.500000e+00
    endloop
  endfacet
  facet normal 0.000000e+00 0.000000e+00 1.000000e+00
    outer loop
      vertex   7.456980e+01 6.983340e+01 1.500000e+00
      vertex   7.801890e+01 6.983340e+01 1.500000e+00
      vertex   7.456980e+01 7.293260e+01 1.500000e+00
    endloop
  endfacet
  facet normal -0.000000e+00 0.000000e+00 1.000000e+00
    outer loop
      vertex   7.456980e+01 7.293260e+01 1.500000e+00
      vertex   7.801890e+01 6.983340e+01 1.500000e+00
      vertex   7.801890e+01 7.293260e+01 1.500000e+00
    endloop
  endfacet
  facet normal 0.000000e+00 -0.000000e+00 1.000000e+00
    outer loop
      vertex   7.456980e+01 7.293260e+01 1.500000e+00
      vertex   7.801890e+01 7.293260e+01 1.500000e+00
      vertex   7.376900e+01 7.393310e+01 1.500000e+00
    endloop
  endfacet
  facet normal -0.000000e+00 0.000000e+00 1.000000e+00
    outer loop
      vertex   7.376900e+01 7.393310e+01 1.500000e+00
      vertex   7.801890e+01 7.293260e+01 1.500000e+00
      vertex   7.881970e+01 7.393310e+01 1.500000e+00
    endloop
  endfacet
  facet normal 0.000000e+00 -0.000000e+00 1.000000e+00
    outer loop
      vertex   7.376900e+01 7.393310e+01 1.500000e+00
      vertex   7.881970e+01 7.393310e+01 1.500000e+00
      vertex   9.508460e-02 7.645750e+01 1.500000e+00
    endloop
  endfacet
  facet normal 0.000000e+00 0.000000e+00 1.000000e+00
    outer loop
      vertex   9.508460e-02 7.645750e+01 1.500000e+00
      vertex   7.881970e+01 7.393310e+01 1.500000e+00
      vertex   9.281900e+01 7.393310e+01 1.500000e+00
    endloop
  endfacet
  facet normal 0.000000e+00 0.000000e+00 1.000000e+00
    outer loop
      vertex   9.508460e-02 7.645750e+01 1.500000e+00
      vertex   9.281900e+01 7.393310e+01 1.500000e+00
      vertex   9.786830e+01 7.393310e+01 1.500000e+00
    endloop
  endfacet
  facet normal 0.000000e+00 0.000000e+00 1.000000e+00
    outer loop
      vertex   9.786830e+01 7.393310e+01 1.500000e+00
      vertex   9.281900e+01 7.393310e+01 1.500000e+00
      vertex   9.706890e+01 7.293260e+01 1.500000e+00
    endloop
  endfacet
  facet normal 0.000000e+00 0.000000e+00 1.000000e+00
    outer loop
      vertex   9.786830e+01 7.393310e+01 1.500000e+00
      vertex   9.706890e+01 7.293260e+01 1.500000e+00
      vertex   9.786830e+01 7.293260e+01 1.500000e+00
    endloop
  endfacet
  facet normal 0.000000e+00 0.000000e+00 1.000000e+00
    outer loop
      vertex   7.801890e+01 6.403340e+01 1.500000e+00
      vertex   7.881970e+01 6.403340e+01 1.500000e+00
      vertex   7.801890e+01 6.983340e+01 1.500000e+00
    endloop
  endfacet
  facet normal -0.000000e+00 0.000000e+00 1.000000e+00
    outer loop
      vertex   7.801890e+01 6.983340e+01 1.500000e+00
      vertex   7.881970e+01 6.403340e+01 1.500000e+00
      vertex   7.881970e+01 6.983340e+01 1.500000e+00
    endloop
  endfacet
  facet normal 0.000000e+00 0.000000e+00 1.000000e+00
    outer loop
      vertex   7.801890e+01 7.293260e+01 1.500000e+00
      vertex   7.881970e+01 7.293260e+01 1.500000e+00
      vertex   7.881970e+01 7.393310e+01 1.500000e+00
    endloop
  endfacet
  facet normal 0.000000e+00 0.000000e+00 1.000000e+00
    outer loop
      vertex   9.281900e+01 7.293260e+01 1.500000e+00
      vertex   9.361840e+01 7.293260e+01 1.500000e+00
      vertex   9.281900e+01 7.393310e+01 1.500000e+00
    endloop
  endfacet
  facet normal 0.000000e+00 0.000000e+00 1.000000e+00
    outer loop
      vertex   9.281900e+01 7.393310e+01 1.500000e+00
      vertex   9.361840e+01 7.293260e+01 1.500000e+00
      vertex   9.706890e+01 7.293260e+01 1.500000e+00
    endloop
  endfacet
  facet normal 0.000000e+00 0.000000e+00 1.000000e+00
    outer loop
      vertex   9.706890e+01 7.293260e+01 1.500000e+00
      vertex   9.361840e+01 7.293260e+01 1.500000e+00
      vertex   9.706890e+01 6.983340e+01 1.500000e+00
    endloop
  endfacet
  facet normal 0.000000e+00 0.000000e+00 1.000000e+00
    outer loop
      vertex   9.706890e+01 6.983340e+01 1.500000e+00
      vertex   9.361840e+01 7.293260e+01 1.500000e+00
      vertex   9.361840e+01 6.983340e+01 1.500000e+00
    endloop
  endfacet
  facet normal -0.000000e+00 0.000000e+00 1.000000e+00
    outer loop
      vertex   1.118690e+02 6.093280e+01 1.500000e+00
      vertex   1.118690e+02 5.993380e+01 1.500000e+00
      vertex   1.126680e+02 6.093280e+01 1.500000e+00
    endloop
  endfacet
  facet normal 0.000000e+00 0.000000e+00 1.000000e+00
    outer loop
      vertex   1.126680e+02 6.093280e+01 1.500000e+00
      vertex   1.118690e+02 5.993380e+01 1.500000e+00
      vertex   1.169180e+02 5.993380e+01 1.500000e+00
    endloop
  endfacet
  facet normal -0.000000e+00 0.000000e+00 1.000000e+00
    outer loop
      vertex   1.126680e+02 6.093280e+01 1.500000e+00
      vertex   1.169180e+02 5.993380e+01 1.500000e+00
      vertex   1.161190e+02 6.093280e+01 1.500000e+00
    endloop
  endfacet
  facet normal -0.000000e+00 0.000000e+00 1.000000e+00
    outer loop
      vertex   1.161190e+02 6.093280e+01 1.500000e+00
      vertex   1.169180e+02 5.993380e+01 1.500000e+00
      vertex   1.169180e+02 6.093280e+01 1.500000e+00
    endloop
  endfacet
  facet normal 0.000000e+00 -0.000000e+00 1.000000e+00
    outer loop
      vertex   9.786830e+01 5.993380e+01 1.500000e+00
      vertex   9.786830e+01 6.093280e+01 1.500000e+00
      vertex   9.706890e+01 6.093280e+01 1.500000e+00
    endloop
  endfacet
  facet normal 0.000000e+00 0.000000e+00 1.000000e+00
    outer loop
      vertex   1.118690e+02 7.293260e+01 1.500000e+00
      vertex   1.126680e+02 7.293260e+01 1.500000e+00
      vertex   1.118690e+02 7.393310e+01 1.500000e+00
    endloop
  endfacet
  facet normal 0.000000e+00 0.000000e+00 1.000000e+00
    outer loop
      vertex   1.118690e+02 7.393310e+01 1.500000e+00
      vertex   1.126680e+02 7.293260e+01 1.500000e+00
      vertex   1.161190e+02 7.293260e+01 1.500000e+00
    endloop
  endfacet
  facet normal 0.000000e+00 0.000000e+00 1.000000e+00
    outer loop
      vertex   1.161190e+02 7.293260e+01 1.500000e+00
      vertex   1.126680e+02 7.293260e+01 1.500000e+00
      vertex   1.161190e+02 6.983340e+01 1.500000e+00
    endloop
  endfacet
  facet normal 0.000000e+00 0.000000e+00 1.000000e+00
    outer loop
      vertex   1.161190e+02 6.983340e+01 1.500000e+00
      vertex   1.126680e+02 7.293260e+01 1.500000e+00
      vertex   1.126680e+02 6.983340e+01 1.500000e+00
    endloop
  endfacet
  facet normal 0.000000e+00 0.000000e+00 1.000000e+00
    outer loop
      vertex   1.161190e+02 6.983340e+01 1.500000e+00
      vertex   1.126680e+02 6.983340e+01 1.500000e+00
      vertex   1.161190e+02 6.403340e+01 1.500000e+00
    endloop
  endfacet
  facet normal 0.000000e+00 0.000000e+00 1.000000e+00
    outer loop
      vertex   1.161190e+02 6.403340e+01 1.500000e+00
      vertex   1.126680e+02 6.983340e+01 1.500000e+00
      vertex   1.126680e+02 6.403340e+01 1.500000e+00
    endloop
  endfacet
  facet normal 0.000000e+00 0.000000e+00 1.000000e+00
    outer loop
      vertex   1.161190e+02 6.403340e+01 1.500000e+00
      vertex   1.126680e+02 6.403340e+01 1.500000e+00
      vertex   1.161190e+02 6.093280e+01 1.500000e+00
    endloop
  endfacet
  facet normal 0.000000e+00 0.000000e+00 1.000000e+00
    outer loop
      vertex   1.161190e+02 6.093280e+01 1.500000e+00
      vertex   1.126680e+02 6.403340e+01 1.500000e+00
      vertex   1.126680e+02 6.093280e+01 1.500000e+00
    endloop
  endfacet
  facet normal 0.000000e+00 0.000000e+00 1.000000e+00
    outer loop
      vertex   1.126680e+02 6.983340e+01 1.500000e+00
      vertex   1.118690e+02 6.983340e+01 1.500000e+00
      vertex   1.126680e+02 6.403340e+01 1.500000e+00
    endloop
  endfacet
  facet normal 0.000000e+00 0.000000e+00 1.000000e+00
    outer loop
      vertex   1.126680e+02 6.403340e+01 1.500000e+00
      vertex   1.118690e+02 6.983340e+01 1.500000e+00
      vertex   1.118690e+02 6.403340e+01 1.500000e+00
    endloop
  endfacet
  facet normal -0.000000e+00 0.000000e+00 1.000000e+00
    outer loop
      vertex   1.309190e+02 6.093280e+01 1.500000e+00
      vertex   1.309190e+02 5.993380e+01 1.500000e+00
      vertex   1.317200e+02 6.093280e+01 1.500000e+00
    endloop
  endfacet
  facet normal 0.000000e+00 0.000000e+00 1.000000e+00
    outer loop
      vertex   1.161190e+02 6.403340e+01 1.500000e+00
      vertex   1.169180e+02 6.403340e+01 1.500000e+00
      vertex   1.161190e+02 6.983340e+01 1.500000e+00
    endloop
  endfacet
  facet normal -0.000000e+00 0.000000e+00 1.000000e+00
    outer loop
      vertex   1.161190e+02 6.983340e+01 1.500000e+00
      vertex   1.169180e+02 6.403340e+01 1.500000e+00
      vertex   1.169180e+02 6.983340e+01 1.500000e+00
    endloop
  endfacet
  facet normal 0.000000e+00 0.000000e+00 1.000000e+00
    outer loop
      vertex   1.169180e+02 7.393310e+01 1.500000e+00
      vertex   1.309190e+02 7.393310e+01 1.500000e+00
      vertex   1.905950e+02 7.645750e+01 1.500000e+00
    endloop
  endfacet
  facet normal 0.000000e+00 0.000000e+00 1.000000e+00
    outer loop
      vertex   1.309190e+02 7.393310e+01 1.500000e+00
      vertex   1.309190e+02 7.293260e+01 1.500000e+00
      vertex   1.317200e+02 7.293260e+01 1.500000e+00
    endloop
  endfacet
  facet normal 0.000000e+00 0.000000e+00 1.000000e+00
    outer loop
      vertex   1.317200e+02 6.983340e+01 1.500000e+00
      vertex   1.309190e+02 6.983340e+01 1.500000e+00
      vertex   1.317200e+02 6.403340e+01 1.500000e+00
    endloop
  endfacet
  facet normal 0.000000e+00 0.000000e+00 1.000000e+00
    outer loop
      vertex   1.317200e+02 6.403340e+01 1.500000e+00
      vertex   1.309190e+02 6.983340e+01 1.500000e+00
      vertex   1.309190e+02 6.403340e+01 1.500000e+00
    endloop
  endfacet
  facet normal 0.000000e+00 0.000000e+00 1.000000e+00
    outer loop
      vertex   3.991890e+01 6.403340e+01 1.500000e+00
      vertex   3.646980e+01 6.403340e+01 1.500000e+00
      vertex   3.991890e+01 6.093280e+01 1.500000e+00
    endloop
  endfacet
  facet normal 0.000000e+00 0.000000e+00 1.000000e+00
    outer loop
      vertex   3.991890e+01 6.093280e+01 1.500000e+00
      vertex   3.646980e+01 6.403340e+01 1.500000e+00
      vertex   3.646980e+01 6.093280e+01 1.500000e+00
    endloop
  endfacet
  facet normal 0.000000e+00 0.000000e+00 1.000000e+00
    outer loop
      vertex   3.991890e+01 6.093280e+01 1.500000e+00
      vertex   3.646980e+01 6.093280e+01 1.500000e+00
      vertex   4.071970e+01 5.993380e+01 1.500000e+00
    endloop
  endfacet
  facet normal 0.000000e+00 0.000000e+00 1.000000e+00
    outer loop
      vertex   4.071970e+01 5.993380e+01 1.500000e+00
      vertex   3.646980e+01 6.093280e+01 1.500000e+00
      vertex   3.566900e+01 5.993380e+01 1.500000e+00
    endloop
  endfacet
  facet normal 0.000000e+00 0.000000e+00 1.000000e+00
    outer loop
      vertex   4.071970e+01 6.403340e+01 1.500000e+00
      vertex   3.991890e+01 6.983340e+01 1.500000e+00
      vertex   3.991890e+01 6.403340e+01 1.500000e+00
    endloop
  endfacet
  facet normal 0.000000e+00 -0.000000e+00 1.000000e+00
    outer loop
      vertex   3.991890e+01 6.403340e+01 1.500000e+00
      vertex   3.991890e+01 6.983340e+01 1.500000e+00
      vertex   3.646980e+01 6.983340e+01 1.500000e+00
    endloop
  endfacet
  facet normal 0.000000e+00 0.000000e+00 1.000000e+00
    outer loop
      vertex   3.991890e+01 6.403340e+01 1.500000e+00
      vertex   3.646980e+01 6.983340e+01 1.500000e+00
      vertex   3.646980e+01 6.403340e+01 1.500000e+00
    endloop
  endfacet
  facet normal 0.000000e+00 -0.000000e+00 1.000000e+00
    outer loop
      vertex   3.646980e+01 6.403340e+01 1.500000e+00
      vertex   3.646980e+01 6.983340e+01 1.500000e+00
      vertex   3.566900e+01 6.983340e+01 1.500000e+00
    endloop
  endfacet
  facet normal 0.000000e+00 0.000000e+00 1.000000e+00
    outer loop
      vertex   3.646980e+01 6.403340e+01 1.500000e+00
      vertex   3.566900e+01 6.983340e+01 1.500000e+00
      vertex   3.566900e+01 6.403340e+01 1.500000e+00
    endloop
  endfacet
  facet normal 0.000000e+00 -0.000000e+00 1.000000e+00
    outer loop
      vertex   4.071970e+01 6.403340e+01 1.500000e+00
      vertex   4.071970e+01 6.983340e+01 1.500000e+00
      vertex   3.991890e+01 6.983340e+01 1.500000e+00
    endloop
  endfacet
  facet normal 0.000000e+00 0.000000e+00 1.000000e+00
    outer loop
      vertex   3.646980e+01 6.983340e+01 1.500000e+00
      vertex   3.991890e+01 6.983340e+01 1.500000e+00
      vertex   3.646980e+01 7.293260e+01 1.500000e+00
    endloop
  endfacet
  facet normal -0.000000e+00 0.000000e+00 1.000000e+00
    outer loop
      vertex   3.646980e+01 7.293260e+01 1.500000e+00
      vertex   3.991890e+01 6.983340e+01 1.500000e+00
      vertex   3.991890e+01 7.293260e+01 1.500000e+00
    endloop
  endfacet
  facet normal 0.000000e+00 -0.000000e+00 1.000000e+00
    outer loop
      vertex   3.646980e+01 7.293260e+01 1.500000e+00
      vertex   3.991890e+01 7.293260e+01 1.500000e+00
      vertex   3.566900e+01 7.393310e+01 1.500000e+00
    endloop
  endfacet
  facet normal -0.000000e+00 0.000000e+00 1.000000e+00
    outer loop
      vertex   3.566900e+01 7.393310e+01 1.500000e+00
      vertex   3.991890e+01 7.293260e+01 1.500000e+00
      vertex   4.071970e+01 7.393310e+01 1.500000e+00
    endloop
  endfacet
  facet normal 0.000000e+00 -0.000000e+00 1.000000e+00
    outer loop
      vertex   3.566900e+01 7.393310e+01 1.500000e+00
      vertex   4.071970e+01 7.393310e+01 1.500000e+00
      vertex   9.508460e-02 7.645750e+01 1.500000e+00
    endloop
  endfacet
  facet normal 0.000000e+00 0.000000e+00 1.000000e+00
    outer loop
      vertex   9.508460e-02 7.645750e+01 1.500000e+00
      vertex   4.071970e+01 7.393310e+01 1.500000e+00
      vertex   5.471900e+01 7.393310e+01 1.500000e+00
    endloop
  endfacet
  facet normal 0.000000e+00 0.000000e+00 1.000000e+00
    outer loop
      vertex   9.508460e-02 7.645750e+01 1.500000e+00
      vertex   5.471900e+01 7.393310e+01 1.500000e+00
      vertex   5.976970e+01 7.393310e+01 1.500000e+00
    endloop
  endfacet
  facet normal 0.000000e+00 0.000000e+00 1.000000e+00
    outer loop
      vertex   5.976970e+01 7.393310e+01 1.500000e+00
      vertex   5.471900e+01 7.393310e+01 1.500000e+00
      vertex   5.896890e+01 7.293260e+01 1.500000e+00
    endloop
  endfacet
  facet normal 0.000000e+00 0.000000e+00 1.000000e+00
    outer loop
      vertex   5.976970e+01 7.393310e+01 1.500000e+00
      vertex   5.896890e+01 7.293260e+01 1.500000e+00
      vertex   5.976970e+01 7.293260e+01 1.500000e+00
    endloop
  endfacet
  facet normal 0.000000e+00 0.000000e+00 1.000000e+00
    outer loop
      vertex   3.991890e+01 7.293260e+01 1.500000e+00
      vertex   4.071970e+01 7.293260e+01 1.500000e+00
      vertex   4.071970e+01 7.393310e+01 1.500000e+00
    endloop
  endfacet
  facet normal 0.000000e+00 0.000000e+00 1.000000e+00
    outer loop
      vertex   5.471900e+01 7.293260e+01 1.500000e+00
      vertex   5.551980e+01 7.293260e+01 1.500000e+00
      vertex   5.471900e+01 7.393310e+01 1.500000e+00
    endloop
  endfacet
  facet normal 0.000000e+00 0.000000e+00 1.000000e+00
    outer loop
      vertex   5.471900e+01 7.393310e+01 1.500000e+00
      vertex   5.551980e+01 7.293260e+01 1.500000e+00
      vertex   5.896890e+01 7.293260e+01 1.500000e+00
    endloop
  endfacet
  facet normal 0.000000e+00 0.000000e+00 1.000000e+00
    outer loop
      vertex   5.896890e+01 7.293260e+01 1.500000e+00
      vertex   5.551980e+01 7.293260e+01 1.500000e+00
      vertex   5.896890e+01 6.983340e+01 1.500000e+00
    endloop
  endfacet
  facet normal 0.000000e+00 0.000000e+00 1.000000e+00
    outer loop
      vertex   5.896890e+01 6.983340e+01 1.500000e+00
      vertex   5.551980e+01 7.293260e+01 1.500000e+00
      vertex   5.551980e+01 6.983340e+01 1.500000e+00
    endloop
  endfacet
  facet normal 0.000000e+00 0.000000e+00 1.000000e+00
    outer loop
      vertex   5.896890e+01 6.983340e+01 1.500000e+00
      vertex   5.551980e+01 6.983340e+01 1.500000e+00
      vertex   5.896890e+01 6.403340e+01 1.500000e+00
    endloop
  endfacet
  facet normal 0.000000e+00 0.000000e+00 1.000000e+00
    outer loop
      vertex   5.896890e+01 6.403340e+01 1.500000e+00
      vertex   5.551980e+01 6.983340e+01 1.500000e+00
      vertex   5.551980e+01 6.403340e+01 1.500000e+00
    endloop
  endfacet
  facet normal 0.000000e+00 0.000000e+00 1.000000e+00
    outer loop
      vertex   5.896890e+01 6.403340e+01 1.500000e+00
      vertex   5.551980e+01 6.403340e+01 1.500000e+00
      vertex   5.896890e+01 6.093280e+01 1.500000e+00
    endloop
  endfacet
  facet normal 0.000000e+00 0.000000e+00 1.000000e+00
    outer loop
      vertex   5.896890e+01 6.093280e+01 1.500000e+00
      vertex   5.551980e+01 6.403340e+01 1.500000e+00
      vertex   5.551980e+01 6.093280e+01 1.500000e+00
    endloop
  endfacet
  facet normal 0.000000e+00 0.000000e+00 1.000000e+00
    outer loop
      vertex   5.896890e+01 6.093280e+01 1.500000e+00
      vertex   5.551980e+01 6.093280e+01 1.500000e+00
      vertex   5.976970e+01 5.993380e+01 1.500000e+00
    endloop
  endfacet
  facet normal 0.000000e+00 0.000000e+00 1.000000e+00
    outer loop
      vertex   5.976970e+01 5.993380e+01 1.500000e+00
      vertex   5.551980e+01 6.093280e+01 1.500000e+00
      vertex   5.471900e+01 5.993380e+01 1.500000e+00
    endloop
  endfacet
  facet normal 0.000000e+00 0.000000e+00 1.000000e+00
    outer loop
      vertex   5.551980e+01 6.983340e+01 1.500000e+00
      vertex   5.471900e+01 6.983340e+01 1.500000e+00
      vertex   5.551980e+01 6.403340e+01 1.500000e+00
    endloop
  endfacet
  facet normal 0.000000e+00 0.000000e+00 1.000000e+00
    outer loop
      vertex   5.551980e+01 6.403340e+01 1.500000e+00
      vertex   5.471900e+01 6.983340e+01 1.500000e+00
      vertex   5.471900e+01 6.403340e+01 1.500000e+00
    endloop
  endfacet
  facet normal 0.000000e+00 0.000000e+00 1.000000e+00
    outer loop
      vertex   5.551980e+01 6.093280e+01 1.500000e+00
      vertex   5.471900e+01 6.093280e+01 1.500000e+00
      vertex   5.471900e+01 5.993380e+01 1.500000e+00
    endloop
  endfacet
  facet normal 0.000000e+00 -0.000000e+00 1.000000e+00
    outer loop
      vertex   4.071970e+01 5.993380e+01 1.500000e+00
      vertex   4.071970e+01 6.093280e+01 1.500000e+00
      vertex   3.991890e+01 6.093280e+01 1.500000e+00
    endloop
  endfacet
  facet normal 0.000000e+00 0.000000e+00 1.000000e+00
    outer loop
      vertex   2.166970e+01 6.093280e+01 1.500000e+00
      vertex   2.086900e+01 6.093280e+01 1.500000e+00
      vertex   2.166970e+01 5.993380e+01 1.500000e+00
    endloop
  endfacet
  facet normal 0.000000e+00 0.000000e+00 1.000000e+00
    outer loop
      vertex   2.166970e+01 5.993380e+01 1.500000e+00
      vertex   2.086900e+01 6.093280e+01 1.500000e+00
      vertex   1.661920e+01 5.993380e+01 1.500000e+00
    endloop
  endfacet
  facet normal 0.000000e+00 0.000000e+00 1.000000e+00
    outer loop
      vertex   2.086900e+01 6.403340e+01 1.500000e+00
      vertex   1.741980e+01 6.403340e+01 1.500000e+00
      vertex   2.086900e+01 6.093280e+01 1.500000e+00
    endloop
  endfacet
  facet normal 0.000000e+00 0.000000e+00 1.000000e+00
    outer loop
      vertex   2.086900e+01 6.093280e+01 1.500000e+00
      vertex   1.741980e+01 6.403340e+01 1.500000e+00
      vertex   1.741980e+01 6.093280e+01 1.500000e+00
    endloop
  endfacet
  facet normal 0.000000e+00 0.000000e+00 1.000000e+00
    outer loop
      vertex   2.086900e+01 6.093280e+01 1.500000e+00
      vertex   1.741980e+01 6.093280e+01 1.500000e+00
      vertex   1.661920e+01 5.993380e+01 1.500000e+00
    endloop
  endfacet
  facet normal 0.000000e+00 0.000000e+00 1.000000e+00
    outer loop
      vertex   1.661920e+01 5.993380e+01 1.500000e+00
      vertex   1.741980e+01 6.093280e+01 1.500000e+00
      vertex   1.661920e+01 6.093280e+01 1.500000e+00
    endloop
  endfacet
  facet normal 0.000000e+00 0.000000e+00 1.000000e+00
    outer loop
      vertex   2.166970e+01 6.403340e+01 1.500000e+00
      vertex   2.086900e+01 6.983340e+01 1.500000e+00
      vertex   2.086900e+01 6.403340e+01 1.500000e+00
    endloop
  endfacet
  facet normal 0.000000e+00 -0.000000e+00 1.000000e+00
    outer loop
      vertex   2.086900e+01 6.403340e+01 1.500000e+00
      vertex   2.086900e+01 6.983340e+01 1.500000e+00
      vertex   1.741980e+01 6.983340e+01 1.500000e+00
    endloop
  endfacet
  facet normal 0.000000e+00 0.000000e+00 1.000000e+00
    outer loop
      vertex   2.086900e+01 6.403340e+01 1.500000e+00
      vertex   1.741980e+01 6.983340e+01 1.500000e+00
      vertex   1.741980e+01 6.403340e+01 1.500000e+00
    endloop
  endfacet
  facet normal 0.000000e+00 -0.000000e+00 1.000000e+00
    outer loop
      vertex   1.741980e+01 6.403340e+01 1.500000e+00
      vertex   1.741980e+01 6.983340e+01 1.500000e+00
      vertex   1.661920e+01 6.983340e+01 1.500000e+00
    endloop
  endfacet
  facet normal 0.000000e+00 0.000000e+00 1.000000e+00
    outer loop
      vertex   1.741980e+01 6.403340e+01 1.500000e+00
      vertex   1.661920e+01 6.983340e+01 1.500000e+00
      vertex   1.661920e+01 6.403340e+01 1.500000e+00
    endloop
  endfacet
  facet normal 0.000000e+00 -0.000000e+00 1.000000e+00
    outer loop
      vertex   2.166970e+01 6.403340e+01 1.500000e+00
      vertex   2.166970e+01 6.983340e+01 1.500000e+00
      vertex   2.086900e+01 6.983340e+01 1.500000e+00
    endloop
  endfacet
  facet normal 0.000000e+00 0.000000e+00 1.000000e+00
    outer loop
      vertex   1.741980e+01 6.983340e+01 1.500000e+00
      vertex   2.086900e+01 6.983340e+01 1.500000e+00
      vertex   1.741980e+01 7.293260e+01 1.500000e+00
    endloop
  endfacet
  facet normal -0.000000e+00 0.000000e+00 1.000000e+00
    outer loop
      vertex   1.741980e+01 7.293260e+01 1.500000e+00
      vertex   2.086900e+01 6.983340e+01 1.500000e+00
      vertex   2.086900e+01 7.293260e+01 1.500000e+00
    endloop
  endfacet
  facet normal 0.000000e+00 -0.000000e+00 1.000000e+00
    outer loop
      vertex   1.741980e+01 7.293260e+01 1.500000e+00
      vertex   2.086900e+01 7.293260e+01 1.500000e+00
      vertex   1.661920e+01 7.393310e+01 1.500000e+00
    endloop
  endfacet
  facet normal -0.000000e+00 0.000000e+00 1.000000e+00
    outer loop
      vertex   1.661920e+01 7.393310e+01 1.500000e+00
      vertex   2.086900e+01 7.293260e+01 1.500000e+00
      vertex   2.166970e+01 7.393310e+01 1.500000e+00
    endloop
  endfacet
  facet normal 0.000000e+00 -0.000000e+00 1.000000e+00
    outer loop
      vertex   1.661920e+01 7.393310e+01 1.500000e+00
      vertex   2.166970e+01 7.393310e+01 1.500000e+00
      vertex   9.508460e-02 7.645750e+01 1.500000e+00
    endloop
  endfacet
  facet normal 0.000000e+00 0.000000e+00 1.000000e+00
    outer loop
      vertex   9.508460e-02 7.645750e+01 1.500000e+00
      vertex   2.166970e+01 7.393310e+01 1.500000e+00
      vertex   3.566900e+01 7.393310e+01 1.500000e+00
    endloop
  endfacet
  facet normal 0.000000e+00 0.000000e+00 1.000000e+00
    outer loop
      vertex   2.086900e+01 7.293260e+01 1.500000e+00
      vertex   2.166970e+01 7.293260e+01 1.500000e+00
      vertex   2.166970e+01 7.393310e+01 1.500000e+00
    endloop
  endfacet
  facet normal 0.000000e+00 0.000000e+00 1.000000e+00
    outer loop
      vertex   3.566900e+01 7.393310e+01 1.500000e+00
      vertex   3.566900e+01 7.293260e+01 1.500000e+00
      vertex   3.646980e+01 7.293260e+01 1.500000e+00
    endloop
  endfacet
  facet normal 0.000000e+00 0.000000e+00 1.000000e+00
    outer loop
      vertex   3.646980e+01 6.093280e+01 1.500000e+00
      vertex   3.566900e+01 6.093280e+01 1.500000e+00
      vertex   3.566900e+01 5.993380e+01 1.500000e+00
    endloop
  endfacet
  facet normal 0.000000e+00 0.000000e+00 1.000000e+00
    outer loop
      vertex   7.376900e+01 7.293260e+01 1.500000e+00
      vertex   7.456980e+01 7.293260e+01 1.500000e+00
      vertex   7.376900e+01 7.393310e+01 1.500000e+00
    endloop
  endfacet
  facet normal 0.000000e+00 0.000000e+00 1.000000e+00
    outer loop
      vertex   7.456980e+01 6.983340e+01 1.500000e+00
      vertex   7.376900e+01 6.983340e+01 1.500000e+00
      vertex   7.456980e+01 6.403340e+01 1.500000e+00
    endloop
  endfacet
  facet normal 0.000000e+00 0.000000e+00 1.000000e+00
    outer loop
      vertex   7.456980e+01 6.403340e+01 1.500000e+00
      vertex   7.376900e+01 6.983340e+01 1.500000e+00
      vertex   7.376900e+01 6.403340e+01 1.500000e+00
    endloop
  endfacet
  facet normal 0.000000e+00 -0.000000e+00 1.000000e+00
    outer loop
      vertex   5.976970e+01 5.993380e+01 1.500000e+00
      vertex   5.976970e+01 6.093280e+01 1.500000e+00
      vertex   5.896890e+01 6.093280e+01 1.500000e+00
    endloop
  endfacet
  facet normal 0.000000e+00 0.000000e+00 1.000000e+00
    outer loop
      vertex   5.896890e+01 6.403340e+01 1.500000e+00
      vertex   5.976970e+01 6.403340e+01 1.500000e+00
      vertex   5.896890e+01 6.983340e+01 1.500000e+00
    endloop
  endfacet
  facet normal -0.000000e+00 0.000000e+00 1.000000e+00
    outer loop
      vertex   5.896890e+01 6.983340e+01 1.500000e+00
      vertex   5.976970e+01 6.403340e+01 1.500000e+00
      vertex   5.976970e+01 6.983340e+01 1.500000e+00
    endloop
  endfacet
  facet normal 0.000000e+00 -0.000000e+00 1.000000e+00
    outer loop
      vertex   5.976970e+01 7.393310e+01 1.500000e+00
      vertex   7.376900e+01 7.393310e+01 1.500000e+00
      vertex   9.508460e-02 7.645750e+01 1.500000e+00
    endloop
  endfacet
  facet normal 0.000000e+00 0.000000e+00 1.000000e+00
    outer loop
      vertex   1.661920e+01 5.993380e+01 1.500000e+00
      vertex   2.619650e+00 5.993380e+01 1.500000e+00
      vertex   4.857160e+00 5.740880e+01 1.500000e+00
    endloop
  endfacet
  facet normal 0.000000e+00 -0.000000e+00 1.000000e+00
    outer loop
      vertex   2.619650e+00 5.993380e+01 1.500000e+00
      vertex   2.619650e+00 6.093280e+01 1.500000e+00
      vertex   1.819010e+00 6.093280e+01 1.500000e+00
    endloop
  endfacet
  facet normal 0.000000e+00 0.000000e+00 1.000000e+00
    outer loop
      vertex   1.819010e+00 6.403340e+01 1.500000e+00
      vertex   2.619650e+00 6.403340e+01 1.500000e+00
      vertex   1.819010e+00 6.983340e+01 1.500000e+00
    endloop
  endfacet
  facet normal -0.000000e+00 0.000000e+00 1.000000e+00
    outer loop
      vertex   1.819010e+00 6.983340e+01 1.500000e+00
      vertex   2.619650e+00 6.403340e+01 1.500000e+00
      vertex   2.619650e+00 6.983340e+01 1.500000e+00
    endloop
  endfacet
  facet normal 0.000000e+00 -0.000000e+00 1.000000e+00
    outer loop
      vertex   2.619650e+00 7.293260e+01 1.500000e+00
      vertex   2.619650e+00 7.393310e+01 1.500000e+00
      vertex   1.819010e+00 7.293260e+01 1.500000e+00
    endloop
  endfacet
  facet normal 0.000000e+00 -0.000000e+00 1.000000e+00
    outer loop
      vertex   1.819010e+00 7.293260e+01 1.500000e+00
      vertex   2.619650e+00 7.393310e+01 1.500000e+00
      vertex   9.508460e-02 7.645750e+01 1.500000e+00
    endloop
  endfacet
  facet normal 0.000000e+00 -0.000000e+00 1.000000e+00
    outer loop
      vertex   2.619650e+00 7.393310e+01 1.500000e+00
      vertex   1.661920e+01 7.393310e+01 1.500000e+00
      vertex   9.508460e-02 7.645750e+01 1.500000e+00
    endloop
  endfacet
  facet normal 0.000000e+00 0.000000e+00 1.000000e+00
    outer loop
      vertex   1.661920e+01 7.393310e+01 1.500000e+00
      vertex   1.661920e+01 7.293260e+01 1.500000e+00
      vertex   1.741980e+01 7.293260e+01 1.500000e+00
    endloop
  endfacet
  facet normal 0.000000e+00 0.000000e+00 1.000000e+00
    outer loop
      vertex   1.261570e+02 3.483270e+01 1.500000e+00
      vertex   1.269560e+02 3.483270e+01 1.500000e+00
      vertex   1.261570e+02 3.583300e+01 1.500000e+00
    endloop
  endfacet
  facet normal 0.000000e+00 0.000000e+00 1.000000e+00
    outer loop
      vertex   1.261570e+02 3.583300e+01 1.500000e+00
      vertex   1.269560e+02 3.483270e+01 1.500000e+00
      vertex   1.304060e+02 3.483270e+01 1.500000e+00
    endloop
  endfacet
  facet normal -0.000000e+00 0.000000e+00 1.000000e+00
    outer loop
      vertex   1.261570e+02 3.583300e+01 1.500000e+00
      vertex   1.304060e+02 3.483270e+01 1.500000e+00
      vertex   1.312070e+02 3.583300e+01 1.500000e+00
    endloop
  endfacet
  facet normal 0.000000e+00 0.000000e+00 1.000000e+00
    outer loop
      vertex   1.312070e+02 3.583300e+01 1.500000e+00
      vertex   1.304060e+02 3.483270e+01 1.500000e+00
      vertex   1.312070e+02 3.483270e+01 1.500000e+00
    endloop
  endfacet
  facet normal 0.000000e+00 0.000000e+00 1.000000e+00
    outer loop
      vertex   1.304060e+02 3.483270e+01 1.500000e+00
      vertex   1.269560e+02 3.483270e+01 1.500000e+00
      vertex   1.304060e+02 3.173350e+01 1.500000e+00
    endloop
  endfacet
  facet normal 0.000000e+00 0.000000e+00 1.000000e+00
    outer loop
      vertex   1.304060e+02 3.173350e+01 1.500000e+00
      vertex   1.269560e+02 3.483270e+01 1.500000e+00
      vertex   1.269560e+02 3.173350e+01 1.500000e+00
    endloop
  endfacet
  facet normal 0.000000e+00 0.000000e+00 1.000000e+00
    outer loop
      vertex   1.304060e+02 3.173350e+01 1.500000e+00
      vertex   1.269560e+02 3.173350e+01 1.500000e+00
      vertex   1.304060e+02 2.593330e+01 1.500000e+00
    endloop
  endfacet
  facet normal 0.000000e+00 0.000000e+00 1.000000e+00
    outer loop
      vertex   1.304060e+02 2.593330e+01 1.500000e+00
      vertex   1.269560e+02 3.173350e+01 1.500000e+00
      vertex   1.269560e+02 2.593330e+01 1.500000e+00
    endloop
  endfacet
  facet normal 0.000000e+00 0.000000e+00 1.000000e+00
    outer loop
      vertex   1.304060e+02 2.593330e+01 1.500000e+00
      vertex   1.269560e+02 2.593330e+01 1.500000e+00
      vertex   1.304060e+02 2.283270e+01 1.500000e+00
    endloop
  endfacet
  facet normal 0.000000e+00 0.000000e+00 1.000000e+00
    outer loop
      vertex   1.304060e+02 2.283270e+01 1.500000e+00
      vertex   1.269560e+02 2.593330e+01 1.500000e+00
      vertex   1.269560e+02 2.283270e+01 1.500000e+00
    endloop
  endfacet
  facet normal 0.000000e+00 0.000000e+00 1.000000e+00
    outer loop
      vertex   1.304060e+02 2.283270e+01 1.500000e+00
      vertex   1.269560e+02 2.283270e+01 1.500000e+00
      vertex   1.261570e+02 2.183360e+01 1.500000e+00
    endloop
  endfacet
  facet normal 0.000000e+00 0.000000e+00 1.000000e+00
    outer loop
      vertex   1.261570e+02 2.183360e+01 1.500000e+00
      vertex   1.269560e+02 2.283270e+01 1.500000e+00
      vertex   1.261570e+02 2.283270e+01 1.500000e+00
    endloop
  endfacet
  facet normal 0.000000e+00 0.000000e+00 1.000000e+00
    outer loop
      vertex   1.269560e+02 3.173350e+01 1.500000e+00
      vertex   1.261570e+02 3.173350e+01 1.500000e+00
      vertex   1.269560e+02 2.593330e+01 1.500000e+00
    endloop
  endfacet
  facet normal 0.000000e+00 0.000000e+00 1.000000e+00
    outer loop
      vertex   1.269560e+02 2.593330e+01 1.500000e+00
      vertex   1.261570e+02 3.173350e+01 1.500000e+00
      vertex   1.261570e+02 2.593330e+01 1.500000e+00
    endloop
  endfacet
  facet normal 0.000000e+00 0.000000e+00 1.000000e+00
    outer loop
      vertex   1.121570e+02 2.283270e+01 1.500000e+00
      vertex   1.113560e+02 2.283270e+01 1.500000e+00
      vertex   1.121570e+02 2.183360e+01 1.500000e+00
    endloop
  endfacet
  facet normal 0.000000e+00 0.000000e+00 1.000000e+00
    outer loop
      vertex   1.121570e+02 2.183360e+01 1.500000e+00
      vertex   1.113560e+02 2.283270e+01 1.500000e+00
      vertex   1.071070e+02 2.183360e+01 1.500000e+00
    endloop
  endfacet
  facet normal 0.000000e+00 0.000000e+00 1.000000e+00
    outer loop
      vertex   1.121570e+02 2.183360e+01 1.500000e+00
      vertex   1.071070e+02 2.183360e+01 1.500000e+00
      vertex   1.112750e+02 1.775160e+01 1.500000e+00
    endloop
  endfacet
  facet normal 0.000000e+00 0.000000e+00 1.000000e+00
    outer loop
      vertex   1.112750e+02 1.775160e+01 1.500000e+00
      vertex   1.071070e+02 2.183360e+01 1.500000e+00
      vertex   1.079750e+02 1.775160e+01 1.500000e+00
    endloop
  endfacet
  facet normal 0.000000e+00 0.000000e+00 1.000000e+00
    outer loop
      vertex   1.079750e+02 1.775160e+01 1.500000e+00
      vertex   1.071070e+02 2.183360e+01 1.500000e+00
      vertex   1.047250e+02 1.678310e+01 1.500000e+00
    endloop
  endfacet
  facet normal 0.000000e+00 0.000000e+00 1.000000e+00
    outer loop
      vertex   1.079750e+02 1.775160e+01 1.500000e+00
      vertex   1.047250e+02 1.678310e+01 1.500000e+00
      vertex   1.062510e+02 1.655160e+01 1.500000e+00
    endloop
  endfacet
  facet normal 0.000000e+00 0.000000e+00 1.000000e+00
    outer loop
      vertex   1.062510e+02 1.655160e+01 1.500000e+00
      vertex   1.047250e+02 1.678310e+01 1.500000e+00
      vertex   1.047250e+02 1.208260e+01 1.500000e+00
    endloop
  endfacet
  facet normal 0.000000e+00 0.000000e+00 1.000000e+00
    outer loop
      vertex   1.062510e+02 1.655160e+01 1.500000e+00
      vertex   1.047250e+02 1.208260e+01 1.500000e+00
      vertex   1.062510e+02 1.208260e+01 1.500000e+00
    endloop
  endfacet
  facet normal 0.000000e+00 0.000000e+00 1.000000e+00
    outer loop
      vertex   1.113560e+02 2.593330e+01 1.500000e+00
      vertex   1.079060e+02 2.593330e+01 1.500000e+00
      vertex   1.113560e+02 2.283270e+01 1.500000e+00
    endloop
  endfacet
  facet normal 0.000000e+00 0.000000e+00 1.000000e+00
    outer loop
      vertex   1.113560e+02 2.283270e+01 1.500000e+00
      vertex   1.079060e+02 2.593330e+01 1.500000e+00
      vertex   1.079060e+02 2.283270e+01 1.500000e+00
    endloop
  endfacet
  facet normal 0.000000e+00 0.000000e+00 1.000000e+00
    outer loop
      vertex   1.113560e+02 2.283270e+01 1.500000e+00
      vertex   1.079060e+02 2.283270e+01 1.500000e+00
      vertex   1.071070e+02 2.183360e+01 1.500000e+00
    endloop
  endfacet
  facet normal 0.000000e+00 0.000000e+00 1.000000e+00
    outer loop
      vertex   1.071070e+02 2.183360e+01 1.500000e+00
      vertex   1.079060e+02 2.283270e+01 1.500000e+00
      vertex   1.071070e+02 2.283270e+01 1.500000e+00
    endloop
  endfacet
  facet normal 0.000000e+00 0.000000e+00 1.000000e+00
    outer loop
      vertex   1.121570e+02 2.593330e+01 1.500000e+00
      vertex   1.113560e+02 3.173350e+01 1.500000e+00
      vertex   1.113560e+02 2.593330e+01 1.500000e+00
    endloop
  endfacet
  facet normal 0.000000e+00 -0.000000e+00 1.000000e+00
    outer loop
      vertex   1.113560e+02 2.593330e+01 1.500000e+00
      vertex   1.113560e+02 3.173350e+01 1.500000e+00
      vertex   1.079060e+02 3.173350e+01 1.500000e+00
    endloop
  endfacet
  facet normal 0.000000e+00 0.000000e+00 1.000000e+00
    outer loop
      vertex   1.113560e+02 2.593330e+01 1.500000e+00
      vertex   1.079060e+02 3.173350e+01 1.500000e+00
      vertex   1.079060e+02 2.593330e+01 1.500000e+00
    endloop
  endfacet
  facet normal 0.000000e+00 -0.000000e+00 1.000000e+00
    outer loop
      vertex   1.079060e+02 2.593330e+01 1.500000e+00
      vertex   1.079060e+02 3.173350e+01 1.500000e+00
      vertex   1.071070e+02 3.173350e+01 1.500000e+00
    endloop
  endfacet
  facet normal 0.000000e+00 0.000000e+00 1.000000e+00
    outer loop
      vertex   1.079060e+02 2.593330e+01 1.500000e+00
      vertex   1.071070e+02 3.173350e+01 1.500000e+00
      vertex   1.071070e+02 2.593330e+01 1.500000e+00
    endloop
  endfacet
  facet normal 0.000000e+00 -0.000000e+00 1.000000e+00
    outer loop
      vertex   1.121570e+02 2.593330e+01 1.500000e+00
      vertex   1.121570e+02 3.173350e+01 1.500000e+00
      vertex   1.113560e+02 3.173350e+01 1.500000e+00
    endloop
  endfacet
  facet normal 0.000000e+00 0.000000e+00 1.000000e+00
    outer loop
      vertex   1.079060e+02 3.173350e+01 1.500000e+00
      vertex   1.113560e+02 3.173350e+01 1.500000e+00
      vertex   1.079060e+02 3.483270e+01 1.500000e+00
    endloop
  endfacet
  facet normal -0.000000e+00 0.000000e+00 1.000000e+00
    outer loop
      vertex   1.079060e+02 3.483270e+01 1.500000e+00
      vertex   1.113560e+02 3.173350e+01 1.500000e+00
      vertex   1.113560e+02 3.483270e+01 1.500000e+00
    endloop
  endfacet
  facet normal 0.000000e+00 -0.000000e+00 1.000000e+00
    outer loop
      vertex   1.079060e+02 3.483270e+01 1.500000e+00
      vertex   1.113560e+02 3.483270e+01 1.500000e+00
      vertex   1.071070e+02 3.583300e+01 1.500000e+00
    endloop
  endfacet
  facet normal -0.000000e+00 0.000000e+00 1.000000e+00
    outer loop
      vertex   1.071070e+02 3.583300e+01 1.500000e+00
      vertex   1.113560e+02 3.483270e+01 1.500000e+00
      vertex   1.121570e+02 3.583300e+01 1.500000e+00
    endloop
  endfacet
  facet normal 0.000000e+00 0.000000e+00 1.000000e+00
    outer loop
      vertex   1.113560e+02 3.483270e+01 1.500000e+00
      vertex   1.121570e+02 3.483270e+01 1.500000e+00
      vertex   1.121570e+02 3.583300e+01 1.500000e+00
    endloop
  endfacet
  facet normal 0.000000e+00 0.000000e+00 1.000000e+00
    outer loop
      vertex   7.325640e+01 2.593330e+01 1.500000e+00
      vertex   7.405720e+01 2.593330e+01 1.500000e+00
      vertex   7.325640e+01 3.173350e+01 1.500000e+00
    endloop
  endfacet
  facet normal -0.000000e+00 0.000000e+00 1.000000e+00
    outer loop
      vertex   7.325640e+01 3.173350e+01 1.500000e+00
      vertex   7.405720e+01 2.593330e+01 1.500000e+00
      vertex   7.405720e+01 3.173350e+01 1.500000e+00
    endloop
  endfacet
  facet normal 0.000000e+00 0.000000e+00 1.000000e+00
    outer loop
      vertex   8.805650e+01 3.483270e+01 1.500000e+00
      vertex   8.885590e+01 3.483270e+01 1.500000e+00
      vertex   8.805650e+01 3.583300e+01 1.500000e+00
    endloop
  endfacet
  facet normal 0.000000e+00 0.000000e+00 1.000000e+00
    outer loop
      vertex   8.805650e+01 3.583300e+01 1.500000e+00
      vertex   8.885590e+01 3.483270e+01 1.500000e+00
      vertex   9.230640e+01 3.483270e+01 1.500000e+00
    endloop
  endfacet
  facet normal -0.000000e+00 0.000000e+00 1.000000e+00
    outer loop
      vertex   8.805650e+01 3.583300e+01 1.500000e+00
      vertex   9.230640e+01 3.483270e+01 1.500000e+00
      vertex   9.310720e+01 3.583300e+01 1.500000e+00
    endloop
  endfacet
  facet normal 0.000000e+00 0.000000e+00 1.000000e+00
    outer loop
      vertex   9.310720e+01 3.583300e+01 1.500000e+00
      vertex   9.230640e+01 3.483270e+01 1.500000e+00
      vertex   9.310720e+01 3.483270e+01 1.500000e+00
    endloop
  endfacet
  facet normal 0.000000e+00 0.000000e+00 1.000000e+00
    outer loop
      vertex   9.230640e+01 3.483270e+01 1.500000e+00
      vertex   8.885590e+01 3.483270e+01 1.500000e+00
      vertex   9.230640e+01 3.173350e+01 1.500000e+00
    endloop
  endfacet
  facet normal 0.000000e+00 0.000000e+00 1.000000e+00
    outer loop
      vertex   9.230640e+01 3.173350e+01 1.500000e+00
      vertex   8.885590e+01 3.483270e+01 1.500000e+00
      vertex   8.885590e+01 3.173350e+01 1.500000e+00
    endloop
  endfacet
  facet normal 0.000000e+00 0.000000e+00 1.000000e+00
    outer loop
      vertex   9.230640e+01 3.173350e+01 1.500000e+00
      vertex   8.885590e+01 3.173350e+01 1.500000e+00
      vertex   9.230640e+01 2.593330e+01 1.500000e+00
    endloop
  endfacet
  facet normal 0.000000e+00 0.000000e+00 1.000000e+00
    outer loop
      vertex   9.230640e+01 2.593330e+01 1.500000e+00
      vertex   8.885590e+01 3.173350e+01 1.500000e+00
      vertex   8.885590e+01 2.593330e+01 1.500000e+00
    endloop
  endfacet
  facet normal 0.000000e+00 0.000000e+00 1.000000e+00
    outer loop
      vertex   9.230640e+01 2.593330e+01 1.500000e+00
      vertex   8.885590e+01 2.593330e+01 1.500000e+00
      vertex   9.230640e+01 2.283270e+01 1.500000e+00
    endloop
  endfacet
  facet normal 0.000000e+00 0.000000e+00 1.000000e+00
    outer loop
      vertex   9.230640e+01 2.283270e+01 1.500000e+00
      vertex   8.885590e+01 2.593330e+01 1.500000e+00
      vertex   8.885590e+01 2.283270e+01 1.500000e+00
    endloop
  endfacet
  facet normal 0.000000e+00 0.000000e+00 1.000000e+00
    outer loop
      vertex   9.230640e+01 2.283270e+01 1.500000e+00
      vertex   8.885590e+01 2.283270e+01 1.500000e+00
      vertex   8.805650e+01 2.183360e+01 1.500000e+00
    endloop
  endfacet
  facet normal 0.000000e+00 0.000000e+00 1.000000e+00
    outer loop
      vertex   8.805650e+01 2.183360e+01 1.500000e+00
      vertex   8.885590e+01 2.283270e+01 1.500000e+00
      vertex   8.805650e+01 2.283270e+01 1.500000e+00
    endloop
  endfacet
  facet normal 0.000000e+00 0.000000e+00 1.000000e+00
    outer loop
      vertex   8.885590e+01 3.173350e+01 1.500000e+00
      vertex   8.805650e+01 3.173350e+01 1.500000e+00
      vertex   8.885590e+01 2.593330e+01 1.500000e+00
    endloop
  endfacet
  facet normal 0.000000e+00 0.000000e+00 1.000000e+00
    outer loop
      vertex   8.885590e+01 2.593330e+01 1.500000e+00
      vertex   8.805650e+01 3.173350e+01 1.500000e+00
      vertex   8.805650e+01 2.593330e+01 1.500000e+00
    endloop
  endfacet
  facet normal -0.000000e+00 0.000000e+00 1.000000e+00
    outer loop
      vertex   7.405720e+01 2.183360e+01 1.500000e+00
      vertex   8.417660e+01 1.775160e+01 1.500000e+00
      vertex   8.805650e+01 2.183360e+01 1.500000e+00
    endloop
  endfacet
  facet normal 0.000000e+00 0.000000e+00 1.000000e+00
    outer loop
      vertex   8.805650e+01 2.183360e+01 1.500000e+00
      vertex   8.417660e+01 1.775160e+01 1.500000e+00
      vertex   8.747660e+01 1.775160e+01 1.500000e+00
    endloop
  endfacet
  facet normal -0.000000e+00 0.000000e+00 1.000000e+00
    outer loop
      vertex   8.805650e+01 2.183360e+01 1.500000e+00
      vertex   8.747660e+01 1.775160e+01 1.500000e+00
      vertex   9.310720e+01 2.183360e+01 1.500000e+00
    endloop
  endfacet
  facet normal 0.000000e+00 0.000000e+00 1.000000e+00
    outer loop
      vertex   9.310720e+01 2.183360e+01 1.500000e+00
      vertex   8.747660e+01 1.775160e+01 1.500000e+00
      vertex   9.072600e+01 1.678310e+01 1.500000e+00
    endloop
  endfacet
  facet normal 0.000000e+00 0.000000e+00 1.000000e+00
    outer loop
      vertex   9.310720e+01 2.183360e+01 1.500000e+00
      vertex   9.072600e+01 1.678310e+01 1.500000e+00
      vertex   1.047250e+02 1.678310e+01 1.500000e+00
    endloop
  endfacet
  facet normal 0.000000e+00 0.000000e+00 1.000000e+00
    outer loop
      vertex   1.312070e+02 2.283270e+01 1.500000e+00
      vertex   1.304060e+02 2.283270e+01 1.500000e+00
      vertex   1.312070e+02 2.183360e+01 1.500000e+00
    endloop
  endfacet
  facet normal 0.000000e+00 0.000000e+00 1.000000e+00
    outer loop
      vertex   1.312070e+02 2.183360e+01 1.500000e+00
      vertex   1.304060e+02 2.283270e+01 1.500000e+00
      vertex   1.261570e+02 2.183360e+01 1.500000e+00
    endloop
  endfacet
  facet normal 0.000000e+00 0.000000e+00 1.000000e+00
    outer loop
      vertex   1.304060e+02 2.593330e+01 1.500000e+00
      vertex   1.312070e+02 2.593330e+01 1.500000e+00
      vertex   1.304060e+02 3.173350e+01 1.500000e+00
    endloop
  endfacet
  facet normal -0.000000e+00 0.000000e+00 1.000000e+00
    outer loop
      vertex   1.304060e+02 3.173350e+01 1.500000e+00
      vertex   1.312070e+02 2.593330e+01 1.500000e+00
      vertex   1.312070e+02 3.173350e+01 1.500000e+00
    endloop
  endfacet
  facet normal 0.000000e+00 0.000000e+00 1.000000e+00
    outer loop
      vertex   1.452070e+02 3.483270e+01 1.500000e+00
      vertex   1.460060e+02 3.483270e+01 1.500000e+00
      vertex   1.452070e+02 3.583300e+01 1.500000e+00
    endloop
  endfacet
  facet normal -0.000000e+00 0.000000e+00 1.000000e+00
    outer loop
      vertex   1.452070e+02 3.583300e+01 1.500000e+00
      vertex   1.460060e+02 3.483270e+01 1.500000e+00
      vertex   1.477320e+02 3.835880e+01 1.500000e+00
    endloop
  endfacet
  facet normal 0.000000e+00 -0.000000e+00 1.000000e+00
    outer loop
      vertex   1.452070e+02 3.583300e+01 1.500000e+00
      vertex   1.477320e+02 3.835880e+01 1.500000e+00
      vertex   1.407320e+02 4.088380e+01 1.500000e+00
    endloop
  endfacet
  facet normal -0.000000e+00 0.000000e+00 1.000000e+00
    outer loop
      vertex   1.460060e+02 3.483270e+01 1.500000e+00
      vertex   1.460060e+02 3.173350e+01 1.500000e+00
      vertex   1.477320e+02 3.835880e+01 1.500000e+00
    endloop
  endfacet
  facet normal 0.000000e+00 0.000000e+00 1.000000e+00
    outer loop
      vertex   1.460060e+02 3.173350e+01 1.500000e+00
      vertex   1.452070e+02 3.173350e+01 1.500000e+00
      vertex   1.460060e+02 2.593330e+01 1.500000e+00
    endloop
  endfacet
  facet normal 0.000000e+00 0.000000e+00 1.000000e+00
    outer loop
      vertex   1.460060e+02 2.593330e+01 1.500000e+00
      vertex   1.452070e+02 3.173350e+01 1.500000e+00
      vertex   1.452070e+02 2.593330e+01 1.500000e+00
    endloop
  endfacet
  facet normal -0.000000e+00 0.000000e+00 1.000000e+00
    outer loop
      vertex   1.452070e+02 2.283270e+01 1.500000e+00
      vertex   1.452070e+02 2.183360e+01 1.500000e+00
      vertex   1.460060e+02 2.283270e+01 1.500000e+00
    endloop
  endfacet
  facet normal 0.000000e+00 0.000000e+00 1.000000e+00
    outer loop
      vertex   1.460060e+02 2.283270e+01 1.500000e+00
      vertex   1.452070e+02 2.183360e+01 1.500000e+00
      vertex   1.477320e+02 1.930860e+01 1.500000e+00
    endloop
  endfacet
  facet normal 0.000000e+00 0.000000e+00 1.000000e+00
    outer loop
      vertex   1.452070e+02 2.183360e+01 1.500000e+00
      vertex   1.312070e+02 2.183360e+01 1.500000e+00
      vertex   1.477320e+02 1.930860e+01 1.500000e+00
    endloop
  endfacet
  facet normal 0.000000e+00 0.000000e+00 1.000000e+00
    outer loop
      vertex   1.071070e+02 3.583300e+01 1.500000e+00
      vertex   1.071070e+02 3.483270e+01 1.500000e+00
      vertex   1.079060e+02 3.483270e+01 1.500000e+00
    endloop
  endfacet
  facet normal 0.000000e+00 0.000000e+00 1.000000e+00
    outer loop
      vertex   1.071070e+02 2.183360e+01 1.500000e+00
      vertex   9.310720e+01 2.183360e+01 1.500000e+00
      vertex   1.047250e+02 1.678310e+01 1.500000e+00
    endloop
  endfacet
  facet normal 0.000000e+00 0.000000e+00 1.000000e+00
    outer loop
      vertex   9.310720e+01 2.283270e+01 1.500000e+00
      vertex   9.230640e+01 2.283270e+01 1.500000e+00
      vertex   9.310720e+01 2.183360e+01 1.500000e+00
    endloop
  endfacet
  facet normal 0.000000e+00 0.000000e+00 1.000000e+00
    outer loop
      vertex   9.310720e+01 2.183360e+01 1.500000e+00
      vertex   9.230640e+01 2.283270e+01 1.500000e+00
      vertex   8.805650e+01 2.183360e+01 1.500000e+00
    endloop
  endfacet
  facet normal 0.000000e+00 0.000000e+00 1.000000e+00
    outer loop
      vertex   9.230640e+01 2.593330e+01 1.500000e+00
      vertex   9.310720e+01 2.593330e+01 1.500000e+00
      vertex   9.230640e+01 3.173350e+01 1.500000e+00
    endloop
  endfacet
  facet normal -0.000000e+00 0.000000e+00 1.000000e+00
    outer loop
      vertex   9.230640e+01 3.173350e+01 1.500000e+00
      vertex   9.310720e+01 2.593330e+01 1.500000e+00
      vertex   9.310720e+01 3.173350e+01 1.500000e+00
    endloop
  endfacet
  facet normal -0.000000e+00 0.000000e+00 1.000000e+00
    outer loop
      vertex   8.920060e+01 7.482730e+00 1.500000e+00
      vertex   8.920060e+01 4.252730e+00 1.500000e+00
      vertex   9.072600e+01 7.482730e+00 1.500000e+00
    endloop
  endfacet
  facet normal 0.000000e+00 0.000000e+00 1.000000e+00
    outer loop
      vertex   9.072600e+01 7.482730e+00 1.500000e+00
      vertex   8.920060e+01 4.252730e+00 1.500000e+00
      vertex   9.072600e+01 2.783640e+00 1.500000e+00
    endloop
  endfacet
  facet normal 0.000000e+00 0.000000e+00 1.000000e+00
    outer loop
      vertex   9.072600e+01 2.783640e+00 1.500000e+00
      vertex   8.920060e+01 4.252730e+00 1.500000e+00
      vertex   8.245090e+01 4.252730e+00 1.500000e+00
    endloop
  endfacet
  facet normal 0.000000e+00 -0.000000e+00 1.000000e+00
    outer loop
      vertex   8.162540e+01 7.482730e+00 1.500000e+00
      vertex   8.162540e+01 1.028173e+01 1.500000e+00
      vertex   7.153090e+01 2.576930e-01 1.500000e+00
    endloop
  endfacet
  facet normal 0.000000e+00 0.000000e+00 1.000000e+00
    outer loop
      vertex   8.162540e+01 1.028173e+01 1.500000e+00
      vertex   8.245090e+01 1.028173e+01 1.500000e+00
      vertex   8.245090e+01 1.531280e+01 1.500000e+00
    endloop
  endfacet
  facet normal 0.000000e+00 -0.000000e+00 1.000000e+00
    outer loop
      vertex   8.417660e+01 1.655160e+01 1.500000e+00
      vertex   8.417660e+01 1.775160e+01 1.500000e+00
      vertex   8.245260e+01 1.655160e+01 1.500000e+00
    endloop
  endfacet
  facet normal 0.000000e+00 -0.000000e+00 1.000000e+00
    outer loop
      vertex   8.245260e+01 1.655160e+01 1.500000e+00
      vertex   8.417660e+01 1.775160e+01 1.500000e+00
      vertex   7.153090e+01 1.930860e+01 1.500000e+00
    endloop
  endfacet
  facet normal 0.000000e+00 0.000000e+00 1.000000e+00
    outer loop
      vertex   8.747660e+01 1.655160e+01 1.500000e+00
      vertex   8.920060e+01 1.655160e+01 1.500000e+00
      vertex   8.747660e+01 1.775160e+01 1.500000e+00
    endloop
  endfacet
  facet normal 0.000000e+00 0.000000e+00 1.000000e+00
    outer loop
      vertex   8.747660e+01 1.775160e+01 1.500000e+00
      vertex   8.920060e+01 1.655160e+01 1.500000e+00
      vertex   9.072600e+01 1.678310e+01 1.500000e+00
    endloop
  endfacet
  facet normal 0.000000e+00 0.000000e+00 1.000000e+00
    outer loop
      vertex   8.920060e+01 1.208260e+01 1.500000e+00
      vertex   9.072600e+01 1.208260e+01 1.500000e+00
      vertex   8.920060e+01 1.655160e+01 1.500000e+00
    endloop
  endfacet
  facet normal -0.000000e+00 0.000000e+00 1.000000e+00
    outer loop
      vertex   8.920060e+01 1.655160e+01 1.500000e+00
      vertex   9.072600e+01 1.208260e+01 1.500000e+00
      vertex   9.072600e+01 1.678310e+01 1.500000e+00
    endloop
  endfacet
  facet normal 0.000000e+00 0.000000e+00 1.000000e+00
    outer loop
      vertex   1.062510e+02 1.655160e+01 1.500000e+00
      vertex   1.079750e+02 1.655160e+01 1.500000e+00
      vertex   1.079750e+02 1.775160e+01 1.500000e+00
    endloop
  endfacet
  facet normal 0.000000e+00 0.000000e+00 1.000000e+00
    outer loop
      vertex   1.112750e+02 1.655160e+01 1.500000e+00
      vertex   1.129950e+02 1.655160e+01 1.500000e+00
      vertex   1.112750e+02 1.775160e+01 1.500000e+00
    endloop
  endfacet
  facet normal -0.000000e+00 0.000000e+00 1.000000e+00
    outer loop
      vertex   1.112750e+02 1.775160e+01 1.500000e+00
      vertex   1.129950e+02 1.655160e+01 1.500000e+00
      vertex   1.239200e+02 1.930860e+01 1.500000e+00
    endloop
  endfacet
  facet normal 0.000000e+00 0.000000e+00 1.000000e+00
    outer loop
      vertex   1.112750e+02 1.775160e+01 1.500000e+00
      vertex   1.239200e+02 1.930860e+01 1.500000e+00
      vertex   1.121570e+02 2.183360e+01 1.500000e+00
    endloop
  endfacet
  facet normal -0.000000e+00 0.000000e+00 1.000000e+00
    outer loop
      vertex   1.129950e+02 1.655160e+01 1.500000e+00
      vertex   1.130000e+02 1.531280e+01 1.500000e+00
      vertex   1.239200e+02 1.930860e+01 1.500000e+00
    endloop
  endfacet
  facet normal 0.000000e+00 0.000000e+00 1.000000e+00
    outer loop
      vertex   1.239200e+02 1.930860e+01 1.500000e+00
      vertex   1.130000e+02 1.531280e+01 1.500000e+00
      vertex   1.138260e+02 1.028173e+01 1.500000e+00
    endloop
  endfacet
  facet normal 0.000000e+00 0.000000e+00 1.000000e+00
    outer loop
      vertex   1.130000e+02 1.531280e+01 1.500000e+00
      vertex   1.130000e+02 1.028173e+01 1.500000e+00
      vertex   1.138260e+02 1.028173e+01 1.500000e+00
    endloop
  endfacet
  facet normal 0.000000e+00 0.000000e+00 1.000000e+00
    outer loop
      vertex   1.239200e+02 2.576930e-01 1.500000e+00
      vertex   1.130000e+02 4.252730e+00 1.500000e+00
      vertex   1.047250e+02 2.783640e+00 1.500000e+00
    endloop
  endfacet
  facet normal 0.000000e+00 0.000000e+00 1.000000e+00
    outer loop
      vertex   1.047250e+02 2.783640e+00 1.500000e+00
      vertex   1.130000e+02 4.252730e+00 1.500000e+00
      vertex   1.062510e+02 4.252730e+00 1.500000e+00
    endloop
  endfacet
  facet normal 0.000000e+00 0.000000e+00 1.000000e+00
    outer loop
      vertex   1.047250e+02 2.783640e+00 1.500000e+00
      vertex   1.062510e+02 4.252730e+00 1.500000e+00
      vertex   1.047250e+02 7.482730e+00 1.500000e+00
    endloop
  endfacet
  facet normal -0.000000e+00 0.000000e+00 1.000000e+00
    outer loop
      vertex   1.047250e+02 7.482730e+00 1.500000e+00
      vertex   1.062510e+02 4.252730e+00 1.500000e+00
      vertex   1.062510e+02 7.482730e+00 1.500000e+00
    endloop
  endfacet
  facet normal 0.000000e+00 0.000000e+00 1.000000e+00
    outer loop
      vertex   1.047250e+02 2.783640e+00 1.500000e+00
      vertex   9.072600e+01 2.783640e+00 1.500000e+00
      vertex   1.239200e+02 2.576930e-01 1.500000e+00
    endloop
  endfacet
  facet normal 0.000000e+00 0.000000e+00 1.000000e+00
    outer loop
      vertex   8.417660e+01 1.775160e+01 1.500000e+00
      vertex   7.405720e+01 2.183360e+01 1.500000e+00
      vertex   7.153090e+01 1.930860e+01 1.500000e+00
    endloop
  endfacet
  facet normal 0.000000e+00 0.000000e+00 -1.000000e+00
    outer loop
      vertex   1.438220e+01 1.930860e+01 0.000000e+00
      vertex   3.595720e+01 2.183360e+01 0.000000e+00
      vertex   7.153090e+01 1.930860e+01 0.000000e+00
    endloop
  endfacet
  facet normal 0.000000e+00 0.000000e+00 -1.000000e+00
    outer loop
      vertex   7.153090e+01 1.930860e+01 0.000000e+00
      vertex   3.595720e+01 2.183360e+01 0.000000e+00
      vertex   4.995650e+01 2.183360e+01 0.000000e+00
    endloop
  endfacet
  facet normal 0.000000e+00 0.000000e+00 -1.000000e+00
    outer loop
      vertex   7.153090e+01 1.930860e+01 0.000000e+00
      vertex   4.995650e+01 2.183360e+01 0.000000e+00
      vertex   5.500720e+01 2.183360e+01 0.000000e+00
    endloop
  endfacet
  facet normal 0.000000e+00 0.000000e+00 -1.000000e+00
    outer loop
      vertex   5.500720e+01 2.183360e+01 0.000000e+00
      vertex   4.995650e+01 2.183360e+01 0.000000e+00
      vertex   5.420640e+01 2.283270e+01 0.000000e+00
    endloop
  endfacet
  facet normal 0.000000e+00 0.000000e+00 -1.000000e+00
    outer loop
      vertex   5.500720e+01 2.183360e+01 0.000000e+00
      vertex   5.420640e+01 2.283270e+01 0.000000e+00
      vertex   5.500720e+01 2.283270e+01 0.000000e+00
    endloop
  endfacet
  facet normal 0.000000e+00 0.000000e+00 -1.000000e+00
    outer loop
      vertex   1.438220e+01 2.883340e+01 0.000000e+00
      vertex   1.610650e+01 2.283270e+01 0.000000e+00
      vertex   1.438220e+01 1.930860e+01 0.000000e+00
    endloop
  endfacet
  facet normal 0.000000e+00 0.000000e+00 -1.000000e+00
    outer loop
      vertex   1.438220e+01 1.930860e+01 0.000000e+00
      vertex   1.610650e+01 2.283270e+01 0.000000e+00
      vertex   1.690720e+01 2.183360e+01 0.000000e+00
    endloop
  endfacet
  facet normal 0.000000e+00 0.000000e+00 -1.000000e+00
    outer loop
      vertex   1.438220e+01 1.930860e+01 0.000000e+00
      vertex   1.690720e+01 2.183360e+01 0.000000e+00
      vertex   3.090660e+01 2.183360e+01 0.000000e+00
    endloop
  endfacet
  facet normal 0.000000e+00 0.000000e+00 -1.000000e+00
    outer loop
      vertex   1.438193e+01 3.835880e+01 0.000000e+00
      vertex   1.610650e+01 3.483270e+01 0.000000e+00
      vertex   1.438220e+01 2.883340e+01 0.000000e+00
    endloop
  endfacet
  facet normal 0.000000e+00 0.000000e+00 -1.000000e+00
    outer loop
      vertex   1.438220e+01 2.883340e+01 0.000000e+00
      vertex   1.610650e+01 3.483270e+01 0.000000e+00
      vertex   1.610650e+01 3.173350e+01 0.000000e+00
    endloop
  endfacet
  facet normal 0.000000e+00 0.000000e+00 -1.000000e+00
    outer loop
      vertex   1.438220e+01 2.883340e+01 0.000000e+00
      vertex   1.610650e+01 3.173350e+01 0.000000e+00
      vertex   1.690720e+01 3.173350e+01 0.000000e+00
    endloop
  endfacet
  facet normal 0.000000e+00 0.000000e+00 -1.000000e+00
    outer loop
      vertex   4.857160e+00 3.835880e+01 0.000000e+00
      vertex   7.382160e+00 4.088380e+01 0.000000e+00
      vertex   1.438193e+01 3.835880e+01 0.000000e+00
    endloop
  endfacet
  facet normal 0.000000e+00 0.000000e+00 -1.000000e+00
    outer loop
      vertex   1.438193e+01 3.835880e+01 0.000000e+00
      vertex   7.382160e+00 4.088380e+01 0.000000e+00
      vertex   2.138170e+01 4.088380e+01 0.000000e+00
    endloop
  endfacet
  facet normal 0.000000e+00 0.000000e+00 -1.000000e+00
    outer loop
      vertex   1.438193e+01 3.835880e+01 0.000000e+00
      vertex   2.138170e+01 4.088380e+01 0.000000e+00
      vertex   1.690720e+01 3.583300e+01 0.000000e+00
    endloop
  endfacet
  facet normal 0.000000e+00 0.000000e+00 -1.000000e+00
    outer loop
      vertex   1.690720e+01 3.583300e+01 0.000000e+00
      vertex   2.138170e+01 4.088380e+01 0.000000e+00
      vertex   3.090660e+01 3.583300e+01 0.000000e+00
    endloop
  endfacet
  facet normal 0.000000e+00 0.000000e+00 -1.000000e+00
    outer loop
      vertex   3.090660e+01 3.583300e+01 0.000000e+00
      vertex   2.138170e+01 4.088380e+01 0.000000e+00
      vertex   2.643220e+01 4.088380e+01 0.000000e+00
    endloop
  endfacet
  facet normal 0.000000e+00 0.000000e+00 -1.000000e+00
    outer loop
      vertex   3.090660e+01 3.583300e+01 0.000000e+00
      vertex   2.643220e+01 4.088380e+01 0.000000e+00
      vertex   4.043150e+01 4.088380e+01 0.000000e+00
    endloop
  endfacet
  facet normal 0.000000e+00 -0.000000e+00 -1.000000e+00
    outer loop
      vertex   4.857160e+00 5.740880e+01 0.000000e+00
      vertex   6.581530e+00 5.078340e+01 0.000000e+00
      vertex   4.857160e+00 3.835880e+01 0.000000e+00
    endloop
  endfacet
  facet normal 0.000000e+00 0.000000e+00 -1.000000e+00
    outer loop
      vertex   4.857160e+00 3.835880e+01 0.000000e+00
      vertex   6.581530e+00 5.078340e+01 0.000000e+00
      vertex   6.581530e+00 4.498340e+01 0.000000e+00
    endloop
  endfacet
  facet normal 0.000000e+00 0.000000e+00 -1.000000e+00
    outer loop
      vertex   4.857160e+00 3.835880e+01 0.000000e+00
      vertex   6.581530e+00 4.498340e+01 0.000000e+00
      vertex   6.581530e+00 4.188280e+01 0.000000e+00
    endloop
  endfacet
  facet normal 0.000000e+00 0.000000e+00 -1.000000e+00
    outer loop
      vertex   9.508460e-02 5.740880e+01 0.000000e+00
      vertex   2.619650e+00 5.993380e+01 0.000000e+00
      vertex   4.857160e+00 5.740880e+01 0.000000e+00
    endloop
  endfacet
  facet normal 0.000000e+00 0.000000e+00 -1.000000e+00
    outer loop
      vertex   4.857160e+00 5.740880e+01 0.000000e+00
      vertex   2.619650e+00 5.993380e+01 0.000000e+00
      vertex   1.661920e+01 5.993380e+01 0.000000e+00
    endloop
  endfacet
  facet normal 0.000000e+00 0.000000e+00 -1.000000e+00
    outer loop
      vertex   4.857160e+00 5.740880e+01 0.000000e+00
      vertex   1.661920e+01 5.993380e+01 0.000000e+00
      vertex   7.382160e+00 5.488310e+01 0.000000e+00
    endloop
  endfacet
  facet normal 0.000000e+00 0.000000e+00 -1.000000e+00
    outer loop
      vertex   7.382160e+00 5.488310e+01 0.000000e+00
      vertex   1.661920e+01 5.993380e+01 0.000000e+00
      vertex   2.138170e+01 5.488310e+01 0.000000e+00
    endloop
  endfacet
  facet normal 0.000000e+00 0.000000e+00 -1.000000e+00
    outer loop
      vertex   2.138170e+01 5.488310e+01 0.000000e+00
      vertex   1.661920e+01 5.993380e+01 0.000000e+00
      vertex   2.166970e+01 5.993380e+01 0.000000e+00
    endloop
  endfacet
  facet normal 0.000000e+00 0.000000e+00 -1.000000e+00
    outer loop
      vertex   2.138170e+01 5.488310e+01 0.000000e+00
      vertex   2.166970e+01 5.993380e+01 0.000000e+00
      vertex   2.643220e+01 5.488310e+01 0.000000e+00
    endloop
  endfacet
  facet normal 0.000000e+00 0.000000e+00 -1.000000e+00
    outer loop
      vertex   2.643220e+01 5.488310e+01 0.000000e+00
      vertex   2.166970e+01 5.993380e+01 0.000000e+00
      vertex   3.566900e+01 5.993380e+01 0.000000e+00
    endloop
  endfacet
  facet normal 0.000000e+00 0.000000e+00 -1.000000e+00
    outer loop
      vertex   2.643220e+01 5.488310e+01 0.000000e+00
      vertex   3.566900e+01 5.993380e+01 0.000000e+00
      vertex   4.043150e+01 5.488310e+01 0.000000e+00
    endloop
  endfacet
  facet normal 0.000000e+00 0.000000e+00 -1.000000e+00
    outer loop
      vertex   4.043150e+01 5.488310e+01 0.000000e+00
      vertex   3.566900e+01 5.993380e+01 0.000000e+00
      vertex   4.071970e+01 5.993380e+01 0.000000e+00
    endloop
  endfacet
  facet normal 0.000000e+00 0.000000e+00 -1.000000e+00
    outer loop
      vertex   4.043150e+01 5.488310e+01 0.000000e+00
      vertex   4.071970e+01 5.993380e+01 0.000000e+00
      vertex   4.548220e+01 5.488310e+01 0.000000e+00
    endloop
  endfacet
  facet normal 0.000000e+00 0.000000e+00 -1.000000e+00
    outer loop
      vertex   4.548220e+01 5.488310e+01 0.000000e+00
      vertex   4.071970e+01 5.993380e+01 0.000000e+00
      vertex   5.471900e+01 5.993380e+01 0.000000e+00
    endloop
  endfacet
  facet normal 0.000000e+00 0.000000e+00 -1.000000e+00
    outer loop
      vertex   4.548220e+01 5.488310e+01 0.000000e+00
      vertex   5.471900e+01 5.993380e+01 0.000000e+00
      vertex   5.948150e+01 5.488310e+01 0.000000e+00
    endloop
  endfacet
  facet normal 0.000000e+00 0.000000e+00 -1.000000e+00
    outer loop
      vertex   5.948150e+01 5.488310e+01 0.000000e+00
      vertex   5.471900e+01 5.993380e+01 0.000000e+00
      vertex   5.976970e+01 5.993380e+01 0.000000e+00
    endloop
  endfacet
  facet normal 0.000000e+00 0.000000e+00 -1.000000e+00
    outer loop
      vertex   5.948150e+01 5.488310e+01 0.000000e+00
      vertex   5.976970e+01 5.993380e+01 0.000000e+00
      vertex   6.453220e+01 5.488310e+01 0.000000e+00
    endloop
  endfacet
  facet normal 0.000000e+00 0.000000e+00 -1.000000e+00
    outer loop
      vertex   6.453220e+01 5.488310e+01 0.000000e+00
      vertex   5.976970e+01 5.993380e+01 0.000000e+00
      vertex   7.376900e+01 5.993380e+01 0.000000e+00
    endloop
  endfacet
  facet normal 0.000000e+00 0.000000e+00 -1.000000e+00
    outer loop
      vertex   6.453220e+01 5.488310e+01 0.000000e+00
      vertex   7.376900e+01 5.993380e+01 0.000000e+00
      vertex   7.853150e+01 5.488310e+01 0.000000e+00
    endloop
  endfacet
  facet normal 0.000000e+00 0.000000e+00 -1.000000e+00
    outer loop
      vertex   7.853150e+01 5.488310e+01 0.000000e+00
      vertex   7.376900e+01 5.993380e+01 0.000000e+00
      vertex   7.881970e+01 5.993380e+01 0.000000e+00
    endloop
  endfacet
  facet normal 0.000000e+00 0.000000e+00 -1.000000e+00
    outer loop
      vertex   7.853150e+01 5.488310e+01 0.000000e+00
      vertex   7.881970e+01 5.993380e+01 0.000000e+00
      vertex   8.358220e+01 5.488310e+01 0.000000e+00
    endloop
  endfacet
  facet normal 0.000000e+00 0.000000e+00 -1.000000e+00
    outer loop
      vertex   8.358220e+01 5.488310e+01 0.000000e+00
      vertex   7.881970e+01 5.993380e+01 0.000000e+00
      vertex   9.281900e+01 5.993380e+01 0.000000e+00
    endloop
  endfacet
  facet normal 0.000000e+00 0.000000e+00 -1.000000e+00
    outer loop
      vertex   8.358220e+01 5.488310e+01 0.000000e+00
      vertex   9.281900e+01 5.993380e+01 0.000000e+00
      vertex   9.758150e+01 5.488310e+01 0.000000e+00
    endloop
  endfacet
  facet normal 0.000000e+00 0.000000e+00 -1.000000e+00
    outer loop
      vertex   9.758150e+01 5.488310e+01 0.000000e+00
      vertex   9.281900e+01 5.993380e+01 0.000000e+00
      vertex   9.786830e+01 5.993380e+01 0.000000e+00
    endloop
  endfacet
  facet normal 0.000000e+00 0.000000e+00 -1.000000e+00
    outer loop
      vertex   9.758150e+01 5.488310e+01 0.000000e+00
      vertex   9.786830e+01 5.993380e+01 0.000000e+00
      vertex   1.026320e+02 5.488310e+01 0.000000e+00
    endloop
  endfacet
  facet normal 0.000000e+00 0.000000e+00 -1.000000e+00
    outer loop
      vertex   1.026320e+02 5.488310e+01 0.000000e+00
      vertex   9.786830e+01 5.993380e+01 0.000000e+00
      vertex   1.118690e+02 5.993380e+01 0.000000e+00
    endloop
  endfacet
  facet normal 0.000000e+00 0.000000e+00 -1.000000e+00
    outer loop
      vertex   1.026320e+02 5.488310e+01 0.000000e+00
      vertex   1.118690e+02 5.993380e+01 0.000000e+00
      vertex   1.166320e+02 5.488310e+01 0.000000e+00
    endloop
  endfacet
  facet normal 0.000000e+00 0.000000e+00 -1.000000e+00
    outer loop
      vertex   1.166320e+02 5.488310e+01 0.000000e+00
      vertex   1.118690e+02 5.993380e+01 0.000000e+00
      vertex   1.169180e+02 5.993380e+01 0.000000e+00
    endloop
  endfacet
  facet normal 0.000000e+00 0.000000e+00 -1.000000e+00
    outer loop
      vertex   1.166320e+02 5.488310e+01 0.000000e+00
      vertex   1.169180e+02 5.993380e+01 0.000000e+00
      vertex   1.216820e+02 5.488310e+01 0.000000e+00
    endloop
  endfacet
  facet normal 0.000000e+00 0.000000e+00 -1.000000e+00
    outer loop
      vertex   1.216820e+02 5.488310e+01 0.000000e+00
      vertex   1.169180e+02 5.993380e+01 0.000000e+00
      vertex   1.309190e+02 5.993380e+01 0.000000e+00
    endloop
  endfacet
  facet normal 0.000000e+00 0.000000e+00 -1.000000e+00
    outer loop
      vertex   1.216820e+02 5.488310e+01 0.000000e+00
      vertex   1.309190e+02 5.993380e+01 0.000000e+00
      vertex   1.356820e+02 5.488310e+01 0.000000e+00
    endloop
  endfacet
  facet normal 0.000000e+00 0.000000e+00 -1.000000e+00
    outer loop
      vertex   1.356820e+02 5.488310e+01 0.000000e+00
      vertex   1.309190e+02 5.993380e+01 0.000000e+00
      vertex   1.359700e+02 5.993380e+01 0.000000e+00
    endloop
  endfacet
  facet normal 0.000000e+00 0.000000e+00 -1.000000e+00
    outer loop
      vertex   1.356820e+02 5.488310e+01 0.000000e+00
      vertex   1.359700e+02 5.993380e+01 0.000000e+00
      vertex   1.407320e+02 5.488310e+01 0.000000e+00
    endloop
  endfacet
  facet normal 0.000000e+00 0.000000e+00 -1.000000e+00
    outer loop
      vertex   1.407320e+02 5.488310e+01 0.000000e+00
      vertex   1.359700e+02 5.993380e+01 0.000000e+00
      vertex   1.499690e+02 5.993380e+01 0.000000e+00
    endloop
  endfacet
  facet normal 0.000000e+00 0.000000e+00 -1.000000e+00
    outer loop
      vertex   1.407320e+02 5.488310e+01 0.000000e+00
      vertex   1.499690e+02 5.993380e+01 0.000000e+00
      vertex   1.547320e+02 5.488310e+01 0.000000e+00
    endloop
  endfacet
  facet normal 0.000000e+00 0.000000e+00 -1.000000e+00
    outer loop
      vertex   1.547320e+02 5.488310e+01 0.000000e+00
      vertex   1.499690e+02 5.993380e+01 0.000000e+00
      vertex   1.550200e+02 5.993380e+01 0.000000e+00
    endloop
  endfacet
  facet normal 0.000000e+00 0.000000e+00 -1.000000e+00
    outer loop
      vertex   1.547320e+02 5.488310e+01 0.000000e+00
      vertex   1.550200e+02 5.993380e+01 0.000000e+00
      vertex   1.597820e+02 5.488310e+01 0.000000e+00
    endloop
  endfacet
  facet normal 0.000000e+00 0.000000e+00 -1.000000e+00
    outer loop
      vertex   1.597820e+02 5.488310e+01 0.000000e+00
      vertex   1.550200e+02 5.993380e+01 0.000000e+00
      vertex   1.690190e+02 5.993380e+01 0.000000e+00
    endloop
  endfacet
  facet normal 0.000000e+00 0.000000e+00 -1.000000e+00
    outer loop
      vertex   1.597820e+02 5.488310e+01 0.000000e+00
      vertex   1.690190e+02 5.993380e+01 0.000000e+00
      vertex   1.737820e+02 5.488310e+01 0.000000e+00
    endloop
  endfacet
  facet normal 0.000000e+00 0.000000e+00 -1.000000e+00
    outer loop
      vertex   1.737820e+02 5.488310e+01 0.000000e+00
      vertex   1.690190e+02 5.993380e+01 0.000000e+00
      vertex   1.763070e+02 5.740880e+01 0.000000e+00
    endloop
  endfacet
  facet normal 0.000000e+00 0.000000e+00 -1.000000e+00
    outer loop
      vertex   1.737820e+02 5.488310e+01 0.000000e+00
      vertex   1.763070e+02 5.740880e+01 0.000000e+00
      vertex   1.745810e+02 5.388260e+01 0.000000e+00
    endloop
  endfacet
  facet normal 0.000000e+00 0.000000e+00 -1.000000e+00
    outer loop
      vertex   1.745810e+02 5.388260e+01 0.000000e+00
      vertex   1.763070e+02 5.740880e+01 0.000000e+00
      vertex   1.745810e+02 5.078340e+01 0.000000e+00
    endloop
  endfacet
  facet normal 0.000000e+00 0.000000e+00 -1.000000e+00
    outer loop
      vertex   1.745810e+02 5.078340e+01 0.000000e+00
      vertex   1.763070e+02 5.740880e+01 0.000000e+00
      vertex   1.763070e+02 3.835880e+01 0.000000e+00
    endloop
  endfacet
  facet normal 0.000000e+00 0.000000e+00 -1.000000e+00
    outer loop
      vertex   1.745810e+02 5.078340e+01 0.000000e+00
      vertex   1.763070e+02 3.835880e+01 0.000000e+00
      vertex   1.745810e+02 4.498340e+01 0.000000e+00
    endloop
  endfacet
  facet normal 0.000000e+00 0.000000e+00 -1.000000e+00
    outer loop
      vertex   1.745810e+02 4.498340e+01 0.000000e+00
      vertex   1.763070e+02 3.835880e+01 0.000000e+00
      vertex   1.745810e+02 4.188280e+01 0.000000e+00
    endloop
  endfacet
  facet normal 0.000000e+00 -0.000000e+00 -1.000000e+00
    outer loop
      vertex   1.745810e+02 4.188280e+01 0.000000e+00
      vertex   1.763070e+02 3.835880e+01 0.000000e+00
      vertex   1.737820e+02 4.088380e+01 0.000000e+00
    endloop
  endfacet
  facet normal -0.000000e+00 0.000000e+00 -1.000000e+00
    outer loop
      vertex   1.745810e+02 4.188280e+01 0.000000e+00
      vertex   1.737820e+02 4.088380e+01 0.000000e+00
      vertex   1.737820e+02 4.188280e+01 0.000000e+00
    endloop
  endfacet
  facet normal 0.000000e+00 -0.000000e+00 -1.000000e+00
    outer loop
      vertex   9.508460e-02 7.645750e+01 0.000000e+00
      vertex   1.819010e+00 6.403340e+01 0.000000e+00
      vertex   9.508460e-02 5.740880e+01 0.000000e+00
    endloop
  endfacet
  facet normal 0.000000e+00 0.000000e+00 -1.000000e+00
    outer loop
      vertex   9.508460e-02 5.740880e+01 0.000000e+00
      vertex   1.819010e+00 6.403340e+01 0.000000e+00
      vertex   1.819010e+00 6.093280e+01 0.000000e+00
    endloop
  endfacet
  facet normal 0.000000e+00 0.000000e+00 -1.000000e+00
    outer loop
      vertex   9.508460e-02 5.740880e+01 0.000000e+00
      vertex   1.819010e+00 6.093280e+01 0.000000e+00
      vertex   2.619650e+00 5.993380e+01 0.000000e+00
    endloop
  endfacet
  facet normal 0.000000e+00 0.000000e+00 -1.000000e+00
    outer loop
      vertex   2.619650e+00 5.993380e+01 0.000000e+00
      vertex   1.819010e+00 6.093280e+01 0.000000e+00
      vertex   2.619650e+00 6.093280e+01 0.000000e+00
    endloop
  endfacet
  facet normal -0.000000e+00 0.000000e+00 -1.000000e+00
    outer loop
      vertex   1.905950e+02 7.645750e+01 0.000000e+00
      vertex   9.786830e+01 7.393310e+01 0.000000e+00
      vertex   9.508460e-02 7.645750e+01 0.000000e+00
    endloop
  endfacet
  facet normal 0.000000e+00 0.000000e+00 -1.000000e+00
    outer loop
      vertex   9.508460e-02 7.645750e+01 0.000000e+00
      vertex   9.786830e+01 7.393310e+01 0.000000e+00
      vertex   9.281900e+01 7.393310e+01 0.000000e+00
    endloop
  endfacet
  facet normal 0.000000e+00 0.000000e+00 -1.000000e+00
    outer loop
      vertex   9.508460e-02 7.645750e+01 0.000000e+00
      vertex   9.281900e+01 7.393310e+01 0.000000e+00
      vertex   7.881970e+01 7.393310e+01 0.000000e+00
    endloop
  endfacet
  facet normal 0.000000e+00 0.000000e+00 -1.000000e+00
    outer loop
      vertex   1.905950e+02 5.740880e+01 0.000000e+00
      vertex   1.888700e+02 6.403340e+01 0.000000e+00
      vertex   1.905950e+02 7.645750e+01 0.000000e+00
    endloop
  endfacet
  facet normal 0.000000e+00 0.000000e+00 -1.000000e+00
    outer loop
      vertex   1.905950e+02 7.645750e+01 0.000000e+00
      vertex   1.888700e+02 6.403340e+01 0.000000e+00
      vertex   1.888700e+02 6.983340e+01 0.000000e+00
    endloop
  endfacet
  facet normal 0.000000e+00 0.000000e+00 -1.000000e+00
    outer loop
      vertex   1.905950e+02 7.645750e+01 0.000000e+00
      vertex   1.888700e+02 6.983340e+01 0.000000e+00
      vertex   1.888700e+02 7.293260e+01 0.000000e+00
    endloop
  endfacet
  facet normal 0.000000e+00 0.000000e+00 -1.000000e+00
    outer loop
      vertex   1.763070e+02 5.740880e+01 0.000000e+00
      vertex   1.880690e+02 5.993380e+01 0.000000e+00
      vertex   1.905950e+02 5.740880e+01 0.000000e+00
    endloop
  endfacet
  facet normal 0.000000e+00 0.000000e+00 -1.000000e+00
    outer loop
      vertex   1.905950e+02 5.740880e+01 0.000000e+00
      vertex   1.880690e+02 5.993380e+01 0.000000e+00
      vertex   1.888700e+02 6.093280e+01 0.000000e+00
    endloop
  endfacet
  facet normal 0.000000e+00 0.000000e+00 -1.000000e+00
    outer loop
      vertex   1.905950e+02 5.740880e+01 0.000000e+00
      vertex   1.888700e+02 6.093280e+01 0.000000e+00
      vertex   1.888700e+02 6.403340e+01 0.000000e+00
    endloop
  endfacet
  facet normal -0.000000e+00 -0.000000e+00 -1.000000e+00
    outer loop
      vertex   1.737820e+02 4.088380e+01 0.000000e+00
      vertex   1.763070e+02 3.835880e+01 0.000000e+00
      vertex   1.597820e+02 4.088380e+01 0.000000e+00
    endloop
  endfacet
  facet normal 0.000000e+00 -0.000000e+00 -1.000000e+00
    outer loop
      vertex   1.597820e+02 4.088380e+01 0.000000e+00
      vertex   1.763070e+02 3.835880e+01 0.000000e+00
      vertex   1.477320e+02 3.835880e+01 0.000000e+00
    endloop
  endfacet
  facet normal -0.000000e+00 0.000000e+00 -1.000000e+00
    outer loop
      vertex   1.597820e+02 4.088380e+01 0.000000e+00
      vertex   1.477320e+02 3.835880e+01 0.000000e+00
      vertex   1.547320e+02 4.088380e+01 0.000000e+00
    endloop
  endfacet
  facet normal -0.000000e+00 0.000000e+00 -1.000000e+00
    outer loop
      vertex   1.547320e+02 4.088380e+01 0.000000e+00
      vertex   1.477320e+02 3.835880e+01 0.000000e+00
      vertex   1.407320e+02 4.088380e+01 0.000000e+00
    endloop
  endfacet
  facet normal 0.000000e+00 0.000000e+00 -1.000000e+00
    outer loop
      vertex   1.407320e+02 4.088380e+01 0.000000e+00
      vertex   1.477320e+02 3.835880e+01 0.000000e+00
      vertex   1.452070e+02 3.583300e+01 0.000000e+00
    endloop
  endfacet
  facet normal 0.000000e+00 -0.000000e+00 -1.000000e+00
    outer loop
      vertex   1.407320e+02 4.088380e+01 0.000000e+00
      vertex   1.452070e+02 3.583300e+01 0.000000e+00
      vertex   1.312070e+02 3.583300e+01 0.000000e+00
    endloop
  endfacet
  facet normal 0.000000e+00 0.000000e+00 -1.000000e+00
    outer loop
      vertex   1.477320e+02 1.930860e+01 0.000000e+00
      vertex   1.460060e+02 3.173350e+01 0.000000e+00
      vertex   1.477320e+02 3.835880e+01 0.000000e+00
    endloop
  endfacet
  facet normal 0.000000e+00 0.000000e+00 -1.000000e+00
    outer loop
      vertex   1.477320e+02 3.835880e+01 0.000000e+00
      vertex   1.460060e+02 3.173350e+01 0.000000e+00
      vertex   1.460060e+02 3.483270e+01 0.000000e+00
    endloop
  endfacet
  facet normal 0.000000e+00 0.000000e+00 -1.000000e+00
    outer loop
      vertex   1.477320e+02 3.835880e+01 0.000000e+00
      vertex   1.460060e+02 3.483270e+01 0.000000e+00
      vertex   1.452070e+02 3.583300e+01 0.000000e+00
    endloop
  endfacet
  facet normal 0.000000e+00 0.000000e+00 -1.000000e+00
    outer loop
      vertex   1.452070e+02 3.583300e+01 0.000000e+00
      vertex   1.460060e+02 3.483270e+01 0.000000e+00
      vertex   1.452070e+02 3.483270e+01 0.000000e+00
    endloop
  endfacet
  facet normal 0.000000e+00 0.000000e+00 -1.000000e+00
    outer loop
      vertex   1.239200e+02 1.930860e+01 0.000000e+00
      vertex   1.312070e+02 2.183360e+01 0.000000e+00
      vertex   1.477320e+02 1.930860e+01 0.000000e+00
    endloop
  endfacet
  facet normal 0.000000e+00 0.000000e+00 -1.000000e+00
    outer loop
      vertex   1.477320e+02 1.930860e+01 0.000000e+00
      vertex   1.312070e+02 2.183360e+01 0.000000e+00
      vertex   1.452070e+02 2.183360e+01 0.000000e+00
    endloop
  endfacet
  facet normal 0.000000e+00 0.000000e+00 -1.000000e+00
    outer loop
      vertex   1.477320e+02 1.930860e+01 0.000000e+00
      vertex   1.452070e+02 2.183360e+01 0.000000e+00
      vertex   1.460060e+02 2.283270e+01 0.000000e+00
    endloop
  endfacet
  facet normal -0.000000e+00 0.000000e+00 -1.000000e+00
    outer loop
      vertex   1.460060e+02 2.283270e+01 0.000000e+00
      vertex   1.452070e+02 2.183360e+01 0.000000e+00
      vertex   1.452070e+02 2.283270e+01 0.000000e+00
    endloop
  endfacet
  facet normal 0.000000e+00 0.000000e+00 -1.000000e+00
    outer loop
      vertex   1.239200e+02 2.576930e-01 0.000000e+00
      vertex   1.138260e+02 1.028173e+01 0.000000e+00
      vertex   1.239200e+02 1.930860e+01 0.000000e+00
    endloop
  endfacet
  facet normal 0.000000e+00 0.000000e+00 -1.000000e+00
    outer loop
      vertex   1.239200e+02 1.930860e+01 0.000000e+00
      vertex   1.138260e+02 1.028173e+01 0.000000e+00
      vertex   1.130000e+02 1.531280e+01 0.000000e+00
    endloop
  endfacet
  facet normal 0.000000e+00 0.000000e+00 -1.000000e+00
    outer loop
      vertex   1.239200e+02 1.930860e+01 0.000000e+00
      vertex   1.130000e+02 1.531280e+01 0.000000e+00
      vertex   1.129950e+02 1.655160e+01 0.000000e+00
    endloop
  endfacet
  facet normal 0.000000e+00 0.000000e+00 -1.000000e+00
    outer loop
      vertex   7.153090e+01 2.576930e-01 0.000000e+00
      vertex   9.072600e+01 2.783640e+00 0.000000e+00
      vertex   1.239200e+02 2.576930e-01 0.000000e+00
    endloop
  endfacet
  facet normal 0.000000e+00 0.000000e+00 -1.000000e+00
    outer loop
      vertex   1.239200e+02 2.576930e-01 0.000000e+00
      vertex   9.072600e+01 2.783640e+00 0.000000e+00
      vertex   1.047250e+02 2.783640e+00 0.000000e+00
    endloop
  endfacet
  facet normal 0.000000e+00 0.000000e+00 -1.000000e+00
    outer loop
      vertex   1.239200e+02 2.576930e-01 0.000000e+00
      vertex   1.047250e+02 2.783640e+00 0.000000e+00
      vertex   1.130000e+02 4.252730e+00 0.000000e+00
    endloop
  endfacet
  facet normal -0.000000e+00 0.000000e+00 -1.000000e+00
    outer loop
      vertex   1.130000e+02 4.252730e+00 0.000000e+00
      vertex   1.047250e+02 2.783640e+00 0.000000e+00
      vertex   1.062510e+02 4.252730e+00 0.000000e+00
    endloop
  endfacet
  facet normal -0.000000e+00 0.000000e+00 -1.000000e+00
    outer loop
      vertex   1.062510e+02 4.252730e+00 0.000000e+00
      vertex   1.047250e+02 2.783640e+00 0.000000e+00
      vertex   1.047250e+02 7.482730e+00 0.000000e+00
    endloop
  endfacet
  facet normal 0.000000e+00 0.000000e+00 -1.000000e+00
    outer loop
      vertex   1.062510e+02 4.252730e+00 0.000000e+00
      vertex   1.047250e+02 7.482730e+00 0.000000e+00
      vertex   1.062510e+02 7.482730e+00 0.000000e+00
    endloop
  endfacet
  facet normal 0.000000e+00 0.000000e+00 -1.000000e+00
    outer loop
      vertex   7.153090e+01 1.930860e+01 0.000000e+00
      vertex   8.162540e+01 1.028173e+01 0.000000e+00
      vertex   7.153090e+01 2.576930e-01 0.000000e+00
    endloop
  endfacet
  facet normal 0.000000e+00 0.000000e+00 -1.000000e+00
    outer loop
      vertex   7.153090e+01 2.576930e-01 0.000000e+00
      vertex   8.162540e+01 1.028173e+01 0.000000e+00
      vertex   8.162540e+01 7.482730e+00 0.000000e+00
    endloop
  endfacet
  facet normal 0.000000e+00 0.000000e+00 -1.000000e+00
    outer loop
      vertex   7.153090e+01 2.576930e-01 0.000000e+00
      vertex   8.162540e+01 7.482730e+00 0.000000e+00
      vertex   8.245090e+01 4.252730e+00 0.000000e+00
    endloop
  endfacet
  facet normal 0.000000e+00 0.000000e+00 -1.000000e+00
    outer loop
      vertex   8.245090e+01 4.252730e+00 0.000000e+00
      vertex   8.162540e+01 7.482730e+00 0.000000e+00
      vertex   8.245090e+01 7.482730e+00 0.000000e+00
    endloop
  endfacet
  facet normal 0.000000e+00 0.000000e+00 -1.000000e+00
    outer loop
      vertex   5.075590e+01 2.593330e+01 0.000000e+00
      vertex   5.420640e+01 2.593330e+01 0.000000e+00
      vertex   5.075590e+01 2.283270e+01 0.000000e+00
    endloop
  endfacet
  facet normal 0.000000e+00 0.000000e+00 -1.000000e+00
    outer loop
      vertex   5.075590e+01 2.283270e+01 0.000000e+00
      vertex   5.420640e+01 2.593330e+01 0.000000e+00
      vertex   5.420640e+01 2.283270e+01 0.000000e+00
    endloop
  endfacet
  facet normal 0.000000e+00 -0.000000e+00 -1.000000e+00
    outer loop
      vertex   5.075590e+01 2.283270e+01 0.000000e+00
      vertex   5.420640e+01 2.283270e+01 0.000000e+00
      vertex   4.995650e+01 2.183360e+01 0.000000e+00
    endloop
  endfacet
  facet normal 0.000000e+00 0.000000e+00 -1.000000e+00
    outer loop
      vertex   4.995650e+01 2.593330e+01 0.000000e+00
      vertex   5.075590e+01 3.173350e+01 0.000000e+00
      vertex   5.075590e+01 2.593330e+01 0.000000e+00
    endloop
  endfacet
  facet normal 0.000000e+00 0.000000e+00 -1.000000e+00
    outer loop
      vertex   5.075590e+01 2.593330e+01 0.000000e+00
      vertex   5.075590e+01 3.173350e+01 0.000000e+00
      vertex   5.420640e+01 3.173350e+01 0.000000e+00
    endloop
  endfacet
  facet normal 0.000000e+00 0.000000e+00 -1.000000e+00
    outer loop
      vertex   5.075590e+01 2.593330e+01 0.000000e+00
      vertex   5.420640e+01 3.173350e+01 0.000000e+00
      vertex   5.420640e+01 2.593330e+01 0.000000e+00
    endloop
  endfacet
  facet normal 0.000000e+00 0.000000e+00 -1.000000e+00
    outer loop
      vertex   5.420640e+01 2.593330e+01 0.000000e+00
      vertex   5.420640e+01 3.173350e+01 0.000000e+00
      vertex   5.500720e+01 3.173350e+01 0.000000e+00
    endloop
  endfacet
  facet normal 0.000000e+00 0.000000e+00 -1.000000e+00
    outer loop
      vertex   5.420640e+01 2.593330e+01 0.000000e+00
      vertex   5.500720e+01 3.173350e+01 0.000000e+00
      vertex   5.500720e+01 2.593330e+01 0.000000e+00
    endloop
  endfacet
  facet normal 0.000000e+00 0.000000e+00 -1.000000e+00
    outer loop
      vertex   4.995650e+01 2.593330e+01 0.000000e+00
      vertex   4.995650e+01 3.173350e+01 0.000000e+00
      vertex   5.075590e+01 3.173350e+01 0.000000e+00
    endloop
  endfacet
  facet normal 0.000000e+00 0.000000e+00 -1.000000e+00
    outer loop
      vertex   5.420640e+01 3.173350e+01 0.000000e+00
      vertex   5.075590e+01 3.173350e+01 0.000000e+00
      vertex   5.420640e+01 3.483270e+01 0.000000e+00
    endloop
  endfacet
  facet normal -0.000000e+00 0.000000e+00 -1.000000e+00
    outer loop
      vertex   5.420640e+01 3.483270e+01 0.000000e+00
      vertex   5.075590e+01 3.173350e+01 0.000000e+00
      vertex   5.075590e+01 3.483270e+01 0.000000e+00
    endloop
  endfacet
  facet normal 0.000000e+00 0.000000e+00 -1.000000e+00
    outer loop
      vertex   5.420640e+01 3.483270e+01 0.000000e+00
      vertex   5.075590e+01 3.483270e+01 0.000000e+00
      vertex   4.995650e+01 3.583300e+01 0.000000e+00
    endloop
  endfacet
  facet normal 0.000000e+00 0.000000e+00 -1.000000e+00
    outer loop
      vertex   4.995650e+01 3.583300e+01 0.000000e+00
      vertex   5.075590e+01 3.483270e+01 0.000000e+00
      vertex   4.995650e+01 3.483270e+01 0.000000e+00
    endloop
  endfacet
  facet normal 0.000000e+00 0.000000e+00 -1.000000e+00
    outer loop
      vertex   3.595720e+01 3.583300e+01 0.000000e+00
      vertex   4.548220e+01 4.088380e+01 0.000000e+00
      vertex   4.995650e+01 3.583300e+01 0.000000e+00
    endloop
  endfacet
  facet normal 0.000000e+00 0.000000e+00 -1.000000e+00
    outer loop
      vertex   4.995650e+01 3.583300e+01 0.000000e+00
      vertex   4.548220e+01 4.088380e+01 0.000000e+00
      vertex   5.948150e+01 4.088380e+01 0.000000e+00
    endloop
  endfacet
  facet normal 0.000000e+00 0.000000e+00 -1.000000e+00
    outer loop
      vertex   4.995650e+01 3.583300e+01 0.000000e+00
      vertex   5.948150e+01 4.088380e+01 0.000000e+00
      vertex   5.500720e+01 3.583300e+01 0.000000e+00
    endloop
  endfacet
  facet normal 0.000000e+00 0.000000e+00 -1.000000e+00
    outer loop
      vertex   5.500720e+01 3.583300e+01 0.000000e+00
      vertex   5.948150e+01 4.088380e+01 0.000000e+00
      vertex   6.453220e+01 4.088380e+01 0.000000e+00
    endloop
  endfacet
  facet normal 0.000000e+00 0.000000e+00 -1.000000e+00
    outer loop
      vertex   5.500720e+01 3.583300e+01 0.000000e+00
      vertex   6.453220e+01 4.088380e+01 0.000000e+00
      vertex   6.900650e+01 3.583300e+01 0.000000e+00
    endloop
  endfacet
  facet normal 0.000000e+00 0.000000e+00 -1.000000e+00
    outer loop
      vertex   6.900650e+01 3.583300e+01 0.000000e+00
      vertex   6.453220e+01 4.088380e+01 0.000000e+00
      vertex   7.853150e+01 4.088380e+01 0.000000e+00
    endloop
  endfacet
  facet normal 0.000000e+00 0.000000e+00 -1.000000e+00
    outer loop
      vertex   6.900650e+01 3.583300e+01 0.000000e+00
      vertex   7.853150e+01 4.088380e+01 0.000000e+00
      vertex   7.405720e+01 3.583300e+01 0.000000e+00
    endloop
  endfacet
  facet normal 0.000000e+00 0.000000e+00 -1.000000e+00
    outer loop
      vertex   7.405720e+01 3.583300e+01 0.000000e+00
      vertex   7.853150e+01 4.088380e+01 0.000000e+00
      vertex   8.358220e+01 4.088380e+01 0.000000e+00
    endloop
  endfacet
  facet normal 0.000000e+00 0.000000e+00 -1.000000e+00
    outer loop
      vertex   7.405720e+01 3.583300e+01 0.000000e+00
      vertex   8.358220e+01 4.088380e+01 0.000000e+00
      vertex   8.805650e+01 3.583300e+01 0.000000e+00
    endloop
  endfacet
  facet normal 0.000000e+00 0.000000e+00 -1.000000e+00
    outer loop
      vertex   8.805650e+01 3.583300e+01 0.000000e+00
      vertex   8.358220e+01 4.088380e+01 0.000000e+00
      vertex   9.758150e+01 4.088380e+01 0.000000e+00
    endloop
  endfacet
  facet normal 0.000000e+00 0.000000e+00 -1.000000e+00
    outer loop
      vertex   8.805650e+01 3.583300e+01 0.000000e+00
      vertex   9.758150e+01 4.088380e+01 0.000000e+00
      vertex   9.310720e+01 3.583300e+01 0.000000e+00
    endloop
  endfacet
  facet normal 0.000000e+00 0.000000e+00 -1.000000e+00
    outer loop
      vertex   9.310720e+01 3.583300e+01 0.000000e+00
      vertex   9.758150e+01 4.088380e+01 0.000000e+00
      vertex   1.026320e+02 4.088380e+01 0.000000e+00
    endloop
  endfacet
  facet normal 0.000000e+00 0.000000e+00 -1.000000e+00
    outer loop
      vertex   9.310720e+01 3.583300e+01 0.000000e+00
      vertex   1.026320e+02 4.088380e+01 0.000000e+00
      vertex   1.071070e+02 3.583300e+01 0.000000e+00
    endloop
  endfacet
  facet normal 0.000000e+00 0.000000e+00 -1.000000e+00
    outer loop
      vertex   1.071070e+02 3.583300e+01 0.000000e+00
      vertex   1.026320e+02 4.088380e+01 0.000000e+00
      vertex   1.166320e+02 4.088380e+01 0.000000e+00
    endloop
  endfacet
  facet normal 0.000000e+00 0.000000e+00 -1.000000e+00
    outer loop
      vertex   1.071070e+02 3.583300e+01 0.000000e+00
      vertex   1.166320e+02 4.088380e+01 0.000000e+00
      vertex   1.121570e+02 3.583300e+01 0.000000e+00
    endloop
  endfacet
  facet normal 0.000000e+00 0.000000e+00 -1.000000e+00
    outer loop
      vertex   1.121570e+02 3.583300e+01 0.000000e+00
      vertex   1.166320e+02 4.088380e+01 0.000000e+00
      vertex   1.216820e+02 4.088380e+01 0.000000e+00
    endloop
  endfacet
  facet normal 0.000000e+00 0.000000e+00 -1.000000e+00
    outer loop
      vertex   1.121570e+02 3.583300e+01 0.000000e+00
      vertex   1.216820e+02 4.088380e+01 0.000000e+00
      vertex   1.261570e+02 3.583300e+01 0.000000e+00
    endloop
  endfacet
  facet normal 0.000000e+00 0.000000e+00 -1.000000e+00
    outer loop
      vertex   1.261570e+02 3.583300e+01 0.000000e+00
      vertex   1.216820e+02 4.088380e+01 0.000000e+00
      vertex   1.356820e+02 4.088380e+01 0.000000e+00
    endloop
  endfacet
  facet normal 0.000000e+00 0.000000e+00 -1.000000e+00
    outer loop
      vertex   1.261570e+02 3.583300e+01 0.000000e+00
      vertex   1.356820e+02 4.088380e+01 0.000000e+00
      vertex   1.312070e+02 3.583300e+01 0.000000e+00
    endloop
  endfacet
  facet normal 0.000000e+00 0.000000e+00 -1.000000e+00
    outer loop
      vertex   1.312070e+02 3.583300e+01 0.000000e+00
      vertex   1.356820e+02 4.088380e+01 0.000000e+00
      vertex   1.407320e+02 4.088380e+01 0.000000e+00
    endloop
  endfacet
  facet normal 0.000000e+00 0.000000e+00 -1.000000e+00
    outer loop
      vertex   3.595720e+01 3.483270e+01 0.000000e+00
      vertex   3.515650e+01 3.483270e+01 0.000000e+00
      vertex   3.595720e+01 3.583300e+01 0.000000e+00
    endloop
  endfacet
  facet normal -0.000000e+00 0.000000e+00 -1.000000e+00
    outer loop
      vertex   3.595720e+01 3.583300e+01 0.000000e+00
      vertex   3.515650e+01 3.483270e+01 0.000000e+00
      vertex   3.090660e+01 3.583300e+01 0.000000e+00
    endloop
  endfacet
  facet normal 0.000000e+00 0.000000e+00 -1.000000e+00
    outer loop
      vertex   3.595720e+01 3.583300e+01 0.000000e+00
      vertex   3.090660e+01 3.583300e+01 0.000000e+00
      vertex   4.043150e+01 4.088380e+01 0.000000e+00
    endloop
  endfacet
  facet normal 0.000000e+00 0.000000e+00 -1.000000e+00
    outer loop
      vertex   3.515650e+01 3.173350e+01 0.000000e+00
      vertex   3.170590e+01 3.173350e+01 0.000000e+00
      vertex   3.515650e+01 3.483270e+01 0.000000e+00
    endloop
  endfacet
  facet normal -0.000000e+00 0.000000e+00 -1.000000e+00
    outer loop
      vertex   3.515650e+01 3.483270e+01 0.000000e+00
      vertex   3.170590e+01 3.173350e+01 0.000000e+00
      vertex   3.170590e+01 3.483270e+01 0.000000e+00
    endloop
  endfacet
  facet normal 0.000000e+00 0.000000e+00 -1.000000e+00
    outer loop
      vertex   3.515650e+01 3.483270e+01 0.000000e+00
      vertex   3.170590e+01 3.483270e+01 0.000000e+00
      vertex   3.090660e+01 3.583300e+01 0.000000e+00
    endloop
  endfacet
  facet normal 0.000000e+00 0.000000e+00 -1.000000e+00
    outer loop
      vertex   3.090660e+01 3.583300e+01 0.000000e+00
      vertex   3.170590e+01 3.483270e+01 0.000000e+00
      vertex   3.090660e+01 3.483270e+01 0.000000e+00
    endloop
  endfacet
  facet normal -0.000000e+00 0.000000e+00 -1.000000e+00
    outer loop
      vertex   3.595720e+01 3.173350e+01 0.000000e+00
      vertex   3.515650e+01 2.593330e+01 0.000000e+00
      vertex   3.515650e+01 3.173350e+01 0.000000e+00
    endloop
  endfacet
  facet normal 0.000000e+00 -0.000000e+00 -1.000000e+00
    outer loop
      vertex   3.515650e+01 3.173350e+01 0.000000e+00
      vertex   3.515650e+01 2.593330e+01 0.000000e+00
      vertex   3.170590e+01 2.593330e+01 0.000000e+00
    endloop
  endfacet
  facet normal -0.000000e+00 0.000000e+00 -1.000000e+00
    outer loop
      vertex   3.515650e+01 3.173350e+01 0.000000e+00
      vertex   3.170590e+01 2.593330e+01 0.000000e+00
      vertex   3.170590e+01 3.173350e+01 0.000000e+00
    endloop
  endfacet
  facet normal 0.000000e+00 -0.000000e+00 -1.000000e+00
    outer loop
      vertex   3.170590e+01 3.173350e+01 0.000000e+00
      vertex   3.170590e+01 2.593330e+01 0.000000e+00
      vertex   3.090660e+01 2.593330e+01 0.000000e+00
    endloop
  endfacet
  facet normal -0.000000e+00 0.000000e+00 -1.000000e+00
    outer loop
      vertex   3.170590e+01 3.173350e+01 0.000000e+00
      vertex   3.090660e+01 2.593330e+01 0.000000e+00
      vertex   3.090660e+01 3.173350e+01 0.000000e+00
    endloop
  endfacet
  facet normal 0.000000e+00 -0.000000e+00 -1.000000e+00
    outer loop
      vertex   3.595720e+01 3.173350e+01 0.000000e+00
      vertex   3.595720e+01 2.593330e+01 0.000000e+00
      vertex   3.515650e+01 2.593330e+01 0.000000e+00
    endloop
  endfacet
  facet normal 0.000000e+00 0.000000e+00 -1.000000e+00
    outer loop
      vertex   3.170590e+01 2.593330e+01 0.000000e+00
      vertex   3.515650e+01 2.593330e+01 0.000000e+00
      vertex   3.170590e+01 2.283270e+01 0.000000e+00
    endloop
  endfacet
  facet normal 0.000000e+00 0.000000e+00 -1.000000e+00
    outer loop
      vertex   3.170590e+01 2.283270e+01 0.000000e+00
      vertex   3.515650e+01 2.593330e+01 0.000000e+00
      vertex   3.515650e+01 2.283270e+01 0.000000e+00
    endloop
  endfacet
  facet normal 0.000000e+00 -0.000000e+00 -1.000000e+00
    outer loop
      vertex   3.170590e+01 2.283270e+01 0.000000e+00
      vertex   3.515650e+01 2.283270e+01 0.000000e+00
      vertex   3.090660e+01 2.183360e+01 0.000000e+00
    endloop
  endfacet
  facet normal 0.000000e+00 0.000000e+00 -1.000000e+00
    outer loop
      vertex   3.090660e+01 2.183360e+01 0.000000e+00
      vertex   3.515650e+01 2.283270e+01 0.000000e+00
      vertex   3.595720e+01 2.183360e+01 0.000000e+00
    endloop
  endfacet
  facet normal 0.000000e+00 -0.000000e+00 -1.000000e+00
    outer loop
      vertex   3.090660e+01 2.183360e+01 0.000000e+00
      vertex   3.595720e+01 2.183360e+01 0.000000e+00
      vertex   1.438220e+01 1.930860e+01 0.000000e+00
    endloop
  endfacet
  facet normal 0.000000e+00 0.000000e+00 -1.000000e+00
    outer loop
      vertex   3.515650e+01 2.283270e+01 0.000000e+00
      vertex   3.595720e+01 2.283270e+01 0.000000e+00
      vertex   3.595720e+01 2.183360e+01 0.000000e+00
    endloop
  endfacet
  facet normal 0.000000e+00 0.000000e+00 -1.000000e+00
    outer loop
      vertex   4.995650e+01 2.183360e+01 0.000000e+00
      vertex   4.995650e+01 2.283270e+01 0.000000e+00
      vertex   5.075590e+01 2.283270e+01 0.000000e+00
    endloop
  endfacet
  facet normal 0.000000e+00 0.000000e+00 -1.000000e+00
    outer loop
      vertex   5.500720e+01 2.183360e+01 0.000000e+00
      vertex   6.900650e+01 2.183360e+01 0.000000e+00
      vertex   7.153090e+01 1.930860e+01 0.000000e+00
    endloop
  endfacet
  facet normal 0.000000e+00 0.000000e+00 -1.000000e+00
    outer loop
      vertex   7.153090e+01 1.930860e+01 0.000000e+00
      vertex   6.900650e+01 2.183360e+01 0.000000e+00
      vertex   7.405720e+01 2.183360e+01 0.000000e+00
    endloop
  endfacet
  facet normal 0.000000e+00 0.000000e+00 -1.000000e+00
    outer loop
      vertex   7.153090e+01 1.930860e+01 0.000000e+00
      vertex   7.405720e+01 2.183360e+01 0.000000e+00
      vertex   8.417660e+01 1.775160e+01 0.000000e+00
    endloop
  endfacet
  facet normal 0.000000e+00 0.000000e+00 -1.000000e+00
    outer loop
      vertex   8.417660e+01 1.775160e+01 0.000000e+00
      vertex   7.405720e+01 2.183360e+01 0.000000e+00
      vertex   8.805650e+01 2.183360e+01 0.000000e+00
    endloop
  endfacet
  facet normal 0.000000e+00 0.000000e+00 -1.000000e+00
    outer loop
      vertex   8.417660e+01 1.775160e+01 0.000000e+00
      vertex   8.805650e+01 2.183360e+01 0.000000e+00
      vertex   8.747660e+01 1.775160e+01 0.000000e+00
    endloop
  endfacet
  facet normal 0.000000e+00 0.000000e+00 -1.000000e+00
    outer loop
      vertex   8.747660e+01 1.775160e+01 0.000000e+00
      vertex   8.805650e+01 2.183360e+01 0.000000e+00
      vertex   9.310720e+01 2.183360e+01 0.000000e+00
    endloop
  endfacet
  facet normal 0.000000e+00 0.000000e+00 -1.000000e+00
    outer loop
      vertex   8.747660e+01 1.775160e+01 0.000000e+00
      vertex   9.310720e+01 2.183360e+01 0.000000e+00
      vertex   9.072600e+01 1.678310e+01 0.000000e+00
    endloop
  endfacet
  facet normal 0.000000e+00 0.000000e+00 -1.000000e+00
    outer loop
      vertex   9.072600e+01 1.678310e+01 0.000000e+00
      vertex   9.310720e+01 2.183360e+01 0.000000e+00
      vertex   1.047250e+02 1.678310e+01 0.000000e+00
    endloop
  endfacet
  facet normal 0.000000e+00 0.000000e+00 -1.000000e+00
    outer loop
      vertex   1.047250e+02 1.678310e+01 0.000000e+00
      vertex   9.310720e+01 2.183360e+01 0.000000e+00
      vertex   1.071070e+02 2.183360e+01 0.000000e+00
    endloop
  endfacet
  facet normal 0.000000e+00 0.000000e+00 -1.000000e+00
    outer loop
      vertex   1.047250e+02 1.678310e+01 0.000000e+00
      vertex   1.071070e+02 2.183360e+01 0.000000e+00
      vertex   1.079750e+02 1.775160e+01 0.000000e+00
    endloop
  endfacet
  facet normal 0.000000e+00 0.000000e+00 -1.000000e+00
    outer loop
      vertex   1.079750e+02 1.775160e+01 0.000000e+00
      vertex   1.071070e+02 2.183360e+01 0.000000e+00
      vertex   1.112750e+02 1.775160e+01 0.000000e+00
    endloop
  endfacet
  facet normal 0.000000e+00 0.000000e+00 -1.000000e+00
    outer loop
      vertex   1.112750e+02 1.775160e+01 0.000000e+00
      vertex   1.071070e+02 2.183360e+01 0.000000e+00
      vertex   1.121570e+02 2.183360e+01 0.000000e+00
    endloop
  endfacet
  facet normal 0.000000e+00 0.000000e+00 -1.000000e+00
    outer loop
      vertex   1.112750e+02 1.775160e+01 0.000000e+00
      vertex   1.121570e+02 2.183360e+01 0.000000e+00
      vertex   1.239200e+02 1.930860e+01 0.000000e+00
    endloop
  endfacet
  facet normal 0.000000e+00 0.000000e+00 -1.000000e+00
    outer loop
      vertex   1.239200e+02 1.930860e+01 0.000000e+00
      vertex   1.121570e+02 2.183360e+01 0.000000e+00
      vertex   1.261570e+02 2.183360e+01 0.000000e+00
    endloop
  endfacet
  facet normal 0.000000e+00 0.000000e+00 -1.000000e+00
    outer loop
      vertex   1.239200e+02 1.930860e+01 0.000000e+00
      vertex   1.261570e+02 2.183360e+01 0.000000e+00
      vertex   1.312070e+02 2.183360e+01 0.000000e+00
    endloop
  endfacet
  facet normal 0.000000e+00 0.000000e+00 -1.000000e+00
    outer loop
      vertex   1.312070e+02 2.183360e+01 0.000000e+00
      vertex   1.261570e+02 2.183360e+01 0.000000e+00
      vertex   1.304060e+02 2.283270e+01 0.000000e+00
    endloop
  endfacet
  facet normal 0.000000e+00 0.000000e+00 -1.000000e+00
    outer loop
      vertex   1.312070e+02 2.183360e+01 0.000000e+00
      vertex   1.304060e+02 2.283270e+01 0.000000e+00
      vertex   1.312070e+02 2.283270e+01 0.000000e+00
    endloop
  endfacet
  facet normal 0.000000e+00 0.000000e+00 -1.000000e+00
    outer loop
      vertex   6.900650e+01 2.283270e+01 0.000000e+00
      vertex   6.980590e+01 2.283270e+01 0.000000e+00
      vertex   6.900650e+01 2.183360e+01 0.000000e+00
    endloop
  endfacet
  facet normal 0.000000e+00 0.000000e+00 -1.000000e+00
    outer loop
      vertex   6.900650e+01 2.183360e+01 0.000000e+00
      vertex   6.980590e+01 2.283270e+01 0.000000e+00
      vertex   7.325640e+01 2.283270e+01 0.000000e+00
    endloop
  endfacet
  facet normal 0.000000e+00 0.000000e+00 -1.000000e+00
    outer loop
      vertex   6.900650e+01 2.183360e+01 0.000000e+00
      vertex   7.325640e+01 2.283270e+01 0.000000e+00
      vertex   7.405720e+01 2.183360e+01 0.000000e+00
    endloop
  endfacet
  facet normal 0.000000e+00 0.000000e+00 -1.000000e+00
    outer loop
      vertex   7.405720e+01 2.183360e+01 0.000000e+00
      vertex   7.325640e+01 2.283270e+01 0.000000e+00
      vertex   7.405720e+01 2.283270e+01 0.000000e+00
    endloop
  endfacet
  facet normal 0.000000e+00 0.000000e+00 -1.000000e+00
    outer loop
      vertex   7.325640e+01 2.283270e+01 0.000000e+00
      vertex   6.980590e+01 2.283270e+01 0.000000e+00
      vertex   7.325640e+01 2.593330e+01 0.000000e+00
    endloop
  endfacet
  facet normal -0.000000e+00 0.000000e+00 -1.000000e+00
    outer loop
      vertex   7.325640e+01 2.593330e+01 0.000000e+00
      vertex   6.980590e+01 2.283270e+01 0.000000e+00
      vertex   6.980590e+01 2.593330e+01 0.000000e+00
    endloop
  endfacet
  facet normal 0.000000e+00 0.000000e+00 -1.000000e+00
    outer loop
      vertex   7.325640e+01 2.593330e+01 0.000000e+00
      vertex   6.980590e+01 2.593330e+01 0.000000e+00
      vertex   7.325640e+01 3.173350e+01 0.000000e+00
    endloop
  endfacet
  facet normal -0.000000e+00 0.000000e+00 -1.000000e+00
    outer loop
      vertex   7.325640e+01 3.173350e+01 0.000000e+00
      vertex   6.980590e+01 2.593330e+01 0.000000e+00
      vertex   6.980590e+01 3.173350e+01 0.000000e+00
    endloop
  endfacet
  facet normal 0.000000e+00 0.000000e+00 -1.000000e+00
    outer loop
      vertex   7.325640e+01 3.173350e+01 0.000000e+00
      vertex   6.980590e+01 3.173350e+01 0.000000e+00
      vertex   7.325640e+01 3.483270e+01 0.000000e+00
    endloop
  endfacet
  facet normal -0.000000e+00 0.000000e+00 -1.000000e+00
    outer loop
      vertex   7.325640e+01 3.483270e+01 0.000000e+00
      vertex   6.980590e+01 3.173350e+01 0.000000e+00
      vertex   6.980590e+01 3.483270e+01 0.000000e+00
    endloop
  endfacet
  facet normal 0.000000e+00 0.000000e+00 -1.000000e+00
    outer loop
      vertex   7.325640e+01 3.483270e+01 0.000000e+00
      vertex   6.980590e+01 3.483270e+01 0.000000e+00
      vertex   6.900650e+01 3.583300e+01 0.000000e+00
    endloop
  endfacet
  facet normal 0.000000e+00 0.000000e+00 -1.000000e+00
    outer loop
      vertex   6.900650e+01 3.583300e+01 0.000000e+00
      vertex   6.980590e+01 3.483270e+01 0.000000e+00
      vertex   6.900650e+01 3.483270e+01 0.000000e+00
    endloop
  endfacet
  facet normal 0.000000e+00 0.000000e+00 -1.000000e+00
    outer loop
      vertex   6.980590e+01 2.593330e+01 0.000000e+00
      vertex   6.900650e+01 2.593330e+01 0.000000e+00
      vertex   6.980590e+01 3.173350e+01 0.000000e+00
    endloop
  endfacet
  facet normal -0.000000e+00 0.000000e+00 -1.000000e+00
    outer loop
      vertex   6.980590e+01 3.173350e+01 0.000000e+00
      vertex   6.900650e+01 2.593330e+01 0.000000e+00
      vertex   6.900650e+01 3.173350e+01 0.000000e+00
    endloop
  endfacet
  facet normal 0.000000e+00 0.000000e+00 -1.000000e+00
    outer loop
      vertex   5.500720e+01 3.483270e+01 0.000000e+00
      vertex   5.420640e+01 3.483270e+01 0.000000e+00
      vertex   5.500720e+01 3.583300e+01 0.000000e+00
    endloop
  endfacet
  facet normal -0.000000e+00 0.000000e+00 -1.000000e+00
    outer loop
      vertex   5.500720e+01 3.583300e+01 0.000000e+00
      vertex   5.420640e+01 3.483270e+01 0.000000e+00
      vertex   4.995650e+01 3.583300e+01 0.000000e+00
    endloop
  endfacet
  facet normal 0.000000e+00 0.000000e+00 -1.000000e+00
    outer loop
      vertex   1.555310e+02 5.388260e+01 0.000000e+00
      vertex   1.589810e+02 5.388260e+01 0.000000e+00
      vertex   1.555310e+02 5.078340e+01 0.000000e+00
    endloop
  endfacet
  facet normal 0.000000e+00 0.000000e+00 -1.000000e+00
    outer loop
      vertex   1.555310e+02 5.078340e+01 0.000000e+00
      vertex   1.589810e+02 5.388260e+01 0.000000e+00
      vertex   1.589810e+02 5.078340e+01 0.000000e+00
    endloop
  endfacet
  facet normal 0.000000e+00 0.000000e+00 -1.000000e+00
    outer loop
      vertex   1.555310e+02 5.078340e+01 0.000000e+00
      vertex   1.589810e+02 5.078340e+01 0.000000e+00
      vertex   1.555310e+02 4.498340e+01 0.000000e+00
    endloop
  endfacet
  facet normal 0.000000e+00 0.000000e+00 -1.000000e+00
    outer loop
      vertex   1.555310e+02 4.498340e+01 0.000000e+00
      vertex   1.589810e+02 5.078340e+01 0.000000e+00
      vertex   1.589810e+02 4.498340e+01 0.000000e+00
    endloop
  endfacet
  facet normal 0.000000e+00 0.000000e+00 -1.000000e+00
    outer loop
      vertex   1.555310e+02 4.498340e+01 0.000000e+00
      vertex   1.589810e+02 4.498340e+01 0.000000e+00
      vertex   1.555310e+02 4.188280e+01 0.000000e+00
    endloop
  endfacet
  facet normal 0.000000e+00 0.000000e+00 -1.000000e+00
    outer loop
      vertex   1.555310e+02 4.188280e+01 0.000000e+00
      vertex   1.589810e+02 4.498340e+01 0.000000e+00
      vertex   1.589810e+02 4.188280e+01 0.000000e+00
    endloop
  endfacet
  facet normal 0.000000e+00 -0.000000e+00 -1.000000e+00
    outer loop
      vertex   1.555310e+02 4.188280e+01 0.000000e+00
      vertex   1.589810e+02 4.188280e+01 0.000000e+00
      vertex   1.547320e+02 4.088380e+01 0.000000e+00
    endloop
  endfacet
  facet normal 0.000000e+00 0.000000e+00 -1.000000e+00
    outer loop
      vertex   1.547320e+02 4.088380e+01 0.000000e+00
      vertex   1.589810e+02 4.188280e+01 0.000000e+00
      vertex   1.597820e+02 4.088380e+01 0.000000e+00
    endloop
  endfacet
  facet normal 0.000000e+00 0.000000e+00 -1.000000e+00
    outer loop
      vertex   1.547320e+02 5.388260e+01 0.000000e+00
      vertex   1.547320e+02 5.488310e+01 0.000000e+00
      vertex   1.555310e+02 5.388260e+01 0.000000e+00
    endloop
  endfacet
  facet normal 0.000000e+00 0.000000e+00 -1.000000e+00
    outer loop
      vertex   1.555310e+02 5.388260e+01 0.000000e+00
      vertex   1.547320e+02 5.488310e+01 0.000000e+00
      vertex   1.589810e+02 5.388260e+01 0.000000e+00
    endloop
  endfacet
  facet normal 0.000000e+00 0.000000e+00 -1.000000e+00
    outer loop
      vertex   1.407320e+02 5.388260e+01 0.000000e+00
      vertex   1.399310e+02 5.388260e+01 0.000000e+00
      vertex   1.407320e+02 5.488310e+01 0.000000e+00
    endloop
  endfacet
  facet normal -0.000000e+00 0.000000e+00 -1.000000e+00
    outer loop
      vertex   1.407320e+02 5.488310e+01 0.000000e+00
      vertex   1.399310e+02 5.388260e+01 0.000000e+00
      vertex   1.356820e+02 5.488310e+01 0.000000e+00
    endloop
  endfacet
  facet normal 0.000000e+00 0.000000e+00 -1.000000e+00
    outer loop
      vertex   1.399310e+02 5.078340e+01 0.000000e+00
      vertex   1.364810e+02 5.078340e+01 0.000000e+00
      vertex   1.399310e+02 5.388260e+01 0.000000e+00
    endloop
  endfacet
  facet normal -0.000000e+00 0.000000e+00 -1.000000e+00
    outer loop
      vertex   1.399310e+02 5.388260e+01 0.000000e+00
      vertex   1.364810e+02 5.078340e+01 0.000000e+00
      vertex   1.364810e+02 5.388260e+01 0.000000e+00
    endloop
  endfacet
  facet normal 0.000000e+00 0.000000e+00 -1.000000e+00
    outer loop
      vertex   1.399310e+02 5.388260e+01 0.000000e+00
      vertex   1.364810e+02 5.388260e+01 0.000000e+00
      vertex   1.356820e+02 5.488310e+01 0.000000e+00
    endloop
  endfacet
  facet normal 0.000000e+00 0.000000e+00 -1.000000e+00
    outer loop
      vertex   1.356820e+02 5.488310e+01 0.000000e+00
      vertex   1.364810e+02 5.388260e+01 0.000000e+00
      vertex   1.356820e+02 5.388260e+01 0.000000e+00
    endloop
  endfacet
  facet normal -0.000000e+00 0.000000e+00 -1.000000e+00
    outer loop
      vertex   1.407320e+02 5.078340e+01 0.000000e+00
      vertex   1.399310e+02 4.498340e+01 0.000000e+00
      vertex   1.399310e+02 5.078340e+01 0.000000e+00
    endloop
  endfacet
  facet normal 0.000000e+00 -0.000000e+00 -1.000000e+00
    outer loop
      vertex   1.399310e+02 5.078340e+01 0.000000e+00
      vertex   1.399310e+02 4.498340e+01 0.000000e+00
      vertex   1.364810e+02 4.498340e+01 0.000000e+00
    endloop
  endfacet
  facet normal -0.000000e+00 0.000000e+00 -1.000000e+00
    outer loop
      vertex   1.399310e+02 5.078340e+01 0.000000e+00
      vertex   1.364810e+02 4.498340e+01 0.000000e+00
      vertex   1.364810e+02 5.078340e+01 0.000000e+00
    endloop
  endfacet
  facet normal 0.000000e+00 -0.000000e+00 -1.000000e+00
    outer loop
      vertex   1.364810e+02 5.078340e+01 0.000000e+00
      vertex   1.364810e+02 4.498340e+01 0.000000e+00
      vertex   1.356820e+02 4.498340e+01 0.000000e+00
    endloop
  endfacet
  facet normal -0.000000e+00 0.000000e+00 -1.000000e+00
    outer loop
      vertex   1.364810e+02 5.078340e+01 0.000000e+00
      vertex   1.356820e+02 4.498340e+01 0.000000e+00
      vertex   1.356820e+02 5.078340e+01 0.000000e+00
    endloop
  endfacet
  facet normal 0.000000e+00 -0.000000e+00 -1.000000e+00
    outer loop
      vertex   1.407320e+02 5.078340e+01 0.000000e+00
      vertex   1.407320e+02 4.498340e+01 0.000000e+00
      vertex   1.399310e+02 4.498340e+01 0.000000e+00
    endloop
  endfacet
  facet normal 0.000000e+00 0.000000e+00 -1.000000e+00
    outer loop
      vertex   1.364810e+02 4.498340e+01 0.000000e+00
      vertex   1.399310e+02 4.498340e+01 0.000000e+00
      vertex   1.364810e+02 4.188280e+01 0.000000e+00
    endloop
  endfacet
  facet normal 0.000000e+00 0.000000e+00 -1.000000e+00
    outer loop
      vertex   1.364810e+02 4.188280e+01 0.000000e+00
      vertex   1.399310e+02 4.498340e+01 0.000000e+00
      vertex   1.399310e+02 4.188280e+01 0.000000e+00
    endloop
  endfacet
  facet normal 0.000000e+00 -0.000000e+00 -1.000000e+00
    outer loop
      vertex   1.364810e+02 4.188280e+01 0.000000e+00
      vertex   1.399310e+02 4.188280e+01 0.000000e+00
      vertex   1.356820e+02 4.088380e+01 0.000000e+00
    endloop
  endfacet
  facet normal 0.000000e+00 0.000000e+00 -1.000000e+00
    outer loop
      vertex   1.356820e+02 4.088380e+01 0.000000e+00
      vertex   1.399310e+02 4.188280e+01 0.000000e+00
      vertex   1.407320e+02 4.088380e+01 0.000000e+00
    endloop
  endfacet
  facet normal 0.000000e+00 0.000000e+00 -1.000000e+00
    outer loop
      vertex   1.399310e+02 4.188280e+01 0.000000e+00
      vertex   1.407320e+02 4.188280e+01 0.000000e+00
      vertex   1.407320e+02 4.088380e+01 0.000000e+00
    endloop
  endfacet
  facet normal 0.000000e+00 0.000000e+00 -1.000000e+00
    outer loop
      vertex   1.547320e+02 4.088380e+01 0.000000e+00
      vertex   1.547320e+02 4.188280e+01 0.000000e+00
      vertex   1.555310e+02 4.188280e+01 0.000000e+00
    endloop
  endfacet
  facet normal 0.000000e+00 0.000000e+00 -1.000000e+00
    outer loop
      vertex   1.555310e+02 4.498340e+01 0.000000e+00
      vertex   1.547320e+02 4.498340e+01 0.000000e+00
      vertex   1.555310e+02 5.078340e+01 0.000000e+00
    endloop
  endfacet
  facet normal -0.000000e+00 0.000000e+00 -1.000000e+00
    outer loop
      vertex   1.555310e+02 5.078340e+01 0.000000e+00
      vertex   1.547320e+02 4.498340e+01 0.000000e+00
      vertex   1.547320e+02 5.078340e+01 0.000000e+00
    endloop
  endfacet
  facet normal 0.000000e+00 0.000000e+00 -1.000000e+00
    outer loop
      vertex   1.589810e+02 5.078340e+01 0.000000e+00
      vertex   1.597820e+02 5.078340e+01 0.000000e+00
      vertex   1.589810e+02 4.498340e+01 0.000000e+00
    endloop
  endfacet
  facet normal 0.000000e+00 0.000000e+00 -1.000000e+00
    outer loop
      vertex   1.589810e+02 4.498340e+01 0.000000e+00
      vertex   1.597820e+02 5.078340e+01 0.000000e+00
      vertex   1.597820e+02 4.498340e+01 0.000000e+00
    endloop
  endfacet
  facet normal 0.000000e+00 0.000000e+00 -1.000000e+00
    outer loop
      vertex   1.589810e+02 4.188280e+01 0.000000e+00
      vertex   1.597820e+02 4.188280e+01 0.000000e+00
      vertex   1.597820e+02 4.088380e+01 0.000000e+00
    endloop
  endfacet
  facet normal 0.000000e+00 0.000000e+00 -1.000000e+00
    outer loop
      vertex   1.745810e+02 4.498340e+01 0.000000e+00
      vertex   1.737820e+02 4.498340e+01 0.000000e+00
      vertex   1.745810e+02 5.078340e+01 0.000000e+00
    endloop
  endfacet
  facet normal -0.000000e+00 0.000000e+00 -1.000000e+00
    outer loop
      vertex   1.745810e+02 5.078340e+01 0.000000e+00
      vertex   1.737820e+02 4.498340e+01 0.000000e+00
      vertex   1.737820e+02 5.078340e+01 0.000000e+00
    endloop
  endfacet
  facet normal 0.000000e+00 0.000000e+00 -1.000000e+00
    outer loop
      vertex   1.745810e+02 5.388260e+01 0.000000e+00
      vertex   1.737820e+02 5.388260e+01 0.000000e+00
      vertex   1.737820e+02 5.488310e+01 0.000000e+00
    endloop
  endfacet
  facet normal 0.000000e+00 0.000000e+00 -1.000000e+00
    outer loop
      vertex   1.597820e+02 5.388260e+01 0.000000e+00
      vertex   1.589810e+02 5.388260e+01 0.000000e+00
      vertex   1.597820e+02 5.488310e+01 0.000000e+00
    endloop
  endfacet
  facet normal -0.000000e+00 0.000000e+00 -1.000000e+00
    outer loop
      vertex   1.597820e+02 5.488310e+01 0.000000e+00
      vertex   1.589810e+02 5.388260e+01 0.000000e+00
      vertex   1.547320e+02 5.488310e+01 0.000000e+00
    endloop
  endfacet
  facet normal 0.000000e+00 0.000000e+00 -1.000000e+00
    outer loop
      vertex   1.690720e+01 3.483270e+01 0.000000e+00
      vertex   1.610650e+01 3.483270e+01 0.000000e+00
      vertex   1.690720e+01 3.583300e+01 0.000000e+00
    endloop
  endfacet
  facet normal -0.000000e+00 0.000000e+00 -1.000000e+00
    outer loop
      vertex   1.690720e+01 3.583300e+01 0.000000e+00
      vertex   1.610650e+01 3.483270e+01 0.000000e+00
      vertex   1.438193e+01 3.835880e+01 0.000000e+00
    endloop
  endfacet
  facet normal 0.000000e+00 -0.000000e+00 -1.000000e+00
    outer loop
      vertex   1.690720e+01 3.173350e+01 0.000000e+00
      vertex   1.690720e+01 2.593330e+01 0.000000e+00
      vertex   1.438220e+01 2.883340e+01 0.000000e+00
    endloop
  endfacet
  facet normal 0.000000e+00 0.000000e+00 -1.000000e+00
    outer loop
      vertex   1.438220e+01 2.883340e+01 0.000000e+00
      vertex   1.690720e+01 2.593330e+01 0.000000e+00
      vertex   1.610650e+01 2.593330e+01 0.000000e+00
    endloop
  endfacet
  facet normal 0.000000e+00 0.000000e+00 -1.000000e+00
    outer loop
      vertex   1.438220e+01 2.883340e+01 0.000000e+00
      vertex   1.610650e+01 2.593330e+01 0.000000e+00
      vertex   1.610650e+01 2.283270e+01 0.000000e+00
    endloop
  endfacet
  facet normal 0.000000e+00 0.000000e+00 -1.000000e+00
    outer loop
      vertex   1.610650e+01 2.283270e+01 0.000000e+00
      vertex   1.690720e+01 2.283270e+01 0.000000e+00
      vertex   1.690720e+01 2.183360e+01 0.000000e+00
    endloop
  endfacet
  facet normal 0.000000e+00 0.000000e+00 -1.000000e+00
    outer loop
      vertex   3.090660e+01 2.183360e+01 0.000000e+00
      vertex   3.090660e+01 2.283270e+01 0.000000e+00
      vertex   3.170590e+01 2.283270e+01 0.000000e+00
    endloop
  endfacet
  facet normal 0.000000e+00 0.000000e+00 -1.000000e+00
    outer loop
      vertex   9.758150e+01 4.188280e+01 0.000000e+00
      vertex   9.838090e+01 4.188280e+01 0.000000e+00
      vertex   9.758150e+01 4.088380e+01 0.000000e+00
    endloop
  endfacet
  facet normal 0.000000e+00 0.000000e+00 -1.000000e+00
    outer loop
      vertex   9.758150e+01 4.088380e+01 0.000000e+00
      vertex   9.838090e+01 4.188280e+01 0.000000e+00
      vertex   1.018310e+02 4.188280e+01 0.000000e+00
    endloop
  endfacet
  facet normal 0.000000e+00 0.000000e+00 -1.000000e+00
    outer loop
      vertex   9.758150e+01 4.088380e+01 0.000000e+00
      vertex   1.018310e+02 4.188280e+01 0.000000e+00
      vertex   1.026320e+02 4.088380e+01 0.000000e+00
    endloop
  endfacet
  facet normal 0.000000e+00 0.000000e+00 -1.000000e+00
    outer loop
      vertex   1.026320e+02 4.088380e+01 0.000000e+00
      vertex   1.018310e+02 4.188280e+01 0.000000e+00
      vertex   1.026320e+02 4.188280e+01 0.000000e+00
    endloop
  endfacet
  facet normal 0.000000e+00 0.000000e+00 -1.000000e+00
    outer loop
      vertex   1.018310e+02 4.188280e+01 0.000000e+00
      vertex   9.838090e+01 4.188280e+01 0.000000e+00
      vertex   1.018310e+02 4.498340e+01 0.000000e+00
    endloop
  endfacet
  facet normal -0.000000e+00 0.000000e+00 -1.000000e+00
    outer loop
      vertex   1.018310e+02 4.498340e+01 0.000000e+00
      vertex   9.838090e+01 4.188280e+01 0.000000e+00
      vertex   9.838090e+01 4.498340e+01 0.000000e+00
    endloop
  endfacet
  facet normal 0.000000e+00 0.000000e+00 -1.000000e+00
    outer loop
      vertex   1.018310e+02 4.498340e+01 0.000000e+00
      vertex   9.838090e+01 4.498340e+01 0.000000e+00
      vertex   1.018310e+02 5.078340e+01 0.000000e+00
    endloop
  endfacet
  facet normal -0.000000e+00 0.000000e+00 -1.000000e+00
    outer loop
      vertex   1.018310e+02 5.078340e+01 0.000000e+00
      vertex   9.838090e+01 4.498340e+01 0.000000e+00
      vertex   9.838090e+01 5.078340e+01 0.000000e+00
    endloop
  endfacet
  facet normal 0.000000e+00 0.000000e+00 -1.000000e+00
    outer loop
      vertex   1.018310e+02 5.078340e+01 0.000000e+00
      vertex   9.838090e+01 5.078340e+01 0.000000e+00
      vertex   1.018310e+02 5.388260e+01 0.000000e+00
    endloop
  endfacet
  facet normal -0.000000e+00 0.000000e+00 -1.000000e+00
    outer loop
      vertex   1.018310e+02 5.388260e+01 0.000000e+00
      vertex   9.838090e+01 5.078340e+01 0.000000e+00
      vertex   9.838090e+01 5.388260e+01 0.000000e+00
    endloop
  endfacet
  facet normal 0.000000e+00 0.000000e+00 -1.000000e+00
    outer loop
      vertex   1.018310e+02 5.388260e+01 0.000000e+00
      vertex   9.838090e+01 5.388260e+01 0.000000e+00
      vertex   9.758150e+01 5.488310e+01 0.000000e+00
    endloop
  endfacet
  facet normal 0.000000e+00 0.000000e+00 -1.000000e+00
    outer loop
      vertex   9.758150e+01 5.488310e+01 0.000000e+00
      vertex   9.838090e+01 5.388260e+01 0.000000e+00
      vertex   9.758150e+01 5.388260e+01 0.000000e+00
    endloop
  endfacet
  facet normal 0.000000e+00 0.000000e+00 -1.000000e+00
    outer loop
      vertex   9.838090e+01 4.498340e+01 0.000000e+00
      vertex   9.758150e+01 4.498340e+01 0.000000e+00
      vertex   9.838090e+01 5.078340e+01 0.000000e+00
    endloop
  endfacet
  facet normal -0.000000e+00 0.000000e+00 -1.000000e+00
    outer loop
      vertex   9.838090e+01 5.078340e+01 0.000000e+00
      vertex   9.758150e+01 4.498340e+01 0.000000e+00
      vertex   9.758150e+01 5.078340e+01 0.000000e+00
    endloop
  endfacet
  facet normal 0.000000e+00 0.000000e+00 -1.000000e+00
    outer loop
      vertex   8.358220e+01 5.388260e+01 0.000000e+00
      vertex   8.278140e+01 5.388260e+01 0.000000e+00
      vertex   8.358220e+01 5.488310e+01 0.000000e+00
    endloop
  endfacet
  facet normal -0.000000e+00 0.000000e+00 -1.000000e+00
    outer loop
      vertex   8.358220e+01 5.488310e+01 0.000000e+00
      vertex   8.278140e+01 5.388260e+01 0.000000e+00
      vertex   7.853150e+01 5.488310e+01 0.000000e+00
    endloop
  endfacet
  facet normal 0.000000e+00 0.000000e+00 -1.000000e+00
    outer loop
      vertex   8.278140e+01 5.078340e+01 0.000000e+00
      vertex   7.933090e+01 5.078340e+01 0.000000e+00
      vertex   8.278140e+01 5.388260e+01 0.000000e+00
    endloop
  endfacet
  facet normal -0.000000e+00 0.000000e+00 -1.000000e+00
    outer loop
      vertex   8.278140e+01 5.388260e+01 0.000000e+00
      vertex   7.933090e+01 5.078340e+01 0.000000e+00
      vertex   7.933090e+01 5.388260e+01 0.000000e+00
    endloop
  endfacet
  facet normal 0.000000e+00 0.000000e+00 -1.000000e+00
    outer loop
      vertex   8.278140e+01 5.388260e+01 0.000000e+00
      vertex   7.933090e+01 5.388260e+01 0.000000e+00
      vertex   7.853150e+01 5.488310e+01 0.000000e+00
    endloop
  endfacet
  facet normal 0.000000e+00 0.000000e+00 -1.000000e+00
    outer loop
      vertex   7.853150e+01 5.488310e+01 0.000000e+00
      vertex   7.933090e+01 5.388260e+01 0.000000e+00
      vertex   7.853150e+01 5.388260e+01 0.000000e+00
    endloop
  endfacet
  facet normal -0.000000e+00 0.000000e+00 -1.000000e+00
    outer loop
      vertex   8.358220e+01 5.078340e+01 0.000000e+00
      vertex   8.278140e+01 4.498340e+01 0.000000e+00
      vertex   8.278140e+01 5.078340e+01 0.000000e+00
    endloop
  endfacet
  facet normal 0.000000e+00 -0.000000e+00 -1.000000e+00
    outer loop
      vertex   8.278140e+01 5.078340e+01 0.000000e+00
      vertex   8.278140e+01 4.498340e+01 0.000000e+00
      vertex   7.933090e+01 4.498340e+01 0.000000e+00
    endloop
  endfacet
  facet normal -0.000000e+00 0.000000e+00 -1.000000e+00
    outer loop
      vertex   8.278140e+01 5.078340e+01 0.000000e+00
      vertex   7.933090e+01 4.498340e+01 0.000000e+00
      vertex   7.933090e+01 5.078340e+01 0.000000e+00
    endloop
  endfacet
  facet normal 0.000000e+00 -0.000000e+00 -1.000000e+00
    outer loop
      vertex   7.933090e+01 5.078340e+01 0.000000e+00
      vertex   7.933090e+01 4.498340e+01 0.000000e+00
      vertex   7.853150e+01 4.498340e+01 0.000000e+00
    endloop
  endfacet
  facet normal -0.000000e+00 0.000000e+00 -1.000000e+00
    outer loop
      vertex   7.933090e+01 5.078340e+01 0.000000e+00
      vertex   7.853150e+01 4.498340e+01 0.000000e+00
      vertex   7.853150e+01 5.078340e+01 0.000000e+00
    endloop
  endfacet
  facet normal 0.000000e+00 -0.000000e+00 -1.000000e+00
    outer loop
      vertex   8.358220e+01 5.078340e+01 0.000000e+00
      vertex   8.358220e+01 4.498340e+01 0.000000e+00
      vertex   8.278140e+01 4.498340e+01 0.000000e+00
    endloop
  endfacet
  facet normal 0.000000e+00 0.000000e+00 -1.000000e+00
    outer loop
      vertex   7.933090e+01 4.498340e+01 0.000000e+00
      vertex   8.278140e+01 4.498340e+01 0.000000e+00
      vertex   7.933090e+01 4.188280e+01 0.000000e+00
    endloop
  endfacet
  facet normal 0.000000e+00 0.000000e+00 -1.000000e+00
    outer loop
      vertex   7.933090e+01 4.188280e+01 0.000000e+00
      vertex   8.278140e+01 4.498340e+01 0.000000e+00
      vertex   8.278140e+01 4.188280e+01 0.000000e+00
    endloop
  endfacet
  facet normal 0.000000e+00 -0.000000e+00 -1.000000e+00
    outer loop
      vertex   7.933090e+01 4.188280e+01 0.000000e+00
      vertex   8.278140e+01 4.188280e+01 0.000000e+00
      vertex   7.853150e+01 4.088380e+01 0.000000e+00
    endloop
  endfacet
  facet normal 0.000000e+00 0.000000e+00 -1.000000e+00
    outer loop
      vertex   7.853150e+01 4.088380e+01 0.000000e+00
      vertex   8.278140e+01 4.188280e+01 0.000000e+00
      vertex   8.358220e+01 4.088380e+01 0.000000e+00
    endloop
  endfacet
  facet normal 0.000000e+00 0.000000e+00 -1.000000e+00
    outer loop
      vertex   8.278140e+01 4.188280e+01 0.000000e+00
      vertex   8.358220e+01 4.188280e+01 0.000000e+00
      vertex   8.358220e+01 4.088380e+01 0.000000e+00
    endloop
  endfacet
  facet normal 0.000000e+00 0.000000e+00 -1.000000e+00
    outer loop
      vertex   1.216820e+02 5.388260e+01 0.000000e+00
      vertex   1.208810e+02 5.388260e+01 0.000000e+00
      vertex   1.216820e+02 5.488310e+01 0.000000e+00
    endloop
  endfacet
  facet normal -0.000000e+00 0.000000e+00 -1.000000e+00
    outer loop
      vertex   1.216820e+02 5.488310e+01 0.000000e+00
      vertex   1.208810e+02 5.388260e+01 0.000000e+00
      vertex   1.166320e+02 5.488310e+01 0.000000e+00
    endloop
  endfacet
  facet normal 0.000000e+00 0.000000e+00 -1.000000e+00
    outer loop
      vertex   1.208810e+02 5.078340e+01 0.000000e+00
      vertex   1.174310e+02 5.078340e+01 0.000000e+00
      vertex   1.208810e+02 5.388260e+01 0.000000e+00
    endloop
  endfacet
  facet normal -0.000000e+00 0.000000e+00 -1.000000e+00
    outer loop
      vertex   1.208810e+02 5.388260e+01 0.000000e+00
      vertex   1.174310e+02 5.078340e+01 0.000000e+00
      vertex   1.174310e+02 5.388260e+01 0.000000e+00
    endloop
  endfacet
  facet normal 0.000000e+00 0.000000e+00 -1.000000e+00
    outer loop
      vertex   1.208810e+02 5.388260e+01 0.000000e+00
      vertex   1.174310e+02 5.388260e+01 0.000000e+00
      vertex   1.166320e+02 5.488310e+01 0.000000e+00
    endloop
  endfacet
  facet normal 0.000000e+00 0.000000e+00 -1.000000e+00
    outer loop
      vertex   1.166320e+02 5.488310e+01 0.000000e+00
      vertex   1.174310e+02 5.388260e+01 0.000000e+00
      vertex   1.166320e+02 5.388260e+01 0.000000e+00
    endloop
  endfacet
  facet normal -0.000000e+00 0.000000e+00 -1.000000e+00
    outer loop
      vertex   1.216820e+02 5.078340e+01 0.000000e+00
      vertex   1.208810e+02 4.498340e+01 0.000000e+00
      vertex   1.208810e+02 5.078340e+01 0.000000e+00
    endloop
  endfacet
  facet normal 0.000000e+00 -0.000000e+00 -1.000000e+00
    outer loop
      vertex   1.208810e+02 5.078340e+01 0.000000e+00
      vertex   1.208810e+02 4.498340e+01 0.000000e+00
      vertex   1.174310e+02 4.498340e+01 0.000000e+00
    endloop
  endfacet
  facet normal -0.000000e+00 0.000000e+00 -1.000000e+00
    outer loop
      vertex   1.208810e+02 5.078340e+01 0.000000e+00
      vertex   1.174310e+02 4.498340e+01 0.000000e+00
      vertex   1.174310e+02 5.078340e+01 0.000000e+00
    endloop
  endfacet
  facet normal 0.000000e+00 -0.000000e+00 -1.000000e+00
    outer loop
      vertex   1.174310e+02 5.078340e+01 0.000000e+00
      vertex   1.174310e+02 4.498340e+01 0.000000e+00
      vertex   1.166320e+02 4.498340e+01 0.000000e+00
    endloop
  endfacet
  facet normal -0.000000e+00 0.000000e+00 -1.000000e+00
    outer loop
      vertex   1.174310e+02 5.078340e+01 0.000000e+00
      vertex   1.166320e+02 4.498340e+01 0.000000e+00
      vertex   1.166320e+02 5.078340e+01 0.000000e+00
    endloop
  endfacet
  facet normal 0.000000e+00 -0.000000e+00 -1.000000e+00
    outer loop
      vertex   1.216820e+02 5.078340e+01 0.000000e+00
      vertex   1.216820e+02 4.498340e+01 0.000000e+00
      vertex   1.208810e+02 4.498340e+01 0.000000e+00
    endloop
  endfacet
  facet normal 0.000000e+00 0.000000e+00 -1.000000e+00
    outer loop
      vertex   1.174310e+02 4.498340e+01 0.000000e+00
      vertex   1.208810e+02 4.498340e+01 0.000000e+00
      vertex   1.174310e+02 4.188280e+01 0.000000e+00
    endloop
  endfacet
  facet normal 0.000000e+00 0.000000e+00 -1.000000e+00
    outer loop
      vertex   1.174310e+02 4.188280e+01 0.000000e+00
      vertex   1.208810e+02 4.498340e+01 0.000000e+00
      vertex   1.208810e+02 4.188280e+01 0.000000e+00
    endloop
  endfacet
  facet normal 0.000000e+00 -0.000000e+00 -1.000000e+00
    outer loop
      vertex   1.174310e+02 4.188280e+01 0.000000e+00
      vertex   1.208810e+02 4.188280e+01 0.000000e+00
      vertex   1.166320e+02 4.088380e+01 0.000000e+00
    endloop
  endfacet
  facet normal 0.000000e+00 0.000000e+00 -1.000000e+00
    outer loop
      vertex   1.166320e+02 4.088380e+01 0.000000e+00
      vertex   1.208810e+02 4.188280e+01 0.000000e+00
      vertex   1.216820e+02 4.088380e+01 0.000000e+00
    endloop
  endfacet
  facet normal 0.000000e+00 0.000000e+00 -1.000000e+00
    outer loop
      vertex   1.208810e+02 4.188280e+01 0.000000e+00
      vertex   1.216820e+02 4.188280e+01 0.000000e+00
      vertex   1.216820e+02 4.088380e+01 0.000000e+00
    endloop
  endfacet
  facet normal 0.000000e+00 0.000000e+00 -1.000000e+00
    outer loop
      vertex   1.356820e+02 4.088380e+01 0.000000e+00
      vertex   1.356820e+02 4.188280e+01 0.000000e+00
      vertex   1.364810e+02 4.188280e+01 0.000000e+00
    endloop
  endfacet
  facet normal 0.000000e+00 0.000000e+00 -1.000000e+00
    outer loop
      vertex   6.373140e+01 4.188280e+01 0.000000e+00
      vertex   6.028090e+01 4.188280e+01 0.000000e+00
      vertex   6.373140e+01 4.498340e+01 0.000000e+00
    endloop
  endfacet
  facet normal -0.000000e+00 0.000000e+00 -1.000000e+00
    outer loop
      vertex   6.373140e+01 4.498340e+01 0.000000e+00
      vertex   6.028090e+01 4.188280e+01 0.000000e+00
      vertex   6.028090e+01 4.498340e+01 0.000000e+00
    endloop
  endfacet
  facet normal 0.000000e+00 0.000000e+00 -1.000000e+00
    outer loop
      vertex   6.373140e+01 4.498340e+01 0.000000e+00
      vertex   6.028090e+01 4.498340e+01 0.000000e+00
      vertex   6.373140e+01 5.078340e+01 0.000000e+00
    endloop
  endfacet
  facet normal -0.000000e+00 0.000000e+00 -1.000000e+00
    outer loop
      vertex   6.373140e+01 5.078340e+01 0.000000e+00
      vertex   6.028090e+01 4.498340e+01 0.000000e+00
      vertex   6.028090e+01 5.078340e+01 0.000000e+00
    endloop
  endfacet
  facet normal 0.000000e+00 0.000000e+00 -1.000000e+00
    outer loop
      vertex   6.373140e+01 5.078340e+01 0.000000e+00
      vertex   6.028090e+01 5.078340e+01 0.000000e+00
      vertex   6.373140e+01 5.388260e+01 0.000000e+00
    endloop
  endfacet
  facet normal -0.000000e+00 0.000000e+00 -1.000000e+00
    outer loop
      vertex   6.373140e+01 5.388260e+01 0.000000e+00
      vertex   6.028090e+01 5.078340e+01 0.000000e+00
      vertex   6.028090e+01 5.388260e+01 0.000000e+00
    endloop
  endfacet
  facet normal 0.000000e+00 0.000000e+00 -1.000000e+00
    outer loop
      vertex   6.373140e+01 5.388260e+01 0.000000e+00
      vertex   6.028090e+01 5.388260e+01 0.000000e+00
      vertex   5.948150e+01 5.488310e+01 0.000000e+00
    endloop
  endfacet
  facet normal 0.000000e+00 0.000000e+00 -1.000000e+00
    outer loop
      vertex   5.948150e+01 5.488310e+01 0.000000e+00
      vertex   6.028090e+01 5.388260e+01 0.000000e+00
      vertex   5.948150e+01 5.388260e+01 0.000000e+00
    endloop
  endfacet
  facet normal -0.000000e+00 -0.000000e+00 -1.000000e+00
    outer loop
      vertex   6.453220e+01 4.188280e+01 0.000000e+00
      vertex   6.453220e+01 4.088380e+01 0.000000e+00
      vertex   6.373140e+01 4.188280e+01 0.000000e+00
    endloop
  endfacet
  facet normal 0.000000e+00 -0.000000e+00 -1.000000e+00
    outer loop
      vertex   6.373140e+01 4.188280e+01 0.000000e+00
      vertex   6.453220e+01 4.088380e+01 0.000000e+00
      vertex   5.948150e+01 4.088380e+01 0.000000e+00
    endloop
  endfacet
  facet normal -0.000000e+00 0.000000e+00 -1.000000e+00
    outer loop
      vertex   6.373140e+01 4.188280e+01 0.000000e+00
      vertex   5.948150e+01 4.088380e+01 0.000000e+00
      vertex   6.028090e+01 4.188280e+01 0.000000e+00
    endloop
  endfacet
  facet normal -0.000000e+00 0.000000e+00 -1.000000e+00
    outer loop
      vertex   6.028090e+01 4.188280e+01 0.000000e+00
      vertex   5.948150e+01 4.088380e+01 0.000000e+00
      vertex   5.948150e+01 4.188280e+01 0.000000e+00
    endloop
  endfacet
  facet normal 0.000000e+00 0.000000e+00 -1.000000e+00
    outer loop
      vertex   7.853150e+01 4.088380e+01 0.000000e+00
      vertex   7.853150e+01 4.188280e+01 0.000000e+00
      vertex   7.933090e+01 4.188280e+01 0.000000e+00
    endloop
  endfacet
  facet normal 0.000000e+00 0.000000e+00 -1.000000e+00
    outer loop
      vertex   6.453220e+01 5.388260e+01 0.000000e+00
      vertex   6.373140e+01 5.388260e+01 0.000000e+00
      vertex   6.453220e+01 5.488310e+01 0.000000e+00
    endloop
  endfacet
  facet normal -0.000000e+00 0.000000e+00 -1.000000e+00
    outer loop
      vertex   6.453220e+01 5.488310e+01 0.000000e+00
      vertex   6.373140e+01 5.388260e+01 0.000000e+00
      vertex   5.948150e+01 5.488310e+01 0.000000e+00
    endloop
  endfacet
  facet normal 0.000000e+00 0.000000e+00 -1.000000e+00
    outer loop
      vertex   6.373140e+01 5.078340e+01 0.000000e+00
      vertex   6.453220e+01 5.078340e+01 0.000000e+00
      vertex   6.373140e+01 4.498340e+01 0.000000e+00
    endloop
  endfacet
  facet normal 0.000000e+00 0.000000e+00 -1.000000e+00
    outer loop
      vertex   6.373140e+01 4.498340e+01 0.000000e+00
      vertex   6.453220e+01 5.078340e+01 0.000000e+00
      vertex   6.453220e+01 4.498340e+01 0.000000e+00
    endloop
  endfacet
  facet normal 0.000000e+00 0.000000e+00 -1.000000e+00
    outer loop
      vertex   1.026320e+02 4.498340e+01 0.000000e+00
      vertex   1.018310e+02 4.498340e+01 0.000000e+00
      vertex   1.026320e+02 5.078340e+01 0.000000e+00
    endloop
  endfacet
  facet normal -0.000000e+00 0.000000e+00 -1.000000e+00
    outer loop
      vertex   1.026320e+02 5.078340e+01 0.000000e+00
      vertex   1.018310e+02 4.498340e+01 0.000000e+00
      vertex   1.018310e+02 5.078340e+01 0.000000e+00
    endloop
  endfacet
  facet normal 0.000000e+00 0.000000e+00 -1.000000e+00
    outer loop
      vertex   1.166320e+02 4.088380e+01 0.000000e+00
      vertex   1.166320e+02 4.188280e+01 0.000000e+00
      vertex   1.174310e+02 4.188280e+01 0.000000e+00
    endloop
  endfacet
  facet normal 0.000000e+00 0.000000e+00 -1.000000e+00
    outer loop
      vertex   1.026320e+02 5.388260e+01 0.000000e+00
      vertex   1.018310e+02 5.388260e+01 0.000000e+00
      vertex   1.026320e+02 5.488310e+01 0.000000e+00
    endloop
  endfacet
  facet normal -0.000000e+00 0.000000e+00 -1.000000e+00
    outer loop
      vertex   1.026320e+02 5.488310e+01 0.000000e+00
      vertex   1.018310e+02 5.388260e+01 0.000000e+00
      vertex   9.758150e+01 5.488310e+01 0.000000e+00
    endloop
  endfacet
  facet normal 0.000000e+00 0.000000e+00 -1.000000e+00
    outer loop
      vertex   6.581530e+00 5.078340e+01 0.000000e+00
      vertex   7.382160e+00 5.078340e+01 0.000000e+00
      vertex   6.581530e+00 4.498340e+01 0.000000e+00
    endloop
  endfacet
  facet normal 0.000000e+00 0.000000e+00 -1.000000e+00
    outer loop
      vertex   6.581530e+00 4.498340e+01 0.000000e+00
      vertex   7.382160e+00 5.078340e+01 0.000000e+00
      vertex   7.382160e+00 4.498340e+01 0.000000e+00
    endloop
  endfacet
  facet normal -0.000000e+00 -0.000000e+00 -1.000000e+00
    outer loop
      vertex   7.382160e+00 4.188280e+01 0.000000e+00
      vertex   7.382160e+00 4.088380e+01 0.000000e+00
      vertex   6.581530e+00 4.188280e+01 0.000000e+00
    endloop
  endfacet
  facet normal 0.000000e+00 -0.000000e+00 -1.000000e+00
    outer loop
      vertex   6.581530e+00 4.188280e+01 0.000000e+00
      vertex   7.382160e+00 4.088380e+01 0.000000e+00
      vertex   4.857160e+00 3.835880e+01 0.000000e+00
    endloop
  endfacet
  facet normal 0.000000e+00 0.000000e+00 -1.000000e+00
    outer loop
      vertex   2.138170e+01 4.188280e+01 0.000000e+00
      vertex   2.218090e+01 4.188280e+01 0.000000e+00
      vertex   2.138170e+01 4.088380e+01 0.000000e+00
    endloop
  endfacet
  facet normal 0.000000e+00 0.000000e+00 -1.000000e+00
    outer loop
      vertex   2.138170e+01 4.088380e+01 0.000000e+00
      vertex   2.218090e+01 4.188280e+01 0.000000e+00
      vertex   2.563150e+01 4.188280e+01 0.000000e+00
    endloop
  endfacet
  facet normal 0.000000e+00 0.000000e+00 -1.000000e+00
    outer loop
      vertex   2.138170e+01 4.088380e+01 0.000000e+00
      vertex   2.563150e+01 4.188280e+01 0.000000e+00
      vertex   2.643220e+01 4.088380e+01 0.000000e+00
    endloop
  endfacet
  facet normal 0.000000e+00 0.000000e+00 -1.000000e+00
    outer loop
      vertex   2.643220e+01 4.088380e+01 0.000000e+00
      vertex   2.563150e+01 4.188280e+01 0.000000e+00
      vertex   2.643220e+01 4.188280e+01 0.000000e+00
    endloop
  endfacet
  facet normal 0.000000e+00 0.000000e+00 -1.000000e+00
    outer loop
      vertex   2.563150e+01 4.188280e+01 0.000000e+00
      vertex   2.218090e+01 4.188280e+01 0.000000e+00
      vertex   2.563150e+01 4.498340e+01 0.000000e+00
    endloop
  endfacet
  facet normal -0.000000e+00 0.000000e+00 -1.000000e+00
    outer loop
      vertex   2.563150e+01 4.498340e+01 0.000000e+00
      vertex   2.218090e+01 4.188280e+01 0.000000e+00
      vertex   2.218090e+01 4.498340e+01 0.000000e+00
    endloop
  endfacet
  facet normal 0.000000e+00 0.000000e+00 -1.000000e+00
    outer loop
      vertex   2.563150e+01 4.498340e+01 0.000000e+00
      vertex   2.218090e+01 4.498340e+01 0.000000e+00
      vertex   2.563150e+01 5.078340e+01 0.000000e+00
    endloop
  endfacet
  facet normal -0.000000e+00 0.000000e+00 -1.000000e+00
    outer loop
      vertex   2.563150e+01 5.078340e+01 0.000000e+00
      vertex   2.218090e+01 4.498340e+01 0.000000e+00
      vertex   2.218090e+01 5.078340e+01 0.000000e+00
    endloop
  endfacet
  facet normal 0.000000e+00 0.000000e+00 -1.000000e+00
    outer loop
      vertex   2.563150e+01 5.078340e+01 0.000000e+00
      vertex   2.218090e+01 5.078340e+01 0.000000e+00
      vertex   2.563150e+01 5.388260e+01 0.000000e+00
    endloop
  endfacet
  facet normal -0.000000e+00 0.000000e+00 -1.000000e+00
    outer loop
      vertex   2.563150e+01 5.388260e+01 0.000000e+00
      vertex   2.218090e+01 5.078340e+01 0.000000e+00
      vertex   2.218090e+01 5.388260e+01 0.000000e+00
    endloop
  endfacet
  facet normal 0.000000e+00 0.000000e+00 -1.000000e+00
    outer loop
      vertex   2.563150e+01 5.388260e+01 0.000000e+00
      vertex   2.218090e+01 5.388260e+01 0.000000e+00
      vertex   2.138170e+01 5.488310e+01 0.000000e+00
    endloop
  endfacet
  facet normal 0.000000e+00 0.000000e+00 -1.000000e+00
    outer loop
      vertex   2.138170e+01 5.488310e+01 0.000000e+00
      vertex   2.218090e+01 5.388260e+01 0.000000e+00
      vertex   2.138170e+01 5.388260e+01 0.000000e+00
    endloop
  endfacet
  facet normal 0.000000e+00 0.000000e+00 -1.000000e+00
    outer loop
      vertex   2.218090e+01 4.498340e+01 0.000000e+00
      vertex   2.138170e+01 4.498340e+01 0.000000e+00
      vertex   2.218090e+01 5.078340e+01 0.000000e+00
    endloop
  endfacet
  facet normal -0.000000e+00 0.000000e+00 -1.000000e+00
    outer loop
      vertex   2.218090e+01 5.078340e+01 0.000000e+00
      vertex   2.138170e+01 4.498340e+01 0.000000e+00
      vertex   2.138170e+01 5.078340e+01 0.000000e+00
    endloop
  endfacet
  facet normal 0.000000e+00 0.000000e+00 -1.000000e+00
    outer loop
      vertex   7.382160e+00 5.388260e+01 0.000000e+00
      vertex   6.581530e+00 5.388260e+01 0.000000e+00
      vertex   7.382160e+00 5.488310e+01 0.000000e+00
    endloop
  endfacet
  facet normal -0.000000e+00 0.000000e+00 -1.000000e+00
    outer loop
      vertex   7.382160e+00 5.488310e+01 0.000000e+00
      vertex   6.581530e+00 5.388260e+01 0.000000e+00
      vertex   4.857160e+00 5.740880e+01 0.000000e+00
    endloop
  endfacet
  facet normal -0.000000e+00 -0.000000e+00 -1.000000e+00
    outer loop
      vertex   6.581530e+00 5.388260e+01 0.000000e+00
      vertex   6.581530e+00 5.078340e+01 0.000000e+00
      vertex   4.857160e+00 5.740880e+01 0.000000e+00
    endloop
  endfacet
  facet normal 0.000000e+00 0.000000e+00 -1.000000e+00
    outer loop
      vertex   4.043150e+01 5.078340e+01 0.000000e+00
      vertex   4.123090e+01 5.078340e+01 0.000000e+00
      vertex   4.043150e+01 4.498340e+01 0.000000e+00
    endloop
  endfacet
  facet normal 0.000000e+00 0.000000e+00 -1.000000e+00
    outer loop
      vertex   4.043150e+01 4.498340e+01 0.000000e+00
      vertex   4.123090e+01 5.078340e+01 0.000000e+00
      vertex   4.123090e+01 4.498340e+01 0.000000e+00
    endloop
  endfacet
  facet normal 0.000000e+00 0.000000e+00 -1.000000e+00
    outer loop
      vertex   4.123090e+01 4.498340e+01 0.000000e+00
      vertex   4.123090e+01 5.078340e+01 0.000000e+00
      vertex   4.468140e+01 5.078340e+01 0.000000e+00
    endloop
  endfacet
  facet normal 0.000000e+00 0.000000e+00 -1.000000e+00
    outer loop
      vertex   4.123090e+01 4.498340e+01 0.000000e+00
      vertex   4.468140e+01 5.078340e+01 0.000000e+00
      vertex   4.468140e+01 4.498340e+01 0.000000e+00
    endloop
  endfacet
  facet normal 0.000000e+00 0.000000e+00 -1.000000e+00
    outer loop
      vertex   4.468140e+01 4.498340e+01 0.000000e+00
      vertex   4.468140e+01 5.078340e+01 0.000000e+00
      vertex   4.548220e+01 5.078340e+01 0.000000e+00
    endloop
  endfacet
  facet normal 0.000000e+00 0.000000e+00 -1.000000e+00
    outer loop
      vertex   4.468140e+01 4.498340e+01 0.000000e+00
      vertex   4.548220e+01 5.078340e+01 0.000000e+00
      vertex   4.548220e+01 4.498340e+01 0.000000e+00
    endloop
  endfacet
  facet normal 0.000000e+00 0.000000e+00 -1.000000e+00
    outer loop
      vertex   4.468140e+01 5.078340e+01 0.000000e+00
      vertex   4.123090e+01 5.078340e+01 0.000000e+00
      vertex   4.468140e+01 5.388260e+01 0.000000e+00
    endloop
  endfacet
  facet normal -0.000000e+00 0.000000e+00 -1.000000e+00
    outer loop
      vertex   4.468140e+01 5.388260e+01 0.000000e+00
      vertex   4.123090e+01 5.078340e+01 0.000000e+00
      vertex   4.123090e+01 5.388260e+01 0.000000e+00
    endloop
  endfacet
  facet normal 0.000000e+00 0.000000e+00 -1.000000e+00
    outer loop
      vertex   4.468140e+01 5.388260e+01 0.000000e+00
      vertex   4.123090e+01 5.388260e+01 0.000000e+00
      vertex   4.043150e+01 5.488310e+01 0.000000e+00
    endloop
  endfacet
  facet normal 0.000000e+00 0.000000e+00 -1.000000e+00
    outer loop
      vertex   4.043150e+01 5.488310e+01 0.000000e+00
      vertex   4.123090e+01 5.388260e+01 0.000000e+00
      vertex   4.043150e+01 5.388260e+01 0.000000e+00
    endloop
  endfacet
  facet normal 0.000000e+00 0.000000e+00 -1.000000e+00
    outer loop
      vertex   2.643220e+01 5.388260e+01 0.000000e+00
      vertex   2.563150e+01 5.388260e+01 0.000000e+00
      vertex   2.643220e+01 5.488310e+01 0.000000e+00
    endloop
  endfacet
  facet normal -0.000000e+00 0.000000e+00 -1.000000e+00
    outer loop
      vertex   2.643220e+01 5.488310e+01 0.000000e+00
      vertex   2.563150e+01 5.388260e+01 0.000000e+00
      vertex   2.138170e+01 5.488310e+01 0.000000e+00
    endloop
  endfacet
  facet normal 0.000000e+00 0.000000e+00 -1.000000e+00
    outer loop
      vertex   2.563150e+01 5.078340e+01 0.000000e+00
      vertex   2.643220e+01 5.078340e+01 0.000000e+00
      vertex   2.563150e+01 4.498340e+01 0.000000e+00
    endloop
  endfacet
  facet normal 0.000000e+00 0.000000e+00 -1.000000e+00
    outer loop
      vertex   2.563150e+01 4.498340e+01 0.000000e+00
      vertex   2.643220e+01 5.078340e+01 0.000000e+00
      vertex   2.643220e+01 4.498340e+01 0.000000e+00
    endloop
  endfacet
  facet normal 0.000000e+00 0.000000e+00 -1.000000e+00
    outer loop
      vertex   4.043150e+01 4.188280e+01 0.000000e+00
      vertex   4.123090e+01 4.188280e+01 0.000000e+00
      vertex   4.043150e+01 4.088380e+01 0.000000e+00
    endloop
  endfacet
  facet normal 0.000000e+00 0.000000e+00 -1.000000e+00
    outer loop
      vertex   4.043150e+01 4.088380e+01 0.000000e+00
      vertex   4.123090e+01 4.188280e+01 0.000000e+00
      vertex   4.468140e+01 4.188280e+01 0.000000e+00
    endloop
  endfacet
  facet normal 0.000000e+00 0.000000e+00 -1.000000e+00
    outer loop
      vertex   4.043150e+01 4.088380e+01 0.000000e+00
      vertex   4.468140e+01 4.188280e+01 0.000000e+00
      vertex   4.548220e+01 4.088380e+01 0.000000e+00
    endloop
  endfacet
  facet normal 0.000000e+00 0.000000e+00 -1.000000e+00
    outer loop
      vertex   4.548220e+01 4.088380e+01 0.000000e+00
      vertex   4.468140e+01 4.188280e+01 0.000000e+00
      vertex   4.548220e+01 4.188280e+01 0.000000e+00
    endloop
  endfacet
  facet normal 0.000000e+00 0.000000e+00 -1.000000e+00
    outer loop
      vertex   4.468140e+01 4.188280e+01 0.000000e+00
      vertex   4.123090e+01 4.188280e+01 0.000000e+00
      vertex   4.468140e+01 4.498340e+01 0.000000e+00
    endloop
  endfacet
  facet normal -0.000000e+00 0.000000e+00 -1.000000e+00
    outer loop
      vertex   4.468140e+01 4.498340e+01 0.000000e+00
      vertex   4.123090e+01 4.188280e+01 0.000000e+00
      vertex   4.123090e+01 4.498340e+01 0.000000e+00
    endloop
  endfacet
  facet normal 0.000000e+00 0.000000e+00 -1.000000e+00
    outer loop
      vertex   6.028090e+01 4.498340e+01 0.000000e+00
      vertex   5.948150e+01 4.498340e+01 0.000000e+00
      vertex   6.028090e+01 5.078340e+01 0.000000e+00
    endloop
  endfacet
  facet normal -0.000000e+00 0.000000e+00 -1.000000e+00
    outer loop
      vertex   6.028090e+01 5.078340e+01 0.000000e+00
      vertex   5.948150e+01 4.498340e+01 0.000000e+00
      vertex   5.948150e+01 5.078340e+01 0.000000e+00
    endloop
  endfacet
  facet normal 0.000000e+00 0.000000e+00 -1.000000e+00
    outer loop
      vertex   4.548220e+01 5.388260e+01 0.000000e+00
      vertex   4.468140e+01 5.388260e+01 0.000000e+00
      vertex   4.548220e+01 5.488310e+01 0.000000e+00
    endloop
  endfacet
  facet normal -0.000000e+00 0.000000e+00 -1.000000e+00
    outer loop
      vertex   4.548220e+01 5.488310e+01 0.000000e+00
      vertex   4.468140e+01 5.388260e+01 0.000000e+00
      vertex   4.043150e+01 5.488310e+01 0.000000e+00
    endloop
  endfacet
  facet normal 0.000000e+00 0.000000e+00 -1.000000e+00
    outer loop
      vertex   1.880690e+02 7.293260e+01 0.000000e+00
      vertex   1.880690e+02 7.393310e+01 0.000000e+00
      vertex   1.888700e+02 7.293260e+01 0.000000e+00
    endloop
  endfacet
  facet normal 0.000000e+00 0.000000e+00 -1.000000e+00
    outer loop
      vertex   1.888700e+02 7.293260e+01 0.000000e+00
      vertex   1.880690e+02 7.393310e+01 0.000000e+00
      vertex   1.905950e+02 7.645750e+01 0.000000e+00
    endloop
  endfacet
  facet normal 0.000000e+00 0.000000e+00 -1.000000e+00
    outer loop
      vertex   1.880690e+02 7.393310e+01 0.000000e+00
      vertex   1.740700e+02 7.393310e+01 0.000000e+00
      vertex   1.905950e+02 7.645750e+01 0.000000e+00
    endloop
  endfacet
  facet normal 0.000000e+00 0.000000e+00 -1.000000e+00
    outer loop
      vertex   1.905950e+02 7.645750e+01 0.000000e+00
      vertex   1.740700e+02 7.393310e+01 0.000000e+00
      vertex   1.690190e+02 7.393310e+01 0.000000e+00
    endloop
  endfacet
  facet normal 0.000000e+00 0.000000e+00 -1.000000e+00
    outer loop
      vertex   1.905950e+02 7.645750e+01 0.000000e+00
      vertex   1.690190e+02 7.393310e+01 0.000000e+00
      vertex   1.550200e+02 7.393310e+01 0.000000e+00
    endloop
  endfacet
  facet normal 0.000000e+00 0.000000e+00 -1.000000e+00
    outer loop
      vertex   1.740700e+02 7.293260e+01 0.000000e+00
      vertex   1.732690e+02 7.293260e+01 0.000000e+00
      vertex   1.740700e+02 7.393310e+01 0.000000e+00
    endloop
  endfacet
  facet normal 0.000000e+00 0.000000e+00 -1.000000e+00
    outer loop
      vertex   1.740700e+02 7.393310e+01 0.000000e+00
      vertex   1.732690e+02 7.293260e+01 0.000000e+00
      vertex   1.698200e+02 7.293260e+01 0.000000e+00
    endloop
  endfacet
  facet normal -0.000000e+00 0.000000e+00 -1.000000e+00
    outer loop
      vertex   1.740700e+02 7.393310e+01 0.000000e+00
      vertex   1.698200e+02 7.293260e+01 0.000000e+00
      vertex   1.690190e+02 7.393310e+01 0.000000e+00
    endloop
  endfacet
  facet normal 0.000000e+00 0.000000e+00 -1.000000e+00
    outer loop
      vertex   1.690190e+02 7.393310e+01 0.000000e+00
      vertex   1.698200e+02 7.293260e+01 0.000000e+00
      vertex   1.690190e+02 7.293260e+01 0.000000e+00
    endloop
  endfacet
  facet normal 0.000000e+00 0.000000e+00 -1.000000e+00
    outer loop
      vertex   1.698200e+02 7.293260e+01 0.000000e+00
      vertex   1.732690e+02 7.293260e+01 0.000000e+00
      vertex   1.698200e+02 6.983340e+01 0.000000e+00
    endloop
  endfacet
  facet normal 0.000000e+00 0.000000e+00 -1.000000e+00
    outer loop
      vertex   1.698200e+02 6.983340e+01 0.000000e+00
      vertex   1.732690e+02 7.293260e+01 0.000000e+00
      vertex   1.732690e+02 6.983340e+01 0.000000e+00
    endloop
  endfacet
  facet normal 0.000000e+00 0.000000e+00 -1.000000e+00
    outer loop
      vertex   1.698200e+02 6.983340e+01 0.000000e+00
      vertex   1.732690e+02 6.983340e+01 0.000000e+00
      vertex   1.698200e+02 6.403340e+01 0.000000e+00
    endloop
  endfacet
  facet normal 0.000000e+00 0.000000e+00 -1.000000e+00
    outer loop
      vertex   1.698200e+02 6.403340e+01 0.000000e+00
      vertex   1.732690e+02 6.983340e+01 0.000000e+00
      vertex   1.732690e+02 6.403340e+01 0.000000e+00
    endloop
  endfacet
  facet normal 0.000000e+00 0.000000e+00 -1.000000e+00
    outer loop
      vertex   1.698200e+02 6.403340e+01 0.000000e+00
      vertex   1.732690e+02 6.403340e+01 0.000000e+00
      vertex   1.698200e+02 6.093280e+01 0.000000e+00
    endloop
  endfacet
  facet normal 0.000000e+00 0.000000e+00 -1.000000e+00
    outer loop
      vertex   1.698200e+02 6.093280e+01 0.000000e+00
      vertex   1.732690e+02 6.403340e+01 0.000000e+00
      vertex   1.732690e+02 6.093280e+01 0.000000e+00
    endloop
  endfacet
  facet normal 0.000000e+00 -0.000000e+00 -1.000000e+00
    outer loop
      vertex   1.698200e+02 6.093280e+01 0.000000e+00
      vertex   1.732690e+02 6.093280e+01 0.000000e+00
      vertex   1.690190e+02 5.993380e+01 0.000000e+00
    endloop
  endfacet
  facet normal 0.000000e+00 0.000000e+00 -1.000000e+00
    outer loop
      vertex   1.690190e+02 5.993380e+01 0.000000e+00
      vertex   1.732690e+02 6.093280e+01 0.000000e+00
      vertex   1.740700e+02 5.993380e+01 0.000000e+00
    endloop
  endfacet
  facet normal 0.000000e+00 0.000000e+00 -1.000000e+00
    outer loop
      vertex   1.690190e+02 5.993380e+01 0.000000e+00
      vertex   1.740700e+02 5.993380e+01 0.000000e+00
      vertex   1.763070e+02 5.740880e+01 0.000000e+00
    endloop
  endfacet
  facet normal 0.000000e+00 0.000000e+00 -1.000000e+00
    outer loop
      vertex   1.763070e+02 5.740880e+01 0.000000e+00
      vertex   1.740700e+02 5.993380e+01 0.000000e+00
      vertex   1.880690e+02 5.993380e+01 0.000000e+00
    endloop
  endfacet
  facet normal 0.000000e+00 0.000000e+00 -1.000000e+00
    outer loop
      vertex   1.732690e+02 6.983340e+01 0.000000e+00
      vertex   1.740700e+02 6.983340e+01 0.000000e+00
      vertex   1.732690e+02 6.403340e+01 0.000000e+00
    endloop
  endfacet
  facet normal 0.000000e+00 0.000000e+00 -1.000000e+00
    outer loop
      vertex   1.732690e+02 6.403340e+01 0.000000e+00
      vertex   1.740700e+02 6.983340e+01 0.000000e+00
      vertex   1.740700e+02 6.403340e+01 0.000000e+00
    endloop
  endfacet
  facet normal 0.000000e+00 0.000000e+00 -1.000000e+00
    outer loop
      vertex   1.732690e+02 6.093280e+01 0.000000e+00
      vertex   1.740700e+02 6.093280e+01 0.000000e+00
      vertex   1.740700e+02 5.993380e+01 0.000000e+00
    endloop
  endfacet
  facet normal 0.000000e+00 0.000000e+00 -1.000000e+00
    outer loop
      vertex   1.880690e+02 5.993380e+01 0.000000e+00
      vertex   1.880690e+02 6.093280e+01 0.000000e+00
      vertex   1.888700e+02 6.093280e+01 0.000000e+00
    endloop
  endfacet
  facet normal 0.000000e+00 0.000000e+00 -1.000000e+00
    outer loop
      vertex   1.888700e+02 6.403340e+01 0.000000e+00
      vertex   1.880690e+02 6.403340e+01 0.000000e+00
      vertex   1.888700e+02 6.983340e+01 0.000000e+00
    endloop
  endfacet
  facet normal -0.000000e+00 0.000000e+00 -1.000000e+00
    outer loop
      vertex   1.888700e+02 6.983340e+01 0.000000e+00
      vertex   1.880690e+02 6.403340e+01 0.000000e+00
      vertex   1.880690e+02 6.983340e+01 0.000000e+00
    endloop
  endfacet
  facet normal -0.000000e+00 0.000000e+00 -1.000000e+00
    outer loop
      vertex   1.550200e+02 6.983340e+01 0.000000e+00
      vertex   1.542190e+02 6.403340e+01 0.000000e+00
      vertex   1.542190e+02 6.983340e+01 0.000000e+00
    endloop
  endfacet
  facet normal 0.000000e+00 -0.000000e+00 -1.000000e+00
    outer loop
      vertex   1.542190e+02 6.983340e+01 0.000000e+00
      vertex   1.542190e+02 6.403340e+01 0.000000e+00
      vertex   1.507700e+02 6.403340e+01 0.000000e+00
    endloop
  endfacet
  facet normal -0.000000e+00 0.000000e+00 -1.000000e+00
    outer loop
      vertex   1.542190e+02 6.983340e+01 0.000000e+00
      vertex   1.507700e+02 6.403340e+01 0.000000e+00
      vertex   1.507700e+02 6.983340e+01 0.000000e+00
    endloop
  endfacet
  facet normal 0.000000e+00 -0.000000e+00 -1.000000e+00
    outer loop
      vertex   1.507700e+02 6.983340e+01 0.000000e+00
      vertex   1.507700e+02 6.403340e+01 0.000000e+00
      vertex   1.499690e+02 6.403340e+01 0.000000e+00
    endloop
  endfacet
  facet normal -0.000000e+00 0.000000e+00 -1.000000e+00
    outer loop
      vertex   1.507700e+02 6.983340e+01 0.000000e+00
      vertex   1.499690e+02 6.403340e+01 0.000000e+00
      vertex   1.499690e+02 6.983340e+01 0.000000e+00
    endloop
  endfacet
  facet normal 0.000000e+00 -0.000000e+00 -1.000000e+00
    outer loop
      vertex   1.550200e+02 6.983340e+01 0.000000e+00
      vertex   1.550200e+02 6.403340e+01 0.000000e+00
      vertex   1.542190e+02 6.403340e+01 0.000000e+00
    endloop
  endfacet
  facet normal 0.000000e+00 0.000000e+00 -1.000000e+00
    outer loop
      vertex   1.507700e+02 6.403340e+01 0.000000e+00
      vertex   1.542190e+02 6.403340e+01 0.000000e+00
      vertex   1.507700e+02 6.093280e+01 0.000000e+00
    endloop
  endfacet
  facet normal 0.000000e+00 0.000000e+00 -1.000000e+00
    outer loop
      vertex   1.507700e+02 6.093280e+01 0.000000e+00
      vertex   1.542190e+02 6.403340e+01 0.000000e+00
      vertex   1.542190e+02 6.093280e+01 0.000000e+00
    endloop
  endfacet
  facet normal 0.000000e+00 -0.000000e+00 -1.000000e+00
    outer loop
      vertex   1.507700e+02 6.093280e+01 0.000000e+00
      vertex   1.542190e+02 6.093280e+01 0.000000e+00
      vertex   1.499690e+02 5.993380e+01 0.000000e+00
    endloop
  endfacet
  facet normal 0.000000e+00 0.000000e+00 -1.000000e+00
    outer loop
      vertex   1.499690e+02 5.993380e+01 0.000000e+00
      vertex   1.542190e+02 6.093280e+01 0.000000e+00
      vertex   1.550200e+02 5.993380e+01 0.000000e+00
    endloop
  endfacet
  facet normal 0.000000e+00 0.000000e+00 -1.000000e+00
    outer loop
      vertex   1.542190e+02 6.093280e+01 0.000000e+00
      vertex   1.550200e+02 6.093280e+01 0.000000e+00
      vertex   1.550200e+02 5.993380e+01 0.000000e+00
    endloop
  endfacet
  facet normal 0.000000e+00 0.000000e+00 -1.000000e+00
    outer loop
      vertex   1.690190e+02 5.993380e+01 0.000000e+00
      vertex   1.690190e+02 6.093280e+01 0.000000e+00
      vertex   1.698200e+02 6.093280e+01 0.000000e+00
    endloop
  endfacet
  facet normal 0.000000e+00 0.000000e+00 -1.000000e+00
    outer loop
      vertex   1.698200e+02 6.403340e+01 0.000000e+00
      vertex   1.690190e+02 6.403340e+01 0.000000e+00
      vertex   1.698200e+02 6.983340e+01 0.000000e+00
    endloop
  endfacet
  facet normal -0.000000e+00 0.000000e+00 -1.000000e+00
    outer loop
      vertex   1.698200e+02 6.983340e+01 0.000000e+00
      vertex   1.690190e+02 6.403340e+01 0.000000e+00
      vertex   1.690190e+02 6.983340e+01 0.000000e+00
    endloop
  endfacet
  facet normal 0.000000e+00 0.000000e+00 -1.000000e+00
    outer loop
      vertex   1.550200e+02 7.293260e+01 0.000000e+00
      vertex   1.542190e+02 7.293260e+01 0.000000e+00
      vertex   1.550200e+02 7.393310e+01 0.000000e+00
    endloop
  endfacet
  facet normal 0.000000e+00 0.000000e+00 -1.000000e+00
    outer loop
      vertex   1.550200e+02 7.393310e+01 0.000000e+00
      vertex   1.542190e+02 7.293260e+01 0.000000e+00
      vertex   1.507700e+02 7.293260e+01 0.000000e+00
    endloop
  endfacet
  facet normal -0.000000e+00 0.000000e+00 -1.000000e+00
    outer loop
      vertex   1.550200e+02 7.393310e+01 0.000000e+00
      vertex   1.507700e+02 7.293260e+01 0.000000e+00
      vertex   1.499690e+02 7.393310e+01 0.000000e+00
    endloop
  endfacet
  facet normal 0.000000e+00 0.000000e+00 -1.000000e+00
    outer loop
      vertex   1.499690e+02 7.393310e+01 0.000000e+00
      vertex   1.507700e+02 7.293260e+01 0.000000e+00
      vertex   1.499690e+02 7.293260e+01 0.000000e+00
    endloop
  endfacet
  facet normal 0.000000e+00 0.000000e+00 -1.000000e+00
    outer loop
      vertex   1.507700e+02 7.293260e+01 0.000000e+00
      vertex   1.542190e+02 7.293260e+01 0.000000e+00
      vertex   1.507700e+02 6.983340e+01 0.000000e+00
    endloop
  endfacet
  facet normal 0.000000e+00 0.000000e+00 -1.000000e+00
    outer loop
      vertex   1.507700e+02 6.983340e+01 0.000000e+00
      vertex   1.542190e+02 7.293260e+01 0.000000e+00
      vertex   1.542190e+02 6.983340e+01 0.000000e+00
    endloop
  endfacet
  facet normal 0.000000e+00 0.000000e+00 -1.000000e+00
    outer loop
      vertex   1.550200e+02 7.393310e+01 0.000000e+00
      vertex   1.499690e+02 7.393310e+01 0.000000e+00
      vertex   1.905950e+02 7.645750e+01 0.000000e+00
    endloop
  endfacet
  facet normal 0.000000e+00 0.000000e+00 -1.000000e+00
    outer loop
      vertex   1.905950e+02 7.645750e+01 0.000000e+00
      vertex   1.499690e+02 7.393310e+01 0.000000e+00
      vertex   1.359700e+02 7.393310e+01 0.000000e+00
    endloop
  endfacet
  facet normal 0.000000e+00 0.000000e+00 -1.000000e+00
    outer loop
      vertex   1.905950e+02 7.645750e+01 0.000000e+00
      vertex   1.359700e+02 7.393310e+01 0.000000e+00
      vertex   1.309190e+02 7.393310e+01 0.000000e+00
    endloop
  endfacet
  facet normal 0.000000e+00 0.000000e+00 -1.000000e+00
    outer loop
      vertex   1.309190e+02 7.393310e+01 0.000000e+00
      vertex   1.359700e+02 7.393310e+01 0.000000e+00
      vertex   1.317200e+02 7.293260e+01 0.000000e+00
    endloop
  endfacet
  facet normal 0.000000e+00 0.000000e+00 -1.000000e+00
    outer loop
      vertex   1.309190e+02 7.393310e+01 0.000000e+00
      vertex   1.317200e+02 7.293260e+01 0.000000e+00
      vertex   1.309190e+02 7.293260e+01 0.000000e+00
    endloop
  endfacet
  facet normal 0.000000e+00 0.000000e+00 -1.000000e+00
    outer loop
      vertex   1.359700e+02 7.293260e+01 0.000000e+00
      vertex   1.351690e+02 7.293260e+01 0.000000e+00
      vertex   1.359700e+02 7.393310e+01 0.000000e+00
    endloop
  endfacet
  facet normal 0.000000e+00 0.000000e+00 -1.000000e+00
    outer loop
      vertex   1.359700e+02 7.393310e+01 0.000000e+00
      vertex   1.351690e+02 7.293260e+01 0.000000e+00
      vertex   1.317200e+02 7.293260e+01 0.000000e+00
    endloop
  endfacet
  facet normal 0.000000e+00 0.000000e+00 -1.000000e+00
    outer loop
      vertex   1.317200e+02 7.293260e+01 0.000000e+00
      vertex   1.351690e+02 7.293260e+01 0.000000e+00
      vertex   1.317200e+02 6.983340e+01 0.000000e+00
    endloop
  endfacet
  facet normal 0.000000e+00 0.000000e+00 -1.000000e+00
    outer loop
      vertex   1.317200e+02 6.983340e+01 0.000000e+00
      vertex   1.351690e+02 7.293260e+01 0.000000e+00
      vertex   1.351690e+02 6.983340e+01 0.000000e+00
    endloop
  endfacet
  facet normal 0.000000e+00 0.000000e+00 -1.000000e+00
    outer loop
      vertex   1.317200e+02 6.983340e+01 0.000000e+00
      vertex   1.351690e+02 6.983340e+01 0.000000e+00
      vertex   1.317200e+02 6.403340e+01 0.000000e+00
    endloop
  endfacet
  facet normal 0.000000e+00 0.000000e+00 -1.000000e+00
    outer loop
      vertex   1.317200e+02 6.403340e+01 0.000000e+00
      vertex   1.351690e+02 6.983340e+01 0.000000e+00
      vertex   1.351690e+02 6.403340e+01 0.000000e+00
    endloop
  endfacet
  facet normal 0.000000e+00 0.000000e+00 -1.000000e+00
    outer loop
      vertex   1.317200e+02 6.403340e+01 0.000000e+00
      vertex   1.351690e+02 6.403340e+01 0.000000e+00
      vertex   1.317200e+02 6.093280e+01 0.000000e+00
    endloop
  endfacet
  facet normal 0.000000e+00 0.000000e+00 -1.000000e+00
    outer loop
      vertex   1.317200e+02 6.093280e+01 0.000000e+00
      vertex   1.351690e+02 6.403340e+01 0.000000e+00
      vertex   1.351690e+02 6.093280e+01 0.000000e+00
    endloop
  endfacet
  facet normal 0.000000e+00 -0.000000e+00 -1.000000e+00
    outer loop
      vertex   1.317200e+02 6.093280e+01 0.000000e+00
      vertex   1.351690e+02 6.093280e+01 0.000000e+00
      vertex   1.309190e+02 5.993380e+01 0.000000e+00
    endloop
  endfacet
  facet normal 0.000000e+00 0.000000e+00 -1.000000e+00
    outer loop
      vertex   1.309190e+02 5.993380e+01 0.000000e+00
      vertex   1.351690e+02 6.093280e+01 0.000000e+00
      vertex   1.359700e+02 5.993380e+01 0.000000e+00
    endloop
  endfacet
  facet normal 0.000000e+00 0.000000e+00 -1.000000e+00
    outer loop
      vertex   1.351690e+02 6.983340e+01 0.000000e+00
      vertex   1.359700e+02 6.983340e+01 0.000000e+00
      vertex   1.351690e+02 6.403340e+01 0.000000e+00
    endloop
  endfacet
  facet normal 0.000000e+00 0.000000e+00 -1.000000e+00
    outer loop
      vertex   1.351690e+02 6.403340e+01 0.000000e+00
      vertex   1.359700e+02 6.983340e+01 0.000000e+00
      vertex   1.359700e+02 6.403340e+01 0.000000e+00
    endloop
  endfacet
  facet normal 0.000000e+00 0.000000e+00 -1.000000e+00
    outer loop
      vertex   1.351690e+02 6.093280e+01 0.000000e+00
      vertex   1.359700e+02 6.093280e+01 0.000000e+00
      vertex   1.359700e+02 5.993380e+01 0.000000e+00
    endloop
  endfacet
  facet normal 0.000000e+00 0.000000e+00 -1.000000e+00
    outer loop
      vertex   1.499690e+02 5.993380e+01 0.000000e+00
      vertex   1.499690e+02 6.093280e+01 0.000000e+00
      vertex   1.507700e+02 6.093280e+01 0.000000e+00
    endloop
  endfacet
  facet normal 0.000000e+00 0.000000e+00 -1.000000e+00
    outer loop
      vertex   9.281900e+01 6.983340e+01 0.000000e+00
      vertex   9.361840e+01 6.983340e+01 0.000000e+00
      vertex   9.281900e+01 6.403340e+01 0.000000e+00
    endloop
  endfacet
  facet normal 0.000000e+00 0.000000e+00 -1.000000e+00
    outer loop
      vertex   9.281900e+01 6.403340e+01 0.000000e+00
      vertex   9.361840e+01 6.983340e+01 0.000000e+00
      vertex   9.361840e+01 6.403340e+01 0.000000e+00
    endloop
  endfacet
  facet normal 0.000000e+00 0.000000e+00 -1.000000e+00
    outer loop
      vertex   9.361840e+01 6.403340e+01 0.000000e+00
      vertex   9.361840e+01 6.983340e+01 0.000000e+00
      vertex   9.706890e+01 6.983340e+01 0.000000e+00
    endloop
  endfacet
  facet normal 0.000000e+00 0.000000e+00 -1.000000e+00
    outer loop
      vertex   9.361840e+01 6.403340e+01 0.000000e+00
      vertex   9.706890e+01 6.983340e+01 0.000000e+00
      vertex   9.706890e+01 6.403340e+01 0.000000e+00
    endloop
  endfacet
  facet normal 0.000000e+00 0.000000e+00 -1.000000e+00
    outer loop
      vertex   9.706890e+01 6.403340e+01 0.000000e+00
      vertex   9.706890e+01 6.983340e+01 0.000000e+00
      vertex   9.786830e+01 6.983340e+01 0.000000e+00
    endloop
  endfacet
  facet normal 0.000000e+00 0.000000e+00 -1.000000e+00
    outer loop
      vertex   9.706890e+01 6.403340e+01 0.000000e+00
      vertex   9.786830e+01 6.983340e+01 0.000000e+00
      vertex   9.786830e+01 6.403340e+01 0.000000e+00
    endloop
  endfacet
  facet normal 0.000000e+00 0.000000e+00 -1.000000e+00
    outer loop
      vertex   9.706890e+01 6.983340e+01 0.000000e+00
      vertex   9.361840e+01 6.983340e+01 0.000000e+00
      vertex   9.706890e+01 7.293260e+01 0.000000e+00
    endloop
  endfacet
  facet normal -0.000000e+00 0.000000e+00 -1.000000e+00
    outer loop
      vertex   9.706890e+01 7.293260e+01 0.000000e+00
      vertex   9.361840e+01 6.983340e+01 0.000000e+00
      vertex   9.361840e+01 7.293260e+01 0.000000e+00
    endloop
  endfacet
  facet normal 0.000000e+00 0.000000e+00 -1.000000e+00
    outer loop
      vertex   9.706890e+01 7.293260e+01 0.000000e+00
      vertex   9.361840e+01 7.293260e+01 0.000000e+00
      vertex   9.786830e+01 7.393310e+01 0.000000e+00
    endloop
  endfacet
  facet normal -0.000000e+00 0.000000e+00 -1.000000e+00
    outer loop
      vertex   9.786830e+01 7.393310e+01 0.000000e+00
      vertex   9.361840e+01 7.293260e+01 0.000000e+00
      vertex   9.281900e+01 7.393310e+01 0.000000e+00
    endloop
  endfacet
  facet normal 0.000000e+00 0.000000e+00 -1.000000e+00
    outer loop
      vertex   9.361840e+01 7.293260e+01 0.000000e+00
      vertex   9.281900e+01 7.293260e+01 0.000000e+00
      vertex   9.281900e+01 7.393310e+01 0.000000e+00
    endloop
  endfacet
  facet normal 0.000000e+00 0.000000e+00 -1.000000e+00
    outer loop
      vertex   7.881970e+01 7.293260e+01 0.000000e+00
      vertex   7.801890e+01 7.293260e+01 0.000000e+00
      vertex   7.881970e+01 7.393310e+01 0.000000e+00
    endloop
  endfacet
  facet normal 0.000000e+00 0.000000e+00 -1.000000e+00
    outer loop
      vertex   7.881970e+01 7.393310e+01 0.000000e+00
      vertex   7.801890e+01 7.293260e+01 0.000000e+00
      vertex   7.456980e+01 7.293260e+01 0.000000e+00
    endloop
  endfacet
  facet normal -0.000000e+00 0.000000e+00 -1.000000e+00
    outer loop
      vertex   7.881970e+01 7.393310e+01 0.000000e+00
      vertex   7.456980e+01 7.293260e+01 0.000000e+00
      vertex   7.376900e+01 7.393310e+01 0.000000e+00
    endloop
  endfacet
  facet normal 0.000000e+00 0.000000e+00 -1.000000e+00
    outer loop
      vertex   7.376900e+01 7.393310e+01 0.000000e+00
      vertex   7.456980e+01 7.293260e+01 0.000000e+00
      vertex   7.376900e+01 7.293260e+01 0.000000e+00
    endloop
  endfacet
  facet normal 0.000000e+00 0.000000e+00 -1.000000e+00
    outer loop
      vertex   7.456980e+01 7.293260e+01 0.000000e+00
      vertex   7.801890e+01 7.293260e+01 0.000000e+00
      vertex   7.456980e+01 6.983340e+01 0.000000e+00
    endloop
  endfacet
  facet normal 0.000000e+00 0.000000e+00 -1.000000e+00
    outer loop
      vertex   7.456980e+01 6.983340e+01 0.000000e+00
      vertex   7.801890e+01 7.293260e+01 0.000000e+00
      vertex   7.801890e+01 6.983340e+01 0.000000e+00
    endloop
  endfacet
  facet normal 0.000000e+00 0.000000e+00 -1.000000e+00
    outer loop
      vertex   7.456980e+01 6.983340e+01 0.000000e+00
      vertex   7.801890e+01 6.983340e+01 0.000000e+00
      vertex   7.456980e+01 6.403340e+01 0.000000e+00
    endloop
  endfacet
  facet normal 0.000000e+00 0.000000e+00 -1.000000e+00
    outer loop
      vertex   7.456980e+01 6.403340e+01 0.000000e+00
      vertex   7.801890e+01 6.983340e+01 0.000000e+00
      vertex   7.801890e+01 6.403340e+01 0.000000e+00
    endloop
  endfacet
  facet normal 0.000000e+00 0.000000e+00 -1.000000e+00
    outer loop
      vertex   7.456980e+01 6.403340e+01 0.000000e+00
      vertex   7.801890e+01 6.403340e+01 0.000000e+00
      vertex   7.456980e+01 6.093280e+01 0.000000e+00
    endloop
  endfacet
  facet normal 0.000000e+00 0.000000e+00 -1.000000e+00
    outer loop
      vertex   7.456980e+01 6.093280e+01 0.000000e+00
      vertex   7.801890e+01 6.403340e+01 0.000000e+00
      vertex   7.801890e+01 6.093280e+01 0.000000e+00
    endloop
  endfacet
  facet normal 0.000000e+00 -0.000000e+00 -1.000000e+00
    outer loop
      vertex   7.456980e+01 6.093280e+01 0.000000e+00
      vertex   7.801890e+01 6.093280e+01 0.000000e+00
      vertex   7.376900e+01 5.993380e+01 0.000000e+00
    endloop
  endfacet
  facet normal 0.000000e+00 0.000000e+00 -1.000000e+00
    outer loop
      vertex   7.376900e+01 5.993380e+01 0.000000e+00
      vertex   7.801890e+01 6.093280e+01 0.000000e+00
      vertex   7.881970e+01 5.993380e+01 0.000000e+00
    endloop
  endfacet
  facet normal 0.000000e+00 0.000000e+00 -1.000000e+00
    outer loop
      vertex   7.801890e+01 6.983340e+01 0.000000e+00
      vertex   7.881970e+01 6.983340e+01 0.000000e+00
      vertex   7.801890e+01 6.403340e+01 0.000000e+00
    endloop
  endfacet
  facet normal 0.000000e+00 0.000000e+00 -1.000000e+00
    outer loop
      vertex   7.801890e+01 6.403340e+01 0.000000e+00
      vertex   7.881970e+01 6.983340e+01 0.000000e+00
      vertex   7.881970e+01 6.403340e+01 0.000000e+00
    endloop
  endfacet
  facet normal 0.000000e+00 0.000000e+00 -1.000000e+00
    outer loop
      vertex   7.801890e+01 6.093280e+01 0.000000e+00
      vertex   7.881970e+01 6.093280e+01 0.000000e+00
      vertex   7.881970e+01 5.993380e+01 0.000000e+00
    endloop
  endfacet
  facet normal 0.000000e+00 0.000000e+00 -1.000000e+00
    outer loop
      vertex   9.281900e+01 6.093280e+01 0.000000e+00
      vertex   9.361840e+01 6.093280e+01 0.000000e+00
      vertex   9.281900e+01 5.993380e+01 0.000000e+00
    endloop
  endfacet
  facet normal 0.000000e+00 0.000000e+00 -1.000000e+00
    outer loop
      vertex   9.281900e+01 5.993380e+01 0.000000e+00
      vertex   9.361840e+01 6.093280e+01 0.000000e+00
      vertex   9.706890e+01 6.093280e+01 0.000000e+00
    endloop
  endfacet
  facet normal 0.000000e+00 0.000000e+00 -1.000000e+00
    outer loop
      vertex   9.281900e+01 5.993380e+01 0.000000e+00
      vertex   9.706890e+01 6.093280e+01 0.000000e+00
      vertex   9.786830e+01 5.993380e+01 0.000000e+00
    endloop
  endfacet
  facet normal 0.000000e+00 0.000000e+00 -1.000000e+00
    outer loop
      vertex   9.786830e+01 5.993380e+01 0.000000e+00
      vertex   9.706890e+01 6.093280e+01 0.000000e+00
      vertex   9.786830e+01 6.093280e+01 0.000000e+00
    endloop
  endfacet
  facet normal 0.000000e+00 0.000000e+00 -1.000000e+00
    outer loop
      vertex   9.706890e+01 6.093280e+01 0.000000e+00
      vertex   9.361840e+01 6.093280e+01 0.000000e+00
      vertex   9.706890e+01 6.403340e+01 0.000000e+00
    endloop
  endfacet
  facet normal -0.000000e+00 0.000000e+00 -1.000000e+00
    outer loop
      vertex   9.706890e+01 6.403340e+01 0.000000e+00
      vertex   9.361840e+01 6.093280e+01 0.000000e+00
      vertex   9.361840e+01 6.403340e+01 0.000000e+00
    endloop
  endfacet
  facet normal 0.000000e+00 0.000000e+00 -1.000000e+00
    outer loop
      vertex   1.118690e+02 6.093280e+01 0.000000e+00
      vertex   1.126680e+02 6.093280e+01 0.000000e+00
      vertex   1.118690e+02 5.993380e+01 0.000000e+00
    endloop
  endfacet
  facet normal 0.000000e+00 0.000000e+00 -1.000000e+00
    outer loop
      vertex   1.118690e+02 5.993380e+01 0.000000e+00
      vertex   1.126680e+02 6.093280e+01 0.000000e+00
      vertex   1.161190e+02 6.093280e+01 0.000000e+00
    endloop
  endfacet
  facet normal 0.000000e+00 0.000000e+00 -1.000000e+00
    outer loop
      vertex   1.118690e+02 5.993380e+01 0.000000e+00
      vertex   1.161190e+02 6.093280e+01 0.000000e+00
      vertex   1.169180e+02 5.993380e+01 0.000000e+00
    endloop
  endfacet
  facet normal 0.000000e+00 0.000000e+00 -1.000000e+00
    outer loop
      vertex   1.169180e+02 5.993380e+01 0.000000e+00
      vertex   1.161190e+02 6.093280e+01 0.000000e+00
      vertex   1.169180e+02 6.093280e+01 0.000000e+00
    endloop
  endfacet
  facet normal 0.000000e+00 0.000000e+00 -1.000000e+00
    outer loop
      vertex   1.161190e+02 6.093280e+01 0.000000e+00
      vertex   1.126680e+02 6.093280e+01 0.000000e+00
      vertex   1.161190e+02 6.403340e+01 0.000000e+00
    endloop
  endfacet
  facet normal -0.000000e+00 0.000000e+00 -1.000000e+00
    outer loop
      vertex   1.161190e+02 6.403340e+01 0.000000e+00
      vertex   1.126680e+02 6.093280e+01 0.000000e+00
      vertex   1.126680e+02 6.403340e+01 0.000000e+00
    endloop
  endfacet
  facet normal 0.000000e+00 0.000000e+00 -1.000000e+00
    outer loop
      vertex   1.161190e+02 6.403340e+01 0.000000e+00
      vertex   1.126680e+02 6.403340e+01 0.000000e+00
      vertex   1.161190e+02 6.983340e+01 0.000000e+00
    endloop
  endfacet
  facet normal -0.000000e+00 0.000000e+00 -1.000000e+00
    outer loop
      vertex   1.161190e+02 6.983340e+01 0.000000e+00
      vertex   1.126680e+02 6.403340e+01 0.000000e+00
      vertex   1.126680e+02 6.983340e+01 0.000000e+00
    endloop
  endfacet
  facet normal 0.000000e+00 0.000000e+00 -1.000000e+00
    outer loop
      vertex   1.161190e+02 6.983340e+01 0.000000e+00
      vertex   1.126680e+02 6.983340e+01 0.000000e+00
      vertex   1.161190e+02 7.293260e+01 0.000000e+00
    endloop
  endfacet
  facet normal -0.000000e+00 0.000000e+00 -1.000000e+00
    outer loop
      vertex   1.161190e+02 7.293260e+01 0.000000e+00
      vertex   1.126680e+02 6.983340e+01 0.000000e+00
      vertex   1.126680e+02 7.293260e+01 0.000000e+00
    endloop
  endfacet
  facet normal 0.000000e+00 0.000000e+00 -1.000000e+00
    outer loop
      vertex   1.161190e+02 7.293260e+01 0.000000e+00
      vertex   1.126680e+02 7.293260e+01 0.000000e+00
      vertex   1.169180e+02 7.393310e+01 0.000000e+00
    endloop
  endfacet
  facet normal -0.000000e+00 0.000000e+00 -1.000000e+00
    outer loop
      vertex   1.169180e+02 7.393310e+01 0.000000e+00
      vertex   1.126680e+02 7.293260e+01 0.000000e+00
      vertex   1.118690e+02 7.393310e+01 0.000000e+00
    endloop
  endfacet
  facet normal 0.000000e+00 0.000000e+00 -1.000000e+00
    outer loop
      vertex   1.169180e+02 7.393310e+01 0.000000e+00
      vertex   1.118690e+02 7.393310e+01 0.000000e+00
      vertex   1.905950e+02 7.645750e+01 0.000000e+00
    endloop
  endfacet
  facet normal 0.000000e+00 0.000000e+00 -1.000000e+00
    outer loop
      vertex   1.905950e+02 7.645750e+01 0.000000e+00
      vertex   1.118690e+02 7.393310e+01 0.000000e+00
      vertex   9.786830e+01 7.393310e+01 0.000000e+00
    endloop
  endfacet
  facet normal 0.000000e+00 0.000000e+00 -1.000000e+00
    outer loop
      vertex   1.126680e+02 6.403340e+01 0.000000e+00
      vertex   1.118690e+02 6.403340e+01 0.000000e+00
      vertex   1.126680e+02 6.983340e+01 0.000000e+00
    endloop
  endfacet
  facet normal -0.000000e+00 0.000000e+00 -1.000000e+00
    outer loop
      vertex   1.126680e+02 6.983340e+01 0.000000e+00
      vertex   1.118690e+02 6.403340e+01 0.000000e+00
      vertex   1.118690e+02 6.983340e+01 0.000000e+00
    endloop
  endfacet
  facet normal 0.000000e+00 0.000000e+00 -1.000000e+00
    outer loop
      vertex   1.126680e+02 7.293260e+01 0.000000e+00
      vertex   1.118690e+02 7.293260e+01 0.000000e+00
      vertex   1.118690e+02 7.393310e+01 0.000000e+00
    endloop
  endfacet
  facet normal 0.000000e+00 -0.000000e+00 -1.000000e+00
    outer loop
      vertex   9.786830e+01 7.393310e+01 0.000000e+00
      vertex   9.786830e+01 7.293260e+01 0.000000e+00
      vertex   9.706890e+01 7.293260e+01 0.000000e+00
    endloop
  endfacet
  facet normal 0.000000e+00 0.000000e+00 -1.000000e+00
    outer loop
      vertex   1.309190e+02 5.993380e+01 0.000000e+00
      vertex   1.309190e+02 6.093280e+01 0.000000e+00
      vertex   1.317200e+02 6.093280e+01 0.000000e+00
    endloop
  endfacet
  facet normal 0.000000e+00 0.000000e+00 -1.000000e+00
    outer loop
      vertex   1.317200e+02 6.403340e+01 0.000000e+00
      vertex   1.309190e+02 6.403340e+01 0.000000e+00
      vertex   1.317200e+02 6.983340e+01 0.000000e+00
    endloop
  endfacet
  facet normal -0.000000e+00 0.000000e+00 -1.000000e+00
    outer loop
      vertex   1.317200e+02 6.983340e+01 0.000000e+00
      vertex   1.309190e+02 6.403340e+01 0.000000e+00
      vertex   1.309190e+02 6.983340e+01 0.000000e+00
    endloop
  endfacet
  facet normal 0.000000e+00 0.000000e+00 -1.000000e+00
    outer loop
      vertex   1.309190e+02 7.393310e+01 0.000000e+00
      vertex   1.169180e+02 7.393310e+01 0.000000e+00
      vertex   1.905950e+02 7.645750e+01 0.000000e+00
    endloop
  endfacet
  facet normal 0.000000e+00 -0.000000e+00 -1.000000e+00
    outer loop
      vertex   1.169180e+02 7.393310e+01 0.000000e+00
      vertex   1.169180e+02 7.293260e+01 0.000000e+00
      vertex   1.161190e+02 7.293260e+01 0.000000e+00
    endloop
  endfacet
  facet normal 0.000000e+00 0.000000e+00 -1.000000e+00
    outer loop
      vertex   1.161190e+02 6.983340e+01 0.000000e+00
      vertex   1.169180e+02 6.983340e+01 0.000000e+00
      vertex   1.161190e+02 6.403340e+01 0.000000e+00
    endloop
  endfacet
  facet normal 0.000000e+00 0.000000e+00 -1.000000e+00
    outer loop
      vertex   1.161190e+02 6.403340e+01 0.000000e+00
      vertex   1.169180e+02 6.983340e+01 0.000000e+00
      vertex   1.169180e+02 6.403340e+01 0.000000e+00
    endloop
  endfacet
  facet normal 0.000000e+00 0.000000e+00 -1.000000e+00
    outer loop
      vertex   3.991890e+01 6.093280e+01 0.000000e+00
      vertex   3.646980e+01 6.093280e+01 0.000000e+00
      vertex   3.991890e+01 6.403340e+01 0.000000e+00
    endloop
  endfacet
  facet normal -0.000000e+00 0.000000e+00 -1.000000e+00
    outer loop
      vertex   3.991890e+01 6.403340e+01 0.000000e+00
      vertex   3.646980e+01 6.093280e+01 0.000000e+00
      vertex   3.646980e+01 6.403340e+01 0.000000e+00
    endloop
  endfacet
  facet normal 0.000000e+00 0.000000e+00 -1.000000e+00
    outer loop
      vertex   3.991890e+01 6.403340e+01 0.000000e+00
      vertex   3.646980e+01 6.403340e+01 0.000000e+00
      vertex   3.991890e+01 6.983340e+01 0.000000e+00
    endloop
  endfacet
  facet normal -0.000000e+00 0.000000e+00 -1.000000e+00
    outer loop
      vertex   3.991890e+01 6.983340e+01 0.000000e+00
      vertex   3.646980e+01 6.403340e+01 0.000000e+00
      vertex   3.646980e+01 6.983340e+01 0.000000e+00
    endloop
  endfacet
  facet normal 0.000000e+00 0.000000e+00 -1.000000e+00
    outer loop
      vertex   3.991890e+01 6.983340e+01 0.000000e+00
      vertex   3.646980e+01 6.983340e+01 0.000000e+00
      vertex   3.991890e+01 7.293260e+01 0.000000e+00
    endloop
  endfacet
  facet normal -0.000000e+00 0.000000e+00 -1.000000e+00
    outer loop
      vertex   3.991890e+01 7.293260e+01 0.000000e+00
      vertex   3.646980e+01 6.983340e+01 0.000000e+00
      vertex   3.646980e+01 7.293260e+01 0.000000e+00
    endloop
  endfacet
  facet normal 0.000000e+00 0.000000e+00 -1.000000e+00
    outer loop
      vertex   3.991890e+01 7.293260e+01 0.000000e+00
      vertex   3.646980e+01 7.293260e+01 0.000000e+00
      vertex   4.071970e+01 7.393310e+01 0.000000e+00
    endloop
  endfacet
  facet normal -0.000000e+00 0.000000e+00 -1.000000e+00
    outer loop
      vertex   4.071970e+01 7.393310e+01 0.000000e+00
      vertex   3.646980e+01 7.293260e+01 0.000000e+00
      vertex   3.566900e+01 7.393310e+01 0.000000e+00
    endloop
  endfacet
  facet normal 0.000000e+00 0.000000e+00 -1.000000e+00
    outer loop
      vertex   4.071970e+01 7.393310e+01 0.000000e+00
      vertex   3.566900e+01 7.393310e+01 0.000000e+00
      vertex   9.508460e-02 7.645750e+01 0.000000e+00
    endloop
  endfacet
  facet normal 0.000000e+00 0.000000e+00 -1.000000e+00
    outer loop
      vertex   9.508460e-02 7.645750e+01 0.000000e+00
      vertex   3.566900e+01 7.393310e+01 0.000000e+00
      vertex   2.166970e+01 7.393310e+01 0.000000e+00
    endloop
  endfacet
  facet normal 0.000000e+00 0.000000e+00 -1.000000e+00
    outer loop
      vertex   9.508460e-02 7.645750e+01 0.000000e+00
      vertex   2.166970e+01 7.393310e+01 0.000000e+00
      vertex   1.661920e+01 7.393310e+01 0.000000e+00
    endloop
  endfacet
  facet normal 0.000000e+00 0.000000e+00 -1.000000e+00
    outer loop
      vertex   1.661920e+01 7.393310e+01 0.000000e+00
      vertex   2.166970e+01 7.393310e+01 0.000000e+00
      vertex   2.086900e+01 7.293260e+01 0.000000e+00
    endloop
  endfacet
  facet normal 0.000000e+00 0.000000e+00 -1.000000e+00
    outer loop
      vertex   1.661920e+01 7.393310e+01 0.000000e+00
      vertex   2.086900e+01 7.293260e+01 0.000000e+00
      vertex   1.741980e+01 7.293260e+01 0.000000e+00
    endloop
  endfacet
  facet normal 0.000000e+00 0.000000e+00 -1.000000e+00
    outer loop
      vertex   1.741980e+01 7.293260e+01 0.000000e+00
      vertex   2.086900e+01 7.293260e+01 0.000000e+00
      vertex   1.741980e+01 6.983340e+01 0.000000e+00
    endloop
  endfacet
  facet normal 0.000000e+00 0.000000e+00 -1.000000e+00
    outer loop
      vertex   1.741980e+01 6.983340e+01 0.000000e+00
      vertex   2.086900e+01 7.293260e+01 0.000000e+00
      vertex   2.086900e+01 6.983340e+01 0.000000e+00
    endloop
  endfacet
  facet normal 0.000000e+00 0.000000e+00 -1.000000e+00
    outer loop
      vertex   1.741980e+01 6.983340e+01 0.000000e+00
      vertex   2.086900e+01 6.983340e+01 0.000000e+00
      vertex   1.741980e+01 6.403340e+01 0.000000e+00
    endloop
  endfacet
  facet normal 0.000000e+00 0.000000e+00 -1.000000e+00
    outer loop
      vertex   1.741980e+01 6.403340e+01 0.000000e+00
      vertex   2.086900e+01 6.983340e+01 0.000000e+00
      vertex   2.086900e+01 6.403340e+01 0.000000e+00
    endloop
  endfacet
  facet normal 0.000000e+00 0.000000e+00 -1.000000e+00
    outer loop
      vertex   1.741980e+01 6.403340e+01 0.000000e+00
      vertex   2.086900e+01 6.403340e+01 0.000000e+00
      vertex   1.741980e+01 6.093280e+01 0.000000e+00
    endloop
  endfacet
  facet normal 0.000000e+00 0.000000e+00 -1.000000e+00
    outer loop
      vertex   1.741980e+01 6.093280e+01 0.000000e+00
      vertex   2.086900e+01 6.403340e+01 0.000000e+00
      vertex   2.086900e+01 6.093280e+01 0.000000e+00
    endloop
  endfacet
  facet normal 0.000000e+00 -0.000000e+00 -1.000000e+00
    outer loop
      vertex   1.741980e+01 6.093280e+01 0.000000e+00
      vertex   2.086900e+01 6.093280e+01 0.000000e+00
      vertex   1.661920e+01 5.993380e+01 0.000000e+00
    endloop
  endfacet
  facet normal 0.000000e+00 0.000000e+00 -1.000000e+00
    outer loop
      vertex   1.661920e+01 5.993380e+01 0.000000e+00
      vertex   2.086900e+01 6.093280e+01 0.000000e+00
      vertex   2.166970e+01 5.993380e+01 0.000000e+00
    endloop
  endfacet
  facet normal -0.000000e+00 -0.000000e+00 -1.000000e+00
    outer loop
      vertex   4.071970e+01 6.093280e+01 0.000000e+00
      vertex   4.071970e+01 5.993380e+01 0.000000e+00
      vertex   3.991890e+01 6.093280e+01 0.000000e+00
    endloop
  endfacet
  facet normal 0.000000e+00 -0.000000e+00 -1.000000e+00
    outer loop
      vertex   3.991890e+01 6.093280e+01 0.000000e+00
      vertex   4.071970e+01 5.993380e+01 0.000000e+00
      vertex   3.566900e+01 5.993380e+01 0.000000e+00
    endloop
  endfacet
  facet normal -0.000000e+00 0.000000e+00 -1.000000e+00
    outer loop
      vertex   3.991890e+01 6.093280e+01 0.000000e+00
      vertex   3.566900e+01 5.993380e+01 0.000000e+00
      vertex   3.646980e+01 6.093280e+01 0.000000e+00
    endloop
  endfacet
  facet normal -0.000000e+00 0.000000e+00 -1.000000e+00
    outer loop
      vertex   3.646980e+01 6.093280e+01 0.000000e+00
      vertex   3.566900e+01 5.993380e+01 0.000000e+00
      vertex   3.566900e+01 6.093280e+01 0.000000e+00
    endloop
  endfacet
  facet normal 0.000000e+00 0.000000e+00 -1.000000e+00
    outer loop
      vertex   5.471900e+01 6.093280e+01 0.000000e+00
      vertex   5.551980e+01 6.093280e+01 0.000000e+00
      vertex   5.471900e+01 5.993380e+01 0.000000e+00
    endloop
  endfacet
  facet normal 0.000000e+00 0.000000e+00 -1.000000e+00
    outer loop
      vertex   5.471900e+01 5.993380e+01 0.000000e+00
      vertex   5.551980e+01 6.093280e+01 0.000000e+00
      vertex   5.896890e+01 6.093280e+01 0.000000e+00
    endloop
  endfacet
  facet normal 0.000000e+00 0.000000e+00 -1.000000e+00
    outer loop
      vertex   5.471900e+01 5.993380e+01 0.000000e+00
      vertex   5.896890e+01 6.093280e+01 0.000000e+00
      vertex   5.976970e+01 5.993380e+01 0.000000e+00
    endloop
  endfacet
  facet normal 0.000000e+00 0.000000e+00 -1.000000e+00
    outer loop
      vertex   5.976970e+01 5.993380e+01 0.000000e+00
      vertex   5.896890e+01 6.093280e+01 0.000000e+00
      vertex   5.976970e+01 6.093280e+01 0.000000e+00
    endloop
  endfacet
  facet normal 0.000000e+00 0.000000e+00 -1.000000e+00
    outer loop
      vertex   5.896890e+01 6.093280e+01 0.000000e+00
      vertex   5.551980e+01 6.093280e+01 0.000000e+00
      vertex   5.896890e+01 6.403340e+01 0.000000e+00
    endloop
  endfacet
  facet normal -0.000000e+00 0.000000e+00 -1.000000e+00
    outer loop
      vertex   5.896890e+01 6.403340e+01 0.000000e+00
      vertex   5.551980e+01 6.093280e+01 0.000000e+00
      vertex   5.551980e+01 6.403340e+01 0.000000e+00
    endloop
  endfacet
  facet normal 0.000000e+00 0.000000e+00 -1.000000e+00
    outer loop
      vertex   5.896890e+01 6.403340e+01 0.000000e+00
      vertex   5.551980e+01 6.403340e+01 0.000000e+00
      vertex   5.896890e+01 6.983340e+01 0.000000e+00
    endloop
  endfacet
  facet normal -0.000000e+00 0.000000e+00 -1.000000e+00
    outer loop
      vertex   5.896890e+01 6.983340e+01 0.000000e+00
      vertex   5.551980e+01 6.403340e+01 0.000000e+00
      vertex   5.551980e+01 6.983340e+01 0.000000e+00
    endloop
  endfacet
  facet normal 0.000000e+00 0.000000e+00 -1.000000e+00
    outer loop
      vertex   5.896890e+01 6.983340e+01 0.000000e+00
      vertex   5.551980e+01 6.983340e+01 0.000000e+00
      vertex   5.896890e+01 7.293260e+01 0.000000e+00
    endloop
  endfacet
  facet normal -0.000000e+00 0.000000e+00 -1.000000e+00
    outer loop
      vertex   5.896890e+01 7.293260e+01 0.000000e+00
      vertex   5.551980e+01 6.983340e+01 0.000000e+00
      vertex   5.551980e+01 7.293260e+01 0.000000e+00
    endloop
  endfacet
  facet normal 0.000000e+00 0.000000e+00 -1.000000e+00
    outer loop
      vertex   5.896890e+01 7.293260e+01 0.000000e+00
      vertex   5.551980e+01 7.293260e+01 0.000000e+00
      vertex   5.976970e+01 7.393310e+01 0.000000e+00
    endloop
  endfacet
  facet normal -0.000000e+00 0.000000e+00 -1.000000e+00
    outer loop
      vertex   5.976970e+01 7.393310e+01 0.000000e+00
      vertex   5.551980e+01 7.293260e+01 0.000000e+00
      vertex   5.471900e+01 7.393310e+01 0.000000e+00
    endloop
  endfacet
  facet normal 0.000000e+00 0.000000e+00 -1.000000e+00
    outer loop
      vertex   5.976970e+01 7.393310e+01 0.000000e+00
      vertex   5.471900e+01 7.393310e+01 0.000000e+00
      vertex   9.508460e-02 7.645750e+01 0.000000e+00
    endloop
  endfacet
  facet normal 0.000000e+00 0.000000e+00 -1.000000e+00
    outer loop
      vertex   9.508460e-02 7.645750e+01 0.000000e+00
      vertex   5.471900e+01 7.393310e+01 0.000000e+00
      vertex   4.071970e+01 7.393310e+01 0.000000e+00
    endloop
  endfacet
  facet normal 0.000000e+00 0.000000e+00 -1.000000e+00
    outer loop
      vertex   5.551980e+01 6.403340e+01 0.000000e+00
      vertex   5.471900e+01 6.403340e+01 0.000000e+00
      vertex   5.551980e+01 6.983340e+01 0.000000e+00
    endloop
  endfacet
  facet normal -0.000000e+00 0.000000e+00 -1.000000e+00
    outer loop
      vertex   5.551980e+01 6.983340e+01 0.000000e+00
      vertex   5.471900e+01 6.403340e+01 0.000000e+00
      vertex   5.471900e+01 6.983340e+01 0.000000e+00
    endloop
  endfacet
  facet normal 0.000000e+00 0.000000e+00 -1.000000e+00
    outer loop
      vertex   5.551980e+01 7.293260e+01 0.000000e+00
      vertex   5.471900e+01 7.293260e+01 0.000000e+00
      vertex   5.471900e+01 7.393310e+01 0.000000e+00
    endloop
  endfacet
  facet normal 0.000000e+00 -0.000000e+00 -1.000000e+00
    outer loop
      vertex   4.071970e+01 7.393310e+01 0.000000e+00
      vertex   4.071970e+01 7.293260e+01 0.000000e+00
      vertex   3.991890e+01 7.293260e+01 0.000000e+00
    endloop
  endfacet
  facet normal 0.000000e+00 0.000000e+00 -1.000000e+00
    outer loop
      vertex   3.991890e+01 6.983340e+01 0.000000e+00
      vertex   4.071970e+01 6.983340e+01 0.000000e+00
      vertex   3.991890e+01 6.403340e+01 0.000000e+00
    endloop
  endfacet
  facet normal 0.000000e+00 0.000000e+00 -1.000000e+00
    outer loop
      vertex   3.991890e+01 6.403340e+01 0.000000e+00
      vertex   4.071970e+01 6.983340e+01 0.000000e+00
      vertex   4.071970e+01 6.403340e+01 0.000000e+00
    endloop
  endfacet
  facet normal 0.000000e+00 0.000000e+00 -1.000000e+00
    outer loop
      vertex   2.086900e+01 6.093280e+01 0.000000e+00
      vertex   2.166970e+01 6.093280e+01 0.000000e+00
      vertex   2.166970e+01 5.993380e+01 0.000000e+00
    endloop
  endfacet
  facet normal 0.000000e+00 0.000000e+00 -1.000000e+00
    outer loop
      vertex   3.646980e+01 6.403340e+01 0.000000e+00
      vertex   3.566900e+01 6.403340e+01 0.000000e+00
      vertex   3.646980e+01 6.983340e+01 0.000000e+00
    endloop
  endfacet
  facet normal -0.000000e+00 0.000000e+00 -1.000000e+00
    outer loop
      vertex   3.646980e+01 6.983340e+01 0.000000e+00
      vertex   3.566900e+01 6.403340e+01 0.000000e+00
      vertex   3.566900e+01 6.983340e+01 0.000000e+00
    endloop
  endfacet
  facet normal 0.000000e+00 0.000000e+00 -1.000000e+00
    outer loop
      vertex   3.646980e+01 7.293260e+01 0.000000e+00
      vertex   3.566900e+01 7.293260e+01 0.000000e+00
      vertex   3.566900e+01 7.393310e+01 0.000000e+00
    endloop
  endfacet
  facet normal 0.000000e+00 -0.000000e+00 -1.000000e+00
    outer loop
      vertex   2.166970e+01 7.393310e+01 0.000000e+00
      vertex   2.166970e+01 7.293260e+01 0.000000e+00
      vertex   2.086900e+01 7.293260e+01 0.000000e+00
    endloop
  endfacet
  facet normal 0.000000e+00 0.000000e+00 -1.000000e+00
    outer loop
      vertex   2.086900e+01 6.983340e+01 0.000000e+00
      vertex   2.166970e+01 6.983340e+01 0.000000e+00
      vertex   2.086900e+01 6.403340e+01 0.000000e+00
    endloop
  endfacet
  facet normal 0.000000e+00 0.000000e+00 -1.000000e+00
    outer loop
      vertex   2.086900e+01 6.403340e+01 0.000000e+00
      vertex   2.166970e+01 6.983340e+01 0.000000e+00
      vertex   2.166970e+01 6.403340e+01 0.000000e+00
    endloop
  endfacet
  facet normal 0.000000e+00 0.000000e+00 -1.000000e+00
    outer loop
      vertex   7.881970e+01 7.393310e+01 0.000000e+00
      vertex   7.376900e+01 7.393310e+01 0.000000e+00
      vertex   9.508460e-02 7.645750e+01 0.000000e+00
    endloop
  endfacet
  facet normal 0.000000e+00 0.000000e+00 -1.000000e+00
    outer loop
      vertex   9.508460e-02 7.645750e+01 0.000000e+00
      vertex   7.376900e+01 7.393310e+01 0.000000e+00
      vertex   5.976970e+01 7.393310e+01 0.000000e+00
    endloop
  endfacet
  facet normal 0.000000e+00 -0.000000e+00 -1.000000e+00
    outer loop
      vertex   5.976970e+01 7.393310e+01 0.000000e+00
      vertex   5.976970e+01 7.293260e+01 0.000000e+00
      vertex   5.896890e+01 7.293260e+01 0.000000e+00
    endloop
  endfacet
  facet normal 0.000000e+00 0.000000e+00 -1.000000e+00
    outer loop
      vertex   5.896890e+01 6.983340e+01 0.000000e+00
      vertex   5.976970e+01 6.983340e+01 0.000000e+00
      vertex   5.896890e+01 6.403340e+01 0.000000e+00
    endloop
  endfacet
  facet normal 0.000000e+00 0.000000e+00 -1.000000e+00
    outer loop
      vertex   5.896890e+01 6.403340e+01 0.000000e+00
      vertex   5.976970e+01 6.983340e+01 0.000000e+00
      vertex   5.976970e+01 6.403340e+01 0.000000e+00
    endloop
  endfacet
  facet normal 0.000000e+00 0.000000e+00 -1.000000e+00
    outer loop
      vertex   7.376900e+01 5.993380e+01 0.000000e+00
      vertex   7.376900e+01 6.093280e+01 0.000000e+00
      vertex   7.456980e+01 6.093280e+01 0.000000e+00
    endloop
  endfacet
  facet normal 0.000000e+00 0.000000e+00 -1.000000e+00
    outer loop
      vertex   7.456980e+01 6.403340e+01 0.000000e+00
      vertex   7.376900e+01 6.403340e+01 0.000000e+00
      vertex   7.456980e+01 6.983340e+01 0.000000e+00
    endloop
  endfacet
  facet normal -0.000000e+00 0.000000e+00 -1.000000e+00
    outer loop
      vertex   7.456980e+01 6.983340e+01 0.000000e+00
      vertex   7.376900e+01 6.403340e+01 0.000000e+00
      vertex   7.376900e+01 6.983340e+01 0.000000e+00
    endloop
  endfacet
  facet normal 0.000000e+00 0.000000e+00 -1.000000e+00
    outer loop
      vertex   1.741980e+01 7.293260e+01 0.000000e+00
      vertex   1.661920e+01 7.293260e+01 0.000000e+00
      vertex   1.661920e+01 7.393310e+01 0.000000e+00
    endloop
  endfacet
  facet normal 0.000000e+00 0.000000e+00 -1.000000e+00
    outer loop
      vertex   1.661920e+01 7.393310e+01 0.000000e+00
      vertex   2.619650e+00 7.393310e+01 0.000000e+00
      vertex   9.508460e-02 7.645750e+01 0.000000e+00
    endloop
  endfacet
  facet normal 0.000000e+00 0.000000e+00 -1.000000e+00
    outer loop
      vertex   9.508460e-02 7.645750e+01 0.000000e+00
      vertex   2.619650e+00 7.393310e+01 0.000000e+00
      vertex   1.819010e+00 7.293260e+01 0.000000e+00
    endloop
  endfacet
  facet normal 0.000000e+00 0.000000e+00 -1.000000e+00
    outer loop
      vertex   9.508460e-02 7.645750e+01 0.000000e+00
      vertex   1.819010e+00 7.293260e+01 0.000000e+00
      vertex   1.819010e+00 6.983340e+01 0.000000e+00
    endloop
  endfacet
  facet normal 0.000000e+00 -0.000000e+00 -1.000000e+00
    outer loop
      vertex   2.619650e+00 7.393310e+01 0.000000e+00
      vertex   2.619650e+00 7.293260e+01 0.000000e+00
      vertex   1.819010e+00 7.293260e+01 0.000000e+00
    endloop
  endfacet
  facet normal 0.000000e+00 0.000000e+00 -1.000000e+00
    outer loop
      vertex   9.508460e-02 7.645750e+01 0.000000e+00
      vertex   1.819010e+00 6.983340e+01 0.000000e+00
      vertex   1.819010e+00 6.403340e+01 0.000000e+00
    endloop
  endfacet
  facet normal 0.000000e+00 0.000000e+00 -1.000000e+00
    outer loop
      vertex   1.819010e+00 6.403340e+01 0.000000e+00
      vertex   1.819010e+00 6.983340e+01 0.000000e+00
      vertex   2.619650e+00 6.983340e+01 0.000000e+00
    endloop
  endfacet
  facet normal 0.000000e+00 0.000000e+00 -1.000000e+00
    outer loop
      vertex   1.819010e+00 6.403340e+01 0.000000e+00
      vertex   2.619650e+00 6.983340e+01 0.000000e+00
      vertex   2.619650e+00 6.403340e+01 0.000000e+00
    endloop
  endfacet
  facet normal 0.000000e+00 0.000000e+00 -1.000000e+00
    outer loop
      vertex   1.661920e+01 5.993380e+01 0.000000e+00
      vertex   1.661920e+01 6.093280e+01 0.000000e+00
      vertex   1.741980e+01 6.093280e+01 0.000000e+00
    endloop
  endfacet
  facet normal 0.000000e+00 0.000000e+00 -1.000000e+00
    outer loop
      vertex   1.741980e+01 6.403340e+01 0.000000e+00
      vertex   1.661920e+01 6.403340e+01 0.000000e+00
      vertex   1.741980e+01 6.983340e+01 0.000000e+00
    endloop
  endfacet
  facet normal -0.000000e+00 0.000000e+00 -1.000000e+00
    outer loop
      vertex   1.741980e+01 6.983340e+01 0.000000e+00
      vertex   1.661920e+01 6.403340e+01 0.000000e+00
      vertex   1.661920e+01 6.983340e+01 0.000000e+00
    endloop
  endfacet
  facet normal 0.000000e+00 0.000000e+00 -1.000000e+00
    outer loop
      vertex   1.121570e+02 3.483270e+01 0.000000e+00
      vertex   1.113560e+02 3.483270e+01 0.000000e+00
      vertex   1.121570e+02 3.583300e+01 0.000000e+00
    endloop
  endfacet
  facet normal -0.000000e+00 0.000000e+00 -1.000000e+00
    outer loop
      vertex   1.121570e+02 3.583300e+01 0.000000e+00
      vertex   1.113560e+02 3.483270e+01 0.000000e+00
      vertex   1.071070e+02 3.583300e+01 0.000000e+00
    endloop
  endfacet
  facet normal 0.000000e+00 0.000000e+00 -1.000000e+00
    outer loop
      vertex   1.113560e+02 3.173350e+01 0.000000e+00
      vertex   1.079060e+02 3.173350e+01 0.000000e+00
      vertex   1.113560e+02 3.483270e+01 0.000000e+00
    endloop
  endfacet
  facet normal -0.000000e+00 0.000000e+00 -1.000000e+00
    outer loop
      vertex   1.113560e+02 3.483270e+01 0.000000e+00
      vertex   1.079060e+02 3.173350e+01 0.000000e+00
      vertex   1.079060e+02 3.483270e+01 0.000000e+00
    endloop
  endfacet
  facet normal 0.000000e+00 0.000000e+00 -1.000000e+00
    outer loop
      vertex   1.113560e+02 3.483270e+01 0.000000e+00
      vertex   1.079060e+02 3.483270e+01 0.000000e+00
      vertex   1.071070e+02 3.583300e+01 0.000000e+00
    endloop
  endfacet
  facet normal 0.000000e+00 0.000000e+00 -1.000000e+00
    outer loop
      vertex   1.071070e+02 3.583300e+01 0.000000e+00
      vertex   1.079060e+02 3.483270e+01 0.000000e+00
      vertex   1.071070e+02 3.483270e+01 0.000000e+00
    endloop
  endfacet
  facet normal -0.000000e+00 0.000000e+00 -1.000000e+00
    outer loop
      vertex   1.121570e+02 3.173350e+01 0.000000e+00
      vertex   1.113560e+02 2.593330e+01 0.000000e+00
      vertex   1.113560e+02 3.173350e+01 0.000000e+00
    endloop
  endfacet
  facet normal 0.000000e+00 -0.000000e+00 -1.000000e+00
    outer loop
      vertex   1.113560e+02 3.173350e+01 0.000000e+00
      vertex   1.113560e+02 2.593330e+01 0.000000e+00
      vertex   1.079060e+02 2.593330e+01 0.000000e+00
    endloop
  endfacet
  facet normal -0.000000e+00 0.000000e+00 -1.000000e+00
    outer loop
      vertex   1.113560e+02 3.173350e+01 0.000000e+00
      vertex   1.079060e+02 2.593330e+01 0.000000e+00
      vertex   1.079060e+02 3.173350e+01 0.000000e+00
    endloop
  endfacet
  facet normal 0.000000e+00 -0.000000e+00 -1.000000e+00
    outer loop
      vertex   1.079060e+02 3.173350e+01 0.000000e+00
      vertex   1.079060e+02 2.593330e+01 0.000000e+00
      vertex   1.071070e+02 2.593330e+01 0.000000e+00
    endloop
  endfacet
  facet normal -0.000000e+00 0.000000e+00 -1.000000e+00
    outer loop
      vertex   1.079060e+02 3.173350e+01 0.000000e+00
      vertex   1.071070e+02 2.593330e+01 0.000000e+00
      vertex   1.071070e+02 3.173350e+01 0.000000e+00
    endloop
  endfacet
  facet normal 0.000000e+00 -0.000000e+00 -1.000000e+00
    outer loop
      vertex   1.121570e+02 3.173350e+01 0.000000e+00
      vertex   1.121570e+02 2.593330e+01 0.000000e+00
      vertex   1.113560e+02 2.593330e+01 0.000000e+00
    endloop
  endfacet
  facet normal 0.000000e+00 0.000000e+00 -1.000000e+00
    outer loop
      vertex   1.079060e+02 2.593330e+01 0.000000e+00
      vertex   1.113560e+02 2.593330e+01 0.000000e+00
      vertex   1.079060e+02 2.283270e+01 0.000000e+00
    endloop
  endfacet
  facet normal 0.000000e+00 0.000000e+00 -1.000000e+00
    outer loop
      vertex   1.079060e+02 2.283270e+01 0.000000e+00
      vertex   1.113560e+02 2.593330e+01 0.000000e+00
      vertex   1.113560e+02 2.283270e+01 0.000000e+00
    endloop
  endfacet
  facet normal 0.000000e+00 -0.000000e+00 -1.000000e+00
    outer loop
      vertex   1.079060e+02 2.283270e+01 0.000000e+00
      vertex   1.113560e+02 2.283270e+01 0.000000e+00
      vertex   1.071070e+02 2.183360e+01 0.000000e+00
    endloop
  endfacet
  facet normal 0.000000e+00 0.000000e+00 -1.000000e+00
    outer loop
      vertex   1.071070e+02 2.183360e+01 0.000000e+00
      vertex   1.113560e+02 2.283270e+01 0.000000e+00
      vertex   1.121570e+02 2.183360e+01 0.000000e+00
    endloop
  endfacet
  facet normal 0.000000e+00 0.000000e+00 -1.000000e+00
    outer loop
      vertex   1.113560e+02 2.283270e+01 0.000000e+00
      vertex   1.121570e+02 2.283270e+01 0.000000e+00
      vertex   1.121570e+02 2.183360e+01 0.000000e+00
    endloop
  endfacet
  facet normal 0.000000e+00 0.000000e+00 -1.000000e+00
    outer loop
      vertex   1.261570e+02 2.283270e+01 0.000000e+00
      vertex   1.269560e+02 2.283270e+01 0.000000e+00
      vertex   1.261570e+02 2.183360e+01 0.000000e+00
    endloop
  endfacet
  facet normal 0.000000e+00 0.000000e+00 -1.000000e+00
    outer loop
      vertex   1.261570e+02 2.183360e+01 0.000000e+00
      vertex   1.269560e+02 2.283270e+01 0.000000e+00
      vertex   1.304060e+02 2.283270e+01 0.000000e+00
    endloop
  endfacet
  facet normal 0.000000e+00 0.000000e+00 -1.000000e+00
    outer loop
      vertex   1.304060e+02 2.283270e+01 0.000000e+00
      vertex   1.269560e+02 2.283270e+01 0.000000e+00
      vertex   1.304060e+02 2.593330e+01 0.000000e+00
    endloop
  endfacet
  facet normal -0.000000e+00 0.000000e+00 -1.000000e+00
    outer loop
      vertex   1.304060e+02 2.593330e+01 0.000000e+00
      vertex   1.269560e+02 2.283270e+01 0.000000e+00
      vertex   1.269560e+02 2.593330e+01 0.000000e+00
    endloop
  endfacet
  facet normal 0.000000e+00 0.000000e+00 -1.000000e+00
    outer loop
      vertex   1.304060e+02 2.593330e+01 0.000000e+00
      vertex   1.269560e+02 2.593330e+01 0.000000e+00
      vertex   1.304060e+02 3.173350e+01 0.000000e+00
    endloop
  endfacet
  facet normal -0.000000e+00 0.000000e+00 -1.000000e+00
    outer loop
      vertex   1.304060e+02 3.173350e+01 0.000000e+00
      vertex   1.269560e+02 2.593330e+01 0.000000e+00
      vertex   1.269560e+02 3.173350e+01 0.000000e+00
    endloop
  endfacet
  facet normal 0.000000e+00 0.000000e+00 -1.000000e+00
    outer loop
      vertex   1.304060e+02 3.173350e+01 0.000000e+00
      vertex   1.269560e+02 3.173350e+01 0.000000e+00
      vertex   1.304060e+02 3.483270e+01 0.000000e+00
    endloop
  endfacet
  facet normal -0.000000e+00 0.000000e+00 -1.000000e+00
    outer loop
      vertex   1.304060e+02 3.483270e+01 0.000000e+00
      vertex   1.269560e+02 3.173350e+01 0.000000e+00
      vertex   1.269560e+02 3.483270e+01 0.000000e+00
    endloop
  endfacet
  facet normal 0.000000e+00 0.000000e+00 -1.000000e+00
    outer loop
      vertex   1.304060e+02 3.483270e+01 0.000000e+00
      vertex   1.269560e+02 3.483270e+01 0.000000e+00
      vertex   1.261570e+02 3.583300e+01 0.000000e+00
    endloop
  endfacet
  facet normal 0.000000e+00 0.000000e+00 -1.000000e+00
    outer loop
      vertex   1.261570e+02 3.583300e+01 0.000000e+00
      vertex   1.269560e+02 3.483270e+01 0.000000e+00
      vertex   1.261570e+02 3.483270e+01 0.000000e+00
    endloop
  endfacet
  facet normal 0.000000e+00 0.000000e+00 -1.000000e+00
    outer loop
      vertex   1.269560e+02 2.593330e+01 0.000000e+00
      vertex   1.261570e+02 2.593330e+01 0.000000e+00
      vertex   1.269560e+02 3.173350e+01 0.000000e+00
    endloop
  endfacet
  facet normal -0.000000e+00 0.000000e+00 -1.000000e+00
    outer loop
      vertex   1.269560e+02 3.173350e+01 0.000000e+00
      vertex   1.261570e+02 2.593330e+01 0.000000e+00
      vertex   1.261570e+02 3.173350e+01 0.000000e+00
    endloop
  endfacet
  facet normal 0.000000e+00 0.000000e+00 -1.000000e+00
    outer loop
      vertex   8.805650e+01 2.283270e+01 0.000000e+00
      vertex   8.885590e+01 2.283270e+01 0.000000e+00
      vertex   8.805650e+01 2.183360e+01 0.000000e+00
    endloop
  endfacet
  facet normal 0.000000e+00 0.000000e+00 -1.000000e+00
    outer loop
      vertex   8.805650e+01 2.183360e+01 0.000000e+00
      vertex   8.885590e+01 2.283270e+01 0.000000e+00
      vertex   9.230640e+01 2.283270e+01 0.000000e+00
    endloop
  endfacet
  facet normal 0.000000e+00 0.000000e+00 -1.000000e+00
    outer loop
      vertex   8.805650e+01 2.183360e+01 0.000000e+00
      vertex   9.230640e+01 2.283270e+01 0.000000e+00
      vertex   9.310720e+01 2.183360e+01 0.000000e+00
    endloop
  endfacet
  facet normal 0.000000e+00 0.000000e+00 -1.000000e+00
    outer loop
      vertex   9.310720e+01 2.183360e+01 0.000000e+00
      vertex   9.230640e+01 2.283270e+01 0.000000e+00
      vertex   9.310720e+01 2.283270e+01 0.000000e+00
    endloop
  endfacet
  facet normal 0.000000e+00 0.000000e+00 -1.000000e+00
    outer loop
      vertex   9.230640e+01 2.283270e+01 0.000000e+00
      vertex   8.885590e+01 2.283270e+01 0.000000e+00
      vertex   9.230640e+01 2.593330e+01 0.000000e+00
    endloop
  endfacet
  facet normal -0.000000e+00 0.000000e+00 -1.000000e+00
    outer loop
      vertex   9.230640e+01 2.593330e+01 0.000000e+00
      vertex   8.885590e+01 2.283270e+01 0.000000e+00
      vertex   8.885590e+01 2.593330e+01 0.000000e+00
    endloop
  endfacet
  facet normal 0.000000e+00 0.000000e+00 -1.000000e+00
    outer loop
      vertex   9.230640e+01 2.593330e+01 0.000000e+00
      vertex   8.885590e+01 2.593330e+01 0.000000e+00
      vertex   9.230640e+01 3.173350e+01 0.000000e+00
    endloop
  endfacet
  facet normal -0.000000e+00 0.000000e+00 -1.000000e+00
    outer loop
      vertex   9.230640e+01 3.173350e+01 0.000000e+00
      vertex   8.885590e+01 2.593330e+01 0.000000e+00
      vertex   8.885590e+01 3.173350e+01 0.000000e+00
    endloop
  endfacet
  facet normal 0.000000e+00 0.000000e+00 -1.000000e+00
    outer loop
      vertex   9.230640e+01 3.173350e+01 0.000000e+00
      vertex   8.885590e+01 3.173350e+01 0.000000e+00
      vertex   9.230640e+01 3.483270e+01 0.000000e+00
    endloop
  endfacet
  facet normal -0.000000e+00 0.000000e+00 -1.000000e+00
    outer loop
      vertex   9.230640e+01 3.483270e+01 0.000000e+00
      vertex   8.885590e+01 3.173350e+01 0.000000e+00
      vertex   8.885590e+01 3.483270e+01 0.000000e+00
    endloop
  endfacet
  facet normal 0.000000e+00 0.000000e+00 -1.000000e+00
    outer loop
      vertex   9.230640e+01 3.483270e+01 0.000000e+00
      vertex   8.885590e+01 3.483270e+01 0.000000e+00
      vertex   8.805650e+01 3.583300e+01 0.000000e+00
    endloop
  endfacet
  facet normal 0.000000e+00 0.000000e+00 -1.000000e+00
    outer loop
      vertex   8.805650e+01 3.583300e+01 0.000000e+00
      vertex   8.885590e+01 3.483270e+01 0.000000e+00
      vertex   8.805650e+01 3.483270e+01 0.000000e+00
    endloop
  endfacet
  facet normal 0.000000e+00 0.000000e+00 -1.000000e+00
    outer loop
      vertex   8.885590e+01 2.593330e+01 0.000000e+00
      vertex   8.805650e+01 2.593330e+01 0.000000e+00
      vertex   8.885590e+01 3.173350e+01 0.000000e+00
    endloop
  endfacet
  facet normal -0.000000e+00 0.000000e+00 -1.000000e+00
    outer loop
      vertex   8.885590e+01 3.173350e+01 0.000000e+00
      vertex   8.805650e+01 2.593330e+01 0.000000e+00
      vertex   8.805650e+01 3.173350e+01 0.000000e+00
    endloop
  endfacet
  facet normal 0.000000e+00 0.000000e+00 -1.000000e+00
    outer loop
      vertex   7.405720e+01 3.483270e+01 0.000000e+00
      vertex   7.325640e+01 3.483270e+01 0.000000e+00
      vertex   7.405720e+01 3.583300e+01 0.000000e+00
    endloop
  endfacet
  facet normal -0.000000e+00 0.000000e+00 -1.000000e+00
    outer loop
      vertex   7.405720e+01 3.583300e+01 0.000000e+00
      vertex   7.325640e+01 3.483270e+01 0.000000e+00
      vertex   6.900650e+01 3.583300e+01 0.000000e+00
    endloop
  endfacet
  facet normal 0.000000e+00 0.000000e+00 -1.000000e+00
    outer loop
      vertex   7.325640e+01 3.173350e+01 0.000000e+00
      vertex   7.405720e+01 3.173350e+01 0.000000e+00
      vertex   7.325640e+01 2.593330e+01 0.000000e+00
    endloop
  endfacet
  facet normal 0.000000e+00 0.000000e+00 -1.000000e+00
    outer loop
      vertex   7.325640e+01 2.593330e+01 0.000000e+00
      vertex   7.405720e+01 3.173350e+01 0.000000e+00
      vertex   7.405720e+01 2.593330e+01 0.000000e+00
    endloop
  endfacet
  facet normal 0.000000e+00 0.000000e+00 -1.000000e+00
    outer loop
      vertex   1.460060e+02 2.283270e+01 0.000000e+00
      vertex   1.460060e+02 2.593330e+01 0.000000e+00
      vertex   1.477320e+02 1.930860e+01 0.000000e+00
    endloop
  endfacet
  facet normal 0.000000e+00 0.000000e+00 -1.000000e+00
    outer loop
      vertex   1.477320e+02 1.930860e+01 0.000000e+00
      vertex   1.460060e+02 2.593330e+01 0.000000e+00
      vertex   1.460060e+02 3.173350e+01 0.000000e+00
    endloop
  endfacet
  facet normal 0.000000e+00 0.000000e+00 -1.000000e+00
    outer loop
      vertex   1.460060e+02 2.593330e+01 0.000000e+00
      vertex   1.452070e+02 2.593330e+01 0.000000e+00
      vertex   1.460060e+02 3.173350e+01 0.000000e+00
    endloop
  endfacet
  facet normal -0.000000e+00 0.000000e+00 -1.000000e+00
    outer loop
      vertex   1.460060e+02 3.173350e+01 0.000000e+00
      vertex   1.452070e+02 2.593330e+01 0.000000e+00
      vertex   1.452070e+02 3.173350e+01 0.000000e+00
    endloop
  endfacet
  facet normal 0.000000e+00 0.000000e+00 -1.000000e+00
    outer loop
      vertex   1.312070e+02 3.483270e+01 0.000000e+00
      vertex   1.304060e+02 3.483270e+01 0.000000e+00
      vertex   1.312070e+02 3.583300e+01 0.000000e+00
    endloop
  endfacet
  facet normal -0.000000e+00 0.000000e+00 -1.000000e+00
    outer loop
      vertex   1.312070e+02 3.583300e+01 0.000000e+00
      vertex   1.304060e+02 3.483270e+01 0.000000e+00
      vertex   1.261570e+02 3.583300e+01 0.000000e+00
    endloop
  endfacet
  facet normal 0.000000e+00 0.000000e+00 -1.000000e+00
    outer loop
      vertex   1.304060e+02 3.173350e+01 0.000000e+00
      vertex   1.312070e+02 3.173350e+01 0.000000e+00
      vertex   1.304060e+02 2.593330e+01 0.000000e+00
    endloop
  endfacet
  facet normal 0.000000e+00 0.000000e+00 -1.000000e+00
    outer loop
      vertex   1.304060e+02 2.593330e+01 0.000000e+00
      vertex   1.312070e+02 3.173350e+01 0.000000e+00
      vertex   1.312070e+02 2.593330e+01 0.000000e+00
    endloop
  endfacet
  facet normal 0.000000e+00 0.000000e+00 -1.000000e+00
    outer loop
      vertex   9.310720e+01 3.483270e+01 0.000000e+00
      vertex   9.230640e+01 3.483270e+01 0.000000e+00
      vertex   9.310720e+01 3.583300e+01 0.000000e+00
    endloop
  endfacet
  facet normal -0.000000e+00 0.000000e+00 -1.000000e+00
    outer loop
      vertex   9.310720e+01 3.583300e+01 0.000000e+00
      vertex   9.230640e+01 3.483270e+01 0.000000e+00
      vertex   8.805650e+01 3.583300e+01 0.000000e+00
    endloop
  endfacet
  facet normal 0.000000e+00 0.000000e+00 -1.000000e+00
    outer loop
      vertex   9.230640e+01 3.173350e+01 0.000000e+00
      vertex   9.310720e+01 3.173350e+01 0.000000e+00
      vertex   9.230640e+01 2.593330e+01 0.000000e+00
    endloop
  endfacet
  facet normal 0.000000e+00 0.000000e+00 -1.000000e+00
    outer loop
      vertex   9.230640e+01 2.593330e+01 0.000000e+00
      vertex   9.310720e+01 3.173350e+01 0.000000e+00
      vertex   9.310720e+01 2.593330e+01 0.000000e+00
    endloop
  endfacet
  facet normal 0.000000e+00 0.000000e+00 -1.000000e+00
    outer loop
      vertex   1.071070e+02 2.183360e+01 0.000000e+00
      vertex   1.071070e+02 2.283270e+01 0.000000e+00
      vertex   1.079060e+02 2.283270e+01 0.000000e+00
    endloop
  endfacet
  facet normal 0.000000e+00 0.000000e+00 -1.000000e+00
    outer loop
      vertex   8.920060e+01 7.482730e+00 0.000000e+00
      vertex   9.072600e+01 7.482730e+00 0.000000e+00
      vertex   8.920060e+01 4.252730e+00 0.000000e+00
    endloop
  endfacet
  facet normal 0.000000e+00 0.000000e+00 -1.000000e+00
    outer loop
      vertex   8.920060e+01 4.252730e+00 0.000000e+00
      vertex   9.072600e+01 7.482730e+00 0.000000e+00
      vertex   9.072600e+01 2.783640e+00 0.000000e+00
    endloop
  endfacet
  facet normal -0.000000e+00 -0.000000e+00 -1.000000e+00
    outer loop
      vertex   8.920060e+01 4.252730e+00 0.000000e+00
      vertex   9.072600e+01 2.783640e+00 0.000000e+00
      vertex   8.245090e+01 4.252730e+00 0.000000e+00
    endloop
  endfacet
  facet normal 0.000000e+00 -0.000000e+00 -1.000000e+00
    outer loop
      vertex   8.245090e+01 4.252730e+00 0.000000e+00
      vertex   9.072600e+01 2.783640e+00 0.000000e+00
      vertex   7.153090e+01 2.576930e-01 0.000000e+00
    endloop
  endfacet
  facet normal 0.000000e+00 0.000000e+00 -1.000000e+00
    outer loop
      vertex   1.130000e+02 7.482730e+00 0.000000e+00
      vertex   1.138260e+02 7.482730e+00 0.000000e+00
      vertex   1.130000e+02 4.252730e+00 0.000000e+00
    endloop
  endfacet
  facet normal 0.000000e+00 0.000000e+00 -1.000000e+00
    outer loop
      vertex   1.130000e+02 4.252730e+00 0.000000e+00
      vertex   1.138260e+02 7.482730e+00 0.000000e+00
      vertex   1.239200e+02 2.576930e-01 0.000000e+00
    endloop
  endfacet
  facet normal 0.000000e+00 0.000000e+00 -1.000000e+00
    outer loop
      vertex   1.138260e+02 7.482730e+00 0.000000e+00
      vertex   1.138260e+02 1.028173e+01 0.000000e+00
      vertex   1.239200e+02 2.576930e-01 0.000000e+00
    endloop
  endfacet
  facet normal 0.000000e+00 0.000000e+00 -1.000000e+00
    outer loop
      vertex   1.138260e+02 1.028173e+01 0.000000e+00
      vertex   1.130000e+02 1.028173e+01 0.000000e+00
      vertex   1.130000e+02 1.531280e+01 0.000000e+00
    endloop
  endfacet
  facet normal 0.000000e+00 0.000000e+00 -1.000000e+00
    outer loop
      vertex   1.112750e+02 1.655160e+01 0.000000e+00
      vertex   1.112750e+02 1.775160e+01 0.000000e+00
      vertex   1.129950e+02 1.655160e+01 0.000000e+00
    endloop
  endfacet
  facet normal 0.000000e+00 0.000000e+00 -1.000000e+00
    outer loop
      vertex   1.129950e+02 1.655160e+01 0.000000e+00
      vertex   1.112750e+02 1.775160e+01 0.000000e+00
      vertex   1.239200e+02 1.930860e+01 0.000000e+00
    endloop
  endfacet
  facet normal 0.000000e+00 0.000000e+00 -1.000000e+00
    outer loop
      vertex   1.079750e+02 1.655160e+01 0.000000e+00
      vertex   1.062510e+02 1.655160e+01 0.000000e+00
      vertex   1.079750e+02 1.775160e+01 0.000000e+00
    endloop
  endfacet
  facet normal 0.000000e+00 0.000000e+00 -1.000000e+00
    outer loop
      vertex   1.079750e+02 1.775160e+01 0.000000e+00
      vertex   1.062510e+02 1.655160e+01 0.000000e+00
      vertex   1.047250e+02 1.678310e+01 0.000000e+00
    endloop
  endfacet
  facet normal 0.000000e+00 0.000000e+00 -1.000000e+00
    outer loop
      vertex   1.062510e+02 1.208260e+01 0.000000e+00
      vertex   1.047250e+02 1.208260e+01 0.000000e+00
      vertex   1.062510e+02 1.655160e+01 0.000000e+00
    endloop
  endfacet
  facet normal -0.000000e+00 0.000000e+00 -1.000000e+00
    outer loop
      vertex   1.062510e+02 1.655160e+01 0.000000e+00
      vertex   1.047250e+02 1.208260e+01 0.000000e+00
      vertex   1.047250e+02 1.678310e+01 0.000000e+00
    endloop
  endfacet
  facet normal 0.000000e+00 0.000000e+00 -1.000000e+00
    outer loop
      vertex   8.747660e+01 1.775160e+01 0.000000e+00
      vertex   9.072600e+01 1.678310e+01 0.000000e+00
      vertex   8.920060e+01 1.655160e+01 0.000000e+00
    endloop
  endfacet
  facet normal 0.000000e+00 0.000000e+00 -1.000000e+00
    outer loop
      vertex   8.920060e+01 1.655160e+01 0.000000e+00
      vertex   9.072600e+01 1.678310e+01 0.000000e+00
      vertex   9.072600e+01 1.208260e+01 0.000000e+00
    endloop
  endfacet
  facet normal 0.000000e+00 0.000000e+00 -1.000000e+00
    outer loop
      vertex   8.920060e+01 1.655160e+01 0.000000e+00
      vertex   9.072600e+01 1.208260e+01 0.000000e+00
      vertex   8.920060e+01 1.208260e+01 0.000000e+00
    endloop
  endfacet
  facet normal 0.000000e+00 0.000000e+00 -1.000000e+00
    outer loop
      vertex   8.920060e+01 1.655160e+01 0.000000e+00
      vertex   8.747660e+01 1.655160e+01 0.000000e+00
      vertex   8.747660e+01 1.775160e+01 0.000000e+00
    endloop
  endfacet
  facet normal 0.000000e+00 0.000000e+00 -1.000000e+00
    outer loop
      vertex   8.417660e+01 1.655160e+01 0.000000e+00
      vertex   8.245260e+01 1.655160e+01 0.000000e+00
      vertex   8.417660e+01 1.775160e+01 0.000000e+00
    endloop
  endfacet
  facet normal -0.000000e+00 0.000000e+00 -1.000000e+00
    outer loop
      vertex   8.417660e+01 1.775160e+01 0.000000e+00
      vertex   8.245260e+01 1.655160e+01 0.000000e+00
      vertex   7.153090e+01 1.930860e+01 0.000000e+00
    endloop
  endfacet
  facet normal -0.000000e+00 0.000000e+00 -1.000000e+00
    outer loop
      vertex   8.245260e+01 1.655160e+01 0.000000e+00
      vertex   8.245090e+01 1.531280e+01 0.000000e+00
      vertex   7.153090e+01 1.930860e+01 0.000000e+00
    endloop
  endfacet
  facet normal 0.000000e+00 0.000000e+00 -1.000000e+00
    outer loop
      vertex   7.153090e+01 1.930860e+01 0.000000e+00
      vertex   8.245090e+01 1.531280e+01 0.000000e+00
      vertex   8.162540e+01 1.028173e+01 0.000000e+00
    endloop
  endfacet
  facet normal 0.000000e+00 -0.000000e+00 -1.000000e+00
    outer loop
      vertex   8.245090e+01 1.531280e+01 0.000000e+00
      vertex   8.245090e+01 1.028173e+01 0.000000e+00
      vertex   8.162540e+01 1.028173e+01 0.000000e+00
    endloop
  endfacet
  facet normal 0.000000e+00 -0.000000e+00 -1.000000e+00
    outer loop
      vertex   4.043150e+01 4.088380e+01 0.000000e+00
      vertex   4.548220e+01 4.088380e+01 0.000000e+00
      vertex   3.595720e+01 3.583300e+01 0.000000e+00
    endloop
  endfacet
endsolid
