ISO-10303-21;
HEADER;
/* Generated by software containing ST-Developer
 * from STEP Tools, Inc. (www.steptools.com) 
 */

FILE_DESCRIPTION(
/* description */ (''),
/* implementation_level */ '2;1');

FILE_NAME(
/* name */ 'plate.step',
/* time_stamp */ '2026-09-07T13:52:11-07:00',
/* author */ (''),
/* organization */ (''),
/* preprocessor_version */ 'ST-DEVELOPER v20.1',
/* originating_system */ 'Autodesk Translation Framework v15.8.0.0',
/* authorisation */ '');

FILE_SCHEMA (('AUTOMOTIVE_DESIGN { 1 0 10303 214 3 1 1 }'));
ENDSEC;

DATA;
#10=MECHANICAL_DESIGN_GEOMETRIC_PRESENTATION_REPRESENTATION('',(#13),#19134);
#11=SHAPE_REPRESENTATION_RELATIONSHIP('SRR','None',#19141,#12);
#12=ADVANCED_BREP_SHAPE_REPRESENTATION('',(#14),#19133);
#13=STYLED_ITEM('',(#19150),#14);
#14=MANIFOLD_SOLID_BREP('Body1',#12206);
#15=FACE_BOUND('',#1222,.T.);
#16=FACE_BOUND('',#1223,.T.);
#17=FACE_BOUND('',#1224,.T.);
#18=FACE_BOUND('',#1225,.T.);
#19=FACE_BOUND('',#1226,.T.);
#20=FACE_BOUND('',#1227,.T.);
#21=FACE_BOUND('',#1228,.T.);
#22=FACE_BOUND('',#1229,.T.);
#23=FACE_BOUND('',#1230,.T.);
#24=FACE_BOUND('',#1231,.T.);
#25=FACE_BOUND('',#1232,.T.);
#26=FACE_BOUND('',#1233,.T.);
#27=FACE_BOUND('',#1234,.T.);
#28=FACE_BOUND('',#1235,.T.);
#29=FACE_BOUND('',#1236,.T.);
#30=FACE_BOUND('',#1237,.T.);
#31=FACE_BOUND('',#1238,.T.);
#32=FACE_BOUND('',#1239,.T.);
#33=FACE_BOUND('',#1240,.T.);
#34=FACE_BOUND('',#1241,.T.);
#35=FACE_BOUND('',#1242,.T.);
#36=FACE_BOUND('',#1243,.T.);
#37=FACE_BOUND('',#1244,.T.);
#38=FACE_BOUND('',#1245,.T.);
#39=FACE_BOUND('',#1246,.T.);
#40=FACE_BOUND('',#1247,.T.);
#41=FACE_BOUND('',#1248,.T.);
#42=FACE_BOUND('',#1250,.T.);
#43=FACE_BOUND('',#1251,.T.);
#44=FACE_BOUND('',#1252,.T.);
#45=FACE_BOUND('',#1253,.T.);
#46=FACE_BOUND('',#1254,.T.);
#47=FACE_BOUND('',#1255,.T.);
#48=FACE_BOUND('',#1256,.T.);
#49=FACE_BOUND('',#1257,.T.);
#50=FACE_BOUND('',#1258,.T.);
#51=FACE_BOUND('',#1259,.T.);
#52=FACE_BOUND('',#1260,.T.);
#53=FACE_BOUND('',#1261,.T.);
#54=FACE_BOUND('',#1262,.T.);
#55=FACE_BOUND('',#1263,.T.);
#56=FACE_BOUND('',#1264,.T.);
#57=FACE_BOUND('',#1265,.T.);
#58=FACE_BOUND('',#1266,.T.);
#59=FACE_BOUND('',#1267,.T.);
#60=FACE_BOUND('',#1268,.T.);
#61=FACE_BOUND('',#1269,.T.);
#62=FACE_BOUND('',#1270,.T.);
#63=FACE_BOUND('',#1271,.T.);
#64=FACE_BOUND('',#1272,.T.);
#65=FACE_BOUND('',#1273,.T.);
#66=FACE_BOUND('',#1274,.T.);
#67=FACE_BOUND('',#1275,.T.);
#68=FACE_BOUND('',#1276,.T.);
#69=FACE_OUTER_BOUND('',#646,.T.);
#70=FACE_OUTER_BOUND('',#647,.T.);
#71=FACE_OUTER_BOUND('',#648,.T.);
#72=FACE_OUTER_BOUND('',#649,.T.);
#73=FACE_OUTER_BOUND('',#650,.T.);
#74=FACE_OUTER_BOUND('',#651,.T.);
#75=FACE_OUTER_BOUND('',#652,.T.);
#76=FACE_OUTER_BOUND('',#653,.T.);
#77=FACE_OUTER_BOUND('',#654,.T.);
#78=FACE_OUTER_BOUND('',#655,.T.);
#79=FACE_OUTER_BOUND('',#656,.T.);
#80=FACE_OUTER_BOUND('',#657,.T.);
#81=FACE_OUTER_BOUND('',#658,.T.);
#82=FACE_OUTER_BOUND('',#659,.T.);
#83=FACE_OUTER_BOUND('',#660,.T.);
#84=FACE_OUTER_BOUND('',#661,.T.);
#85=FACE_OUTER_BOUND('',#662,.T.);
#86=FACE_OUTER_BOUND('',#663,.T.);
#87=FACE_OUTER_BOUND('',#664,.T.);
#88=FACE_OUTER_BOUND('',#665,.T.);
#89=FACE_OUTER_BOUND('',#666,.T.);
#90=FACE_OUTER_BOUND('',#667,.T.);
#91=FACE_OUTER_BOUND('',#668,.T.);
#92=FACE_OUTER_BOUND('',#669,.T.);
#93=FACE_OUTER_BOUND('',#670,.T.);
#94=FACE_OUTER_BOUND('',#671,.T.);
#95=FACE_OUTER_BOUND('',#672,.T.);
#96=FACE_OUTER_BOUND('',#673,.T.);
#97=FACE_OUTER_BOUND('',#674,.T.);
#98=FACE_OUTER_BOUND('',#675,.T.);
#99=FACE_OUTER_BOUND('',#676,.T.);
#100=FACE_OUTER_BOUND('',#677,.T.);
#101=FACE_OUTER_BOUND('',#678,.T.);
#102=FACE_OUTER_BOUND('',#679,.T.);
#103=FACE_OUTER_BOUND('',#680,.T.);
#104=FACE_OUTER_BOUND('',#681,.T.);
#105=FACE_OUTER_BOUND('',#682,.T.);
#106=FACE_OUTER_BOUND('',#683,.T.);
#107=FACE_OUTER_BOUND('',#684,.T.);
#108=FACE_OUTER_BOUND('',#685,.T.);
#109=FACE_OUTER_BOUND('',#686,.T.);
#110=FACE_OUTER_BOUND('',#687,.T.);
#111=FACE_OUTER_BOUND('',#688,.T.);
#112=FACE_OUTER_BOUND('',#689,.T.);
#113=FACE_OUTER_BOUND('',#690,.T.);
#114=FACE_OUTER_BOUND('',#691,.T.);
#115=FACE_OUTER_BOUND('',#692,.T.);
#116=FACE_OUTER_BOUND('',#693,.T.);
#117=FACE_OUTER_BOUND('',#694,.T.);
#118=FACE_OUTER_BOUND('',#695,.T.);
#119=FACE_OUTER_BOUND('',#696,.T.);
#120=FACE_OUTER_BOUND('',#697,.T.);
#121=FACE_OUTER_BOUND('',#698,.T.);
#122=FACE_OUTER_BOUND('',#699,.T.);
#123=FACE_OUTER_BOUND('',#700,.T.);
#124=FACE_OUTER_BOUND('',#701,.T.);
#125=FACE_OUTER_BOUND('',#702,.T.);
#126=FACE_OUTER_BOUND('',#703,.T.);
#127=FACE_OUTER_BOUND('',#704,.T.);
#128=FACE_OUTER_BOUND('',#705,.T.);
#129=FACE_OUTER_BOUND('',#706,.T.);
#130=FACE_OUTER_BOUND('',#707,.T.);
#131=FACE_OUTER_BOUND('',#708,.T.);
#132=FACE_OUTER_BOUND('',#709,.T.);
#133=FACE_OUTER_BOUND('',#710,.T.);
#134=FACE_OUTER_BOUND('',#711,.T.);
#135=FACE_OUTER_BOUND('',#712,.T.);
#136=FACE_OUTER_BOUND('',#713,.T.);
#137=FACE_OUTER_BOUND('',#714,.T.);
#138=FACE_OUTER_BOUND('',#715,.T.);
#139=FACE_OUTER_BOUND('',#716,.T.);
#140=FACE_OUTER_BOUND('',#717,.T.);
#141=FACE_OUTER_BOUND('',#718,.T.);
#142=FACE_OUTER_BOUND('',#719,.T.);
#143=FACE_OUTER_BOUND('',#720,.T.);
#144=FACE_OUTER_BOUND('',#721,.T.);
#145=FACE_OUTER_BOUND('',#722,.T.);
#146=FACE_OUTER_BOUND('',#723,.T.);
#147=FACE_OUTER_BOUND('',#724,.T.);
#148=FACE_OUTER_BOUND('',#725,.T.);
#149=FACE_OUTER_BOUND('',#726,.T.);
#150=FACE_OUTER_BOUND('',#727,.T.);
#151=FACE_OUTER_BOUND('',#728,.T.);
#152=FACE_OUTER_BOUND('',#729,.T.);
#153=FACE_OUTER_BOUND('',#730,.T.);
#154=FACE_OUTER_BOUND('',#731,.T.);
#155=FACE_OUTER_BOUND('',#732,.T.);
#156=FACE_OUTER_BOUND('',#733,.T.);
#157=FACE_OUTER_BOUND('',#734,.T.);
#158=FACE_OUTER_BOUND('',#735,.T.);
#159=FACE_OUTER_BOUND('',#736,.T.);
#160=FACE_OUTER_BOUND('',#737,.T.);
#161=FACE_OUTER_BOUND('',#738,.T.);
#162=FACE_OUTER_BOUND('',#739,.T.);
#163=FACE_OUTER_BOUND('',#740,.T.);
#164=FACE_OUTER_BOUND('',#741,.T.);
#165=FACE_OUTER_BOUND('',#742,.T.);
#166=FACE_OUTER_BOUND('',#743,.T.);
#167=FACE_OUTER_BOUND('',#744,.T.);
#168=FACE_OUTER_BOUND('',#745,.T.);
#169=FACE_OUTER_BOUND('',#746,.T.);
#170=FACE_OUTER_BOUND('',#747,.T.);
#171=FACE_OUTER_BOUND('',#748,.T.);
#172=FACE_OUTER_BOUND('',#749,.T.);
#173=FACE_OUTER_BOUND('',#750,.T.);
#174=FACE_OUTER_BOUND('',#751,.T.);
#175=FACE_OUTER_BOUND('',#752,.T.);
#176=FACE_OUTER_BOUND('',#753,.T.);
#177=FACE_OUTER_BOUND('',#754,.T.);
#178=FACE_OUTER_BOUND('',#755,.T.);
#179=FACE_OUTER_BOUND('',#756,.T.);
#180=FACE_OUTER_BOUND('',#757,.T.);
#181=FACE_OUTER_BOUND('',#758,.T.);
#182=FACE_OUTER_BOUND('',#759,.T.);
#183=FACE_OUTER_BOUND('',#760,.T.);
#184=FACE_OUTER_BOUND('',#761,.T.);
#185=FACE_OUTER_BOUND('',#762,.T.);
#186=FACE_OUTER_BOUND('',#763,.T.);
#187=FACE_OUTER_BOUND('',#764,.T.);
#188=FACE_OUTER_BOUND('',#765,.T.);
#189=FACE_OUTER_BOUND('',#766,.T.);
#190=FACE_OUTER_BOUND('',#767,.T.);
#191=FACE_OUTER_BOUND('',#768,.T.);
#192=FACE_OUTER_BOUND('',#769,.T.);
#193=FACE_OUTER_BOUND('',#770,.T.);
#194=FACE_OUTER_BOUND('',#771,.T.);
#195=FACE_OUTER_BOUND('',#772,.T.);
#196=FACE_OUTER_BOUND('',#773,.T.);
#197=FACE_OUTER_BOUND('',#774,.T.);
#198=FACE_OUTER_BOUND('',#775,.T.);
#199=FACE_OUTER_BOUND('',#776,.T.);
#200=FACE_OUTER_BOUND('',#777,.T.);
#201=FACE_OUTER_BOUND('',#778,.T.);
#202=FACE_OUTER_BOUND('',#779,.T.);
#203=FACE_OUTER_BOUND('',#780,.T.);
#204=FACE_OUTER_BOUND('',#781,.T.);
#205=FACE_OUTER_BOUND('',#782,.T.);
#206=FACE_OUTER_BOUND('',#783,.T.);
#207=FACE_OUTER_BOUND('',#784,.T.);
#208=FACE_OUTER_BOUND('',#785,.T.);
#209=FACE_OUTER_BOUND('',#786,.T.);
#210=FACE_OUTER_BOUND('',#787,.T.);
#211=FACE_OUTER_BOUND('',#788,.T.);
#212=FACE_OUTER_BOUND('',#789,.T.);
#213=FACE_OUTER_BOUND('',#790,.T.);
#214=FACE_OUTER_BOUND('',#791,.T.);
#215=FACE_OUTER_BOUND('',#792,.T.);
#216=FACE_OUTER_BOUND('',#793,.T.);
#217=FACE_OUTER_BOUND('',#794,.T.);
#218=FACE_OUTER_BOUND('',#795,.T.);
#219=FACE_OUTER_BOUND('',#796,.T.);
#220=FACE_OUTER_BOUND('',#797,.T.);
#221=FACE_OUTER_BOUND('',#798,.T.);
#222=FACE_OUTER_BOUND('',#799,.T.);
#223=FACE_OUTER_BOUND('',#800,.T.);
#224=FACE_OUTER_BOUND('',#801,.T.);
#225=FACE_OUTER_BOUND('',#802,.T.);
#226=FACE_OUTER_BOUND('',#803,.T.);
#227=FACE_OUTER_BOUND('',#804,.T.);
#228=FACE_OUTER_BOUND('',#805,.T.);
#229=FACE_OUTER_BOUND('',#806,.T.);
#230=FACE_OUTER_BOUND('',#807,.T.);
#231=FACE_OUTER_BOUND('',#808,.T.);
#232=FACE_OUTER_BOUND('',#809,.T.);
#233=FACE_OUTER_BOUND('',#810,.T.);
#234=FACE_OUTER_BOUND('',#811,.T.);
#235=FACE_OUTER_BOUND('',#812,.T.);
#236=FACE_OUTER_BOUND('',#813,.T.);
#237=FACE_OUTER_BOUND('',#814,.T.);
#238=FACE_OUTER_BOUND('',#815,.T.);
#239=FACE_OUTER_BOUND('',#816,.T.);
#240=FACE_OUTER_BOUND('',#817,.T.);
#241=FACE_OUTER_BOUND('',#818,.T.);
#242=FACE_OUTER_BOUND('',#819,.T.);
#243=FACE_OUTER_BOUND('',#820,.T.);
#244=FACE_OUTER_BOUND('',#821,.T.);
#245=FACE_OUTER_BOUND('',#822,.T.);
#246=FACE_OUTER_BOUND('',#823,.T.);
#247=FACE_OUTER_BOUND('',#824,.T.);
#248=FACE_OUTER_BOUND('',#825,.T.);
#249=FACE_OUTER_BOUND('',#826,.T.);
#250=FACE_OUTER_BOUND('',#827,.T.);
#251=FACE_OUTER_BOUND('',#828,.T.);
#252=FACE_OUTER_BOUND('',#829,.T.);
#253=FACE_OUTER_BOUND('',#830,.T.);
#254=FACE_OUTER_BOUND('',#831,.T.);
#255=FACE_OUTER_BOUND('',#832,.T.);
#256=FACE_OUTER_BOUND('',#833,.T.);
#257=FACE_OUTER_BOUND('',#834,.T.);
#258=FACE_OUTER_BOUND('',#835,.T.);
#259=FACE_OUTER_BOUND('',#836,.T.);
#260=FACE_OUTER_BOUND('',#837,.T.);
#261=FACE_OUTER_BOUND('',#838,.T.);
#262=FACE_OUTER_BOUND('',#839,.T.);
#263=FACE_OUTER_BOUND('',#840,.T.);
#264=FACE_OUTER_BOUND('',#841,.T.);
#265=FACE_OUTER_BOUND('',#842,.T.);
#266=FACE_OUTER_BOUND('',#843,.T.);
#267=FACE_OUTER_BOUND('',#844,.T.);
#268=FACE_OUTER_BOUND('',#845,.T.);
#269=FACE_OUTER_BOUND('',#846,.T.);
#270=FACE_OUTER_BOUND('',#847,.T.);
#271=FACE_OUTER_BOUND('',#848,.T.);
#272=FACE_OUTER_BOUND('',#849,.T.);
#273=FACE_OUTER_BOUND('',#850,.T.);
#274=FACE_OUTER_BOUND('',#851,.T.);
#275=FACE_OUTER_BOUND('',#852,.T.);
#276=FACE_OUTER_BOUND('',#853,.T.);
#277=FACE_OUTER_BOUND('',#854,.T.);
#278=FACE_OUTER_BOUND('',#855,.T.);
#279=FACE_OUTER_BOUND('',#856,.T.);
#280=FACE_OUTER_BOUND('',#857,.T.);
#281=FACE_OUTER_BOUND('',#858,.T.);
#282=FACE_OUTER_BOUND('',#859,.T.);
#283=FACE_OUTER_BOUND('',#860,.T.);
#284=FACE_OUTER_BOUND('',#861,.T.);
#285=FACE_OUTER_BOUND('',#862,.T.);
#286=FACE_OUTER_BOUND('',#863,.T.);
#287=FACE_OUTER_BOUND('',#864,.T.);
#288=FACE_OUTER_BOUND('',#865,.T.);
#289=FACE_OUTER_BOUND('',#866,.T.);
#290=FACE_OUTER_BOUND('',#867,.T.);
#291=FACE_OUTER_BOUND('',#868,.T.);
#292=FACE_OUTER_BOUND('',#869,.T.);
#293=FACE_OUTER_BOUND('',#870,.T.);
#294=FACE_OUTER_BOUND('',#871,.T.);
#295=FACE_OUTER_BOUND('',#872,.T.);
#296=FACE_OUTER_BOUND('',#873,.T.);
#297=FACE_OUTER_BOUND('',#874,.T.);
#298=FACE_OUTER_BOUND('',#875,.T.);
#299=FACE_OUTER_BOUND('',#876,.T.);
#300=FACE_OUTER_BOUND('',#877,.T.);
#301=FACE_OUTER_BOUND('',#878,.T.);
#302=FACE_OUTER_BOUND('',#879,.T.);
#303=FACE_OUTER_BOUND('',#880,.T.);
#304=FACE_OUTER_BOUND('',#881,.T.);
#305=FACE_OUTER_BOUND('',#882,.T.);
#306=FACE_OUTER_BOUND('',#883,.T.);
#307=FACE_OUTER_BOUND('',#884,.T.);
#308=FACE_OUTER_BOUND('',#885,.T.);
#309=FACE_OUTER_BOUND('',#886,.T.);
#310=FACE_OUTER_BOUND('',#887,.T.);
#311=FACE_OUTER_BOUND('',#888,.T.);
#312=FACE_OUTER_BOUND('',#889,.T.);
#313=FACE_OUTER_BOUND('',#890,.T.);
#314=FACE_OUTER_BOUND('',#891,.T.);
#315=FACE_OUTER_BOUND('',#892,.T.);
#316=FACE_OUTER_BOUND('',#893,.T.);
#317=FACE_OUTER_BOUND('',#894,.T.);
#318=FACE_OUTER_BOUND('',#895,.T.);
#319=FACE_OUTER_BOUND('',#896,.T.);
#320=FACE_OUTER_BOUND('',#897,.T.);
#321=FACE_OUTER_BOUND('',#898,.T.);
#322=FACE_OUTER_BOUND('',#899,.T.);
#323=FACE_OUTER_BOUND('',#900,.T.);
#324=FACE_OUTER_BOUND('',#901,.T.);
#325=FACE_OUTER_BOUND('',#902,.T.);
#326=FACE_OUTER_BOUND('',#903,.T.);
#327=FACE_OUTER_BOUND('',#904,.T.);
#328=FACE_OUTER_BOUND('',#905,.T.);
#329=FACE_OUTER_BOUND('',#906,.T.);
#330=FACE_OUTER_BOUND('',#907,.T.);
#331=FACE_OUTER_BOUND('',#908,.T.);
#332=FACE_OUTER_BOUND('',#909,.T.);
#333=FACE_OUTER_BOUND('',#910,.T.);
#334=FACE_OUTER_BOUND('',#911,.T.);
#335=FACE_OUTER_BOUND('',#912,.T.);
#336=FACE_OUTER_BOUND('',#913,.T.);
#337=FACE_OUTER_BOUND('',#914,.T.);
#338=FACE_OUTER_BOUND('',#915,.T.);
#339=FACE_OUTER_BOUND('',#916,.T.);
#340=FACE_OUTER_BOUND('',#917,.T.);
#341=FACE_OUTER_BOUND('',#918,.T.);
#342=FACE_OUTER_BOUND('',#919,.T.);
#343=FACE_OUTER_BOUND('',#920,.T.);
#344=FACE_OUTER_BOUND('',#921,.T.);
#345=FACE_OUTER_BOUND('',#922,.T.);
#346=FACE_OUTER_BOUND('',#923,.T.);
#347=FACE_OUTER_BOUND('',#924,.T.);
#348=FACE_OUTER_BOUND('',#925,.T.);
#349=FACE_OUTER_BOUND('',#926,.T.);
#350=FACE_OUTER_BOUND('',#927,.T.);
#351=FACE_OUTER_BOUND('',#928,.T.);
#352=FACE_OUTER_BOUND('',#929,.T.);
#353=FACE_OUTER_BOUND('',#930,.T.);
#354=FACE_OUTER_BOUND('',#931,.T.);
#355=FACE_OUTER_BOUND('',#932,.T.);
#356=FACE_OUTER_BOUND('',#933,.T.);
#357=FACE_OUTER_BOUND('',#934,.T.);
#358=FACE_OUTER_BOUND('',#935,.T.);
#359=FACE_OUTER_BOUND('',#936,.T.);
#360=FACE_OUTER_BOUND('',#937,.T.);
#361=FACE_OUTER_BOUND('',#938,.T.);
#362=FACE_OUTER_BOUND('',#939,.T.);
#363=FACE_OUTER_BOUND('',#940,.T.);
#364=FACE_OUTER_BOUND('',#941,.T.);
#365=FACE_OUTER_BOUND('',#942,.T.);
#366=FACE_OUTER_BOUND('',#943,.T.);
#367=FACE_OUTER_BOUND('',#944,.T.);
#368=FACE_OUTER_BOUND('',#945,.T.);
#369=FACE_OUTER_BOUND('',#946,.T.);
#370=FACE_OUTER_BOUND('',#947,.T.);
#371=FACE_OUTER_BOUND('',#948,.T.);
#372=FACE_OUTER_BOUND('',#949,.T.);
#373=FACE_OUTER_BOUND('',#950,.T.);
#374=FACE_OUTER_BOUND('',#951,.T.);
#375=FACE_OUTER_BOUND('',#952,.T.);
#376=FACE_OUTER_BOUND('',#953,.T.);
#377=FACE_OUTER_BOUND('',#954,.T.);
#378=FACE_OUTER_BOUND('',#955,.T.);
#379=FACE_OUTER_BOUND('',#956,.T.);
#380=FACE_OUTER_BOUND('',#957,.T.);
#381=FACE_OUTER_BOUND('',#958,.T.);
#382=FACE_OUTER_BOUND('',#959,.T.);
#383=FACE_OUTER_BOUND('',#960,.T.);
#384=FACE_OUTER_BOUND('',#961,.T.);
#385=FACE_OUTER_BOUND('',#962,.T.);
#386=FACE_OUTER_BOUND('',#963,.T.);
#387=FACE_OUTER_BOUND('',#964,.T.);
#388=FACE_OUTER_BOUND('',#965,.T.);
#389=FACE_OUTER_BOUND('',#966,.T.);
#390=FACE_OUTER_BOUND('',#967,.T.);
#391=FACE_OUTER_BOUND('',#968,.T.);
#392=FACE_OUTER_BOUND('',#969,.T.);
#393=FACE_OUTER_BOUND('',#970,.T.);
#394=FACE_OUTER_BOUND('',#971,.T.);
#395=FACE_OUTER_BOUND('',#972,.T.);
#396=FACE_OUTER_BOUND('',#973,.T.);
#397=FACE_OUTER_BOUND('',#974,.T.);
#398=FACE_OUTER_BOUND('',#975,.T.);
#399=FACE_OUTER_BOUND('',#976,.T.);
#400=FACE_OUTER_BOUND('',#977,.T.);
#401=FACE_OUTER_BOUND('',#978,.T.);
#402=FACE_OUTER_BOUND('',#979,.T.);
#403=FACE_OUTER_BOUND('',#980,.T.);
#404=FACE_OUTER_BOUND('',#981,.T.);
#405=FACE_OUTER_BOUND('',#982,.T.);
#406=FACE_OUTER_BOUND('',#983,.T.);
#407=FACE_OUTER_BOUND('',#984,.T.);
#408=FACE_OUTER_BOUND('',#985,.T.);
#409=FACE_OUTER_BOUND('',#986,.T.);
#410=FACE_OUTER_BOUND('',#987,.T.);
#411=FACE_OUTER_BOUND('',#988,.T.);
#412=FACE_OUTER_BOUND('',#989,.T.);
#413=FACE_OUTER_BOUND('',#990,.T.);
#414=FACE_OUTER_BOUND('',#991,.T.);
#415=FACE_OUTER_BOUND('',#992,.T.);
#416=FACE_OUTER_BOUND('',#993,.T.);
#417=FACE_OUTER_BOUND('',#994,.T.);
#418=FACE_OUTER_BOUND('',#995,.T.);
#419=FACE_OUTER_BOUND('',#996,.T.);
#420=FACE_OUTER_BOUND('',#997,.T.);
#421=FACE_OUTER_BOUND('',#998,.T.);
#422=FACE_OUTER_BOUND('',#999,.T.);
#423=FACE_OUTER_BOUND('',#1000,.T.);
#424=FACE_OUTER_BOUND('',#1001,.T.);
#425=FACE_OUTER_BOUND('',#1002,.T.);
#426=FACE_OUTER_BOUND('',#1003,.T.);
#427=FACE_OUTER_BOUND('',#1004,.T.);
#428=FACE_OUTER_BOUND('',#1005,.T.);
#429=FACE_OUTER_BOUND('',#1006,.T.);
#430=FACE_OUTER_BOUND('',#1007,.T.);
#431=FACE_OUTER_BOUND('',#1008,.T.);
#432=FACE_OUTER_BOUND('',#1009,.T.);
#433=FACE_OUTER_BOUND('',#1010,.T.);
#434=FACE_OUTER_BOUND('',#1011,.T.);
#435=FACE_OUTER_BOUND('',#1012,.T.);
#436=FACE_OUTER_BOUND('',#1013,.T.);
#437=FACE_OUTER_BOUND('',#1014,.T.);
#438=FACE_OUTER_BOUND('',#1015,.T.);
#439=FACE_OUTER_BOUND('',#1016,.T.);
#440=FACE_OUTER_BOUND('',#1017,.T.);
#441=FACE_OUTER_BOUND('',#1018,.T.);
#442=FACE_OUTER_BOUND('',#1019,.T.);
#443=FACE_OUTER_BOUND('',#1020,.T.);
#444=FACE_OUTER_BOUND('',#1021,.T.);
#445=FACE_OUTER_BOUND('',#1022,.T.);
#446=FACE_OUTER_BOUND('',#1023,.T.);
#447=FACE_OUTER_BOUND('',#1024,.T.);
#448=FACE_OUTER_BOUND('',#1025,.T.);
#449=FACE_OUTER_BOUND('',#1026,.T.);
#450=FACE_OUTER_BOUND('',#1027,.T.);
#451=FACE_OUTER_BOUND('',#1028,.T.);
#452=FACE_OUTER_BOUND('',#1029,.T.);
#453=FACE_OUTER_BOUND('',#1030,.T.);
#454=FACE_OUTER_BOUND('',#1031,.T.);
#455=FACE_OUTER_BOUND('',#1032,.T.);
#456=FACE_OUTER_BOUND('',#1033,.T.);
#457=FACE_OUTER_BOUND('',#1034,.T.);
#458=FACE_OUTER_BOUND('',#1035,.T.);
#459=FACE_OUTER_BOUND('',#1036,.T.);
#460=FACE_OUTER_BOUND('',#1037,.T.);
#461=FACE_OUTER_BOUND('',#1038,.T.);
#462=FACE_OUTER_BOUND('',#1039,.T.);
#463=FACE_OUTER_BOUND('',#1040,.T.);
#464=FACE_OUTER_BOUND('',#1041,.T.);
#465=FACE_OUTER_BOUND('',#1042,.T.);
#466=FACE_OUTER_BOUND('',#1043,.T.);
#467=FACE_OUTER_BOUND('',#1044,.T.);
#468=FACE_OUTER_BOUND('',#1045,.T.);
#469=FACE_OUTER_BOUND('',#1046,.T.);
#470=FACE_OUTER_BOUND('',#1047,.T.);
#471=FACE_OUTER_BOUND('',#1048,.T.);
#472=FACE_OUTER_BOUND('',#1049,.T.);
#473=FACE_OUTER_BOUND('',#1050,.T.);
#474=FACE_OUTER_BOUND('',#1051,.T.);
#475=FACE_OUTER_BOUND('',#1052,.T.);
#476=FACE_OUTER_BOUND('',#1053,.T.);
#477=FACE_OUTER_BOUND('',#1054,.T.);
#478=FACE_OUTER_BOUND('',#1055,.T.);
#479=FACE_OUTER_BOUND('',#1056,.T.);
#480=FACE_OUTER_BOUND('',#1057,.T.);
#481=FACE_OUTER_BOUND('',#1058,.T.);
#482=FACE_OUTER_BOUND('',#1059,.T.);
#483=FACE_OUTER_BOUND('',#1060,.T.);
#484=FACE_OUTER_BOUND('',#1061,.T.);
#485=FACE_OUTER_BOUND('',#1062,.T.);
#486=FACE_OUTER_BOUND('',#1063,.T.);
#487=FACE_OUTER_BOUND('',#1064,.T.);
#488=FACE_OUTER_BOUND('',#1065,.T.);
#489=FACE_OUTER_BOUND('',#1066,.T.);
#490=FACE_OUTER_BOUND('',#1067,.T.);
#491=FACE_OUTER_BOUND('',#1068,.T.);
#492=FACE_OUTER_BOUND('',#1069,.T.);
#493=FACE_OUTER_BOUND('',#1070,.T.);
#494=FACE_OUTER_BOUND('',#1071,.T.);
#495=FACE_OUTER_BOUND('',#1072,.T.);
#496=FACE_OUTER_BOUND('',#1073,.T.);
#497=FACE_OUTER_BOUND('',#1074,.T.);
#498=FACE_OUTER_BOUND('',#1075,.T.);
#499=FACE_OUTER_BOUND('',#1076,.T.);
#500=FACE_OUTER_BOUND('',#1077,.T.);
#501=FACE_OUTER_BOUND('',#1078,.T.);
#502=FACE_OUTER_BOUND('',#1079,.T.);
#503=FACE_OUTER_BOUND('',#1080,.T.);
#504=FACE_OUTER_BOUND('',#1081,.T.);
#505=FACE_OUTER_BOUND('',#1082,.T.);
#506=FACE_OUTER_BOUND('',#1083,.T.);
#507=FACE_OUTER_BOUND('',#1084,.T.);
#508=FACE_OUTER_BOUND('',#1085,.T.);
#509=FACE_OUTER_BOUND('',#1086,.T.);
#510=FACE_OUTER_BOUND('',#1087,.T.);
#511=FACE_OUTER_BOUND('',#1088,.T.);
#512=FACE_OUTER_BOUND('',#1089,.T.);
#513=FACE_OUTER_BOUND('',#1090,.T.);
#514=FACE_OUTER_BOUND('',#1091,.T.);
#515=FACE_OUTER_BOUND('',#1092,.T.);
#516=FACE_OUTER_BOUND('',#1093,.T.);
#517=FACE_OUTER_BOUND('',#1094,.T.);
#518=FACE_OUTER_BOUND('',#1095,.T.);
#519=FACE_OUTER_BOUND('',#1096,.T.);
#520=FACE_OUTER_BOUND('',#1097,.T.);
#521=FACE_OUTER_BOUND('',#1098,.T.);
#522=FACE_OUTER_BOUND('',#1099,.T.);
#523=FACE_OUTER_BOUND('',#1100,.T.);
#524=FACE_OUTER_BOUND('',#1101,.T.);
#525=FACE_OUTER_BOUND('',#1102,.T.);
#526=FACE_OUTER_BOUND('',#1103,.T.);
#527=FACE_OUTER_BOUND('',#1104,.T.);
#528=FACE_OUTER_BOUND('',#1105,.T.);
#529=FACE_OUTER_BOUND('',#1106,.T.);
#530=FACE_OUTER_BOUND('',#1107,.T.);
#531=FACE_OUTER_BOUND('',#1108,.T.);
#532=FACE_OUTER_BOUND('',#1109,.T.);
#533=FACE_OUTER_BOUND('',#1110,.T.);
#534=FACE_OUTER_BOUND('',#1111,.T.);
#535=FACE_OUTER_BOUND('',#1112,.T.);
#536=FACE_OUTER_BOUND('',#1113,.T.);
#537=FACE_OUTER_BOUND('',#1114,.T.);
#538=FACE_OUTER_BOUND('',#1115,.T.);
#539=FACE_OUTER_BOUND('',#1116,.T.);
#540=FACE_OUTER_BOUND('',#1117,.T.);
#541=FACE_OUTER_BOUND('',#1118,.T.);
#542=FACE_OUTER_BOUND('',#1119,.T.);
#543=FACE_OUTER_BOUND('',#1120,.T.);
#544=FACE_OUTER_BOUND('',#1121,.T.);
#545=FACE_OUTER_BOUND('',#1122,.T.);
#546=FACE_OUTER_BOUND('',#1123,.T.);
#547=FACE_OUTER_BOUND('',#1124,.T.);
#548=FACE_OUTER_BOUND('',#1125,.T.);
#549=FACE_OUTER_BOUND('',#1126,.T.);
#550=FACE_OUTER_BOUND('',#1127,.T.);
#551=FACE_OUTER_BOUND('',#1128,.T.);
#552=FACE_OUTER_BOUND('',#1129,.T.);
#553=FACE_OUTER_BOUND('',#1130,.T.);
#554=FACE_OUTER_BOUND('',#1131,.T.);
#555=FACE_OUTER_BOUND('',#1132,.T.);
#556=FACE_OUTER_BOUND('',#1133,.T.);
#557=FACE_OUTER_BOUND('',#1134,.T.);
#558=FACE_OUTER_BOUND('',#1135,.T.);
#559=FACE_OUTER_BOUND('',#1136,.T.);
#560=FACE_OUTER_BOUND('',#1137,.T.);
#561=FACE_OUTER_BOUND('',#1138,.T.);
#562=FACE_OUTER_BOUND('',#1139,.T.);
#563=FACE_OUTER_BOUND('',#1140,.T.);
#564=FACE_OUTER_BOUND('',#1141,.T.);
#565=FACE_OUTER_BOUND('',#1142,.T.);
#566=FACE_OUTER_BOUND('',#1143,.T.);
#567=FACE_OUTER_BOUND('',#1144,.T.);
#568=FACE_OUTER_BOUND('',#1145,.T.);
#569=FACE_OUTER_BOUND('',#1146,.T.);
#570=FACE_OUTER_BOUND('',#1147,.T.);
#571=FACE_OUTER_BOUND('',#1148,.T.);
#572=FACE_OUTER_BOUND('',#1149,.T.);
#573=FACE_OUTER_BOUND('',#1150,.T.);
#574=FACE_OUTER_BOUND('',#1151,.T.);
#575=FACE_OUTER_BOUND('',#1152,.T.);
#576=FACE_OUTER_BOUND('',#1153,.T.);
#577=FACE_OUTER_BOUND('',#1154,.T.);
#578=FACE_OUTER_BOUND('',#1155,.T.);
#579=FACE_OUTER_BOUND('',#1156,.T.);
#580=FACE_OUTER_BOUND('',#1157,.T.);
#581=FACE_OUTER_BOUND('',#1158,.T.);
#582=FACE_OUTER_BOUND('',#1159,.T.);
#583=FACE_OUTER_BOUND('',#1160,.T.);
#584=FACE_OUTER_BOUND('',#1161,.T.);
#585=FACE_OUTER_BOUND('',#1162,.T.);
#586=FACE_OUTER_BOUND('',#1163,.T.);
#587=FACE_OUTER_BOUND('',#1164,.T.);
#588=FACE_OUTER_BOUND('',#1165,.T.);
#589=FACE_OUTER_BOUND('',#1166,.T.);
#590=FACE_OUTER_BOUND('',#1167,.T.);
#591=FACE_OUTER_BOUND('',#1168,.T.);
#592=FACE_OUTER_BOUND('',#1169,.T.);
#593=FACE_OUTER_BOUND('',#1170,.T.);
#594=FACE_OUTER_BOUND('',#1171,.T.);
#595=FACE_OUTER_BOUND('',#1172,.T.);
#596=FACE_OUTER_BOUND('',#1173,.T.);
#597=FACE_OUTER_BOUND('',#1174,.T.);
#598=FACE_OUTER_BOUND('',#1175,.T.);
#599=FACE_OUTER_BOUND('',#1176,.T.);
#600=FACE_OUTER_BOUND('',#1177,.T.);
#601=FACE_OUTER_BOUND('',#1178,.T.);
#602=FACE_OUTER_BOUND('',#1179,.T.);
#603=FACE_OUTER_BOUND('',#1180,.T.);
#604=FACE_OUTER_BOUND('',#1181,.T.);
#605=FACE_OUTER_BOUND('',#1182,.T.);
#606=FACE_OUTER_BOUND('',#1183,.T.);
#607=FACE_OUTER_BOUND('',#1184,.T.);
#608=FACE_OUTER_BOUND('',#1185,.T.);
#609=FACE_OUTER_BOUND('',#1186,.T.);
#610=FACE_OUTER_BOUND('',#1187,.T.);
#611=FACE_OUTER_BOUND('',#1188,.T.);
#612=FACE_OUTER_BOUND('',#1189,.T.);
#613=FACE_OUTER_BOUND('',#1190,.T.);
#614=FACE_OUTER_BOUND('',#1191,.T.);
#615=FACE_OUTER_BOUND('',#1192,.T.);
#616=FACE_OUTER_BOUND('',#1193,.T.);
#617=FACE_OUTER_BOUND('',#1194,.T.);
#618=FACE_OUTER_BOUND('',#1195,.T.);
#619=FACE_OUTER_BOUND('',#1196,.T.);
#620=FACE_OUTER_BOUND('',#1197,.T.);
#621=FACE_OUTER_BOUND('',#1198,.T.);
#622=FACE_OUTER_BOUND('',#1199,.T.);
#623=FACE_OUTER_BOUND('',#1200,.T.);
#624=FACE_OUTER_BOUND('',#1201,.T.);
#625=FACE_OUTER_BOUND('',#1202,.T.);
#626=FACE_OUTER_BOUND('',#1203,.T.);
#627=FACE_OUTER_BOUND('',#1204,.T.);
#628=FACE_OUTER_BOUND('',#1205,.T.);
#629=FACE_OUTER_BOUND('',#1206,.T.);
#630=FACE_OUTER_BOUND('',#1207,.T.);
#631=FACE_OUTER_BOUND('',#1208,.T.);
#632=FACE_OUTER_BOUND('',#1209,.T.);
#633=FACE_OUTER_BOUND('',#1210,.T.);
#634=FACE_OUTER_BOUND('',#1211,.T.);
#635=FACE_OUTER_BOUND('',#1212,.T.);
#636=FACE_OUTER_BOUND('',#1213,.T.);
#637=FACE_OUTER_BOUND('',#1214,.T.);
#638=FACE_OUTER_BOUND('',#1215,.T.);
#639=FACE_OUTER_BOUND('',#1216,.T.);
#640=FACE_OUTER_BOUND('',#1217,.T.);
#641=FACE_OUTER_BOUND('',#1218,.T.);
#642=FACE_OUTER_BOUND('',#1219,.T.);
#643=FACE_OUTER_BOUND('',#1220,.T.);
#644=FACE_OUTER_BOUND('',#1221,.T.);
#645=FACE_OUTER_BOUND('',#1249,.T.);
#646=EDGE_LOOP('',(#7602,#7603,#7604,#7605));
#647=EDGE_LOOP('',(#7606,#7607,#7608,#7609));
#648=EDGE_LOOP('',(#7610,#7611,#7612,#7613));
#649=EDGE_LOOP('',(#7614,#7615,#7616,#7617));
#650=EDGE_LOOP('',(#7618,#7619,#7620,#7621));
#651=EDGE_LOOP('',(#7622,#7623,#7624,#7625));
#652=EDGE_LOOP('',(#7626,#7627,#7628,#7629));
#653=EDGE_LOOP('',(#7630,#7631,#7632,#7633));
#654=EDGE_LOOP('',(#7634,#7635,#7636,#7637));
#655=EDGE_LOOP('',(#7638,#7639,#7640,#7641));
#656=EDGE_LOOP('',(#7642,#7643,#7644,#7645));
#657=EDGE_LOOP('',(#7646,#7647,#7648,#7649));
#658=EDGE_LOOP('',(#7650,#7651,#7652,#7653));
#659=EDGE_LOOP('',(#7654,#7655,#7656,#7657));
#660=EDGE_LOOP('',(#7658,#7659,#7660,#7661));
#661=EDGE_LOOP('',(#7662,#7663,#7664,#7665));
#662=EDGE_LOOP('',(#7666,#7667,#7668,#7669));
#663=EDGE_LOOP('',(#7670,#7671,#7672,#7673));
#664=EDGE_LOOP('',(#7674,#7675,#7676,#7677));
#665=EDGE_LOOP('',(#7678,#7679,#7680,#7681));
#666=EDGE_LOOP('',(#7682,#7683,#7684,#7685));
#667=EDGE_LOOP('',(#7686,#7687,#7688,#7689));
#668=EDGE_LOOP('',(#7690,#7691,#7692,#7693));
#669=EDGE_LOOP('',(#7694,#7695,#7696,#7697));
#670=EDGE_LOOP('',(#7698,#7699,#7700,#7701));
#671=EDGE_LOOP('',(#7702,#7703,#7704,#7705));
#672=EDGE_LOOP('',(#7706,#7707,#7708,#7709));
#673=EDGE_LOOP('',(#7710,#7711,#7712,#7713));
#674=EDGE_LOOP('',(#7714,#7715,#7716,#7717));
#675=EDGE_LOOP('',(#7718,#7719,#7720,#7721));
#676=EDGE_LOOP('',(#7722,#7723,#7724,#7725));
#677=EDGE_LOOP('',(#7726,#7727,#7728,#7729));
#678=EDGE_LOOP('',(#7730,#7731,#7732,#7733));
#679=EDGE_LOOP('',(#7734,#7735,#7736,#7737));
#680=EDGE_LOOP('',(#7738,#7739,#7740,#7741));
#681=EDGE_LOOP('',(#7742,#7743,#7744,#7745));
#682=EDGE_LOOP('',(#7746,#7747,#7748,#7749));
#683=EDGE_LOOP('',(#7750,#7751,#7752,#7753));
#684=EDGE_LOOP('',(#7754,#7755,#7756,#7757));
#685=EDGE_LOOP('',(#7758,#7759,#7760,#7761));
#686=EDGE_LOOP('',(#7762,#7763,#7764,#7765));
#687=EDGE_LOOP('',(#7766,#7767,#7768,#7769));
#688=EDGE_LOOP('',(#7770,#7771,#7772,#7773));
#689=EDGE_LOOP('',(#7774,#7775,#7776,#7777));
#690=EDGE_LOOP('',(#7778,#7779,#7780,#7781));
#691=EDGE_LOOP('',(#7782,#7783,#7784,#7785));
#692=EDGE_LOOP('',(#7786,#7787,#7788,#7789));
#693=EDGE_LOOP('',(#7790,#7791,#7792,#7793));
#694=EDGE_LOOP('',(#7794,#7795,#7796,#7797));
#695=EDGE_LOOP('',(#7798,#7799,#7800,#7801));
#696=EDGE_LOOP('',(#7802,#7803,#7804,#7805));
#697=EDGE_LOOP('',(#7806,#7807,#7808,#7809));
#698=EDGE_LOOP('',(#7810,#7811,#7812,#7813));
#699=EDGE_LOOP('',(#7814,#7815,#7816,#7817));
#700=EDGE_LOOP('',(#7818,#7819,#7820,#7821));
#701=EDGE_LOOP('',(#7822,#7823,#7824,#7825));
#702=EDGE_LOOP('',(#7826,#7827,#7828,#7829));
#703=EDGE_LOOP('',(#7830,#7831,#7832,#7833));
#704=EDGE_LOOP('',(#7834,#7835,#7836,#7837));
#705=EDGE_LOOP('',(#7838,#7839,#7840,#7841));
#706=EDGE_LOOP('',(#7842,#7843,#7844,#7845));
#707=EDGE_LOOP('',(#7846,#7847,#7848,#7849));
#708=EDGE_LOOP('',(#7850,#7851,#7852,#7853));
#709=EDGE_LOOP('',(#7854,#7855,#7856,#7857));
#710=EDGE_LOOP('',(#7858,#7859,#7860,#7861));
#711=EDGE_LOOP('',(#7862,#7863,#7864,#7865));
#712=EDGE_LOOP('',(#7866,#7867,#7868,#7869));
#713=EDGE_LOOP('',(#7870,#7871,#7872,#7873));
#714=EDGE_LOOP('',(#7874,#7875,#7876,#7877));
#715=EDGE_LOOP('',(#7878,#7879,#7880,#7881));
#716=EDGE_LOOP('',(#7882,#7883,#7884,#7885));
#717=EDGE_LOOP('',(#7886,#7887,#7888,#7889));
#718=EDGE_LOOP('',(#7890,#7891,#7892,#7893));
#719=EDGE_LOOP('',(#7894,#7895,#7896,#7897));
#720=EDGE_LOOP('',(#7898,#7899,#7900,#7901));
#721=EDGE_LOOP('',(#7902,#7903,#7904,#7905));
#722=EDGE_LOOP('',(#7906,#7907,#7908,#7909));
#723=EDGE_LOOP('',(#7910,#7911,#7912,#7913));
#724=EDGE_LOOP('',(#7914,#7915,#7916,#7917));
#725=EDGE_LOOP('',(#7918,#7919,#7920,#7921));
#726=EDGE_LOOP('',(#7922,#7923,#7924,#7925));
#727=EDGE_LOOP('',(#7926,#7927,#7928,#7929));
#728=EDGE_LOOP('',(#7930,#7931,#7932,#7933));
#729=EDGE_LOOP('',(#7934,#7935,#7936,#7937));
#730=EDGE_LOOP('',(#7938,#7939,#7940,#7941));
#731=EDGE_LOOP('',(#7942,#7943,#7944,#7945));
#732=EDGE_LOOP('',(#7946,#7947,#7948,#7949));
#733=EDGE_LOOP('',(#7950,#7951,#7952,#7953));
#734=EDGE_LOOP('',(#7954,#7955,#7956,#7957));
#735=EDGE_LOOP('',(#7958,#7959,#7960,#7961));
#736=EDGE_LOOP('',(#7962,#7963,#7964,#7965));
#737=EDGE_LOOP('',(#7966,#7967,#7968,#7969));
#738=EDGE_LOOP('',(#7970,#7971,#7972,#7973));
#739=EDGE_LOOP('',(#7974,#7975,#7976,#7977));
#740=EDGE_LOOP('',(#7978,#7979,#7980,#7981));
#741=EDGE_LOOP('',(#7982,#7983,#7984,#7985));
#742=EDGE_LOOP('',(#7986,#7987,#7988,#7989));
#743=EDGE_LOOP('',(#7990,#7991,#7992,#7993));
#744=EDGE_LOOP('',(#7994,#7995,#7996,#7997));
#745=EDGE_LOOP('',(#7998,#7999,#8000,#8001));
#746=EDGE_LOOP('',(#8002,#8003,#8004,#8005));
#747=EDGE_LOOP('',(#8006,#8007,#8008,#8009));
#748=EDGE_LOOP('',(#8010,#8011,#8012,#8013));
#749=EDGE_LOOP('',(#8014,#8015,#8016,#8017));
#750=EDGE_LOOP('',(#8018,#8019,#8020,#8021));
#751=EDGE_LOOP('',(#8022,#8023,#8024,#8025));
#752=EDGE_LOOP('',(#8026,#8027,#8028,#8029));
#753=EDGE_LOOP('',(#8030,#8031,#8032,#8033));
#754=EDGE_LOOP('',(#8034,#8035,#8036,#8037));
#755=EDGE_LOOP('',(#8038,#8039,#8040,#8041));
#756=EDGE_LOOP('',(#8042,#8043,#8044,#8045));
#757=EDGE_LOOP('',(#8046,#8047,#8048,#8049));
#758=EDGE_LOOP('',(#8050,#8051,#8052,#8053));
#759=EDGE_LOOP('',(#8054,#8055,#8056,#8057));
#760=EDGE_LOOP('',(#8058,#8059,#8060,#8061));
#761=EDGE_LOOP('',(#8062,#8063,#8064,#8065));
#762=EDGE_LOOP('',(#8066,#8067,#8068,#8069));
#763=EDGE_LOOP('',(#8070,#8071,#8072,#8073));
#764=EDGE_LOOP('',(#8074,#8075,#8076,#8077));
#765=EDGE_LOOP('',(#8078,#8079,#8080,#8081));
#766=EDGE_LOOP('',(#8082,#8083,#8084,#8085));
#767=EDGE_LOOP('',(#8086,#8087,#8088,#8089));
#768=EDGE_LOOP('',(#8090,#8091,#8092,#8093));
#769=EDGE_LOOP('',(#8094,#8095,#8096,#8097));
#770=EDGE_LOOP('',(#8098,#8099,#8100,#8101));
#771=EDGE_LOOP('',(#8102,#8103,#8104,#8105));
#772=EDGE_LOOP('',(#8106,#8107,#8108,#8109));
#773=EDGE_LOOP('',(#8110,#8111,#8112,#8113));
#774=EDGE_LOOP('',(#8114,#8115,#8116,#8117));
#775=EDGE_LOOP('',(#8118,#8119,#8120,#8121));
#776=EDGE_LOOP('',(#8122,#8123,#8124,#8125));
#777=EDGE_LOOP('',(#8126,#8127,#8128,#8129));
#778=EDGE_LOOP('',(#8130,#8131,#8132,#8133));
#779=EDGE_LOOP('',(#8134,#8135,#8136,#8137));
#780=EDGE_LOOP('',(#8138,#8139,#8140,#8141));
#781=EDGE_LOOP('',(#8142,#8143,#8144,#8145));
#782=EDGE_LOOP('',(#8146,#8147,#8148,#8149));
#783=EDGE_LOOP('',(#8150,#8151,#8152,#8153));
#784=EDGE_LOOP('',(#8154,#8155,#8156,#8157));
#785=EDGE_LOOP('',(#8158,#8159,#8160,#8161));
#786=EDGE_LOOP('',(#8162,#8163,#8164,#8165));
#787=EDGE_LOOP('',(#8166,#8167,#8168,#8169));
#788=EDGE_LOOP('',(#8170,#8171,#8172,#8173));
#789=EDGE_LOOP('',(#8174,#8175,#8176,#8177));
#790=EDGE_LOOP('',(#8178,#8179,#8180,#8181));
#791=EDGE_LOOP('',(#8182,#8183,#8184,#8185));
#792=EDGE_LOOP('',(#8186,#8187,#8188,#8189));
#793=EDGE_LOOP('',(#8190,#8191,#8192,#8193));
#794=EDGE_LOOP('',(#8194,#8195,#8196,#8197));
#795=EDGE_LOOP('',(#8198,#8199,#8200,#8201));
#796=EDGE_LOOP('',(#8202,#8203,#8204,#8205));
#797=EDGE_LOOP('',(#8206,#8207,#8208,#8209));
#798=EDGE_LOOP('',(#8210,#8211,#8212,#8213));
#799=EDGE_LOOP('',(#8214,#8215,#8216,#8217));
#800=EDGE_LOOP('',(#8218,#8219,#8220,#8221));
#801=EDGE_LOOP('',(#8222,#8223,#8224,#8225));
#802=EDGE_LOOP('',(#8226,#8227,#8228,#8229));
#803=EDGE_LOOP('',(#8230,#8231,#8232,#8233));
#804=EDGE_LOOP('',(#8234,#8235,#8236,#8237));
#805=EDGE_LOOP('',(#8238,#8239,#8240,#8241));
#806=EDGE_LOOP('',(#8242,#8243,#8244,#8245));
#807=EDGE_LOOP('',(#8246,#8247,#8248,#8249));
#808=EDGE_LOOP('',(#8250,#8251,#8252,#8253));
#809=EDGE_LOOP('',(#8254,#8255,#8256,#8257));
#810=EDGE_LOOP('',(#8258,#8259,#8260,#8261));
#811=EDGE_LOOP('',(#8262,#8263,#8264,#8265));
#812=EDGE_LOOP('',(#8266,#8267,#8268,#8269));
#813=EDGE_LOOP('',(#8270,#8271,#8272,#8273));
#814=EDGE_LOOP('',(#8274,#8275,#8276,#8277));
#815=EDGE_LOOP('',(#8278,#8279,#8280,#8281));
#816=EDGE_LOOP('',(#8282,#8283,#8284,#8285));
#817=EDGE_LOOP('',(#8286,#8287,#8288,#8289));
#818=EDGE_LOOP('',(#8290,#8291,#8292,#8293));
#819=EDGE_LOOP('',(#8294,#8295,#8296,#8297));
#820=EDGE_LOOP('',(#8298,#8299,#8300,#8301));
#821=EDGE_LOOP('',(#8302,#8303,#8304,#8305));
#822=EDGE_LOOP('',(#8306,#8307,#8308,#8309));
#823=EDGE_LOOP('',(#8310,#8311,#8312,#8313));
#824=EDGE_LOOP('',(#8314,#8315,#8316,#8317));
#825=EDGE_LOOP('',(#8318,#8319,#8320,#8321));
#826=EDGE_LOOP('',(#8322,#8323,#8324,#8325));
#827=EDGE_LOOP('',(#8326,#8327,#8328,#8329));
#828=EDGE_LOOP('',(#8330,#8331,#8332,#8333));
#829=EDGE_LOOP('',(#8334,#8335,#8336,#8337));
#830=EDGE_LOOP('',(#8338,#8339,#8340,#8341));
#831=EDGE_LOOP('',(#8342,#8343,#8344,#8345));
#832=EDGE_LOOP('',(#8346,#8347,#8348,#8349));
#833=EDGE_LOOP('',(#8350,#8351,#8352,#8353));
#834=EDGE_LOOP('',(#8354,#8355,#8356,#8357));
#835=EDGE_LOOP('',(#8358,#8359,#8360,#8361));
#836=EDGE_LOOP('',(#8362,#8363,#8364,#8365));
#837=EDGE_LOOP('',(#8366,#8367,#8368,#8369));
#838=EDGE_LOOP('',(#8370,#8371,#8372,#8373));
#839=EDGE_LOOP('',(#8374,#8375,#8376,#8377));
#840=EDGE_LOOP('',(#8378,#8379,#8380,#8381));
#841=EDGE_LOOP('',(#8382,#8383,#8384,#8385));
#842=EDGE_LOOP('',(#8386,#8387,#8388,#8389));
#843=EDGE_LOOP('',(#8390,#8391,#8392,#8393));
#844=EDGE_LOOP('',(#8394,#8395,#8396,#8397));
#845=EDGE_LOOP('',(#8398,#8399,#8400,#8401));
#846=EDGE_LOOP('',(#8402,#8403,#8404,#8405));
#847=EDGE_LOOP('',(#8406,#8407,#8408,#8409));
#848=EDGE_LOOP('',(#8410,#8411,#8412,#8413));
#849=EDGE_LOOP('',(#8414,#8415,#8416,#8417));
#850=EDGE_LOOP('',(#8418,#8419,#8420,#8421));
#851=EDGE_LOOP('',(#8422,#8423,#8424,#8425));
#852=EDGE_LOOP('',(#8426,#8427,#8428,#8429));
#853=EDGE_LOOP('',(#8430,#8431,#8432,#8433));
#854=EDGE_LOOP('',(#8434,#8435,#8436,#8437));
#855=EDGE_LOOP('',(#8438,#8439,#8440,#8441));
#856=EDGE_LOOP('',(#8442,#8443,#8444,#8445));
#857=EDGE_LOOP('',(#8446,#8447,#8448,#8449));
#858=EDGE_LOOP('',(#8450,#8451,#8452,#8453));
#859=EDGE_LOOP('',(#8454,#8455,#8456,#8457));
#860=EDGE_LOOP('',(#8458,#8459,#8460,#8461));
#861=EDGE_LOOP('',(#8462,#8463,#8464,#8465));
#862=EDGE_LOOP('',(#8466,#8467,#8468,#8469));
#863=EDGE_LOOP('',(#8470,#8471,#8472,#8473));
#864=EDGE_LOOP('',(#8474,#8475,#8476,#8477));
#865=EDGE_LOOP('',(#8478,#8479,#8480,#8481));
#866=EDGE_LOOP('',(#8482,#8483,#8484,#8485));
#867=EDGE_LOOP('',(#8486,#8487,#8488,#8489));
#868=EDGE_LOOP('',(#8490,#8491,#8492,#8493));
#869=EDGE_LOOP('',(#8494,#8495,#8496,#8497));
#870=EDGE_LOOP('',(#8498,#8499,#8500,#8501));
#871=EDGE_LOOP('',(#8502,#8503,#8504,#8505));
#872=EDGE_LOOP('',(#8506,#8507,#8508,#8509));
#873=EDGE_LOOP('',(#8510,#8511,#8512,#8513));
#874=EDGE_LOOP('',(#8514,#8515,#8516,#8517));
#875=EDGE_LOOP('',(#8518,#8519,#8520,#8521));
#876=EDGE_LOOP('',(#8522,#8523,#8524,#8525));
#877=EDGE_LOOP('',(#8526,#8527,#8528,#8529));
#878=EDGE_LOOP('',(#8530,#8531,#8532,#8533));
#879=EDGE_LOOP('',(#8534,#8535,#8536,#8537));
#880=EDGE_LOOP('',(#8538,#8539,#8540,#8541));
#881=EDGE_LOOP('',(#8542,#8543,#8544,#8545));
#882=EDGE_LOOP('',(#8546,#8547,#8548,#8549));
#883=EDGE_LOOP('',(#8550,#8551,#8552,#8553));
#884=EDGE_LOOP('',(#8554,#8555,#8556,#8557));
#885=EDGE_LOOP('',(#8558,#8559,#8560,#8561));
#886=EDGE_LOOP('',(#8562,#8563,#8564,#8565));
#887=EDGE_LOOP('',(#8566,#8567,#8568,#8569));
#888=EDGE_LOOP('',(#8570,#8571,#8572,#8573));
#889=EDGE_LOOP('',(#8574,#8575,#8576,#8577));
#890=EDGE_LOOP('',(#8578,#8579,#8580,#8581));
#891=EDGE_LOOP('',(#8582,#8583,#8584,#8585));
#892=EDGE_LOOP('',(#8586,#8587,#8588,#8589));
#893=EDGE_LOOP('',(#8590,#8591,#8592,#8593));
#894=EDGE_LOOP('',(#8594,#8595,#8596,#8597));
#895=EDGE_LOOP('',(#8598,#8599,#8600,#8601));
#896=EDGE_LOOP('',(#8602,#8603,#8604,#8605));
#897=EDGE_LOOP('',(#8606,#8607,#8608,#8609));
#898=EDGE_LOOP('',(#8610,#8611,#8612,#8613));
#899=EDGE_LOOP('',(#8614,#8615,#8616,#8617));
#900=EDGE_LOOP('',(#8618,#8619,#8620,#8621));
#901=EDGE_LOOP('',(#8622,#8623,#8624,#8625));
#902=EDGE_LOOP('',(#8626,#8627,#8628,#8629));
#903=EDGE_LOOP('',(#8630,#8631,#8632,#8633));
#904=EDGE_LOOP('',(#8634,#8635,#8636,#8637));
#905=EDGE_LOOP('',(#8638,#8639,#8640,#8641));
#906=EDGE_LOOP('',(#8642,#8643,#8644,#8645));
#907=EDGE_LOOP('',(#8646,#8647,#8648,#8649));
#908=EDGE_LOOP('',(#8650,#8651,#8652,#8653));
#909=EDGE_LOOP('',(#8654,#8655,#8656,#8657));
#910=EDGE_LOOP('',(#8658,#8659,#8660,#8661));
#911=EDGE_LOOP('',(#8662,#8663,#8664,#8665));
#912=EDGE_LOOP('',(#8666,#8667,#8668,#8669));
#913=EDGE_LOOP('',(#8670,#8671,#8672,#8673));
#914=EDGE_LOOP('',(#8674,#8675,#8676,#8677));
#915=EDGE_LOOP('',(#8678,#8679,#8680,#8681));
#916=EDGE_LOOP('',(#8682,#8683,#8684,#8685));
#917=EDGE_LOOP('',(#8686,#8687,#8688,#8689));
#918=EDGE_LOOP('',(#8690,#8691,#8692,#8693));
#919=EDGE_LOOP('',(#8694,#8695,#8696,#8697));
#920=EDGE_LOOP('',(#8698,#8699,#8700,#8701));
#921=EDGE_LOOP('',(#8702,#8703,#8704,#8705));
#922=EDGE_LOOP('',(#8706,#8707,#8708,#8709));
#923=EDGE_LOOP('',(#8710,#8711,#8712,#8713));
#924=EDGE_LOOP('',(#8714,#8715,#8716,#8717));
#925=EDGE_LOOP('',(#8718,#8719,#8720,#8721));
#926=EDGE_LOOP('',(#8722,#8723,#8724,#8725));
#927=EDGE_LOOP('',(#8726,#8727,#8728,#8729));
#928=EDGE_LOOP('',(#8730,#8731,#8732,#8733));
#929=EDGE_LOOP('',(#8734,#8735,#8736,#8737));
#930=EDGE_LOOP('',(#8738,#8739,#8740,#8741));
#931=EDGE_LOOP('',(#8742,#8743,#8744,#8745));
#932=EDGE_LOOP('',(#8746,#8747,#8748,#8749));
#933=EDGE_LOOP('',(#8750,#8751,#8752,#8753));
#934=EDGE_LOOP('',(#8754,#8755,#8756,#8757));
#935=EDGE_LOOP('',(#8758,#8759,#8760,#8761));
#936=EDGE_LOOP('',(#8762,#8763,#8764,#8765));
#937=EDGE_LOOP('',(#8766,#8767,#8768,#8769));
#938=EDGE_LOOP('',(#8770,#8771,#8772,#8773));
#939=EDGE_LOOP('',(#8774,#8775,#8776,#8777));
#940=EDGE_LOOP('',(#8778,#8779,#8780,#8781));
#941=EDGE_LOOP('',(#8782,#8783,#8784,#8785));
#942=EDGE_LOOP('',(#8786,#8787,#8788,#8789));
#943=EDGE_LOOP('',(#8790,#8791,#8792,#8793));
#944=EDGE_LOOP('',(#8794,#8795,#8796,#8797));
#945=EDGE_LOOP('',(#8798,#8799,#8800,#8801));
#946=EDGE_LOOP('',(#8802,#8803,#8804,#8805));
#947=EDGE_LOOP('',(#8806,#8807,#8808,#8809));
#948=EDGE_LOOP('',(#8810,#8811,#8812,#8813));
#949=EDGE_LOOP('',(#8814,#8815,#8816,#8817));
#950=EDGE_LOOP('',(#8818,#8819,#8820,#8821));
#951=EDGE_LOOP('',(#8822,#8823,#8824,#8825));
#952=EDGE_LOOP('',(#8826,#8827,#8828,#8829));
#953=EDGE_LOOP('',(#8830,#8831,#8832,#8833));
#954=EDGE_LOOP('',(#8834,#8835,#8836,#8837));
#955=EDGE_LOOP('',(#8838,#8839,#8840,#8841));
#956=EDGE_LOOP('',(#8842,#8843,#8844,#8845));
#957=EDGE_LOOP('',(#8846,#8847,#8848,#8849));
#958=EDGE_LOOP('',(#8850,#8851,#8852,#8853));
#959=EDGE_LOOP('',(#8854,#8855,#8856,#8857));
#960=EDGE_LOOP('',(#8858,#8859,#8860,#8861));
#961=EDGE_LOOP('',(#8862,#8863,#8864,#8865));
#962=EDGE_LOOP('',(#8866,#8867,#8868,#8869));
#963=EDGE_LOOP('',(#8870,#8871,#8872,#8873));
#964=EDGE_LOOP('',(#8874,#8875,#8876,#8877));
#965=EDGE_LOOP('',(#8878,#8879,#8880,#8881));
#966=EDGE_LOOP('',(#8882,#8883,#8884,#8885));
#967=EDGE_LOOP('',(#8886,#8887,#8888,#8889));
#968=EDGE_LOOP('',(#8890,#8891,#8892,#8893));
#969=EDGE_LOOP('',(#8894,#8895,#8896,#8897));
#970=EDGE_LOOP('',(#8898,#8899,#8900,#8901));
#971=EDGE_LOOP('',(#8902,#8903,#8904,#8905));
#972=EDGE_LOOP('',(#8906,#8907,#8908,#8909));
#973=EDGE_LOOP('',(#8910,#8911,#8912,#8913));
#974=EDGE_LOOP('',(#8914,#8915,#8916,#8917));
#975=EDGE_LOOP('',(#8918,#8919,#8920,#8921));
#976=EDGE_LOOP('',(#8922,#8923,#8924,#8925));
#977=EDGE_LOOP('',(#8926,#8927,#8928,#8929));
#978=EDGE_LOOP('',(#8930,#8931,#8932,#8933));
#979=EDGE_LOOP('',(#8934,#8935,#8936,#8937));
#980=EDGE_LOOP('',(#8938,#8939,#8940,#8941));
#981=EDGE_LOOP('',(#8942,#8943,#8944,#8945));
#982=EDGE_LOOP('',(#8946,#8947,#8948,#8949));
#983=EDGE_LOOP('',(#8950,#8951,#8952,#8953));
#984=EDGE_LOOP('',(#8954,#8955,#8956,#8957));
#985=EDGE_LOOP('',(#8958,#8959,#8960,#8961));
#986=EDGE_LOOP('',(#8962,#8963,#8964,#8965));
#987=EDGE_LOOP('',(#8966,#8967,#8968,#8969));
#988=EDGE_LOOP('',(#8970,#8971,#8972,#8973));
#989=EDGE_LOOP('',(#8974,#8975,#8976,#8977));
#990=EDGE_LOOP('',(#8978,#8979,#8980,#8981));
#991=EDGE_LOOP('',(#8982,#8983,#8984,#8985));
#992=EDGE_LOOP('',(#8986,#8987,#8988,#8989));
#993=EDGE_LOOP('',(#8990,#8991,#8992,#8993));
#994=EDGE_LOOP('',(#8994,#8995,#8996,#8997));
#995=EDGE_LOOP('',(#8998,#8999,#9000,#9001));
#996=EDGE_LOOP('',(#9002,#9003,#9004,#9005));
#997=EDGE_LOOP('',(#9006,#9007,#9008,#9009));
#998=EDGE_LOOP('',(#9010,#9011,#9012,#9013));
#999=EDGE_LOOP('',(#9014,#9015,#9016,#9017));
#1000=EDGE_LOOP('',(#9018,#9019,#9020,#9021));
#1001=EDGE_LOOP('',(#9022,#9023,#9024,#9025));
#1002=EDGE_LOOP('',(#9026,#9027,#9028,#9029));
#1003=EDGE_LOOP('',(#9030,#9031,#9032,#9033));
#1004=EDGE_LOOP('',(#9034,#9035,#9036,#9037));
#1005=EDGE_LOOP('',(#9038,#9039,#9040,#9041));
#1006=EDGE_LOOP('',(#9042,#9043,#9044,#9045));
#1007=EDGE_LOOP('',(#9046,#9047,#9048,#9049));
#1008=EDGE_LOOP('',(#9050,#9051,#9052,#9053));
#1009=EDGE_LOOP('',(#9054,#9055,#9056,#9057));
#1010=EDGE_LOOP('',(#9058,#9059,#9060,#9061));
#1011=EDGE_LOOP('',(#9062,#9063,#9064,#9065));
#1012=EDGE_LOOP('',(#9066,#9067,#9068,#9069));
#1013=EDGE_LOOP('',(#9070,#9071,#9072,#9073));
#1014=EDGE_LOOP('',(#9074,#9075,#9076,#9077));
#1015=EDGE_LOOP('',(#9078,#9079,#9080,#9081));
#1016=EDGE_LOOP('',(#9082,#9083,#9084,#9085));
#1017=EDGE_LOOP('',(#9086,#9087,#9088,#9089));
#1018=EDGE_LOOP('',(#9090,#9091,#9092,#9093));
#1019=EDGE_LOOP('',(#9094,#9095,#9096,#9097));
#1020=EDGE_LOOP('',(#9098,#9099,#9100,#9101));
#1021=EDGE_LOOP('',(#9102,#9103,#9104,#9105));
#1022=EDGE_LOOP('',(#9106,#9107,#9108,#9109));
#1023=EDGE_LOOP('',(#9110,#9111,#9112,#9113));
#1024=EDGE_LOOP('',(#9114,#9115,#9116,#9117));
#1025=EDGE_LOOP('',(#9118,#9119,#9120,#9121));
#1026=EDGE_LOOP('',(#9122,#9123,#9124,#9125));
#1027=EDGE_LOOP('',(#9126,#9127,#9128,#9129));
#1028=EDGE_LOOP('',(#9130,#9131,#9132,#9133));
#1029=EDGE_LOOP('',(#9134,#9135,#9136,#9137));
#1030=EDGE_LOOP('',(#9138,#9139,#9140,#9141));
#1031=EDGE_LOOP('',(#9142,#9143,#9144,#9145));
#1032=EDGE_LOOP('',(#9146,#9147,#9148,#9149));
#1033=EDGE_LOOP('',(#9150,#9151,#9152,#9153));
#1034=EDGE_LOOP('',(#9154,#9155,#9156,#9157));
#1035=EDGE_LOOP('',(#9158,#9159,#9160,#9161));
#1036=EDGE_LOOP('',(#9162,#9163,#9164,#9165));
#1037=EDGE_LOOP('',(#9166,#9167,#9168,#9169));
#1038=EDGE_LOOP('',(#9170,#9171,#9172,#9173));
#1039=EDGE_LOOP('',(#9174,#9175,#9176,#9177));
#1040=EDGE_LOOP('',(#9178,#9179,#9180,#9181));
#1041=EDGE_LOOP('',(#9182,#9183,#9184,#9185));
#1042=EDGE_LOOP('',(#9186,#9187,#9188,#9189));
#1043=EDGE_LOOP('',(#9190,#9191,#9192,#9193));
#1044=EDGE_LOOP('',(#9194,#9195,#9196,#9197));
#1045=EDGE_LOOP('',(#9198,#9199,#9200,#9201));
#1046=EDGE_LOOP('',(#9202,#9203,#9204,#9205));
#1047=EDGE_LOOP('',(#9206,#9207,#9208,#9209));
#1048=EDGE_LOOP('',(#9210,#9211,#9212,#9213));
#1049=EDGE_LOOP('',(#9214,#9215,#9216,#9217));
#1050=EDGE_LOOP('',(#9218,#9219,#9220,#9221));
#1051=EDGE_LOOP('',(#9222,#9223,#9224,#9225));
#1052=EDGE_LOOP('',(#9226,#9227,#9228,#9229));
#1053=EDGE_LOOP('',(#9230,#9231,#9232,#9233));
#1054=EDGE_LOOP('',(#9234,#9235,#9236,#9237));
#1055=EDGE_LOOP('',(#9238,#9239,#9240,#9241));
#1056=EDGE_LOOP('',(#9242,#9243,#9244,#9245));
#1057=EDGE_LOOP('',(#9246,#9247,#9248,#9249));
#1058=EDGE_LOOP('',(#9250,#9251,#9252,#9253));
#1059=EDGE_LOOP('',(#9254,#9255,#9256,#9257));
#1060=EDGE_LOOP('',(#9258,#9259,#9260,#9261));
#1061=EDGE_LOOP('',(#9262,#9263,#9264,#9265));
#1062=EDGE_LOOP('',(#9266,#9267,#9268,#9269));
#1063=EDGE_LOOP('',(#9270,#9271,#9272,#9273));
#1064=EDGE_LOOP('',(#9274,#9275,#9276,#9277));
#1065=EDGE_LOOP('',(#9278,#9279,#9280,#9281));
#1066=EDGE_LOOP('',(#9282,#9283,#9284,#9285));
#1067=EDGE_LOOP('',(#9286,#9287,#9288,#9289));
#1068=EDGE_LOOP('',(#9290,#9291,#9292,#9293));
#1069=EDGE_LOOP('',(#9294,#9295,#9296,#9297));
#1070=EDGE_LOOP('',(#9298,#9299,#9300,#9301));
#1071=EDGE_LOOP('',(#9302,#9303,#9304,#9305));
#1072=EDGE_LOOP('',(#9306,#9307,#9308,#9309));
#1073=EDGE_LOOP('',(#9310,#9311,#9312,#9313));
#1074=EDGE_LOOP('',(#9314,#9315,#9316,#9317));
#1075=EDGE_LOOP('',(#9318,#9319,#9320,#9321));
#1076=EDGE_LOOP('',(#9322,#9323,#9324,#9325));
#1077=EDGE_LOOP('',(#9326,#9327,#9328,#9329));
#1078=EDGE_LOOP('',(#9330,#9331,#9332,#9333));
#1079=EDGE_LOOP('',(#9334,#9335,#9336,#9337));
#1080=EDGE_LOOP('',(#9338,#9339,#9340,#9341));
#1081=EDGE_LOOP('',(#9342,#9343,#9344,#9345));
#1082=EDGE_LOOP('',(#9346,#9347,#9348,#9349));
#1083=EDGE_LOOP('',(#9350,#9351,#9352,#9353));
#1084=EDGE_LOOP('',(#9354,#9355,#9356,#9357));
#1085=EDGE_LOOP('',(#9358,#9359,#9360,#9361));
#1086=EDGE_LOOP('',(#9362,#9363,#9364,#9365));
#1087=EDGE_LOOP('',(#9366,#9367,#9368,#9369));
#1088=EDGE_LOOP('',(#9370,#9371,#9372,#9373));
#1089=EDGE_LOOP('',(#9374,#9375,#9376,#9377));
#1090=EDGE_LOOP('',(#9378,#9379,#9380,#9381));
#1091=EDGE_LOOP('',(#9382,#9383,#9384,#9385));
#1092=EDGE_LOOP('',(#9386,#9387,#9388,#9389));
#1093=EDGE_LOOP('',(#9390,#9391,#9392,#9393));
#1094=EDGE_LOOP('',(#9394,#9395,#9396,#9397));
#1095=EDGE_LOOP('',(#9398,#9399,#9400,#9401));
#1096=EDGE_LOOP('',(#9402,#9403,#9404,#9405));
#1097=EDGE_LOOP('',(#9406,#9407,#9408,#9409));
#1098=EDGE_LOOP('',(#9410,#9411,#9412,#9413));
#1099=EDGE_LOOP('',(#9414,#9415,#9416,#9417));
#1100=EDGE_LOOP('',(#9418,#9419,#9420,#9421));
#1101=EDGE_LOOP('',(#9422,#9423,#9424,#9425));
#1102=EDGE_LOOP('',(#9426,#9427,#9428,#9429));
#1103=EDGE_LOOP('',(#9430,#9431,#9432,#9433));
#1104=EDGE_LOOP('',(#9434,#9435,#9436,#9437));
#1105=EDGE_LOOP('',(#9438,#9439,#9440,#9441));
#1106=EDGE_LOOP('',(#9442,#9443,#9444,#9445));
#1107=EDGE_LOOP('',(#9446,#9447,#9448,#9449));
#1108=EDGE_LOOP('',(#9450,#9451,#9452,#9453));
#1109=EDGE_LOOP('',(#9454,#9455,#9456,#9457));
#1110=EDGE_LOOP('',(#9458,#9459,#9460,#9461));
#1111=EDGE_LOOP('',(#9462,#9463,#9464,#9465));
#1112=EDGE_LOOP('',(#9466,#9467,#9468,#9469));
#1113=EDGE_LOOP('',(#9470,#9471,#9472,#9473));
#1114=EDGE_LOOP('',(#9474,#9475,#9476,#9477));
#1115=EDGE_LOOP('',(#9478,#9479,#9480,#9481));
#1116=EDGE_LOOP('',(#9482,#9483,#9484,#9485));
#1117=EDGE_LOOP('',(#9486,#9487,#9488,#9489));
#1118=EDGE_LOOP('',(#9490,#9491,#9492,#9493));
#1119=EDGE_LOOP('',(#9494,#9495,#9496,#9497));
#1120=EDGE_LOOP('',(#9498,#9499,#9500,#9501));
#1121=EDGE_LOOP('',(#9502,#9503,#9504,#9505));
#1122=EDGE_LOOP('',(#9506,#9507,#9508,#9509));
#1123=EDGE_LOOP('',(#9510,#9511,#9512,#9513));
#1124=EDGE_LOOP('',(#9514,#9515,#9516,#9517));
#1125=EDGE_LOOP('',(#9518,#9519,#9520,#9521));
#1126=EDGE_LOOP('',(#9522,#9523,#9524,#9525));
#1127=EDGE_LOOP('',(#9526,#9527,#9528,#9529));
#1128=EDGE_LOOP('',(#9530,#9531,#9532,#9533));
#1129=EDGE_LOOP('',(#9534,#9535,#9536,#9537));
#1130=EDGE_LOOP('',(#9538,#9539,#9540,#9541));
#1131=EDGE_LOOP('',(#9542,#9543,#9544,#9545));
#1132=EDGE_LOOP('',(#9546,#9547,#9548,#9549));
#1133=EDGE_LOOP('',(#9550,#9551,#9552,#9553));
#1134=EDGE_LOOP('',(#9554,#9555,#9556,#9557));
#1135=EDGE_LOOP('',(#9558,#9559,#9560,#9561));
#1136=EDGE_LOOP('',(#9562,#9563,#9564,#9565));
#1137=EDGE_LOOP('',(#9566,#9567,#9568,#9569));
#1138=EDGE_LOOP('',(#9570,#9571,#9572,#9573));
#1139=EDGE_LOOP('',(#9574,#9575,#9576,#9577));
#1140=EDGE_LOOP('',(#9578,#9579,#9580,#9581));
#1141=EDGE_LOOP('',(#9582,#9583,#9584,#9585));
#1142=EDGE_LOOP('',(#9586,#9587,#9588,#9589));
#1143=EDGE_LOOP('',(#9590,#9591,#9592,#9593));
#1144=EDGE_LOOP('',(#9594,#9595,#9596,#9597));
#1145=EDGE_LOOP('',(#9598,#9599,#9600,#9601));
#1146=EDGE_LOOP('',(#9602,#9603,#9604,#9605));
#1147=EDGE_LOOP('',(#9606,#9607,#9608,#9609));
#1148=EDGE_LOOP('',(#9610,#9611,#9612,#9613));
#1149=EDGE_LOOP('',(#9614,#9615,#9616,#9617));
#1150=EDGE_LOOP('',(#9618,#9619,#9620,#9621));
#1151=EDGE_LOOP('',(#9622,#9623,#9624,#9625));
#1152=EDGE_LOOP('',(#9626,#9627,#9628,#9629));
#1153=EDGE_LOOP('',(#9630,#9631,#9632,#9633));
#1154=EDGE_LOOP('',(#9634,#9635,#9636,#9637));
#1155=EDGE_LOOP('',(#9638,#9639,#9640,#9641));
#1156=EDGE_LOOP('',(#9642,#9643,#9644,#9645));
#1157=EDGE_LOOP('',(#9646,#9647,#9648,#9649));
#1158=EDGE_LOOP('',(#9650,#9651,#9652,#9653));
#1159=EDGE_LOOP('',(#9654,#9655,#9656,#9657));
#1160=EDGE_LOOP('',(#9658,#9659,#9660,#9661));
#1161=EDGE_LOOP('',(#9662,#9663,#9664,#9665));
#1162=EDGE_LOOP('',(#9666,#9667,#9668,#9669));
#1163=EDGE_LOOP('',(#9670,#9671,#9672,#9673));
#1164=EDGE_LOOP('',(#9674,#9675,#9676,#9677));
#1165=EDGE_LOOP('',(#9678,#9679,#9680,#9681));
#1166=EDGE_LOOP('',(#9682,#9683,#9684,#9685));
#1167=EDGE_LOOP('',(#9686,#9687,#9688,#9689));
#1168=EDGE_LOOP('',(#9690,#9691,#9692,#9693));
#1169=EDGE_LOOP('',(#9694,#9695,#9696,#9697));
#1170=EDGE_LOOP('',(#9698,#9699,#9700,#9701));
#1171=EDGE_LOOP('',(#9702,#9703,#9704,#9705));
#1172=EDGE_LOOP('',(#9706,#9707,#9708,#9709));
#1173=EDGE_LOOP('',(#9710,#9711,#9712,#9713));
#1174=EDGE_LOOP('',(#9714,#9715,#9716,#9717));
#1175=EDGE_LOOP('',(#9718,#9719,#9720,#9721));
#1176=EDGE_LOOP('',(#9722,#9723,#9724,#9725));
#1177=EDGE_LOOP('',(#9726,#9727,#9728,#9729));
#1178=EDGE_LOOP('',(#9730,#9731,#9732,#9733));
#1179=EDGE_LOOP('',(#9734,#9735,#9736,#9737));
#1180=EDGE_LOOP('',(#9738,#9739,#9740,#9741));
#1181=EDGE_LOOP('',(#9742,#9743,#9744,#9745));
#1182=EDGE_LOOP('',(#9746,#9747,#9748,#9749));
#1183=EDGE_LOOP('',(#9750,#9751,#9752,#9753));
#1184=EDGE_LOOP('',(#9754,#9755,#9756,#9757));
#1185=EDGE_LOOP('',(#9758,#9759,#9760,#9761));
#1186=EDGE_LOOP('',(#9762,#9763,#9764,#9765));
#1187=EDGE_LOOP('',(#9766,#9767,#9768,#9769));
#1188=EDGE_LOOP('',(#9770,#9771,#9772,#9773));
#1189=EDGE_LOOP('',(#9774,#9775,#9776,#9777));
#1190=EDGE_LOOP('',(#9778,#9779,#9780,#9781));
#1191=EDGE_LOOP('',(#9782,#9783,#9784,#9785));
#1192=EDGE_LOOP('',(#9786,#9787,#9788,#9789));
#1193=EDGE_LOOP('',(#9790,#9791,#9792,#9793));
#1194=EDGE_LOOP('',(#9794,#9795,#9796,#9797));
#1195=EDGE_LOOP('',(#9798,#9799,#9800,#9801));
#1196=EDGE_LOOP('',(#9802,#9803,#9804,#9805));
#1197=EDGE_LOOP('',(#9806,#9807,#9808,#9809));
#1198=EDGE_LOOP('',(#9810,#9811,#9812,#9813));
#1199=EDGE_LOOP('',(#9814,#9815,#9816,#9817));
#1200=EDGE_LOOP('',(#9818,#9819,#9820,#9821));
#1201=EDGE_LOOP('',(#9822,#9823,#9824,#9825));
#1202=EDGE_LOOP('',(#9826,#9827,#9828,#9829));
#1203=EDGE_LOOP('',(#9830,#9831,#9832,#9833));
#1204=EDGE_LOOP('',(#9834,#9835,#9836,#9837));
#1205=EDGE_LOOP('',(#9838,#9839,#9840,#9841));
#1206=EDGE_LOOP('',(#9842,#9843,#9844,#9845));
#1207=EDGE_LOOP('',(#9846,#9847,#9848,#9849));
#1208=EDGE_LOOP('',(#9850,#9851,#9852,#9853));
#1209=EDGE_LOOP('',(#9854,#9855,#9856,#9857));
#1210=EDGE_LOOP('',(#9858,#9859,#9860,#9861));
#1211=EDGE_LOOP('',(#9862,#9863,#9864,#9865));
#1212=EDGE_LOOP('',(#9866,#9867,#9868,#9869));
#1213=EDGE_LOOP('',(#9870,#9871,#9872,#9873));
#1214=EDGE_LOOP('',(#9874,#9875,#9876,#9877));
#1215=EDGE_LOOP('',(#9878,#9879,#9880,#9881));
#1216=EDGE_LOOP('',(#9882,#9883,#9884,#9885));
#1217=EDGE_LOOP('',(#9886,#9887,#9888,#9889));
#1218=EDGE_LOOP('',(#9890,#9891,#9892,#9893));
#1219=EDGE_LOOP('',(#9894,#9895,#9896,#9897));
#1220=EDGE_LOOP('',(#9898,#9899,#9900,#9901));
#1221=EDGE_LOOP('',(#9902,#9903,#9904,#9905,#9906,#9907,#9908,#9909,#9910,
#9911,#9912,#9913,#9914,#9915,#9916,#9917,#9918));
#1222=EDGE_LOOP('',(#9919,#9920,#9921,#9922,#9923,#9924,#9925,#9926,#9927,
#9928,#9929,#9930,#9931,#9932,#9933,#9934,#9935,#9936,#9937,#9938));
#1223=EDGE_LOOP('',(#9939,#9940,#9941,#9942,#9943,#9944,#9945,#9946,#9947,
#9948,#9949,#9950,#9951,#9952,#9953,#9954,#9955,#9956,#9957,#9958));
#1224=EDGE_LOOP('',(#9959,#9960,#9961,#9962,#9963,#9964,#9965,#9966,#9967,
#9968,#9969,#9970,#9971,#9972,#9973,#9974,#9975,#9976,#9977,#9978));
#1225=EDGE_LOOP('',(#9979,#9980,#9981,#9982,#9983,#9984,#9985,#9986,#9987,
#9988,#9989,#9990,#9991,#9992,#9993,#9994,#9995,#9996,#9997,#9998));
#1226=EDGE_LOOP('',(#9999,#10000,#10001,#10002,#10003,#10004,#10005,#10006,
#10007,#10008,#10009,#10010,#10011,#10012,#10013,#10014,#10015,#10016,#10017,
#10018));
#1227=EDGE_LOOP('',(#10019,#10020,#10021,#10022,#10023,#10024,#10025,#10026,
#10027,#10028,#10029,#10030,#10031,#10032,#10033,#10034,#10035,#10036,#10037,
#10038));
#1228=EDGE_LOOP('',(#10039,#10040,#10041,#10042,#10043,#10044,#10045,#10046,
#10047,#10048,#10049,#10050,#10051,#10052,#10053,#10054,#10055,#10056,#10057,
#10058));
#1229=EDGE_LOOP('',(#10059,#10060,#10061,#10062,#10063,#10064,#10065,#10066,
#10067,#10068,#10069,#10070,#10071,#10072,#10073,#10074,#10075,#10076,#10077,
#10078));
#1230=EDGE_LOOP('',(#10079,#10080,#10081,#10082,#10083,#10084,#10085,#10086,
#10087,#10088,#10089,#10090,#10091,#10092,#10093,#10094,#10095,#10096,#10097,
#10098));
#1231=EDGE_LOOP('',(#10099,#10100,#10101,#10102,#10103,#10104,#10105,#10106,
#10107,#10108,#10109,#10110,#10111,#10112,#10113,#10114,#10115,#10116,#10117,
#10118));
#1232=EDGE_LOOP('',(#10119,#10120,#10121,#10122,#10123,#10124,#10125,#10126,
#10127,#10128,#10129,#10130,#10131,#10132,#10133,#10134,#10135,#10136,#10137,
#10138));
#1233=EDGE_LOOP('',(#10139,#10140,#10141,#10142,#10143,#10144,#10145,#10146,
#10147,#10148,#10149,#10150,#10151,#10152,#10153,#10154,#10155,#10156,#10157,
#10158));
#1234=EDGE_LOOP('',(#10159,#10160,#10161,#10162,#10163,#10164,#10165,#10166,
#10167,#10168,#10169,#10170,#10171,#10172,#10173,#10174,#10175,#10176,#10177,
#10178));
#1235=EDGE_LOOP('',(#10179,#10180,#10181,#10182,#10183,#10184,#10185,#10186,
#10187,#10188,#10189,#10190,#10191,#10192,#10193,#10194,#10195,#10196,#10197,
#10198));
#1236=EDGE_LOOP('',(#10199,#10200,#10201,#10202,#10203,#10204,#10205,#10206,
#10207,#10208,#10209,#10210,#10211,#10212,#10213,#10214,#10215,#10216,#10217,
#10218));
#1237=EDGE_LOOP('',(#10219,#10220,#10221,#10222,#10223,#10224,#10225,#10226,
#10227,#10228,#10229,#10230,#10231,#10232,#10233,#10234,#10235,#10236,#10237,
#10238));
#1238=EDGE_LOOP('',(#10239,#10240,#10241,#10242,#10243,#10244,#10245,#10246,
#10247,#10248,#10249,#10250,#10251,#10252,#10253,#10254,#10255,#10256,#10257,
#10258));
#1239=EDGE_LOOP('',(#10259,#10260,#10261,#10262,#10263,#10264,#10265,#10266,
#10267,#10268,#10269,#10270,#10271,#10272,#10273,#10274,#10275,#10276,#10277,
#10278));
#1240=EDGE_LOOP('',(#10279,#10280,#10281,#10282,#10283,#10284,#10285,#10286,
#10287,#10288,#10289,#10290,#10291,#10292,#10293,#10294,#10295,#10296,#10297,
#10298));
#1241=EDGE_LOOP('',(#10299,#10300,#10301,#10302,#10303,#10304,#10305,#10306,
#10307,#10308,#10309,#10310,#10311,#10312,#10313,#10314,#10315,#10316,#10317,
#10318));
#1242=EDGE_LOOP('',(#10319,#10320,#10321,#10322,#10323,#10324,#10325,#10326,
#10327,#10328,#10329,#10330,#10331,#10332,#10333,#10334,#10335,#10336,#10337,
#10338));
#1243=EDGE_LOOP('',(#10339,#10340,#10341,#10342,#10343,#10344,#10345,#10346,
#10347,#10348,#10349,#10350,#10351,#10352,#10353,#10354,#10355,#10356,#10357,
#10358));
#1244=EDGE_LOOP('',(#10359,#10360,#10361,#10362,#10363,#10364,#10365,#10366,
#10367,#10368,#10369,#10370,#10371,#10372,#10373,#10374,#10375,#10376,#10377,
#10378));
#1245=EDGE_LOOP('',(#10379,#10380,#10381,#10382,#10383,#10384,#10385,#10386,
#10387,#10388,#10389,#10390,#10391,#10392,#10393,#10394,#10395,#10396,#10397,
#10398));
#1246=EDGE_LOOP('',(#10399,#10400,#10401,#10402,#10403,#10404,#10405,#10406,
#10407,#10408,#10409,#10410,#10411,#10412,#10413,#10414,#10415,#10416,#10417,
#10418));
#1247=EDGE_LOOP('',(#10419,#10420,#10421,#10422,#10423,#10424,#10425,#10426,
#10427,#10428,#10429,#10430,#10431,#10432,#10433,#10434,#10435,#10436,#10437,
#10438));
#1248=EDGE_LOOP('',(#10439,#10440,#10441,#10442,#10443,#10444,#10445,#10446,
#10447,#10448,#10449,#10450,#10451,#10452,#10453,#10454,#10455,#10456,#10457,
#10458,#10459,#10460,#10461,#10462,#10463,#10464,#10465,#10466,#10467,#10468,
#10469,#10470,#10471,#10472,#10473,#10474,#10475,#10476));
#1249=EDGE_LOOP('',(#10477,#10478,#10479,#10480,#10481,#10482,#10483,#10484,
#10485,#10486,#10487,#10488,#10489,#10490,#10491,#10492,#10493));
#1250=EDGE_LOOP('',(#10494,#10495,#10496,#10497,#10498,#10499,#10500,#10501,
#10502,#10503,#10504,#10505,#10506,#10507,#10508,#10509,#10510,#10511,#10512,
#10513));
#1251=EDGE_LOOP('',(#10514,#10515,#10516,#10517,#10518,#10519,#10520,#10521,
#10522,#10523,#10524,#10525,#10526,#10527,#10528,#10529,#10530,#10531,#10532,
#10533));
#1252=EDGE_LOOP('',(#10534,#10535,#10536,#10537,#10538,#10539,#10540,#10541,
#10542,#10543,#10544,#10545,#10546,#10547,#10548,#10549,#10550,#10551,#10552,
#10553));
#1253=EDGE_LOOP('',(#10554,#10555,#10556,#10557,#10558,#10559,#10560,#10561,
#10562,#10563,#10564,#10565,#10566,#10567,#10568,#10569,#10570,#10571,#10572,
#10573));
#1254=EDGE_LOOP('',(#10574,#10575,#10576,#10577,#10578,#10579,#10580,#10581,
#10582,#10583,#10584,#10585,#10586,#10587,#10588,#10589,#10590,#10591,#10592,
#10593));
#1255=EDGE_LOOP('',(#10594,#10595,#10596,#10597,#10598,#10599,#10600,#10601,
#10602,#10603,#10604,#10605,#10606,#10607,#10608,#10609,#10610,#10611,#10612,
#10613));
#1256=EDGE_LOOP('',(#10614,#10615,#10616,#10617,#10618,#10619,#10620,#10621,
#10622,#10623,#10624,#10625,#10626,#10627,#10628,#10629,#10630,#10631,#10632,
#10633));
#1257=EDGE_LOOP('',(#10634,#10635,#10636,#10637,#10638,#10639,#10640,#10641,
#10642,#10643,#10644,#10645,#10646,#10647,#10648,#10649,#10650,#10651,#10652,
#10653));
#1258=EDGE_LOOP('',(#10654,#10655,#10656,#10657,#10658,#10659,#10660,#10661,
#10662,#10663,#10664,#10665,#10666,#10667,#10668,#10669,#10670,#10671,#10672,
#10673));
#1259=EDGE_LOOP('',(#10674,#10675,#10676,#10677,#10678,#10679,#10680,#10681,
#10682,#10683,#10684,#10685,#10686,#10687,#10688,#10689,#10690,#10691,#10692,
#10693));
#1260=EDGE_LOOP('',(#10694,#10695,#10696,#10697,#10698,#10699,#10700,#10701,
#10702,#10703,#10704,#10705,#10706,#10707,#10708,#10709,#10710,#10711,#10712,
#10713));
#1261=EDGE_LOOP('',(#10714,#10715,#10716,#10717,#10718,#10719,#10720,#10721,
#10722,#10723,#10724,#10725,#10726,#10727,#10728,#10729,#10730,#10731,#10732,
#10733));
#1262=EDGE_LOOP('',(#10734,#10735,#10736,#10737,#10738,#10739,#10740,#10741,
#10742,#10743,#10744,#10745,#10746,#10747,#10748,#10749,#10750,#10751,#10752,
#10753));
#1263=EDGE_LOOP('',(#10754,#10755,#10756,#10757,#10758,#10759,#10760,#10761,
#10762,#10763,#10764,#10765,#10766,#10767,#10768,#10769,#10770,#10771,#10772,
#10773));
#1264=EDGE_LOOP('',(#10774,#10775,#10776,#10777,#10778,#10779,#10780,#10781,
#10782,#10783,#10784,#10785,#10786,#10787,#10788,#10789,#10790,#10791,#10792,
#10793));
#1265=EDGE_LOOP('',(#10794,#10795,#10796,#10797,#10798,#10799,#10800,#10801,
#10802,#10803,#10804,#10805,#10806,#10807,#10808,#10809,#10810,#10811,#10812,
#10813));
#1266=EDGE_LOOP('',(#10814,#10815,#10816,#10817,#10818,#10819,#10820,#10821,
#10822,#10823,#10824,#10825,#10826,#10827,#10828,#10829,#10830,#10831,#10832,
#10833));
#1267=EDGE_LOOP('',(#10834,#10835,#10836,#10837,#10838,#10839,#10840,#10841,
#10842,#10843,#10844,#10845,#10846,#10847,#10848,#10849,#10850,#10851,#10852,
#10853));
#1268=EDGE_LOOP('',(#10854,#10855,#10856,#10857,#10858,#10859,#10860,#10861,
#10862,#10863,#10864,#10865,#10866,#10867,#10868,#10869,#10870,#10871,#10872,
#10873));
#1269=EDGE_LOOP('',(#10874,#10875,#10876,#10877,#10878,#10879,#10880,#10881,
#10882,#10883,#10884,#10885,#10886,#10887,#10888,#10889,#10890,#10891,#10892,
#10893));
#1270=EDGE_LOOP('',(#10894,#10895,#10896,#10897,#10898,#10899,#10900,#10901,
#10902,#10903,#10904,#10905,#10906,#10907,#10908,#10909,#10910,#10911,#10912,
#10913));
#1271=EDGE_LOOP('',(#10914,#10915,#10916,#10917,#10918,#10919,#10920,#10921,
#10922,#10923,#10924,#10925,#10926,#10927,#10928,#10929,#10930,#10931,#10932,
#10933));
#1272=EDGE_LOOP('',(#10934,#10935,#10936,#10937,#10938,#10939,#10940,#10941,
#10942,#10943,#10944,#10945,#10946,#10947,#10948,#10949,#10950,#10951,#10952,
#10953));
#1273=EDGE_LOOP('',(#10954,#10955,#10956,#10957,#10958,#10959,#10960,#10961,
#10962,#10963,#10964,#10965,#10966,#10967,#10968,#10969,#10970,#10971,#10972,
#10973));
#1274=EDGE_LOOP('',(#10974,#10975,#10976,#10977,#10978,#10979,#10980,#10981,
#10982,#10983,#10984,#10985,#10986,#10987,#10988,#10989,#10990,#10991,#10992,
#10993));
#1275=EDGE_LOOP('',(#10994,#10995,#10996,#10997,#10998,#10999,#11000,#11001,
#11002,#11003,#11004,#11005,#11006,#11007,#11008,#11009,#11010,#11011,#11012,
#11013));
#1276=EDGE_LOOP('',(#11014,#11015,#11016,#11017,#11018,#11019,#11020,#11021,
#11022,#11023,#11024,#11025,#11026,#11027,#11028,#11029,#11030,#11031,#11032,
#11033,#11034,#11035,#11036,#11037,#11038,#11039,#11040,#11041,#11042,#11043,
#11044,#11045,#11046,#11047,#11048,#11049,#11050,#11051));
#1277=LINE('',#15682,#3002);
#1278=LINE('',#15684,#3003);
#1279=LINE('',#15686,#3004);
#1280=LINE('',#15687,#3005);
#1281=LINE('',#15690,#3006);
#1282=LINE('',#15692,#3007);
#1283=LINE('',#15693,#3008);
#1284=LINE('',#15696,#3009);
#1285=LINE('',#15698,#3010);
#1286=LINE('',#15699,#3011);
#1287=LINE('',#15702,#3012);
#1288=LINE('',#15704,#3013);
#1289=LINE('',#15705,#3014);
#1290=LINE('',#15708,#3015);
#1291=LINE('',#15710,#3016);
#1292=LINE('',#15711,#3017);
#1293=LINE('',#15714,#3018);
#1294=LINE('',#15716,#3019);
#1295=LINE('',#15717,#3020);
#1296=LINE('',#15720,#3021);
#1297=LINE('',#15722,#3022);
#1298=LINE('',#15723,#3023);
#1299=LINE('',#15726,#3024);
#1300=LINE('',#15728,#3025);
#1301=LINE('',#15729,#3026);
#1302=LINE('',#15732,#3027);
#1303=LINE('',#15734,#3028);
#1304=LINE('',#15735,#3029);
#1305=LINE('',#15738,#3030);
#1306=LINE('',#15740,#3031);
#1307=LINE('',#15741,#3032);
#1308=LINE('',#15744,#3033);
#1309=LINE('',#15746,#3034);
#1310=LINE('',#15747,#3035);
#1311=LINE('',#15750,#3036);
#1312=LINE('',#15752,#3037);
#1313=LINE('',#15753,#3038);
#1314=LINE('',#15756,#3039);
#1315=LINE('',#15758,#3040);
#1316=LINE('',#15759,#3041);
#1317=LINE('',#15762,#3042);
#1318=LINE('',#15764,#3043);
#1319=LINE('',#15765,#3044);
#1320=LINE('',#15768,#3045);
#1321=LINE('',#15770,#3046);
#1322=LINE('',#15771,#3047);
#1323=LINE('',#15774,#3048);
#1324=LINE('',#15776,#3049);
#1325=LINE('',#15777,#3050);
#1326=LINE('',#15780,#3051);
#1327=LINE('',#15782,#3052);
#1328=LINE('',#15783,#3053);
#1329=LINE('',#15786,#3054);
#1330=LINE('',#15788,#3055);
#1331=LINE('',#15789,#3056);
#1332=LINE('',#15792,#3057);
#1333=LINE('',#15794,#3058);
#1334=LINE('',#15795,#3059);
#1335=LINE('',#15798,#3060);
#1336=LINE('',#15800,#3061);
#1337=LINE('',#15801,#3062);
#1338=LINE('',#15804,#3063);
#1339=LINE('',#15806,#3064);
#1340=LINE('',#15807,#3065);
#1341=LINE('',#15810,#3066);
#1342=LINE('',#15812,#3067);
#1343=LINE('',#15813,#3068);
#1344=LINE('',#15816,#3069);
#1345=LINE('',#15818,#3070);
#1346=LINE('',#15819,#3071);
#1347=LINE('',#15822,#3072);
#1348=LINE('',#15824,#3073);
#1349=LINE('',#15825,#3074);
#1350=LINE('',#15828,#3075);
#1351=LINE('',#15830,#3076);
#1352=LINE('',#15831,#3077);
#1353=LINE('',#15834,#3078);
#1354=LINE('',#15836,#3079);
#1355=LINE('',#15837,#3080);
#1356=LINE('',#15840,#3081);
#1357=LINE('',#15842,#3082);
#1358=LINE('',#15843,#3083);
#1359=LINE('',#15846,#3084);
#1360=LINE('',#15848,#3085);
#1361=LINE('',#15849,#3086);
#1362=LINE('',#15852,#3087);
#1363=LINE('',#15854,#3088);
#1364=LINE('',#15855,#3089);
#1365=LINE('',#15858,#3090);
#1366=LINE('',#15860,#3091);
#1367=LINE('',#15861,#3092);
#1368=LINE('',#15864,#3093);
#1369=LINE('',#15866,#3094);
#1370=LINE('',#15867,#3095);
#1371=LINE('',#15870,#3096);
#1372=LINE('',#15872,#3097);
#1373=LINE('',#15873,#3098);
#1374=LINE('',#15876,#3099);
#1375=LINE('',#15878,#3100);
#1376=LINE('',#15879,#3101);
#1377=LINE('',#15882,#3102);
#1378=LINE('',#15884,#3103);
#1379=LINE('',#15885,#3104);
#1380=LINE('',#15888,#3105);
#1381=LINE('',#15890,#3106);
#1382=LINE('',#15891,#3107);
#1383=LINE('',#15894,#3108);
#1384=LINE('',#15896,#3109);
#1385=LINE('',#15897,#3110);
#1386=LINE('',#15900,#3111);
#1387=LINE('',#15902,#3112);
#1388=LINE('',#15903,#3113);
#1389=LINE('',#15905,#3114);
#1390=LINE('',#15906,#3115);
#1391=LINE('',#15910,#3116);
#1392=LINE('',#15912,#3117);
#1393=LINE('',#15914,#3118);
#1394=LINE('',#15915,#3119);
#1395=LINE('',#15918,#3120);
#1396=LINE('',#15920,#3121);
#1397=LINE('',#15921,#3122);
#1398=LINE('',#15924,#3123);
#1399=LINE('',#15926,#3124);
#1400=LINE('',#15927,#3125);
#1401=LINE('',#15930,#3126);
#1402=LINE('',#15932,#3127);
#1403=LINE('',#15933,#3128);
#1404=LINE('',#15936,#3129);
#1405=LINE('',#15938,#3130);
#1406=LINE('',#15939,#3131);
#1407=LINE('',#15942,#3132);
#1408=LINE('',#15944,#3133);
#1409=LINE('',#15945,#3134);
#1410=LINE('',#15948,#3135);
#1411=LINE('',#15950,#3136);
#1412=LINE('',#15951,#3137);
#1413=LINE('',#15954,#3138);
#1414=LINE('',#15956,#3139);
#1415=LINE('',#15957,#3140);
#1416=LINE('',#15960,#3141);
#1417=LINE('',#15962,#3142);
#1418=LINE('',#15963,#3143);
#1419=LINE('',#15966,#3144);
#1420=LINE('',#15968,#3145);
#1421=LINE('',#15969,#3146);
#1422=LINE('',#15972,#3147);
#1423=LINE('',#15974,#3148);
#1424=LINE('',#15975,#3149);
#1425=LINE('',#15978,#3150);
#1426=LINE('',#15980,#3151);
#1427=LINE('',#15981,#3152);
#1428=LINE('',#15984,#3153);
#1429=LINE('',#15986,#3154);
#1430=LINE('',#15987,#3155);
#1431=LINE('',#15990,#3156);
#1432=LINE('',#15992,#3157);
#1433=LINE('',#15993,#3158);
#1434=LINE('',#15996,#3159);
#1435=LINE('',#15998,#3160);
#1436=LINE('',#15999,#3161);
#1437=LINE('',#16002,#3162);
#1438=LINE('',#16004,#3163);
#1439=LINE('',#16005,#3164);
#1440=LINE('',#16008,#3165);
#1441=LINE('',#16010,#3166);
#1442=LINE('',#16011,#3167);
#1443=LINE('',#16014,#3168);
#1444=LINE('',#16016,#3169);
#1445=LINE('',#16017,#3170);
#1446=LINE('',#16020,#3171);
#1447=LINE('',#16022,#3172);
#1448=LINE('',#16023,#3173);
#1449=LINE('',#16025,#3174);
#1450=LINE('',#16026,#3175);
#1451=LINE('',#16030,#3176);
#1452=LINE('',#16032,#3177);
#1453=LINE('',#16034,#3178);
#1454=LINE('',#16035,#3179);
#1455=LINE('',#16038,#3180);
#1456=LINE('',#16040,#3181);
#1457=LINE('',#16041,#3182);
#1458=LINE('',#16044,#3183);
#1459=LINE('',#16046,#3184);
#1460=LINE('',#16047,#3185);
#1461=LINE('',#16050,#3186);
#1462=LINE('',#16052,#3187);
#1463=LINE('',#16053,#3188);
#1464=LINE('',#16056,#3189);
#1465=LINE('',#16058,#3190);
#1466=LINE('',#16059,#3191);
#1467=LINE('',#16062,#3192);
#1468=LINE('',#16064,#3193);
#1469=LINE('',#16065,#3194);
#1470=LINE('',#16068,#3195);
#1471=LINE('',#16070,#3196);
#1472=LINE('',#16071,#3197);
#1473=LINE('',#16074,#3198);
#1474=LINE('',#16076,#3199);
#1475=LINE('',#16077,#3200);
#1476=LINE('',#16080,#3201);
#1477=LINE('',#16082,#3202);
#1478=LINE('',#16083,#3203);
#1479=LINE('',#16086,#3204);
#1480=LINE('',#16088,#3205);
#1481=LINE('',#16089,#3206);
#1482=LINE('',#16092,#3207);
#1483=LINE('',#16094,#3208);
#1484=LINE('',#16095,#3209);
#1485=LINE('',#16098,#3210);
#1486=LINE('',#16100,#3211);
#1487=LINE('',#16101,#3212);
#1488=LINE('',#16104,#3213);
#1489=LINE('',#16106,#3214);
#1490=LINE('',#16107,#3215);
#1491=LINE('',#16110,#3216);
#1492=LINE('',#16112,#3217);
#1493=LINE('',#16113,#3218);
#1494=LINE('',#16116,#3219);
#1495=LINE('',#16118,#3220);
#1496=LINE('',#16119,#3221);
#1497=LINE('',#16122,#3222);
#1498=LINE('',#16124,#3223);
#1499=LINE('',#16125,#3224);
#1500=LINE('',#16128,#3225);
#1501=LINE('',#16130,#3226);
#1502=LINE('',#16131,#3227);
#1503=LINE('',#16134,#3228);
#1504=LINE('',#16136,#3229);
#1505=LINE('',#16137,#3230);
#1506=LINE('',#16140,#3231);
#1507=LINE('',#16142,#3232);
#1508=LINE('',#16143,#3233);
#1509=LINE('',#16145,#3234);
#1510=LINE('',#16146,#3235);
#1511=LINE('',#16150,#3236);
#1512=LINE('',#16152,#3237);
#1513=LINE('',#16154,#3238);
#1514=LINE('',#16155,#3239);
#1515=LINE('',#16158,#3240);
#1516=LINE('',#16160,#3241);
#1517=LINE('',#16161,#3242);
#1518=LINE('',#16164,#3243);
#1519=LINE('',#16166,#3244);
#1520=LINE('',#16167,#3245);
#1521=LINE('',#16170,#3246);
#1522=LINE('',#16172,#3247);
#1523=LINE('',#16173,#3248);
#1524=LINE('',#16176,#3249);
#1525=LINE('',#16178,#3250);
#1526=LINE('',#16179,#3251);
#1527=LINE('',#16182,#3252);
#1528=LINE('',#16184,#3253);
#1529=LINE('',#16185,#3254);
#1530=LINE('',#16188,#3255);
#1531=LINE('',#16190,#3256);
#1532=LINE('',#16191,#3257);
#1533=LINE('',#16194,#3258);
#1534=LINE('',#16196,#3259);
#1535=LINE('',#16197,#3260);
#1536=LINE('',#16200,#3261);
#1537=LINE('',#16202,#3262);
#1538=LINE('',#16203,#3263);
#1539=LINE('',#16206,#3264);
#1540=LINE('',#16208,#3265);
#1541=LINE('',#16209,#3266);
#1542=LINE('',#16212,#3267);
#1543=LINE('',#16214,#3268);
#1544=LINE('',#16215,#3269);
#1545=LINE('',#16218,#3270);
#1546=LINE('',#16220,#3271);
#1547=LINE('',#16221,#3272);
#1548=LINE('',#16224,#3273);
#1549=LINE('',#16226,#3274);
#1550=LINE('',#16227,#3275);
#1551=LINE('',#16230,#3276);
#1552=LINE('',#16232,#3277);
#1553=LINE('',#16233,#3278);
#1554=LINE('',#16236,#3279);
#1555=LINE('',#16238,#3280);
#1556=LINE('',#16239,#3281);
#1557=LINE('',#16242,#3282);
#1558=LINE('',#16244,#3283);
#1559=LINE('',#16245,#3284);
#1560=LINE('',#16248,#3285);
#1561=LINE('',#16250,#3286);
#1562=LINE('',#16251,#3287);
#1563=LINE('',#16254,#3288);
#1564=LINE('',#16256,#3289);
#1565=LINE('',#16257,#3290);
#1566=LINE('',#16260,#3291);
#1567=LINE('',#16262,#3292);
#1568=LINE('',#16263,#3293);
#1569=LINE('',#16265,#3294);
#1570=LINE('',#16266,#3295);
#1571=LINE('',#16270,#3296);
#1572=LINE('',#16272,#3297);
#1573=LINE('',#16274,#3298);
#1574=LINE('',#16275,#3299);
#1575=LINE('',#16278,#3300);
#1576=LINE('',#16280,#3301);
#1577=LINE('',#16281,#3302);
#1578=LINE('',#16284,#3303);
#1579=LINE('',#16286,#3304);
#1580=LINE('',#16287,#3305);
#1581=LINE('',#16290,#3306);
#1582=LINE('',#16292,#3307);
#1583=LINE('',#16293,#3308);
#1584=LINE('',#16296,#3309);
#1585=LINE('',#16298,#3310);
#1586=LINE('',#16299,#3311);
#1587=LINE('',#16302,#3312);
#1588=LINE('',#16304,#3313);
#1589=LINE('',#16305,#3314);
#1590=LINE('',#16308,#3315);
#1591=LINE('',#16310,#3316);
#1592=LINE('',#16311,#3317);
#1593=LINE('',#16314,#3318);
#1594=LINE('',#16316,#3319);
#1595=LINE('',#16317,#3320);
#1596=LINE('',#16320,#3321);
#1597=LINE('',#16322,#3322);
#1598=LINE('',#16323,#3323);
#1599=LINE('',#16326,#3324);
#1600=LINE('',#16328,#3325);
#1601=LINE('',#16329,#3326);
#1602=LINE('',#16332,#3327);
#1603=LINE('',#16334,#3328);
#1604=LINE('',#16335,#3329);
#1605=LINE('',#16338,#3330);
#1606=LINE('',#16340,#3331);
#1607=LINE('',#16341,#3332);
#1608=LINE('',#16344,#3333);
#1609=LINE('',#16346,#3334);
#1610=LINE('',#16347,#3335);
#1611=LINE('',#16350,#3336);
#1612=LINE('',#16352,#3337);
#1613=LINE('',#16353,#3338);
#1614=LINE('',#16356,#3339);
#1615=LINE('',#16358,#3340);
#1616=LINE('',#16359,#3341);
#1617=LINE('',#16362,#3342);
#1618=LINE('',#16364,#3343);
#1619=LINE('',#16365,#3344);
#1620=LINE('',#16368,#3345);
#1621=LINE('',#16370,#3346);
#1622=LINE('',#16371,#3347);
#1623=LINE('',#16374,#3348);
#1624=LINE('',#16376,#3349);
#1625=LINE('',#16377,#3350);
#1626=LINE('',#16380,#3351);
#1627=LINE('',#16382,#3352);
#1628=LINE('',#16383,#3353);
#1629=LINE('',#16385,#3354);
#1630=LINE('',#16386,#3355);
#1631=LINE('',#16390,#3356);
#1632=LINE('',#16392,#3357);
#1633=LINE('',#16394,#3358);
#1634=LINE('',#16395,#3359);
#1635=LINE('',#16398,#3360);
#1636=LINE('',#16400,#3361);
#1637=LINE('',#16401,#3362);
#1638=LINE('',#16404,#3363);
#1639=LINE('',#16406,#3364);
#1640=LINE('',#16407,#3365);
#1641=LINE('',#16410,#3366);
#1642=LINE('',#16412,#3367);
#1643=LINE('',#16413,#3368);
#1644=LINE('',#16416,#3369);
#1645=LINE('',#16418,#3370);
#1646=LINE('',#16419,#3371);
#1647=LINE('',#16422,#3372);
#1648=LINE('',#16424,#3373);
#1649=LINE('',#16425,#3374);
#1650=LINE('',#16428,#3375);
#1651=LINE('',#16430,#3376);
#1652=LINE('',#16431,#3377);
#1653=LINE('',#16434,#3378);
#1654=LINE('',#16436,#3379);
#1655=LINE('',#16437,#3380);
#1656=LINE('',#16440,#3381);
#1657=LINE('',#16442,#3382);
#1658=LINE('',#16443,#3383);
#1659=LINE('',#16446,#3384);
#1660=LINE('',#16448,#3385);
#1661=LINE('',#16449,#3386);
#1662=LINE('',#16452,#3387);
#1663=LINE('',#16454,#3388);
#1664=LINE('',#16455,#3389);
#1665=LINE('',#16458,#3390);
#1666=LINE('',#16460,#3391);
#1667=LINE('',#16461,#3392);
#1668=LINE('',#16464,#3393);
#1669=LINE('',#16466,#3394);
#1670=LINE('',#16467,#3395);
#1671=LINE('',#16470,#3396);
#1672=LINE('',#16472,#3397);
#1673=LINE('',#16473,#3398);
#1674=LINE('',#16476,#3399);
#1675=LINE('',#16478,#3400);
#1676=LINE('',#16479,#3401);
#1677=LINE('',#16482,#3402);
#1678=LINE('',#16484,#3403);
#1679=LINE('',#16485,#3404);
#1680=LINE('',#16488,#3405);
#1681=LINE('',#16490,#3406);
#1682=LINE('',#16491,#3407);
#1683=LINE('',#16494,#3408);
#1684=LINE('',#16496,#3409);
#1685=LINE('',#16497,#3410);
#1686=LINE('',#16500,#3411);
#1687=LINE('',#16502,#3412);
#1688=LINE('',#16503,#3413);
#1689=LINE('',#16505,#3414);
#1690=LINE('',#16506,#3415);
#1691=LINE('',#16510,#3416);
#1692=LINE('',#16512,#3417);
#1693=LINE('',#16514,#3418);
#1694=LINE('',#16515,#3419);
#1695=LINE('',#16518,#3420);
#1696=LINE('',#16520,#3421);
#1697=LINE('',#16521,#3422);
#1698=LINE('',#16524,#3423);
#1699=LINE('',#16526,#3424);
#1700=LINE('',#16527,#3425);
#1701=LINE('',#16530,#3426);
#1702=LINE('',#16532,#3427);
#1703=LINE('',#16533,#3428);
#1704=LINE('',#16536,#3429);
#1705=LINE('',#16538,#3430);
#1706=LINE('',#16539,#3431);
#1707=LINE('',#16542,#3432);
#1708=LINE('',#16544,#3433);
#1709=LINE('',#16545,#3434);
#1710=LINE('',#16548,#3435);
#1711=LINE('',#16550,#3436);
#1712=LINE('',#16551,#3437);
#1713=LINE('',#16554,#3438);
#1714=LINE('',#16556,#3439);
#1715=LINE('',#16557,#3440);
#1716=LINE('',#16560,#3441);
#1717=LINE('',#16562,#3442);
#1718=LINE('',#16563,#3443);
#1719=LINE('',#16566,#3444);
#1720=LINE('',#16568,#3445);
#1721=LINE('',#16569,#3446);
#1722=LINE('',#16572,#3447);
#1723=LINE('',#16574,#3448);
#1724=LINE('',#16575,#3449);
#1725=LINE('',#16578,#3450);
#1726=LINE('',#16580,#3451);
#1727=LINE('',#16581,#3452);
#1728=LINE('',#16584,#3453);
#1729=LINE('',#16586,#3454);
#1730=LINE('',#16587,#3455);
#1731=LINE('',#16590,#3456);
#1732=LINE('',#16592,#3457);
#1733=LINE('',#16593,#3458);
#1734=LINE('',#16596,#3459);
#1735=LINE('',#16598,#3460);
#1736=LINE('',#16599,#3461);
#1737=LINE('',#16602,#3462);
#1738=LINE('',#16604,#3463);
#1739=LINE('',#16605,#3464);
#1740=LINE('',#16608,#3465);
#1741=LINE('',#16610,#3466);
#1742=LINE('',#16611,#3467);
#1743=LINE('',#16614,#3468);
#1744=LINE('',#16616,#3469);
#1745=LINE('',#16617,#3470);
#1746=LINE('',#16620,#3471);
#1747=LINE('',#16622,#3472);
#1748=LINE('',#16623,#3473);
#1749=LINE('',#16625,#3474);
#1750=LINE('',#16626,#3475);
#1751=LINE('',#16630,#3476);
#1752=LINE('',#16632,#3477);
#1753=LINE('',#16634,#3478);
#1754=LINE('',#16635,#3479);
#1755=LINE('',#16638,#3480);
#1756=LINE('',#16640,#3481);
#1757=LINE('',#16641,#3482);
#1758=LINE('',#16644,#3483);
#1759=LINE('',#16646,#3484);
#1760=LINE('',#16647,#3485);
#1761=LINE('',#16650,#3486);
#1762=LINE('',#16652,#3487);
#1763=LINE('',#16653,#3488);
#1764=LINE('',#16656,#3489);
#1765=LINE('',#16658,#3490);
#1766=LINE('',#16659,#3491);
#1767=LINE('',#16662,#3492);
#1768=LINE('',#16664,#3493);
#1769=LINE('',#16665,#3494);
#1770=LINE('',#16668,#3495);
#1771=LINE('',#16670,#3496);
#1772=LINE('',#16671,#3497);
#1773=LINE('',#16674,#3498);
#1774=LINE('',#16676,#3499);
#1775=LINE('',#16677,#3500);
#1776=LINE('',#16680,#3501);
#1777=LINE('',#16682,#3502);
#1778=LINE('',#16683,#3503);
#1779=LINE('',#16686,#3504);
#1780=LINE('',#16688,#3505);
#1781=LINE('',#16689,#3506);
#1782=LINE('',#16692,#3507);
#1783=LINE('',#16694,#3508);
#1784=LINE('',#16695,#3509);
#1785=LINE('',#16698,#3510);
#1786=LINE('',#16700,#3511);
#1787=LINE('',#16701,#3512);
#1788=LINE('',#16704,#3513);
#1789=LINE('',#16706,#3514);
#1790=LINE('',#16707,#3515);
#1791=LINE('',#16710,#3516);
#1792=LINE('',#16712,#3517);
#1793=LINE('',#16713,#3518);
#1794=LINE('',#16716,#3519);
#1795=LINE('',#16718,#3520);
#1796=LINE('',#16719,#3521);
#1797=LINE('',#16722,#3522);
#1798=LINE('',#16724,#3523);
#1799=LINE('',#16725,#3524);
#1800=LINE('',#16728,#3525);
#1801=LINE('',#16730,#3526);
#1802=LINE('',#16731,#3527);
#1803=LINE('',#16734,#3528);
#1804=LINE('',#16736,#3529);
#1805=LINE('',#16737,#3530);
#1806=LINE('',#16740,#3531);
#1807=LINE('',#16742,#3532);
#1808=LINE('',#16743,#3533);
#1809=LINE('',#16745,#3534);
#1810=LINE('',#16746,#3535);
#1811=LINE('',#16750,#3536);
#1812=LINE('',#16752,#3537);
#1813=LINE('',#16754,#3538);
#1814=LINE('',#16755,#3539);
#1815=LINE('',#16758,#3540);
#1816=LINE('',#16760,#3541);
#1817=LINE('',#16761,#3542);
#1818=LINE('',#16764,#3543);
#1819=LINE('',#16766,#3544);
#1820=LINE('',#16767,#3545);
#1821=LINE('',#16770,#3546);
#1822=LINE('',#16772,#3547);
#1823=LINE('',#16773,#3548);
#1824=LINE('',#16776,#3549);
#1825=LINE('',#16778,#3550);
#1826=LINE('',#16779,#3551);
#1827=LINE('',#16782,#3552);
#1828=LINE('',#16784,#3553);
#1829=LINE('',#16785,#3554);
#1830=LINE('',#16788,#3555);
#1831=LINE('',#16790,#3556);
#1832=LINE('',#16791,#3557);
#1833=LINE('',#16794,#3558);
#1834=LINE('',#16796,#3559);
#1835=LINE('',#16797,#3560);
#1836=LINE('',#16800,#3561);
#1837=LINE('',#16802,#3562);
#1838=LINE('',#16803,#3563);
#1839=LINE('',#16806,#3564);
#1840=LINE('',#16808,#3565);
#1841=LINE('',#16809,#3566);
#1842=LINE('',#16812,#3567);
#1843=LINE('',#16814,#3568);
#1844=LINE('',#16815,#3569);
#1845=LINE('',#16818,#3570);
#1846=LINE('',#16820,#3571);
#1847=LINE('',#16821,#3572);
#1848=LINE('',#16824,#3573);
#1849=LINE('',#16826,#3574);
#1850=LINE('',#16827,#3575);
#1851=LINE('',#16830,#3576);
#1852=LINE('',#16832,#3577);
#1853=LINE('',#16833,#3578);
#1854=LINE('',#16836,#3579);
#1855=LINE('',#16838,#3580);
#1856=LINE('',#16839,#3581);
#1857=LINE('',#16842,#3582);
#1858=LINE('',#16844,#3583);
#1859=LINE('',#16845,#3584);
#1860=LINE('',#16848,#3585);
#1861=LINE('',#16850,#3586);
#1862=LINE('',#16851,#3587);
#1863=LINE('',#16854,#3588);
#1864=LINE('',#16856,#3589);
#1865=LINE('',#16857,#3590);
#1866=LINE('',#16860,#3591);
#1867=LINE('',#16862,#3592);
#1868=LINE('',#16863,#3593);
#1869=LINE('',#16865,#3594);
#1870=LINE('',#16866,#3595);
#1871=LINE('',#16870,#3596);
#1872=LINE('',#16872,#3597);
#1873=LINE('',#16874,#3598);
#1874=LINE('',#16875,#3599);
#1875=LINE('',#16878,#3600);
#1876=LINE('',#16880,#3601);
#1877=LINE('',#16881,#3602);
#1878=LINE('',#16884,#3603);
#1879=LINE('',#16886,#3604);
#1880=LINE('',#16887,#3605);
#1881=LINE('',#16890,#3606);
#1882=LINE('',#16892,#3607);
#1883=LINE('',#16893,#3608);
#1884=LINE('',#16896,#3609);
#1885=LINE('',#16898,#3610);
#1886=LINE('',#16899,#3611);
#1887=LINE('',#16902,#3612);
#1888=LINE('',#16904,#3613);
#1889=LINE('',#16905,#3614);
#1890=LINE('',#16908,#3615);
#1891=LINE('',#16910,#3616);
#1892=LINE('',#16911,#3617);
#1893=LINE('',#16914,#3618);
#1894=LINE('',#16916,#3619);
#1895=LINE('',#16917,#3620);
#1896=LINE('',#16920,#3621);
#1897=LINE('',#16922,#3622);
#1898=LINE('',#16923,#3623);
#1899=LINE('',#16926,#3624);
#1900=LINE('',#16928,#3625);
#1901=LINE('',#16929,#3626);
#1902=LINE('',#16932,#3627);
#1903=LINE('',#16934,#3628);
#1904=LINE('',#16935,#3629);
#1905=LINE('',#16938,#3630);
#1906=LINE('',#16940,#3631);
#1907=LINE('',#16941,#3632);
#1908=LINE('',#16944,#3633);
#1909=LINE('',#16946,#3634);
#1910=LINE('',#16947,#3635);
#1911=LINE('',#16950,#3636);
#1912=LINE('',#16952,#3637);
#1913=LINE('',#16953,#3638);
#1914=LINE('',#16956,#3639);
#1915=LINE('',#16958,#3640);
#1916=LINE('',#16959,#3641);
#1917=LINE('',#16962,#3642);
#1918=LINE('',#16964,#3643);
#1919=LINE('',#16965,#3644);
#1920=LINE('',#16968,#3645);
#1921=LINE('',#16970,#3646);
#1922=LINE('',#16971,#3647);
#1923=LINE('',#16974,#3648);
#1924=LINE('',#16976,#3649);
#1925=LINE('',#16977,#3650);
#1926=LINE('',#16980,#3651);
#1927=LINE('',#16982,#3652);
#1928=LINE('',#16983,#3653);
#1929=LINE('',#16985,#3654);
#1930=LINE('',#16986,#3655);
#1931=LINE('',#16990,#3656);
#1932=LINE('',#16992,#3657);
#1933=LINE('',#16994,#3658);
#1934=LINE('',#16995,#3659);
#1935=LINE('',#16998,#3660);
#1936=LINE('',#17000,#3661);
#1937=LINE('',#17001,#3662);
#1938=LINE('',#17004,#3663);
#1939=LINE('',#17006,#3664);
#1940=LINE('',#17007,#3665);
#1941=LINE('',#17010,#3666);
#1942=LINE('',#17012,#3667);
#1943=LINE('',#17013,#3668);
#1944=LINE('',#17016,#3669);
#1945=LINE('',#17018,#3670);
#1946=LINE('',#17019,#3671);
#1947=LINE('',#17022,#3672);
#1948=LINE('',#17024,#3673);
#1949=LINE('',#17025,#3674);
#1950=LINE('',#17028,#3675);
#1951=LINE('',#17030,#3676);
#1952=LINE('',#17031,#3677);
#1953=LINE('',#17034,#3678);
#1954=LINE('',#17036,#3679);
#1955=LINE('',#17037,#3680);
#1956=LINE('',#17040,#3681);
#1957=LINE('',#17042,#3682);
#1958=LINE('',#17043,#3683);
#1959=LINE('',#17046,#3684);
#1960=LINE('',#17048,#3685);
#1961=LINE('',#17049,#3686);
#1962=LINE('',#17052,#3687);
#1963=LINE('',#17054,#3688);
#1964=LINE('',#17055,#3689);
#1965=LINE('',#17058,#3690);
#1966=LINE('',#17060,#3691);
#1967=LINE('',#17061,#3692);
#1968=LINE('',#17064,#3693);
#1969=LINE('',#17066,#3694);
#1970=LINE('',#17067,#3695);
#1971=LINE('',#17070,#3696);
#1972=LINE('',#17072,#3697);
#1973=LINE('',#17073,#3698);
#1974=LINE('',#17076,#3699);
#1975=LINE('',#17078,#3700);
#1976=LINE('',#17079,#3701);
#1977=LINE('',#17082,#3702);
#1978=LINE('',#17084,#3703);
#1979=LINE('',#17085,#3704);
#1980=LINE('',#17088,#3705);
#1981=LINE('',#17090,#3706);
#1982=LINE('',#17091,#3707);
#1983=LINE('',#17094,#3708);
#1984=LINE('',#17096,#3709);
#1985=LINE('',#17097,#3710);
#1986=LINE('',#17100,#3711);
#1987=LINE('',#17102,#3712);
#1988=LINE('',#17103,#3713);
#1989=LINE('',#17105,#3714);
#1990=LINE('',#17106,#3715);
#1991=LINE('',#17110,#3716);
#1992=LINE('',#17112,#3717);
#1993=LINE('',#17114,#3718);
#1994=LINE('',#17115,#3719);
#1995=LINE('',#17118,#3720);
#1996=LINE('',#17120,#3721);
#1997=LINE('',#17121,#3722);
#1998=LINE('',#17124,#3723);
#1999=LINE('',#17126,#3724);
#2000=LINE('',#17127,#3725);
#2001=LINE('',#17130,#3726);
#2002=LINE('',#17132,#3727);
#2003=LINE('',#17133,#3728);
#2004=LINE('',#17136,#3729);
#2005=LINE('',#17138,#3730);
#2006=LINE('',#17139,#3731);
#2007=LINE('',#17142,#3732);
#2008=LINE('',#17144,#3733);
#2009=LINE('',#17145,#3734);
#2010=LINE('',#17148,#3735);
#2011=LINE('',#17150,#3736);
#2012=LINE('',#17151,#3737);
#2013=LINE('',#17154,#3738);
#2014=LINE('',#17156,#3739);
#2015=LINE('',#17157,#3740);
#2016=LINE('',#17160,#3741);
#2017=LINE('',#17162,#3742);
#2018=LINE('',#17163,#3743);
#2019=LINE('',#17166,#3744);
#2020=LINE('',#17168,#3745);
#2021=LINE('',#17169,#3746);
#2022=LINE('',#17172,#3747);
#2023=LINE('',#17174,#3748);
#2024=LINE('',#17175,#3749);
#2025=LINE('',#17178,#3750);
#2026=LINE('',#17180,#3751);
#2027=LINE('',#17181,#3752);
#2028=LINE('',#17184,#3753);
#2029=LINE('',#17186,#3754);
#2030=LINE('',#17187,#3755);
#2031=LINE('',#17190,#3756);
#2032=LINE('',#17192,#3757);
#2033=LINE('',#17193,#3758);
#2034=LINE('',#17196,#3759);
#2035=LINE('',#17198,#3760);
#2036=LINE('',#17199,#3761);
#2037=LINE('',#17202,#3762);
#2038=LINE('',#17204,#3763);
#2039=LINE('',#17205,#3764);
#2040=LINE('',#17208,#3765);
#2041=LINE('',#17210,#3766);
#2042=LINE('',#17211,#3767);
#2043=LINE('',#17214,#3768);
#2044=LINE('',#17216,#3769);
#2045=LINE('',#17217,#3770);
#2046=LINE('',#17220,#3771);
#2047=LINE('',#17222,#3772);
#2048=LINE('',#17223,#3773);
#2049=LINE('',#17225,#3774);
#2050=LINE('',#17226,#3775);
#2051=LINE('',#17230,#3776);
#2052=LINE('',#17232,#3777);
#2053=LINE('',#17234,#3778);
#2054=LINE('',#17235,#3779);
#2055=LINE('',#17238,#3780);
#2056=LINE('',#17240,#3781);
#2057=LINE('',#17241,#3782);
#2058=LINE('',#17244,#3783);
#2059=LINE('',#17246,#3784);
#2060=LINE('',#17247,#3785);
#2061=LINE('',#17250,#3786);
#2062=LINE('',#17252,#3787);
#2063=LINE('',#17253,#3788);
#2064=LINE('',#17256,#3789);
#2065=LINE('',#17258,#3790);
#2066=LINE('',#17259,#3791);
#2067=LINE('',#17262,#3792);
#2068=LINE('',#17264,#3793);
#2069=LINE('',#17265,#3794);
#2070=LINE('',#17268,#3795);
#2071=LINE('',#17270,#3796);
#2072=LINE('',#17271,#3797);
#2073=LINE('',#17274,#3798);
#2074=LINE('',#17276,#3799);
#2075=LINE('',#17277,#3800);
#2076=LINE('',#17280,#3801);
#2077=LINE('',#17282,#3802);
#2078=LINE('',#17283,#3803);
#2079=LINE('',#17286,#3804);
#2080=LINE('',#17288,#3805);
#2081=LINE('',#17289,#3806);
#2082=LINE('',#17292,#3807);
#2083=LINE('',#17294,#3808);
#2084=LINE('',#17295,#3809);
#2085=LINE('',#17298,#3810);
#2086=LINE('',#17300,#3811);
#2087=LINE('',#17301,#3812);
#2088=LINE('',#17304,#3813);
#2089=LINE('',#17306,#3814);
#2090=LINE('',#17307,#3815);
#2091=LINE('',#17310,#3816);
#2092=LINE('',#17312,#3817);
#2093=LINE('',#17313,#3818);
#2094=LINE('',#17316,#3819);
#2095=LINE('',#17318,#3820);
#2096=LINE('',#17319,#3821);
#2097=LINE('',#17322,#3822);
#2098=LINE('',#17324,#3823);
#2099=LINE('',#17325,#3824);
#2100=LINE('',#17328,#3825);
#2101=LINE('',#17330,#3826);
#2102=LINE('',#17331,#3827);
#2103=LINE('',#17334,#3828);
#2104=LINE('',#17336,#3829);
#2105=LINE('',#17337,#3830);
#2106=LINE('',#17340,#3831);
#2107=LINE('',#17342,#3832);
#2108=LINE('',#17343,#3833);
#2109=LINE('',#17345,#3834);
#2110=LINE('',#17346,#3835);
#2111=LINE('',#17350,#3836);
#2112=LINE('',#17352,#3837);
#2113=LINE('',#17354,#3838);
#2114=LINE('',#17355,#3839);
#2115=LINE('',#17358,#3840);
#2116=LINE('',#17360,#3841);
#2117=LINE('',#17361,#3842);
#2118=LINE('',#17364,#3843);
#2119=LINE('',#17366,#3844);
#2120=LINE('',#17367,#3845);
#2121=LINE('',#17370,#3846);
#2122=LINE('',#17372,#3847);
#2123=LINE('',#17373,#3848);
#2124=LINE('',#17376,#3849);
#2125=LINE('',#17378,#3850);
#2126=LINE('',#17379,#3851);
#2127=LINE('',#17382,#3852);
#2128=LINE('',#17384,#3853);
#2129=LINE('',#17385,#3854);
#2130=LINE('',#17388,#3855);
#2131=LINE('',#17390,#3856);
#2132=LINE('',#17391,#3857);
#2133=LINE('',#17394,#3858);
#2134=LINE('',#17396,#3859);
#2135=LINE('',#17397,#3860);
#2136=LINE('',#17400,#3861);
#2137=LINE('',#17402,#3862);
#2138=LINE('',#17403,#3863);
#2139=LINE('',#17406,#3864);
#2140=LINE('',#17408,#3865);
#2141=LINE('',#17409,#3866);
#2142=LINE('',#17412,#3867);
#2143=LINE('',#17414,#3868);
#2144=LINE('',#17415,#3869);
#2145=LINE('',#17418,#3870);
#2146=LINE('',#17420,#3871);
#2147=LINE('',#17421,#3872);
#2148=LINE('',#17424,#3873);
#2149=LINE('',#17426,#3874);
#2150=LINE('',#17427,#3875);
#2151=LINE('',#17430,#3876);
#2152=LINE('',#17432,#3877);
#2153=LINE('',#17433,#3878);
#2154=LINE('',#17436,#3879);
#2155=LINE('',#17438,#3880);
#2156=LINE('',#17439,#3881);
#2157=LINE('',#17442,#3882);
#2158=LINE('',#17444,#3883);
#2159=LINE('',#17445,#3884);
#2160=LINE('',#17448,#3885);
#2161=LINE('',#17450,#3886);
#2162=LINE('',#17451,#3887);
#2163=LINE('',#17454,#3888);
#2164=LINE('',#17456,#3889);
#2165=LINE('',#17457,#3890);
#2166=LINE('',#17460,#3891);
#2167=LINE('',#17462,#3892);
#2168=LINE('',#17463,#3893);
#2169=LINE('',#17465,#3894);
#2170=LINE('',#17466,#3895);
#2171=LINE('',#17470,#3896);
#2172=LINE('',#17472,#3897);
#2173=LINE('',#17474,#3898);
#2174=LINE('',#17475,#3899);
#2175=LINE('',#17478,#3900);
#2176=LINE('',#17480,#3901);
#2177=LINE('',#17481,#3902);
#2178=LINE('',#17484,#3903);
#2179=LINE('',#17486,#3904);
#2180=LINE('',#17487,#3905);
#2181=LINE('',#17490,#3906);
#2182=LINE('',#17492,#3907);
#2183=LINE('',#17493,#3908);
#2184=LINE('',#17496,#3909);
#2185=LINE('',#17498,#3910);
#2186=LINE('',#17499,#3911);
#2187=LINE('',#17502,#3912);
#2188=LINE('',#17504,#3913);
#2189=LINE('',#17505,#3914);
#2190=LINE('',#17508,#3915);
#2191=LINE('',#17510,#3916);
#2192=LINE('',#17511,#3917);
#2193=LINE('',#17514,#3918);
#2194=LINE('',#17516,#3919);
#2195=LINE('',#17517,#3920);
#2196=LINE('',#17520,#3921);
#2197=LINE('',#17522,#3922);
#2198=LINE('',#17523,#3923);
#2199=LINE('',#17526,#3924);
#2200=LINE('',#17528,#3925);
#2201=LINE('',#17529,#3926);
#2202=LINE('',#17532,#3927);
#2203=LINE('',#17534,#3928);
#2204=LINE('',#17535,#3929);
#2205=LINE('',#17538,#3930);
#2206=LINE('',#17540,#3931);
#2207=LINE('',#17541,#3932);
#2208=LINE('',#17544,#3933);
#2209=LINE('',#17546,#3934);
#2210=LINE('',#17547,#3935);
#2211=LINE('',#17550,#3936);
#2212=LINE('',#17552,#3937);
#2213=LINE('',#17553,#3938);
#2214=LINE('',#17556,#3939);
#2215=LINE('',#17558,#3940);
#2216=LINE('',#17559,#3941);
#2217=LINE('',#17562,#3942);
#2218=LINE('',#17564,#3943);
#2219=LINE('',#17565,#3944);
#2220=LINE('',#17568,#3945);
#2221=LINE('',#17570,#3946);
#2222=LINE('',#17571,#3947);
#2223=LINE('',#17574,#3948);
#2224=LINE('',#17576,#3949);
#2225=LINE('',#17577,#3950);
#2226=LINE('',#17580,#3951);
#2227=LINE('',#17582,#3952);
#2228=LINE('',#17583,#3953);
#2229=LINE('',#17585,#3954);
#2230=LINE('',#17586,#3955);
#2231=LINE('',#17590,#3956);
#2232=LINE('',#17592,#3957);
#2233=LINE('',#17594,#3958);
#2234=LINE('',#17595,#3959);
#2235=LINE('',#17598,#3960);
#2236=LINE('',#17600,#3961);
#2237=LINE('',#17601,#3962);
#2238=LINE('',#17604,#3963);
#2239=LINE('',#17606,#3964);
#2240=LINE('',#17607,#3965);
#2241=LINE('',#17610,#3966);
#2242=LINE('',#17612,#3967);
#2243=LINE('',#17613,#3968);
#2244=LINE('',#17616,#3969);
#2245=LINE('',#17618,#3970);
#2246=LINE('',#17619,#3971);
#2247=LINE('',#17622,#3972);
#2248=LINE('',#17624,#3973);
#2249=LINE('',#17625,#3974);
#2250=LINE('',#17628,#3975);
#2251=LINE('',#17630,#3976);
#2252=LINE('',#17631,#3977);
#2253=LINE('',#17634,#3978);
#2254=LINE('',#17636,#3979);
#2255=LINE('',#17637,#3980);
#2256=LINE('',#17640,#3981);
#2257=LINE('',#17642,#3982);
#2258=LINE('',#17643,#3983);
#2259=LINE('',#17646,#3984);
#2260=LINE('',#17648,#3985);
#2261=LINE('',#17649,#3986);
#2262=LINE('',#17652,#3987);
#2263=LINE('',#17654,#3988);
#2264=LINE('',#17655,#3989);
#2265=LINE('',#17658,#3990);
#2266=LINE('',#17660,#3991);
#2267=LINE('',#17661,#3992);
#2268=LINE('',#17664,#3993);
#2269=LINE('',#17666,#3994);
#2270=LINE('',#17667,#3995);
#2271=LINE('',#17670,#3996);
#2272=LINE('',#17672,#3997);
#2273=LINE('',#17673,#3998);
#2274=LINE('',#17676,#3999);
#2275=LINE('',#17678,#4000);
#2276=LINE('',#17679,#4001);
#2277=LINE('',#17682,#4002);
#2278=LINE('',#17684,#4003);
#2279=LINE('',#17685,#4004);
#2280=LINE('',#17688,#4005);
#2281=LINE('',#17690,#4006);
#2282=LINE('',#17691,#4007);
#2283=LINE('',#17694,#4008);
#2284=LINE('',#17696,#4009);
#2285=LINE('',#17697,#4010);
#2286=LINE('',#17700,#4011);
#2287=LINE('',#17702,#4012);
#2288=LINE('',#17703,#4013);
#2289=LINE('',#17705,#4014);
#2290=LINE('',#17706,#4015);
#2291=LINE('',#17710,#4016);
#2292=LINE('',#17712,#4017);
#2293=LINE('',#17714,#4018);
#2294=LINE('',#17715,#4019);
#2295=LINE('',#17718,#4020);
#2296=LINE('',#17720,#4021);
#2297=LINE('',#17721,#4022);
#2298=LINE('',#17724,#4023);
#2299=LINE('',#17726,#4024);
#2300=LINE('',#17727,#4025);
#2301=LINE('',#17730,#4026);
#2302=LINE('',#17732,#4027);
#2303=LINE('',#17733,#4028);
#2304=LINE('',#17736,#4029);
#2305=LINE('',#17738,#4030);
#2306=LINE('',#17739,#4031);
#2307=LINE('',#17742,#4032);
#2308=LINE('',#17744,#4033);
#2309=LINE('',#17745,#4034);
#2310=LINE('',#17748,#4035);
#2311=LINE('',#17750,#4036);
#2312=LINE('',#17751,#4037);
#2313=LINE('',#17754,#4038);
#2314=LINE('',#17756,#4039);
#2315=LINE('',#17757,#4040);
#2316=LINE('',#17760,#4041);
#2317=LINE('',#17762,#4042);
#2318=LINE('',#17763,#4043);
#2319=LINE('',#17766,#4044);
#2320=LINE('',#17768,#4045);
#2321=LINE('',#17769,#4046);
#2322=LINE('',#17772,#4047);
#2323=LINE('',#17774,#4048);
#2324=LINE('',#17775,#4049);
#2325=LINE('',#17778,#4050);
#2326=LINE('',#17780,#4051);
#2327=LINE('',#17781,#4052);
#2328=LINE('',#17784,#4053);
#2329=LINE('',#17786,#4054);
#2330=LINE('',#17787,#4055);
#2331=LINE('',#17790,#4056);
#2332=LINE('',#17792,#4057);
#2333=LINE('',#17793,#4058);
#2334=LINE('',#17796,#4059);
#2335=LINE('',#17798,#4060);
#2336=LINE('',#17799,#4061);
#2337=LINE('',#17802,#4062);
#2338=LINE('',#17804,#4063);
#2339=LINE('',#17805,#4064);
#2340=LINE('',#17808,#4065);
#2341=LINE('',#17810,#4066);
#2342=LINE('',#17811,#4067);
#2343=LINE('',#17814,#4068);
#2344=LINE('',#17816,#4069);
#2345=LINE('',#17817,#4070);
#2346=LINE('',#17820,#4071);
#2347=LINE('',#17822,#4072);
#2348=LINE('',#17823,#4073);
#2349=LINE('',#17825,#4074);
#2350=LINE('',#17826,#4075);
#2351=LINE('',#17830,#4076);
#2352=LINE('',#17832,#4077);
#2353=LINE('',#17834,#4078);
#2354=LINE('',#17835,#4079);
#2355=LINE('',#17838,#4080);
#2356=LINE('',#17840,#4081);
#2357=LINE('',#17841,#4082);
#2358=LINE('',#17844,#4083);
#2359=LINE('',#17846,#4084);
#2360=LINE('',#17847,#4085);
#2361=LINE('',#17850,#4086);
#2362=LINE('',#17852,#4087);
#2363=LINE('',#17853,#4088);
#2364=LINE('',#17856,#4089);
#2365=LINE('',#17858,#4090);
#2366=LINE('',#17859,#4091);
#2367=LINE('',#17862,#4092);
#2368=LINE('',#17864,#4093);
#2369=LINE('',#17865,#4094);
#2370=LINE('',#17868,#4095);
#2371=LINE('',#17870,#4096);
#2372=LINE('',#17871,#4097);
#2373=LINE('',#17874,#4098);
#2374=LINE('',#17876,#4099);
#2375=LINE('',#17877,#4100);
#2376=LINE('',#17880,#4101);
#2377=LINE('',#17882,#4102);
#2378=LINE('',#17883,#4103);
#2379=LINE('',#17886,#4104);
#2380=LINE('',#17888,#4105);
#2381=LINE('',#17889,#4106);
#2382=LINE('',#17892,#4107);
#2383=LINE('',#17894,#4108);
#2384=LINE('',#17895,#4109);
#2385=LINE('',#17898,#4110);
#2386=LINE('',#17900,#4111);
#2387=LINE('',#17901,#4112);
#2388=LINE('',#17904,#4113);
#2389=LINE('',#17906,#4114);
#2390=LINE('',#17907,#4115);
#2391=LINE('',#17910,#4116);
#2392=LINE('',#17912,#4117);
#2393=LINE('',#17913,#4118);
#2394=LINE('',#17916,#4119);
#2395=LINE('',#17918,#4120);
#2396=LINE('',#17919,#4121);
#2397=LINE('',#17922,#4122);
#2398=LINE('',#17924,#4123);
#2399=LINE('',#17925,#4124);
#2400=LINE('',#17928,#4125);
#2401=LINE('',#17930,#4126);
#2402=LINE('',#17931,#4127);
#2403=LINE('',#17934,#4128);
#2404=LINE('',#17936,#4129);
#2405=LINE('',#17937,#4130);
#2406=LINE('',#17940,#4131);
#2407=LINE('',#17942,#4132);
#2408=LINE('',#17943,#4133);
#2409=LINE('',#17945,#4134);
#2410=LINE('',#17946,#4135);
#2411=LINE('',#17950,#4136);
#2412=LINE('',#17952,#4137);
#2413=LINE('',#17954,#4138);
#2414=LINE('',#17955,#4139);
#2415=LINE('',#17958,#4140);
#2416=LINE('',#17960,#4141);
#2417=LINE('',#17961,#4142);
#2418=LINE('',#17964,#4143);
#2419=LINE('',#17966,#4144);
#2420=LINE('',#17967,#4145);
#2421=LINE('',#17970,#4146);
#2422=LINE('',#17972,#4147);
#2423=LINE('',#17973,#4148);
#2424=LINE('',#17976,#4149);
#2425=LINE('',#17978,#4150);
#2426=LINE('',#17979,#4151);
#2427=LINE('',#17982,#4152);
#2428=LINE('',#17984,#4153);
#2429=LINE('',#17985,#4154);
#2430=LINE('',#17988,#4155);
#2431=LINE('',#17990,#4156);
#2432=LINE('',#17991,#4157);
#2433=LINE('',#17994,#4158);
#2434=LINE('',#17996,#4159);
#2435=LINE('',#17997,#4160);
#2436=LINE('',#18000,#4161);
#2437=LINE('',#18002,#4162);
#2438=LINE('',#18003,#4163);
#2439=LINE('',#18006,#4164);
#2440=LINE('',#18008,#4165);
#2441=LINE('',#18009,#4166);
#2442=LINE('',#18012,#4167);
#2443=LINE('',#18014,#4168);
#2444=LINE('',#18015,#4169);
#2445=LINE('',#18018,#4170);
#2446=LINE('',#18020,#4171);
#2447=LINE('',#18021,#4172);
#2448=LINE('',#18024,#4173);
#2449=LINE('',#18026,#4174);
#2450=LINE('',#18027,#4175);
#2451=LINE('',#18030,#4176);
#2452=LINE('',#18032,#4177);
#2453=LINE('',#18033,#4178);
#2454=LINE('',#18036,#4179);
#2455=LINE('',#18038,#4180);
#2456=LINE('',#18039,#4181);
#2457=LINE('',#18042,#4182);
#2458=LINE('',#18044,#4183);
#2459=LINE('',#18045,#4184);
#2460=LINE('',#18048,#4185);
#2461=LINE('',#18050,#4186);
#2462=LINE('',#18051,#4187);
#2463=LINE('',#18054,#4188);
#2464=LINE('',#18056,#4189);
#2465=LINE('',#18057,#4190);
#2466=LINE('',#18060,#4191);
#2467=LINE('',#18062,#4192);
#2468=LINE('',#18063,#4193);
#2469=LINE('',#18065,#4194);
#2470=LINE('',#18066,#4195);
#2471=LINE('',#18070,#4196);
#2472=LINE('',#18072,#4197);
#2473=LINE('',#18074,#4198);
#2474=LINE('',#18075,#4199);
#2475=LINE('',#18078,#4200);
#2476=LINE('',#18080,#4201);
#2477=LINE('',#18081,#4202);
#2478=LINE('',#18084,#4203);
#2479=LINE('',#18086,#4204);
#2480=LINE('',#18087,#4205);
#2481=LINE('',#18090,#4206);
#2482=LINE('',#18092,#4207);
#2483=LINE('',#18093,#4208);
#2484=LINE('',#18096,#4209);
#2485=LINE('',#18098,#4210);
#2486=LINE('',#18099,#4211);
#2487=LINE('',#18102,#4212);
#2488=LINE('',#18104,#4213);
#2489=LINE('',#18105,#4214);
#2490=LINE('',#18108,#4215);
#2491=LINE('',#18110,#4216);
#2492=LINE('',#18111,#4217);
#2493=LINE('',#18114,#4218);
#2494=LINE('',#18116,#4219);
#2495=LINE('',#18117,#4220);
#2496=LINE('',#18120,#4221);
#2497=LINE('',#18122,#4222);
#2498=LINE('',#18123,#4223);
#2499=LINE('',#18126,#4224);
#2500=LINE('',#18128,#4225);
#2501=LINE('',#18129,#4226);
#2502=LINE('',#18132,#4227);
#2503=LINE('',#18134,#4228);
#2504=LINE('',#18135,#4229);
#2505=LINE('',#18138,#4230);
#2506=LINE('',#18140,#4231);
#2507=LINE('',#18141,#4232);
#2508=LINE('',#18144,#4233);
#2509=LINE('',#18146,#4234);
#2510=LINE('',#18147,#4235);
#2511=LINE('',#18150,#4236);
#2512=LINE('',#18152,#4237);
#2513=LINE('',#18153,#4238);
#2514=LINE('',#18156,#4239);
#2515=LINE('',#18158,#4240);
#2516=LINE('',#18159,#4241);
#2517=LINE('',#18162,#4242);
#2518=LINE('',#18164,#4243);
#2519=LINE('',#18165,#4244);
#2520=LINE('',#18168,#4245);
#2521=LINE('',#18170,#4246);
#2522=LINE('',#18171,#4247);
#2523=LINE('',#18174,#4248);
#2524=LINE('',#18176,#4249);
#2525=LINE('',#18177,#4250);
#2526=LINE('',#18180,#4251);
#2527=LINE('',#18182,#4252);
#2528=LINE('',#18183,#4253);
#2529=LINE('',#18185,#4254);
#2530=LINE('',#18186,#4255);
#2531=LINE('',#18190,#4256);
#2532=LINE('',#18192,#4257);
#2533=LINE('',#18194,#4258);
#2534=LINE('',#18195,#4259);
#2535=LINE('',#18198,#4260);
#2536=LINE('',#18200,#4261);
#2537=LINE('',#18201,#4262);
#2538=LINE('',#18204,#4263);
#2539=LINE('',#18206,#4264);
#2540=LINE('',#18207,#4265);
#2541=LINE('',#18210,#4266);
#2542=LINE('',#18212,#4267);
#2543=LINE('',#18213,#4268);
#2544=LINE('',#18216,#4269);
#2545=LINE('',#18218,#4270);
#2546=LINE('',#18219,#4271);
#2547=LINE('',#18222,#4272);
#2548=LINE('',#18224,#4273);
#2549=LINE('',#18225,#4274);
#2550=LINE('',#18228,#4275);
#2551=LINE('',#18230,#4276);
#2552=LINE('',#18231,#4277);
#2553=LINE('',#18234,#4278);
#2554=LINE('',#18236,#4279);
#2555=LINE('',#18237,#4280);
#2556=LINE('',#18240,#4281);
#2557=LINE('',#18242,#4282);
#2558=LINE('',#18243,#4283);
#2559=LINE('',#18246,#4284);
#2560=LINE('',#18248,#4285);
#2561=LINE('',#18249,#4286);
#2562=LINE('',#18252,#4287);
#2563=LINE('',#18254,#4288);
#2564=LINE('',#18255,#4289);
#2565=LINE('',#18258,#4290);
#2566=LINE('',#18260,#4291);
#2567=LINE('',#18261,#4292);
#2568=LINE('',#18264,#4293);
#2569=LINE('',#18266,#4294);
#2570=LINE('',#18267,#4295);
#2571=LINE('',#18270,#4296);
#2572=LINE('',#18272,#4297);
#2573=LINE('',#18273,#4298);
#2574=LINE('',#18276,#4299);
#2575=LINE('',#18278,#4300);
#2576=LINE('',#18279,#4301);
#2577=LINE('',#18282,#4302);
#2578=LINE('',#18284,#4303);
#2579=LINE('',#18285,#4304);
#2580=LINE('',#18288,#4305);
#2581=LINE('',#18290,#4306);
#2582=LINE('',#18291,#4307);
#2583=LINE('',#18294,#4308);
#2584=LINE('',#18296,#4309);
#2585=LINE('',#18297,#4310);
#2586=LINE('',#18300,#4311);
#2587=LINE('',#18302,#4312);
#2588=LINE('',#18303,#4313);
#2589=LINE('',#18305,#4314);
#2590=LINE('',#18306,#4315);
#2591=LINE('',#18310,#4316);
#2592=LINE('',#18312,#4317);
#2593=LINE('',#18314,#4318);
#2594=LINE('',#18315,#4319);
#2595=LINE('',#18318,#4320);
#2596=LINE('',#18320,#4321);
#2597=LINE('',#18321,#4322);
#2598=LINE('',#18324,#4323);
#2599=LINE('',#18326,#4324);
#2600=LINE('',#18327,#4325);
#2601=LINE('',#18330,#4326);
#2602=LINE('',#18332,#4327);
#2603=LINE('',#18333,#4328);
#2604=LINE('',#18336,#4329);
#2605=LINE('',#18338,#4330);
#2606=LINE('',#18339,#4331);
#2607=LINE('',#18342,#4332);
#2608=LINE('',#18344,#4333);
#2609=LINE('',#18345,#4334);
#2610=LINE('',#18348,#4335);
#2611=LINE('',#18350,#4336);
#2612=LINE('',#18351,#4337);
#2613=LINE('',#18354,#4338);
#2614=LINE('',#18356,#4339);
#2615=LINE('',#18357,#4340);
#2616=LINE('',#18360,#4341);
#2617=LINE('',#18362,#4342);
#2618=LINE('',#18363,#4343);
#2619=LINE('',#18366,#4344);
#2620=LINE('',#18368,#4345);
#2621=LINE('',#18369,#4346);
#2622=LINE('',#18372,#4347);
#2623=LINE('',#18374,#4348);
#2624=LINE('',#18375,#4349);
#2625=LINE('',#18378,#4350);
#2626=LINE('',#18380,#4351);
#2627=LINE('',#18381,#4352);
#2628=LINE('',#18384,#4353);
#2629=LINE('',#18386,#4354);
#2630=LINE('',#18387,#4355);
#2631=LINE('',#18390,#4356);
#2632=LINE('',#18392,#4357);
#2633=LINE('',#18393,#4358);
#2634=LINE('',#18396,#4359);
#2635=LINE('',#18398,#4360);
#2636=LINE('',#18399,#4361);
#2637=LINE('',#18402,#4362);
#2638=LINE('',#18404,#4363);
#2639=LINE('',#18405,#4364);
#2640=LINE('',#18408,#4365);
#2641=LINE('',#18410,#4366);
#2642=LINE('',#18411,#4367);
#2643=LINE('',#18414,#4368);
#2644=LINE('',#18416,#4369);
#2645=LINE('',#18417,#4370);
#2646=LINE('',#18420,#4371);
#2647=LINE('',#18422,#4372);
#2648=LINE('',#18423,#4373);
#2649=LINE('',#18425,#4374);
#2650=LINE('',#18426,#4375);
#2651=LINE('',#18430,#4376);
#2652=LINE('',#18432,#4377);
#2653=LINE('',#18434,#4378);
#2654=LINE('',#18435,#4379);
#2655=LINE('',#18438,#4380);
#2656=LINE('',#18440,#4381);
#2657=LINE('',#18441,#4382);
#2658=LINE('',#18444,#4383);
#2659=LINE('',#18446,#4384);
#2660=LINE('',#18447,#4385);
#2661=LINE('',#18450,#4386);
#2662=LINE('',#18452,#4387);
#2663=LINE('',#18453,#4388);
#2664=LINE('',#18456,#4389);
#2665=LINE('',#18458,#4390);
#2666=LINE('',#18459,#4391);
#2667=LINE('',#18462,#4392);
#2668=LINE('',#18464,#4393);
#2669=LINE('',#18465,#4394);
#2670=LINE('',#18468,#4395);
#2671=LINE('',#18470,#4396);
#2672=LINE('',#18471,#4397);
#2673=LINE('',#18474,#4398);
#2674=LINE('',#18476,#4399);
#2675=LINE('',#18477,#4400);
#2676=LINE('',#18480,#4401);
#2677=LINE('',#18482,#4402);
#2678=LINE('',#18483,#4403);
#2679=LINE('',#18486,#4404);
#2680=LINE('',#18488,#4405);
#2681=LINE('',#18489,#4406);
#2682=LINE('',#18492,#4407);
#2683=LINE('',#18494,#4408);
#2684=LINE('',#18495,#4409);
#2685=LINE('',#18498,#4410);
#2686=LINE('',#18500,#4411);
#2687=LINE('',#18501,#4412);
#2688=LINE('',#18504,#4413);
#2689=LINE('',#18506,#4414);
#2690=LINE('',#18507,#4415);
#2691=LINE('',#18510,#4416);
#2692=LINE('',#18512,#4417);
#2693=LINE('',#18513,#4418);
#2694=LINE('',#18516,#4419);
#2695=LINE('',#18518,#4420);
#2696=LINE('',#18519,#4421);
#2697=LINE('',#18522,#4422);
#2698=LINE('',#18524,#4423);
#2699=LINE('',#18525,#4424);
#2700=LINE('',#18528,#4425);
#2701=LINE('',#18530,#4426);
#2702=LINE('',#18531,#4427);
#2703=LINE('',#18534,#4428);
#2704=LINE('',#18536,#4429);
#2705=LINE('',#18537,#4430);
#2706=LINE('',#18540,#4431);
#2707=LINE('',#18542,#4432);
#2708=LINE('',#18543,#4433);
#2709=LINE('',#18545,#4434);
#2710=LINE('',#18546,#4435);
#2711=LINE('',#18550,#4436);
#2712=LINE('',#18552,#4437);
#2713=LINE('',#18554,#4438);
#2714=LINE('',#18555,#4439);
#2715=LINE('',#18558,#4440);
#2716=LINE('',#18560,#4441);
#2717=LINE('',#18561,#4442);
#2718=LINE('',#18564,#4443);
#2719=LINE('',#18566,#4444);
#2720=LINE('',#18567,#4445);
#2721=LINE('',#18570,#4446);
#2722=LINE('',#18572,#4447);
#2723=LINE('',#18573,#4448);
#2724=LINE('',#18576,#4449);
#2725=LINE('',#18578,#4450);
#2726=LINE('',#18579,#4451);
#2727=LINE('',#18582,#4452);
#2728=LINE('',#18584,#4453);
#2729=LINE('',#18585,#4454);
#2730=LINE('',#18588,#4455);
#2731=LINE('',#18590,#4456);
#2732=LINE('',#18591,#4457);
#2733=LINE('',#18594,#4458);
#2734=LINE('',#18596,#4459);
#2735=LINE('',#18597,#4460);
#2736=LINE('',#18600,#4461);
#2737=LINE('',#18602,#4462);
#2738=LINE('',#18603,#4463);
#2739=LINE('',#18606,#4464);
#2740=LINE('',#18608,#4465);
#2741=LINE('',#18609,#4466);
#2742=LINE('',#18612,#4467);
#2743=LINE('',#18614,#4468);
#2744=LINE('',#18615,#4469);
#2745=LINE('',#18618,#4470);
#2746=LINE('',#18620,#4471);
#2747=LINE('',#18621,#4472);
#2748=LINE('',#18624,#4473);
#2749=LINE('',#18626,#4474);
#2750=LINE('',#18627,#4475);
#2751=LINE('',#18630,#4476);
#2752=LINE('',#18632,#4477);
#2753=LINE('',#18633,#4478);
#2754=LINE('',#18636,#4479);
#2755=LINE('',#18638,#4480);
#2756=LINE('',#18639,#4481);
#2757=LINE('',#18642,#4482);
#2758=LINE('',#18644,#4483);
#2759=LINE('',#18645,#4484);
#2760=LINE('',#18648,#4485);
#2761=LINE('',#18650,#4486);
#2762=LINE('',#18651,#4487);
#2763=LINE('',#18654,#4488);
#2764=LINE('',#18656,#4489);
#2765=LINE('',#18657,#4490);
#2766=LINE('',#18660,#4491);
#2767=LINE('',#18662,#4492);
#2768=LINE('',#18663,#4493);
#2769=LINE('',#18665,#4494);
#2770=LINE('',#18666,#4495);
#2771=LINE('',#18670,#4496);
#2772=LINE('',#18672,#4497);
#2773=LINE('',#18674,#4498);
#2774=LINE('',#18675,#4499);
#2775=LINE('',#18678,#4500);
#2776=LINE('',#18680,#4501);
#2777=LINE('',#18681,#4502);
#2778=LINE('',#18684,#4503);
#2779=LINE('',#18686,#4504);
#2780=LINE('',#18687,#4505);
#2781=LINE('',#18690,#4506);
#2782=LINE('',#18692,#4507);
#2783=LINE('',#18693,#4508);
#2784=LINE('',#18696,#4509);
#2785=LINE('',#18698,#4510);
#2786=LINE('',#18699,#4511);
#2787=LINE('',#18702,#4512);
#2788=LINE('',#18704,#4513);
#2789=LINE('',#18705,#4514);
#2790=LINE('',#18708,#4515);
#2791=LINE('',#18710,#4516);
#2792=LINE('',#18711,#4517);
#2793=LINE('',#18714,#4518);
#2794=LINE('',#18716,#4519);
#2795=LINE('',#18717,#4520);
#2796=LINE('',#18720,#4521);
#2797=LINE('',#18722,#4522);
#2798=LINE('',#18723,#4523);
#2799=LINE('',#18726,#4524);
#2800=LINE('',#18728,#4525);
#2801=LINE('',#18729,#4526);
#2802=LINE('',#18732,#4527);
#2803=LINE('',#18734,#4528);
#2804=LINE('',#18735,#4529);
#2805=LINE('',#18738,#4530);
#2806=LINE('',#18740,#4531);
#2807=LINE('',#18741,#4532);
#2808=LINE('',#18744,#4533);
#2809=LINE('',#18746,#4534);
#2810=LINE('',#18747,#4535);
#2811=LINE('',#18750,#4536);
#2812=LINE('',#18752,#4537);
#2813=LINE('',#18753,#4538);
#2814=LINE('',#18756,#4539);
#2815=LINE('',#18758,#4540);
#2816=LINE('',#18759,#4541);
#2817=LINE('',#18762,#4542);
#2818=LINE('',#18764,#4543);
#2819=LINE('',#18765,#4544);
#2820=LINE('',#18768,#4545);
#2821=LINE('',#18770,#4546);
#2822=LINE('',#18771,#4547);
#2823=LINE('',#18774,#4548);
#2824=LINE('',#18776,#4549);
#2825=LINE('',#18777,#4550);
#2826=LINE('',#18780,#4551);
#2827=LINE('',#18782,#4552);
#2828=LINE('',#18783,#4553);
#2829=LINE('',#18785,#4554);
#2830=LINE('',#18786,#4555);
#2831=LINE('',#18790,#4556);
#2832=LINE('',#18792,#4557);
#2833=LINE('',#18794,#4558);
#2834=LINE('',#18795,#4559);
#2835=LINE('',#18798,#4560);
#2836=LINE('',#18800,#4561);
#2837=LINE('',#18801,#4562);
#2838=LINE('',#18804,#4563);
#2839=LINE('',#18806,#4564);
#2840=LINE('',#18807,#4565);
#2841=LINE('',#18810,#4566);
#2842=LINE('',#18812,#4567);
#2843=LINE('',#18813,#4568);
#2844=LINE('',#18816,#4569);
#2845=LINE('',#18818,#4570);
#2846=LINE('',#18819,#4571);
#2847=LINE('',#18822,#4572);
#2848=LINE('',#18824,#4573);
#2849=LINE('',#18825,#4574);
#2850=LINE('',#18828,#4575);
#2851=LINE('',#18830,#4576);
#2852=LINE('',#18831,#4577);
#2853=LINE('',#18834,#4578);
#2854=LINE('',#18836,#4579);
#2855=LINE('',#18837,#4580);
#2856=LINE('',#18840,#4581);
#2857=LINE('',#18842,#4582);
#2858=LINE('',#18843,#4583);
#2859=LINE('',#18846,#4584);
#2860=LINE('',#18848,#4585);
#2861=LINE('',#18849,#4586);
#2862=LINE('',#18852,#4587);
#2863=LINE('',#18854,#4588);
#2864=LINE('',#18855,#4589);
#2865=LINE('',#18858,#4590);
#2866=LINE('',#18860,#4591);
#2867=LINE('',#18861,#4592);
#2868=LINE('',#18864,#4593);
#2869=LINE('',#18866,#4594);
#2870=LINE('',#18867,#4595);
#2871=LINE('',#18870,#4596);
#2872=LINE('',#18872,#4597);
#2873=LINE('',#18873,#4598);
#2874=LINE('',#18876,#4599);
#2875=LINE('',#18878,#4600);
#2876=LINE('',#18879,#4601);
#2877=LINE('',#18882,#4602);
#2878=LINE('',#18884,#4603);
#2879=LINE('',#18885,#4604);
#2880=LINE('',#18888,#4605);
#2881=LINE('',#18890,#4606);
#2882=LINE('',#18891,#4607);
#2883=LINE('',#18894,#4608);
#2884=LINE('',#18896,#4609);
#2885=LINE('',#18897,#4610);
#2886=LINE('',#18900,#4611);
#2887=LINE('',#18902,#4612);
#2888=LINE('',#18903,#4613);
#2889=LINE('',#18905,#4614);
#2890=LINE('',#18906,#4615);
#2891=LINE('',#18910,#4616);
#2892=LINE('',#18912,#4617);
#2893=LINE('',#18914,#4618);
#2894=LINE('',#18915,#4619);
#2895=LINE('',#18918,#4620);
#2896=LINE('',#18920,#4621);
#2897=LINE('',#18921,#4622);
#2898=LINE('',#18924,#4623);
#2899=LINE('',#18926,#4624);
#2900=LINE('',#18927,#4625);
#2901=LINE('',#18930,#4626);
#2902=LINE('',#18932,#4627);
#2903=LINE('',#18933,#4628);
#2904=LINE('',#18936,#4629);
#2905=LINE('',#18938,#4630);
#2906=LINE('',#18939,#4631);
#2907=LINE('',#18942,#4632);
#2908=LINE('',#18944,#4633);
#2909=LINE('',#18945,#4634);
#2910=LINE('',#18948,#4635);
#2911=LINE('',#18950,#4636);
#2912=LINE('',#18951,#4637);
#2913=LINE('',#18954,#4638);
#2914=LINE('',#18956,#4639);
#2915=LINE('',#18957,#4640);
#2916=LINE('',#18960,#4641);
#2917=LINE('',#18962,#4642);
#2918=LINE('',#18963,#4643);
#2919=LINE('',#18966,#4644);
#2920=LINE('',#18968,#4645);
#2921=LINE('',#18969,#4646);
#2922=LINE('',#18972,#4647);
#2923=LINE('',#18974,#4648);
#2924=LINE('',#18975,#4649);
#2925=LINE('',#18978,#4650);
#2926=LINE('',#18980,#4651);
#2927=LINE('',#18981,#4652);
#2928=LINE('',#18984,#4653);
#2929=LINE('',#18986,#4654);
#2930=LINE('',#18987,#4655);
#2931=LINE('',#18990,#4656);
#2932=LINE('',#18992,#4657);
#2933=LINE('',#18993,#4658);
#2934=LINE('',#18996,#4659);
#2935=LINE('',#18998,#4660);
#2936=LINE('',#18999,#4661);
#2937=LINE('',#19002,#4662);
#2938=LINE('',#19004,#4663);
#2939=LINE('',#19005,#4664);
#2940=LINE('',#19008,#4665);
#2941=LINE('',#19010,#4666);
#2942=LINE('',#19011,#4667);
#2943=LINE('',#19014,#4668);
#2944=LINE('',#19016,#4669);
#2945=LINE('',#19017,#4670);
#2946=LINE('',#19020,#4671);
#2947=LINE('',#19022,#4672);
#2948=LINE('',#19023,#4673);
#2949=LINE('',#19025,#4674);
#2950=LINE('',#19026,#4675);
#2951=LINE('',#19030,#4676);
#2952=LINE('',#19032,#4677);
#2953=LINE('',#19034,#4678);
#2954=LINE('',#19035,#4679);
#2955=LINE('',#19038,#4680);
#2956=LINE('',#19040,#4681);
#2957=LINE('',#19041,#4682);
#2958=LINE('',#19044,#4683);
#2959=LINE('',#19046,#4684);
#2960=LINE('',#19047,#4685);
#2961=LINE('',#19050,#4686);
#2962=LINE('',#19052,#4687);
#2963=LINE('',#19053,#4688);
#2964=LINE('',#19056,#4689);
#2965=LINE('',#19058,#4690);
#2966=LINE('',#19059,#4691);
#2967=LINE('',#19062,#4692);
#2968=LINE('',#19064,#4693);
#2969=LINE('',#19065,#4694);
#2970=LINE('',#19068,#4695);
#2971=LINE('',#19070,#4696);
#2972=LINE('',#19071,#4697);
#2973=LINE('',#19074,#4698);
#2974=LINE('',#19076,#4699);
#2975=LINE('',#19077,#4700);
#2976=LINE('',#19080,#4701);
#2977=LINE('',#19082,#4702);
#2978=LINE('',#19083,#4703);
#2979=LINE('',#19086,#4704);
#2980=LINE('',#19088,#4705);
#2981=LINE('',#19089,#4706);
#2982=LINE('',#19092,#4707);
#2983=LINE('',#19094,#4708);
#2984=LINE('',#19095,#4709);
#2985=LINE('',#19098,#4710);
#2986=LINE('',#19100,#4711);
#2987=LINE('',#19101,#4712);
#2988=LINE('',#19104,#4713);
#2989=LINE('',#19106,#4714);
#2990=LINE('',#19107,#4715);
#2991=LINE('',#19110,#4716);
#2992=LINE('',#19112,#4717);
#2993=LINE('',#19113,#4718);
#2994=LINE('',#19116,#4719);
#2995=LINE('',#19118,#4720);
#2996=LINE('',#19119,#4721);
#2997=LINE('',#19122,#4722);
#2998=LINE('',#19124,#4723);
#2999=LINE('',#19125,#4724);
#3000=LINE('',#19127,#4725);
#3001=LINE('',#19128,#4726);
#3002=VECTOR('',#12801,10.);
#3003=VECTOR('',#12802,10.);
#3004=VECTOR('',#12803,10.);
#3005=VECTOR('',#12804,10.);
#3006=VECTOR('',#12807,10.);
#3007=VECTOR('',#12808,10.);
#3008=VECTOR('',#12809,10.);
#3009=VECTOR('',#12812,10.);
#3010=VECTOR('',#12813,10.);
#3011=VECTOR('',#12814,10.);
#3012=VECTOR('',#12817,10.);
#3013=VECTOR('',#12818,10.);
#3014=VECTOR('',#12819,10.);
#3015=VECTOR('',#12822,10.);
#3016=VECTOR('',#12823,10.);
#3017=VECTOR('',#12824,10.);
#3018=VECTOR('',#12827,10.);
#3019=VECTOR('',#12828,10.);
#3020=VECTOR('',#12829,10.);
#3021=VECTOR('',#12832,10.);
#3022=VECTOR('',#12833,10.);
#3023=VECTOR('',#12834,10.);
#3024=VECTOR('',#12837,10.);
#3025=VECTOR('',#12838,10.);
#3026=VECTOR('',#12839,10.);
#3027=VECTOR('',#12842,10.);
#3028=VECTOR('',#12843,10.);
#3029=VECTOR('',#12844,10.);
#3030=VECTOR('',#12847,10.);
#3031=VECTOR('',#12848,10.);
#3032=VECTOR('',#12849,10.);
#3033=VECTOR('',#12852,10.);
#3034=VECTOR('',#12853,10.);
#3035=VECTOR('',#12854,10.);
#3036=VECTOR('',#12857,10.);
#3037=VECTOR('',#12858,10.);
#3038=VECTOR('',#12859,10.);
#3039=VECTOR('',#12862,10.);
#3040=VECTOR('',#12863,10.);
#3041=VECTOR('',#12864,10.);
#3042=VECTOR('',#12867,10.);
#3043=VECTOR('',#12868,10.);
#3044=VECTOR('',#12869,10.);
#3045=VECTOR('',#12872,10.);
#3046=VECTOR('',#12873,10.);
#3047=VECTOR('',#12874,10.);
#3048=VECTOR('',#12877,10.);
#3049=VECTOR('',#12878,10.);
#3050=VECTOR('',#12879,10.);
#3051=VECTOR('',#12882,10.);
#3052=VECTOR('',#12883,10.);
#3053=VECTOR('',#12884,10.);
#3054=VECTOR('',#12887,10.);
#3055=VECTOR('',#12888,10.);
#3056=VECTOR('',#12889,10.);
#3057=VECTOR('',#12892,10.);
#3058=VECTOR('',#12893,10.);
#3059=VECTOR('',#12894,10.);
#3060=VECTOR('',#12897,10.);
#3061=VECTOR('',#12898,10.);
#3062=VECTOR('',#12899,10.);
#3063=VECTOR('',#12902,10.);
#3064=VECTOR('',#12903,10.);
#3065=VECTOR('',#12904,10.);
#3066=VECTOR('',#12907,10.);
#3067=VECTOR('',#12908,10.);
#3068=VECTOR('',#12909,10.);
#3069=VECTOR('',#12912,10.);
#3070=VECTOR('',#12913,10.);
#3071=VECTOR('',#12914,10.);
#3072=VECTOR('',#12917,10.);
#3073=VECTOR('',#12918,10.);
#3074=VECTOR('',#12919,10.);
#3075=VECTOR('',#12922,10.);
#3076=VECTOR('',#12923,10.);
#3077=VECTOR('',#12924,10.);
#3078=VECTOR('',#12927,10.);
#3079=VECTOR('',#12928,10.);
#3080=VECTOR('',#12929,10.);
#3081=VECTOR('',#12932,10.);
#3082=VECTOR('',#12933,10.);
#3083=VECTOR('',#12934,10.);
#3084=VECTOR('',#12937,10.);
#3085=VECTOR('',#12938,10.);
#3086=VECTOR('',#12939,10.);
#3087=VECTOR('',#12942,10.);
#3088=VECTOR('',#12943,10.);
#3089=VECTOR('',#12944,10.);
#3090=VECTOR('',#12947,10.);
#3091=VECTOR('',#12948,10.);
#3092=VECTOR('',#12949,10.);
#3093=VECTOR('',#12952,10.);
#3094=VECTOR('',#12953,10.);
#3095=VECTOR('',#12954,10.);
#3096=VECTOR('',#12957,10.);
#3097=VECTOR('',#12958,10.);
#3098=VECTOR('',#12959,10.);
#3099=VECTOR('',#12962,10.);
#3100=VECTOR('',#12963,10.);
#3101=VECTOR('',#12964,10.);
#3102=VECTOR('',#12967,10.);
#3103=VECTOR('',#12968,10.);
#3104=VECTOR('',#12969,10.);
#3105=VECTOR('',#12972,10.);
#3106=VECTOR('',#12973,10.);
#3107=VECTOR('',#12974,10.);
#3108=VECTOR('',#12977,10.);
#3109=VECTOR('',#12978,10.);
#3110=VECTOR('',#12979,10.);
#3111=VECTOR('',#12982,10.);
#3112=VECTOR('',#12983,10.);
#3113=VECTOR('',#12984,10.);
#3114=VECTOR('',#12987,10.);
#3115=VECTOR('',#12988,10.);
#3116=VECTOR('',#12991,10.);
#3117=VECTOR('',#12992,10.);
#3118=VECTOR('',#12993,10.);
#3119=VECTOR('',#12994,10.);
#3120=VECTOR('',#12997,10.);
#3121=VECTOR('',#12998,10.);
#3122=VECTOR('',#12999,10.);
#3123=VECTOR('',#13002,10.);
#3124=VECTOR('',#13003,10.);
#3125=VECTOR('',#13004,10.);
#3126=VECTOR('',#13007,10.);
#3127=VECTOR('',#13008,10.);
#3128=VECTOR('',#13009,10.);
#3129=VECTOR('',#13012,10.);
#3130=VECTOR('',#13013,10.);
#3131=VECTOR('',#13014,10.);
#3132=VECTOR('',#13017,10.);
#3133=VECTOR('',#13018,10.);
#3134=VECTOR('',#13019,10.);
#3135=VECTOR('',#13022,10.);
#3136=VECTOR('',#13023,10.);
#3137=VECTOR('',#13024,10.);
#3138=VECTOR('',#13027,10.);
#3139=VECTOR('',#13028,10.);
#3140=VECTOR('',#13029,10.);
#3141=VECTOR('',#13032,10.);
#3142=VECTOR('',#13033,10.);
#3143=VECTOR('',#13034,10.);
#3144=VECTOR('',#13037,10.);
#3145=VECTOR('',#13038,10.);
#3146=VECTOR('',#13039,10.);
#3147=VECTOR('',#13042,10.);
#3148=VECTOR('',#13043,10.);
#3149=VECTOR('',#13044,10.);
#3150=VECTOR('',#13047,10.);
#3151=VECTOR('',#13048,10.);
#3152=VECTOR('',#13049,10.);
#3153=VECTOR('',#13052,10.);
#3154=VECTOR('',#13053,10.);
#3155=VECTOR('',#13054,10.);
#3156=VECTOR('',#13057,10.);
#3157=VECTOR('',#13058,10.);
#3158=VECTOR('',#13059,10.);
#3159=VECTOR('',#13062,10.);
#3160=VECTOR('',#13063,10.);
#3161=VECTOR('',#13064,10.);
#3162=VECTOR('',#13067,10.);
#3163=VECTOR('',#13068,10.);
#3164=VECTOR('',#13069,10.);
#3165=VECTOR('',#13072,10.);
#3166=VECTOR('',#13073,10.);
#3167=VECTOR('',#13074,10.);
#3168=VECTOR('',#13077,10.);
#3169=VECTOR('',#13078,10.);
#3170=VECTOR('',#13079,10.);
#3171=VECTOR('',#13082,10.);
#3172=VECTOR('',#13083,10.);
#3173=VECTOR('',#13084,10.);
#3174=VECTOR('',#13087,10.);
#3175=VECTOR('',#13088,10.);
#3176=VECTOR('',#13091,10.);
#3177=VECTOR('',#13092,10.);
#3178=VECTOR('',#13093,10.);
#3179=VECTOR('',#13094,10.);
#3180=VECTOR('',#13097,10.);
#3181=VECTOR('',#13098,10.);
#3182=VECTOR('',#13099,10.);
#3183=VECTOR('',#13102,10.);
#3184=VECTOR('',#13103,10.);
#3185=VECTOR('',#13104,10.);
#3186=VECTOR('',#13107,10.);
#3187=VECTOR('',#13108,10.);
#3188=VECTOR('',#13109,10.);
#3189=VECTOR('',#13112,10.);
#3190=VECTOR('',#13113,10.);
#3191=VECTOR('',#13114,10.);
#3192=VECTOR('',#13117,10.);
#3193=VECTOR('',#13118,10.);
#3194=VECTOR('',#13119,10.);
#3195=VECTOR('',#13122,10.);
#3196=VECTOR('',#13123,10.);
#3197=VECTOR('',#13124,10.);
#3198=VECTOR('',#13127,10.);
#3199=VECTOR('',#13128,10.);
#3200=VECTOR('',#13129,10.);
#3201=VECTOR('',#13132,10.);
#3202=VECTOR('',#13133,10.);
#3203=VECTOR('',#13134,10.);
#3204=VECTOR('',#13137,10.);
#3205=VECTOR('',#13138,10.);
#3206=VECTOR('',#13139,10.);
#3207=VECTOR('',#13142,10.);
#3208=VECTOR('',#13143,10.);
#3209=VECTOR('',#13144,10.);
#3210=VECTOR('',#13147,10.);
#3211=VECTOR('',#13148,10.);
#3212=VECTOR('',#13149,10.);
#3213=VECTOR('',#13152,10.);
#3214=VECTOR('',#13153,10.);
#3215=VECTOR('',#13154,10.);
#3216=VECTOR('',#13157,10.);
#3217=VECTOR('',#13158,10.);
#3218=VECTOR('',#13159,10.);
#3219=VECTOR('',#13162,10.);
#3220=VECTOR('',#13163,10.);
#3221=VECTOR('',#13164,10.);
#3222=VECTOR('',#13167,10.);
#3223=VECTOR('',#13168,10.);
#3224=VECTOR('',#13169,10.);
#3225=VECTOR('',#13172,10.);
#3226=VECTOR('',#13173,10.);
#3227=VECTOR('',#13174,10.);
#3228=VECTOR('',#13177,10.);
#3229=VECTOR('',#13178,10.);
#3230=VECTOR('',#13179,10.);
#3231=VECTOR('',#13182,10.);
#3232=VECTOR('',#13183,10.);
#3233=VECTOR('',#13184,10.);
#3234=VECTOR('',#13187,10.);
#3235=VECTOR('',#13188,10.);
#3236=VECTOR('',#13191,10.);
#3237=VECTOR('',#13192,10.);
#3238=VECTOR('',#13193,10.);
#3239=VECTOR('',#13194,10.);
#3240=VECTOR('',#13197,10.);
#3241=VECTOR('',#13198,10.);
#3242=VECTOR('',#13199,10.);
#3243=VECTOR('',#13202,10.);
#3244=VECTOR('',#13203,10.);
#3245=VECTOR('',#13204,10.);
#3246=VECTOR('',#13207,10.);
#3247=VECTOR('',#13208,10.);
#3248=VECTOR('',#13209,10.);
#3249=VECTOR('',#13212,10.);
#3250=VECTOR('',#13213,10.);
#3251=VECTOR('',#13214,10.);
#3252=VECTOR('',#13217,10.);
#3253=VECTOR('',#13218,10.);
#3254=VECTOR('',#13219,10.);
#3255=VECTOR('',#13222,10.);
#3256=VECTOR('',#13223,10.);
#3257=VECTOR('',#13224,10.);
#3258=VECTOR('',#13227,10.);
#3259=VECTOR('',#13228,10.);
#3260=VECTOR('',#13229,10.);
#3261=VECTOR('',#13232,10.);
#3262=VECTOR('',#13233,10.);
#3263=VECTOR('',#13234,10.);
#3264=VECTOR('',#13237,10.);
#3265=VECTOR('',#13238,10.);
#3266=VECTOR('',#13239,10.);
#3267=VECTOR('',#13242,10.);
#3268=VECTOR('',#13243,10.);
#3269=VECTOR('',#13244,10.);
#3270=VECTOR('',#13247,10.);
#3271=VECTOR('',#13248,10.);
#3272=VECTOR('',#13249,10.);
#3273=VECTOR('',#13252,10.);
#3274=VECTOR('',#13253,10.);
#3275=VECTOR('',#13254,10.);
#3276=VECTOR('',#13257,10.);
#3277=VECTOR('',#13258,10.);
#3278=VECTOR('',#13259,10.);
#3279=VECTOR('',#13262,10.);
#3280=VECTOR('',#13263,10.);
#3281=VECTOR('',#13264,10.);
#3282=VECTOR('',#13267,10.);
#3283=VECTOR('',#13268,10.);
#3284=VECTOR('',#13269,10.);
#3285=VECTOR('',#13272,10.);
#3286=VECTOR('',#13273,10.);
#3287=VECTOR('',#13274,10.);
#3288=VECTOR('',#13277,10.);
#3289=VECTOR('',#13278,10.);
#3290=VECTOR('',#13279,10.);
#3291=VECTOR('',#13282,10.);
#3292=VECTOR('',#13283,10.);
#3293=VECTOR('',#13284,10.);
#3294=VECTOR('',#13287,10.);
#3295=VECTOR('',#13288,10.);
#3296=VECTOR('',#13291,10.);
#3297=VECTOR('',#13292,10.);
#3298=VECTOR('',#13293,10.);
#3299=VECTOR('',#13294,10.);
#3300=VECTOR('',#13297,10.);
#3301=VECTOR('',#13298,10.);
#3302=VECTOR('',#13299,10.);
#3303=VECTOR('',#13302,10.);
#3304=VECTOR('',#13303,10.);
#3305=VECTOR('',#13304,10.);
#3306=VECTOR('',#13307,10.);
#3307=VECTOR('',#13308,10.);
#3308=VECTOR('',#13309,10.);
#3309=VECTOR('',#13312,10.);
#3310=VECTOR('',#13313,10.);
#3311=VECTOR('',#13314,10.);
#3312=VECTOR('',#13317,10.);
#3313=VECTOR('',#13318,10.);
#3314=VECTOR('',#13319,10.);
#3315=VECTOR('',#13322,10.);
#3316=VECTOR('',#13323,10.);
#3317=VECTOR('',#13324,10.);
#3318=VECTOR('',#13327,10.);
#3319=VECTOR('',#13328,10.);
#3320=VECTOR('',#13329,10.);
#3321=VECTOR('',#13332,10.);
#3322=VECTOR('',#13333,10.);
#3323=VECTOR('',#13334,10.);
#3324=VECTOR('',#13337,10.);
#3325=VECTOR('',#13338,10.);
#3326=VECTOR('',#13339,10.);
#3327=VECTOR('',#13342,10.);
#3328=VECTOR('',#13343,10.);
#3329=VECTOR('',#13344,10.);
#3330=VECTOR('',#13347,10.);
#3331=VECTOR('',#13348,10.);
#3332=VECTOR('',#13349,10.);
#3333=VECTOR('',#13352,10.);
#3334=VECTOR('',#13353,10.);
#3335=VECTOR('',#13354,10.);
#3336=VECTOR('',#13357,10.);
#3337=VECTOR('',#13358,10.);
#3338=VECTOR('',#13359,10.);
#3339=VECTOR('',#13362,10.);
#3340=VECTOR('',#13363,10.);
#3341=VECTOR('',#13364,10.);
#3342=VECTOR('',#13367,10.);
#3343=VECTOR('',#13368,10.);
#3344=VECTOR('',#13369,10.);
#3345=VECTOR('',#13372,10.);
#3346=VECTOR('',#13373,10.);
#3347=VECTOR('',#13374,10.);
#3348=VECTOR('',#13377,10.);
#3349=VECTOR('',#13378,10.);
#3350=VECTOR('',#13379,10.);
#3351=VECTOR('',#13382,10.);
#3352=VECTOR('',#13383,10.);
#3353=VECTOR('',#13384,10.);
#3354=VECTOR('',#13387,10.);
#3355=VECTOR('',#13388,10.);
#3356=VECTOR('',#13391,10.);
#3357=VECTOR('',#13392,10.);
#3358=VECTOR('',#13393,10.);
#3359=VECTOR('',#13394,10.);
#3360=VECTOR('',#13397,10.);
#3361=VECTOR('',#13398,10.);
#3362=VECTOR('',#13399,10.);
#3363=VECTOR('',#13402,10.);
#3364=VECTOR('',#13403,10.);
#3365=VECTOR('',#13404,10.);
#3366=VECTOR('',#13407,10.);
#3367=VECTOR('',#13408,10.);
#3368=VECTOR('',#13409,10.);
#3369=VECTOR('',#13412,10.);
#3370=VECTOR('',#13413,10.);
#3371=VECTOR('',#13414,10.);
#3372=VECTOR('',#13417,10.);
#3373=VECTOR('',#13418,10.);
#3374=VECTOR('',#13419,10.);
#3375=VECTOR('',#13422,10.);
#3376=VECTOR('',#13423,10.);
#3377=VECTOR('',#13424,10.);
#3378=VECTOR('',#13427,10.);
#3379=VECTOR('',#13428,10.);
#3380=VECTOR('',#13429,10.);
#3381=VECTOR('',#13432,10.);
#3382=VECTOR('',#13433,10.);
#3383=VECTOR('',#13434,10.);
#3384=VECTOR('',#13437,10.);
#3385=VECTOR('',#13438,10.);
#3386=VECTOR('',#13439,10.);
#3387=VECTOR('',#13442,10.);
#3388=VECTOR('',#13443,10.);
#3389=VECTOR('',#13444,10.);
#3390=VECTOR('',#13447,10.);
#3391=VECTOR('',#13448,10.);
#3392=VECTOR('',#13449,10.);
#3393=VECTOR('',#13452,10.);
#3394=VECTOR('',#13453,10.);
#3395=VECTOR('',#13454,10.);
#3396=VECTOR('',#13457,10.);
#3397=VECTOR('',#13458,10.);
#3398=VECTOR('',#13459,10.);
#3399=VECTOR('',#13462,10.);
#3400=VECTOR('',#13463,10.);
#3401=VECTOR('',#13464,10.);
#3402=VECTOR('',#13467,10.);
#3403=VECTOR('',#13468,10.);
#3404=VECTOR('',#13469,10.);
#3405=VECTOR('',#13472,10.);
#3406=VECTOR('',#13473,10.);
#3407=VECTOR('',#13474,10.);
#3408=VECTOR('',#13477,10.);
#3409=VECTOR('',#13478,10.);
#3410=VECTOR('',#13479,10.);
#3411=VECTOR('',#13482,10.);
#3412=VECTOR('',#13483,10.);
#3413=VECTOR('',#13484,10.);
#3414=VECTOR('',#13487,10.);
#3415=VECTOR('',#13488,10.);
#3416=VECTOR('',#13491,10.);
#3417=VECTOR('',#13492,10.);
#3418=VECTOR('',#13493,10.);
#3419=VECTOR('',#13494,10.);
#3420=VECTOR('',#13497,10.);
#3421=VECTOR('',#13498,10.);
#3422=VECTOR('',#13499,10.);
#3423=VECTOR('',#13502,10.);
#3424=VECTOR('',#13503,10.);
#3425=VECTOR('',#13504,10.);
#3426=VECTOR('',#13507,10.);
#3427=VECTOR('',#13508,10.);
#3428=VECTOR('',#13509,10.);
#3429=VECTOR('',#13512,10.);
#3430=VECTOR('',#13513,10.);
#3431=VECTOR('',#13514,10.);
#3432=VECTOR('',#13517,10.);
#3433=VECTOR('',#13518,10.);
#3434=VECTOR('',#13519,10.);
#3435=VECTOR('',#13522,10.);
#3436=VECTOR('',#13523,10.);
#3437=VECTOR('',#13524,10.);
#3438=VECTOR('',#13527,10.);
#3439=VECTOR('',#13528,10.);
#3440=VECTOR('',#13529,10.);
#3441=VECTOR('',#13532,10.);
#3442=VECTOR('',#13533,10.);
#3443=VECTOR('',#13534,10.);
#3444=VECTOR('',#13537,10.);
#3445=VECTOR('',#13538,10.);
#3446=VECTOR('',#13539,10.);
#3447=VECTOR('',#13542,10.);
#3448=VECTOR('',#13543,10.);
#3449=VECTOR('',#13544,10.);
#3450=VECTOR('',#13547,10.);
#3451=VECTOR('',#13548,10.);
#3452=VECTOR('',#13549,10.);
#3453=VECTOR('',#13552,10.);
#3454=VECTOR('',#13553,10.);
#3455=VECTOR('',#13554,10.);
#3456=VECTOR('',#13557,10.);
#3457=VECTOR('',#13558,10.);
#3458=VECTOR('',#13559,10.);
#3459=VECTOR('',#13562,10.);
#3460=VECTOR('',#13563,10.);
#3461=VECTOR('',#13564,10.);
#3462=VECTOR('',#13567,10.);
#3463=VECTOR('',#13568,10.);
#3464=VECTOR('',#13569,10.);
#3465=VECTOR('',#13572,10.);
#3466=VECTOR('',#13573,10.);
#3467=VECTOR('',#13574,10.);
#3468=VECTOR('',#13577,10.);
#3469=VECTOR('',#13578,10.);
#3470=VECTOR('',#13579,10.);
#3471=VECTOR('',#13582,10.);
#3472=VECTOR('',#13583,10.);
#3473=VECTOR('',#13584,10.);
#3474=VECTOR('',#13587,10.);
#3475=VECTOR('',#13588,10.);
#3476=VECTOR('',#13591,10.);
#3477=VECTOR('',#13592,10.);
#3478=VECTOR('',#13593,10.);
#3479=VECTOR('',#13594,10.);
#3480=VECTOR('',#13597,10.);
#3481=VECTOR('',#13598,10.);
#3482=VECTOR('',#13599,10.);
#3483=VECTOR('',#13602,10.);
#3484=VECTOR('',#13603,10.);
#3485=VECTOR('',#13604,10.);
#3486=VECTOR('',#13607,10.);
#3487=VECTOR('',#13608,10.);
#3488=VECTOR('',#13609,10.);
#3489=VECTOR('',#13612,10.);
#3490=VECTOR('',#13613,10.);
#3491=VECTOR('',#13614,10.);
#3492=VECTOR('',#13617,10.);
#3493=VECTOR('',#13618,10.);
#3494=VECTOR('',#13619,10.);
#3495=VECTOR('',#13622,10.);
#3496=VECTOR('',#13623,10.);
#3497=VECTOR('',#13624,10.);
#3498=VECTOR('',#13627,10.);
#3499=VECTOR('',#13628,10.);
#3500=VECTOR('',#13629,10.);
#3501=VECTOR('',#13632,10.);
#3502=VECTOR('',#13633,10.);
#3503=VECTOR('',#13634,10.);
#3504=VECTOR('',#13637,10.);
#3505=VECTOR('',#13638,10.);
#3506=VECTOR('',#13639,10.);
#3507=VECTOR('',#13642,10.);
#3508=VECTOR('',#13643,10.);
#3509=VECTOR('',#13644,10.);
#3510=VECTOR('',#13647,10.);
#3511=VECTOR('',#13648,10.);
#3512=VECTOR('',#13649,10.);
#3513=VECTOR('',#13652,10.);
#3514=VECTOR('',#13653,10.);
#3515=VECTOR('',#13654,10.);
#3516=VECTOR('',#13657,10.);
#3517=VECTOR('',#13658,10.);
#3518=VECTOR('',#13659,10.);
#3519=VECTOR('',#13662,10.);
#3520=VECTOR('',#13663,10.);
#3521=VECTOR('',#13664,10.);
#3522=VECTOR('',#13667,10.);
#3523=VECTOR('',#13668,10.);
#3524=VECTOR('',#13669,10.);
#3525=VECTOR('',#13672,10.);
#3526=VECTOR('',#13673,10.);
#3527=VECTOR('',#13674,10.);
#3528=VECTOR('',#13677,10.);
#3529=VECTOR('',#13678,10.);
#3530=VECTOR('',#13679,10.);
#3531=VECTOR('',#13682,10.);
#3532=VECTOR('',#13683,10.);
#3533=VECTOR('',#13684,10.);
#3534=VECTOR('',#13687,10.);
#3535=VECTOR('',#13688,10.);
#3536=VECTOR('',#13691,10.);
#3537=VECTOR('',#13692,10.);
#3538=VECTOR('',#13693,10.);
#3539=VECTOR('',#13694,10.);
#3540=VECTOR('',#13697,10.);
#3541=VECTOR('',#13698,10.);
#3542=VECTOR('',#13699,10.);
#3543=VECTOR('',#13702,10.);
#3544=VECTOR('',#13703,10.);
#3545=VECTOR('',#13704,10.);
#3546=VECTOR('',#13707,10.);
#3547=VECTOR('',#13708,10.);
#3548=VECTOR('',#13709,10.);
#3549=VECTOR('',#13712,10.);
#3550=VECTOR('',#13713,10.);
#3551=VECTOR('',#13714,10.);
#3552=VECTOR('',#13717,10.);
#3553=VECTOR('',#13718,10.);
#3554=VECTOR('',#13719,10.);
#3555=VECTOR('',#13722,10.);
#3556=VECTOR('',#13723,10.);
#3557=VECTOR('',#13724,10.);
#3558=VECTOR('',#13727,10.);
#3559=VECTOR('',#13728,10.);
#3560=VECTOR('',#13729,10.);
#3561=VECTOR('',#13732,10.);
#3562=VECTOR('',#13733,10.);
#3563=VECTOR('',#13734,10.);
#3564=VECTOR('',#13737,10.);
#3565=VECTOR('',#13738,10.);
#3566=VECTOR('',#13739,10.);
#3567=VECTOR('',#13742,10.);
#3568=VECTOR('',#13743,10.);
#3569=VECTOR('',#13744,10.);
#3570=VECTOR('',#13747,10.);
#3571=VECTOR('',#13748,10.);
#3572=VECTOR('',#13749,10.);
#3573=VECTOR('',#13752,10.);
#3574=VECTOR('',#13753,10.);
#3575=VECTOR('',#13754,10.);
#3576=VECTOR('',#13757,10.);
#3577=VECTOR('',#13758,10.);
#3578=VECTOR('',#13759,10.);
#3579=VECTOR('',#13762,10.);
#3580=VECTOR('',#13763,10.);
#3581=VECTOR('',#13764,10.);
#3582=VECTOR('',#13767,10.);
#3583=VECTOR('',#13768,10.);
#3584=VECTOR('',#13769,10.);
#3585=VECTOR('',#13772,10.);
#3586=VECTOR('',#13773,10.);
#3587=VECTOR('',#13774,10.);
#3588=VECTOR('',#13777,10.);
#3589=VECTOR('',#13778,10.);
#3590=VECTOR('',#13779,10.);
#3591=VECTOR('',#13782,10.);
#3592=VECTOR('',#13783,10.);
#3593=VECTOR('',#13784,10.);
#3594=VECTOR('',#13787,10.);
#3595=VECTOR('',#13788,10.);
#3596=VECTOR('',#13791,10.);
#3597=VECTOR('',#13792,10.);
#3598=VECTOR('',#13793,10.);
#3599=VECTOR('',#13794,10.);
#3600=VECTOR('',#13797,10.);
#3601=VECTOR('',#13798,10.);
#3602=VECTOR('',#13799,10.);
#3603=VECTOR('',#13802,10.);
#3604=VECTOR('',#13803,10.);
#3605=VECTOR('',#13804,10.);
#3606=VECTOR('',#13807,10.);
#3607=VECTOR('',#13808,10.);
#3608=VECTOR('',#13809,10.);
#3609=VECTOR('',#13812,10.);
#3610=VECTOR('',#13813,10.);
#3611=VECTOR('',#13814,10.);
#3612=VECTOR('',#13817,10.);
#3613=VECTOR('',#13818,10.);
#3614=VECTOR('',#13819,10.);
#3615=VECTOR('',#13822,10.);
#3616=VECTOR('',#13823,10.);
#3617=VECTOR('',#13824,10.);
#3618=VECTOR('',#13827,10.);
#3619=VECTOR('',#13828,10.);
#3620=VECTOR('',#13829,10.);
#3621=VECTOR('',#13832,10.);
#3622=VECTOR('',#13833,10.);
#3623=VECTOR('',#13834,10.);
#3624=VECTOR('',#13837,10.);
#3625=VECTOR('',#13838,10.);
#3626=VECTOR('',#13839,10.);
#3627=VECTOR('',#13842,10.);
#3628=VECTOR('',#13843,10.);
#3629=VECTOR('',#13844,10.);
#3630=VECTOR('',#13847,10.);
#3631=VECTOR('',#13848,10.);
#3632=VECTOR('',#13849,10.);
#3633=VECTOR('',#13852,10.);
#3634=VECTOR('',#13853,10.);
#3635=VECTOR('',#13854,10.);
#3636=VECTOR('',#13857,10.);
#3637=VECTOR('',#13858,10.);
#3638=VECTOR('',#13859,10.);
#3639=VECTOR('',#13862,10.);
#3640=VECTOR('',#13863,10.);
#3641=VECTOR('',#13864,10.);
#3642=VECTOR('',#13867,10.);
#3643=VECTOR('',#13868,10.);
#3644=VECTOR('',#13869,10.);
#3645=VECTOR('',#13872,10.);
#3646=VECTOR('',#13873,10.);
#3647=VECTOR('',#13874,10.);
#3648=VECTOR('',#13877,10.);
#3649=VECTOR('',#13878,10.);
#3650=VECTOR('',#13879,10.);
#3651=VECTOR('',#13882,10.);
#3652=VECTOR('',#13883,10.);
#3653=VECTOR('',#13884,10.);
#3654=VECTOR('',#13887,10.);
#3655=VECTOR('',#13888,10.);
#3656=VECTOR('',#13891,10.);
#3657=VECTOR('',#13892,10.);
#3658=VECTOR('',#13893,10.);
#3659=VECTOR('',#13894,10.);
#3660=VECTOR('',#13897,10.);
#3661=VECTOR('',#13898,10.);
#3662=VECTOR('',#13899,10.);
#3663=VECTOR('',#13902,10.);
#3664=VECTOR('',#13903,10.);
#3665=VECTOR('',#13904,10.);
#3666=VECTOR('',#13907,10.);
#3667=VECTOR('',#13908,10.);
#3668=VECTOR('',#13909,10.);
#3669=VECTOR('',#13912,10.);
#3670=VECTOR('',#13913,10.);
#3671=VECTOR('',#13914,10.);
#3672=VECTOR('',#13917,10.);
#3673=VECTOR('',#13918,10.);
#3674=VECTOR('',#13919,10.);
#3675=VECTOR('',#13922,10.);
#3676=VECTOR('',#13923,10.);
#3677=VECTOR('',#13924,10.);
#3678=VECTOR('',#13927,10.);
#3679=VECTOR('',#13928,10.);
#3680=VECTOR('',#13929,10.);
#3681=VECTOR('',#13932,10.);
#3682=VECTOR('',#13933,10.);
#3683=VECTOR('',#13934,10.);
#3684=VECTOR('',#13937,10.);
#3685=VECTOR('',#13938,10.);
#3686=VECTOR('',#13939,10.);
#3687=VECTOR('',#13942,10.);
#3688=VECTOR('',#13943,10.);
#3689=VECTOR('',#13944,10.);
#3690=VECTOR('',#13947,10.);
#3691=VECTOR('',#13948,10.);
#3692=VECTOR('',#13949,10.);
#3693=VECTOR('',#13952,10.);
#3694=VECTOR('',#13953,10.);
#3695=VECTOR('',#13954,10.);
#3696=VECTOR('',#13957,10.);
#3697=VECTOR('',#13958,10.);
#3698=VECTOR('',#13959,10.);
#3699=VECTOR('',#13962,10.);
#3700=VECTOR('',#13963,10.);
#3701=VECTOR('',#13964,10.);
#3702=VECTOR('',#13967,10.);
#3703=VECTOR('',#13968,10.);
#3704=VECTOR('',#13969,10.);
#3705=VECTOR('',#13972,10.);
#3706=VECTOR('',#13973,10.);
#3707=VECTOR('',#13974,10.);
#3708=VECTOR('',#13977,10.);
#3709=VECTOR('',#13978,10.);
#3710=VECTOR('',#13979,10.);
#3711=VECTOR('',#13982,10.);
#3712=VECTOR('',#13983,10.);
#3713=VECTOR('',#13984,10.);
#3714=VECTOR('',#13987,10.);
#3715=VECTOR('',#13988,10.);
#3716=VECTOR('',#13991,10.);
#3717=VECTOR('',#13992,10.);
#3718=VECTOR('',#13993,10.);
#3719=VECTOR('',#13994,10.);
#3720=VECTOR('',#13997,10.);
#3721=VECTOR('',#13998,10.);
#3722=VECTOR('',#13999,10.);
#3723=VECTOR('',#14002,10.);
#3724=VECTOR('',#14003,10.);
#3725=VECTOR('',#14004,10.);
#3726=VECTOR('',#14007,10.);
#3727=VECTOR('',#14008,10.);
#3728=VECTOR('',#14009,10.);
#3729=VECTOR('',#14012,10.);
#3730=VECTOR('',#14013,10.);
#3731=VECTOR('',#14014,10.);
#3732=VECTOR('',#14017,10.);
#3733=VECTOR('',#14018,10.);
#3734=VECTOR('',#14019,10.);
#3735=VECTOR('',#14022,10.);
#3736=VECTOR('',#14023,10.);
#3737=VECTOR('',#14024,10.);
#3738=VECTOR('',#14027,10.);
#3739=VECTOR('',#14028,10.);
#3740=VECTOR('',#14029,10.);
#3741=VECTOR('',#14032,10.);
#3742=VECTOR('',#14033,10.);
#3743=VECTOR('',#14034,10.);
#3744=VECTOR('',#14037,10.);
#3745=VECTOR('',#14038,10.);
#3746=VECTOR('',#14039,10.);
#3747=VECTOR('',#14042,10.);
#3748=VECTOR('',#14043,10.);
#3749=VECTOR('',#14044,10.);
#3750=VECTOR('',#14047,10.);
#3751=VECTOR('',#14048,10.);
#3752=VECTOR('',#14049,10.);
#3753=VECTOR('',#14052,10.);
#3754=VECTOR('',#14053,10.);
#3755=VECTOR('',#14054,10.);
#3756=VECTOR('',#14057,10.);
#3757=VECTOR('',#14058,10.);
#3758=VECTOR('',#14059,10.);
#3759=VECTOR('',#14062,10.);
#3760=VECTOR('',#14063,10.);
#3761=VECTOR('',#14064,10.);
#3762=VECTOR('',#14067,10.);
#3763=VECTOR('',#14068,10.);
#3764=VECTOR('',#14069,10.);
#3765=VECTOR('',#14072,10.);
#3766=VECTOR('',#14073,10.);
#3767=VECTOR('',#14074,10.);
#3768=VECTOR('',#14077,10.);
#3769=VECTOR('',#14078,10.);
#3770=VECTOR('',#14079,10.);
#3771=VECTOR('',#14082,10.);
#3772=VECTOR('',#14083,10.);
#3773=VECTOR('',#14084,10.);
#3774=VECTOR('',#14087,10.);
#3775=VECTOR('',#14088,10.);
#3776=VECTOR('',#14091,10.);
#3777=VECTOR('',#14092,10.);
#3778=VECTOR('',#14093,10.);
#3779=VECTOR('',#14094,10.);
#3780=VECTOR('',#14097,10.);
#3781=VECTOR('',#14098,10.);
#3782=VECTOR('',#14099,10.);
#3783=VECTOR('',#14102,10.);
#3784=VECTOR('',#14103,10.);
#3785=VECTOR('',#14104,10.);
#3786=VECTOR('',#14107,10.);
#3787=VECTOR('',#14108,10.);
#3788=VECTOR('',#14109,10.);
#3789=VECTOR('',#14112,10.);
#3790=VECTOR('',#14113,10.);
#3791=VECTOR('',#14114,10.);
#3792=VECTOR('',#14117,10.);
#3793=VECTOR('',#14118,10.);
#3794=VECTOR('',#14119,10.);
#3795=VECTOR('',#14122,10.);
#3796=VECTOR('',#14123,10.);
#3797=VECTOR('',#14124,10.);
#3798=VECTOR('',#14127,10.);
#3799=VECTOR('',#14128,10.);
#3800=VECTOR('',#14129,10.);
#3801=VECTOR('',#14132,10.);
#3802=VECTOR('',#14133,10.);
#3803=VECTOR('',#14134,10.);
#3804=VECTOR('',#14137,10.);
#3805=VECTOR('',#14138,10.);
#3806=VECTOR('',#14139,10.);
#3807=VECTOR('',#14142,10.);
#3808=VECTOR('',#14143,10.);
#3809=VECTOR('',#14144,10.);
#3810=VECTOR('',#14147,10.);
#3811=VECTOR('',#14148,10.);
#3812=VECTOR('',#14149,10.);
#3813=VECTOR('',#14152,10.);
#3814=VECTOR('',#14153,10.);
#3815=VECTOR('',#14154,10.);
#3816=VECTOR('',#14157,10.);
#3817=VECTOR('',#14158,10.);
#3818=VECTOR('',#14159,10.);
#3819=VECTOR('',#14162,10.);
#3820=VECTOR('',#14163,10.);
#3821=VECTOR('',#14164,10.);
#3822=VECTOR('',#14167,10.);
#3823=VECTOR('',#14168,10.);
#3824=VECTOR('',#14169,10.);
#3825=VECTOR('',#14172,10.);
#3826=VECTOR('',#14173,10.);
#3827=VECTOR('',#14174,10.);
#3828=VECTOR('',#14177,10.);
#3829=VECTOR('',#14178,10.);
#3830=VECTOR('',#14179,10.);
#3831=VECTOR('',#14182,10.);
#3832=VECTOR('',#14183,10.);
#3833=VECTOR('',#14184,10.);
#3834=VECTOR('',#14187,10.);
#3835=VECTOR('',#14188,10.);
#3836=VECTOR('',#14191,10.);
#3837=VECTOR('',#14192,10.);
#3838=VECTOR('',#14193,10.);
#3839=VECTOR('',#14194,10.);
#3840=VECTOR('',#14197,10.);
#3841=VECTOR('',#14198,10.);
#3842=VECTOR('',#14199,10.);
#3843=VECTOR('',#14202,10.);
#3844=VECTOR('',#14203,10.);
#3845=VECTOR('',#14204,10.);
#3846=VECTOR('',#14207,10.);
#3847=VECTOR('',#14208,10.);
#3848=VECTOR('',#14209,10.);
#3849=VECTOR('',#14212,10.);
#3850=VECTOR('',#14213,10.);
#3851=VECTOR('',#14214,10.);
#3852=VECTOR('',#14217,10.);
#3853=VECTOR('',#14218,10.);
#3854=VECTOR('',#14219,10.);
#3855=VECTOR('',#14222,10.);
#3856=VECTOR('',#14223,10.);
#3857=VECTOR('',#14224,10.);
#3858=VECTOR('',#14227,10.);
#3859=VECTOR('',#14228,10.);
#3860=VECTOR('',#14229,10.);
#3861=VECTOR('',#14232,10.);
#3862=VECTOR('',#14233,10.);
#3863=VECTOR('',#14234,10.);
#3864=VECTOR('',#14237,10.);
#3865=VECTOR('',#14238,10.);
#3866=VECTOR('',#14239,10.);
#3867=VECTOR('',#14242,10.);
#3868=VECTOR('',#14243,10.);
#3869=VECTOR('',#14244,10.);
#3870=VECTOR('',#14247,10.);
#3871=VECTOR('',#14248,10.);
#3872=VECTOR('',#14249,10.);
#3873=VECTOR('',#14252,10.);
#3874=VECTOR('',#14253,10.);
#3875=VECTOR('',#14254,10.);
#3876=VECTOR('',#14257,10.);
#3877=VECTOR('',#14258,10.);
#3878=VECTOR('',#14259,10.);
#3879=VECTOR('',#14262,10.);
#3880=VECTOR('',#14263,10.);
#3881=VECTOR('',#14264,10.);
#3882=VECTOR('',#14267,10.);
#3883=VECTOR('',#14268,10.);
#3884=VECTOR('',#14269,10.);
#3885=VECTOR('',#14272,10.);
#3886=VECTOR('',#14273,10.);
#3887=VECTOR('',#14274,10.);
#3888=VECTOR('',#14277,10.);
#3889=VECTOR('',#14278,10.);
#3890=VECTOR('',#14279,10.);
#3891=VECTOR('',#14282,10.);
#3892=VECTOR('',#14283,10.);
#3893=VECTOR('',#14284,10.);
#3894=VECTOR('',#14287,10.);
#3895=VECTOR('',#14288,10.);
#3896=VECTOR('',#14291,10.);
#3897=VECTOR('',#14292,10.);
#3898=VECTOR('',#14293,10.);
#3899=VECTOR('',#14294,10.);
#3900=VECTOR('',#14297,10.);
#3901=VECTOR('',#14298,10.);
#3902=VECTOR('',#14299,10.);
#3903=VECTOR('',#14302,10.);
#3904=VECTOR('',#14303,10.);
#3905=VECTOR('',#14304,10.);
#3906=VECTOR('',#14307,10.);
#3907=VECTOR('',#14308,10.);
#3908=VECTOR('',#14309,10.);
#3909=VECTOR('',#14312,10.);
#3910=VECTOR('',#14313,10.);
#3911=VECTOR('',#14314,10.);
#3912=VECTOR('',#14317,10.);
#3913=VECTOR('',#14318,10.);
#3914=VECTOR('',#14319,10.);
#3915=VECTOR('',#14322,10.);
#3916=VECTOR('',#14323,10.);
#3917=VECTOR('',#14324,10.);
#3918=VECTOR('',#14327,10.);
#3919=VECTOR('',#14328,10.);
#3920=VECTOR('',#14329,10.);
#3921=VECTOR('',#14332,10.);
#3922=VECTOR('',#14333,10.);
#3923=VECTOR('',#14334,10.);
#3924=VECTOR('',#14337,10.);
#3925=VECTOR('',#14338,10.);
#3926=VECTOR('',#14339,10.);
#3927=VECTOR('',#14342,10.);
#3928=VECTOR('',#14343,10.);
#3929=VECTOR('',#14344,10.);
#3930=VECTOR('',#14347,10.);
#3931=VECTOR('',#14348,10.);
#3932=VECTOR('',#14349,10.);
#3933=VECTOR('',#14352,10.);
#3934=VECTOR('',#14353,10.);
#3935=VECTOR('',#14354,10.);
#3936=VECTOR('',#14357,10.);
#3937=VECTOR('',#14358,10.);
#3938=VECTOR('',#14359,10.);
#3939=VECTOR('',#14362,10.);
#3940=VECTOR('',#14363,10.);
#3941=VECTOR('',#14364,10.);
#3942=VECTOR('',#14367,10.);
#3943=VECTOR('',#14368,10.);
#3944=VECTOR('',#14369,10.);
#3945=VECTOR('',#14372,10.);
#3946=VECTOR('',#14373,10.);
#3947=VECTOR('',#14374,10.);
#3948=VECTOR('',#14377,10.);
#3949=VECTOR('',#14378,10.);
#3950=VECTOR('',#14379,10.);
#3951=VECTOR('',#14382,10.);
#3952=VECTOR('',#14383,10.);
#3953=VECTOR('',#14384,10.);
#3954=VECTOR('',#14387,10.);
#3955=VECTOR('',#14388,10.);
#3956=VECTOR('',#14391,10.);
#3957=VECTOR('',#14392,10.);
#3958=VECTOR('',#14393,10.);
#3959=VECTOR('',#14394,10.);
#3960=VECTOR('',#14397,10.);
#3961=VECTOR('',#14398,10.);
#3962=VECTOR('',#14399,10.);
#3963=VECTOR('',#14402,10.);
#3964=VECTOR('',#14403,10.);
#3965=VECTOR('',#14404,10.);
#3966=VECTOR('',#14407,10.);
#3967=VECTOR('',#14408,10.);
#3968=VECTOR('',#14409,10.);
#3969=VECTOR('',#14412,10.);
#3970=VECTOR('',#14413,10.);
#3971=VECTOR('',#14414,10.);
#3972=VECTOR('',#14417,10.);
#3973=VECTOR('',#14418,10.);
#3974=VECTOR('',#14419,10.);
#3975=VECTOR('',#14422,10.);
#3976=VECTOR('',#14423,10.);
#3977=VECTOR('',#14424,10.);
#3978=VECTOR('',#14427,10.);
#3979=VECTOR('',#14428,10.);
#3980=VECTOR('',#14429,10.);
#3981=VECTOR('',#14432,10.);
#3982=VECTOR('',#14433,10.);
#3983=VECTOR('',#14434,10.);
#3984=VECTOR('',#14437,10.);
#3985=VECTOR('',#14438,10.);
#3986=VECTOR('',#14439,10.);
#3987=VECTOR('',#14442,10.);
#3988=VECTOR('',#14443,10.);
#3989=VECTOR('',#14444,10.);
#3990=VECTOR('',#14447,10.);
#3991=VECTOR('',#14448,10.);
#3992=VECTOR('',#14449,10.);
#3993=VECTOR('',#14452,10.);
#3994=VECTOR('',#14453,10.);
#3995=VECTOR('',#14454,10.);
#3996=VECTOR('',#14457,10.);
#3997=VECTOR('',#14458,10.);
#3998=VECTOR('',#14459,10.);
#3999=VECTOR('',#14462,10.);
#4000=VECTOR('',#14463,10.);
#4001=VECTOR('',#14464,10.);
#4002=VECTOR('',#14467,10.);
#4003=VECTOR('',#14468,10.);
#4004=VECTOR('',#14469,10.);
#4005=VECTOR('',#14472,10.);
#4006=VECTOR('',#14473,10.);
#4007=VECTOR('',#14474,10.);
#4008=VECTOR('',#14477,10.);
#4009=VECTOR('',#14478,10.);
#4010=VECTOR('',#14479,10.);
#4011=VECTOR('',#14482,10.);
#4012=VECTOR('',#14483,10.);
#4013=VECTOR('',#14484,10.);
#4014=VECTOR('',#14487,10.);
#4015=VECTOR('',#14488,10.);
#4016=VECTOR('',#14491,10.);
#4017=VECTOR('',#14492,10.);
#4018=VECTOR('',#14493,10.);
#4019=VECTOR('',#14494,10.);
#4020=VECTOR('',#14497,10.);
#4021=VECTOR('',#14498,10.);
#4022=VECTOR('',#14499,10.);
#4023=VECTOR('',#14502,10.);
#4024=VECTOR('',#14503,10.);
#4025=VECTOR('',#14504,10.);
#4026=VECTOR('',#14507,10.);
#4027=VECTOR('',#14508,10.);
#4028=VECTOR('',#14509,10.);
#4029=VECTOR('',#14512,10.);
#4030=VECTOR('',#14513,10.);
#4031=VECTOR('',#14514,10.);
#4032=VECTOR('',#14517,10.);
#4033=VECTOR('',#14518,10.);
#4034=VECTOR('',#14519,10.);
#4035=VECTOR('',#14522,10.);
#4036=VECTOR('',#14523,10.);
#4037=VECTOR('',#14524,10.);
#4038=VECTOR('',#14527,10.);
#4039=VECTOR('',#14528,10.);
#4040=VECTOR('',#14529,10.);
#4041=VECTOR('',#14532,10.);
#4042=VECTOR('',#14533,10.);
#4043=VECTOR('',#14534,10.);
#4044=VECTOR('',#14537,10.);
#4045=VECTOR('',#14538,10.);
#4046=VECTOR('',#14539,10.);
#4047=VECTOR('',#14542,10.);
#4048=VECTOR('',#14543,10.);
#4049=VECTOR('',#14544,10.);
#4050=VECTOR('',#14547,10.);
#4051=VECTOR('',#14548,10.);
#4052=VECTOR('',#14549,10.);
#4053=VECTOR('',#14552,10.);
#4054=VECTOR('',#14553,10.);
#4055=VECTOR('',#14554,10.);
#4056=VECTOR('',#14557,10.);
#4057=VECTOR('',#14558,10.);
#4058=VECTOR('',#14559,10.);
#4059=VECTOR('',#14562,10.);
#4060=VECTOR('',#14563,10.);
#4061=VECTOR('',#14564,10.);
#4062=VECTOR('',#14567,10.);
#4063=VECTOR('',#14568,10.);
#4064=VECTOR('',#14569,10.);
#4065=VECTOR('',#14572,10.);
#4066=VECTOR('',#14573,10.);
#4067=VECTOR('',#14574,10.);
#4068=VECTOR('',#14577,10.);
#4069=VECTOR('',#14578,10.);
#4070=VECTOR('',#14579,10.);
#4071=VECTOR('',#14582,10.);
#4072=VECTOR('',#14583,10.);
#4073=VECTOR('',#14584,10.);
#4074=VECTOR('',#14587,10.);
#4075=VECTOR('',#14588,10.);
#4076=VECTOR('',#14591,10.);
#4077=VECTOR('',#14592,10.);
#4078=VECTOR('',#14593,10.);
#4079=VECTOR('',#14594,10.);
#4080=VECTOR('',#14597,10.);
#4081=VECTOR('',#14598,10.);
#4082=VECTOR('',#14599,10.);
#4083=VECTOR('',#14602,10.);
#4084=VECTOR('',#14603,10.);
#4085=VECTOR('',#14604,10.);
#4086=VECTOR('',#14607,10.);
#4087=VECTOR('',#14608,10.);
#4088=VECTOR('',#14609,10.);
#4089=VECTOR('',#14612,10.);
#4090=VECTOR('',#14613,10.);
#4091=VECTOR('',#14614,10.);
#4092=VECTOR('',#14617,10.);
#4093=VECTOR('',#14618,10.);
#4094=VECTOR('',#14619,10.);
#4095=VECTOR('',#14622,10.);
#4096=VECTOR('',#14623,10.);
#4097=VECTOR('',#14624,10.);
#4098=VECTOR('',#14627,10.);
#4099=VECTOR('',#14628,10.);
#4100=VECTOR('',#14629,10.);
#4101=VECTOR('',#14632,10.);
#4102=VECTOR('',#14633,10.);
#4103=VECTOR('',#14634,10.);
#4104=VECTOR('',#14637,10.);
#4105=VECTOR('',#14638,10.);
#4106=VECTOR('',#14639,10.);
#4107=VECTOR('',#14642,10.);
#4108=VECTOR('',#14643,10.);
#4109=VECTOR('',#14644,10.);
#4110=VECTOR('',#14647,10.);
#4111=VECTOR('',#14648,10.);
#4112=VECTOR('',#14649,10.);
#4113=VECTOR('',#14652,10.);
#4114=VECTOR('',#14653,10.);
#4115=VECTOR('',#14654,10.);
#4116=VECTOR('',#14657,10.);
#4117=VECTOR('',#14658,10.);
#4118=VECTOR('',#14659,10.);
#4119=VECTOR('',#14662,10.);
#4120=VECTOR('',#14663,10.);
#4121=VECTOR('',#14664,10.);
#4122=VECTOR('',#14667,10.);
#4123=VECTOR('',#14668,10.);
#4124=VECTOR('',#14669,10.);
#4125=VECTOR('',#14672,10.);
#4126=VECTOR('',#14673,10.);
#4127=VECTOR('',#14674,10.);
#4128=VECTOR('',#14677,10.);
#4129=VECTOR('',#14678,10.);
#4130=VECTOR('',#14679,10.);
#4131=VECTOR('',#14682,10.);
#4132=VECTOR('',#14683,10.);
#4133=VECTOR('',#14684,10.);
#4134=VECTOR('',#14687,10.);
#4135=VECTOR('',#14688,10.);
#4136=VECTOR('',#14691,10.);
#4137=VECTOR('',#14692,10.);
#4138=VECTOR('',#14693,10.);
#4139=VECTOR('',#14694,10.);
#4140=VECTOR('',#14697,10.);
#4141=VECTOR('',#14698,10.);
#4142=VECTOR('',#14699,10.);
#4143=VECTOR('',#14702,10.);
#4144=VECTOR('',#14703,10.);
#4145=VECTOR('',#14704,10.);
#4146=VECTOR('',#14707,10.);
#4147=VECTOR('',#14708,10.);
#4148=VECTOR('',#14709,10.);
#4149=VECTOR('',#14712,10.);
#4150=VECTOR('',#14713,10.);
#4151=VECTOR('',#14714,10.);
#4152=VECTOR('',#14717,10.);
#4153=VECTOR('',#14718,10.);
#4154=VECTOR('',#14719,10.);
#4155=VECTOR('',#14722,10.);
#4156=VECTOR('',#14723,10.);
#4157=VECTOR('',#14724,10.);
#4158=VECTOR('',#14727,10.);
#4159=VECTOR('',#14728,10.);
#4160=VECTOR('',#14729,10.);
#4161=VECTOR('',#14732,10.);
#4162=VECTOR('',#14733,10.);
#4163=VECTOR('',#14734,10.);
#4164=VECTOR('',#14737,10.);
#4165=VECTOR('',#14738,10.);
#4166=VECTOR('',#14739,10.);
#4167=VECTOR('',#14742,10.);
#4168=VECTOR('',#14743,10.);
#4169=VECTOR('',#14744,10.);
#4170=VECTOR('',#14747,10.);
#4171=VECTOR('',#14748,10.);
#4172=VECTOR('',#14749,10.);
#4173=VECTOR('',#14752,10.);
#4174=VECTOR('',#14753,10.);
#4175=VECTOR('',#14754,10.);
#4176=VECTOR('',#14757,10.);
#4177=VECTOR('',#14758,10.);
#4178=VECTOR('',#14759,10.);
#4179=VECTOR('',#14762,10.);
#4180=VECTOR('',#14763,10.);
#4181=VECTOR('',#14764,10.);
#4182=VECTOR('',#14767,10.);
#4183=VECTOR('',#14768,10.);
#4184=VECTOR('',#14769,10.);
#4185=VECTOR('',#14772,10.);
#4186=VECTOR('',#14773,10.);
#4187=VECTOR('',#14774,10.);
#4188=VECTOR('',#14777,10.);
#4189=VECTOR('',#14778,10.);
#4190=VECTOR('',#14779,10.);
#4191=VECTOR('',#14782,10.);
#4192=VECTOR('',#14783,10.);
#4193=VECTOR('',#14784,10.);
#4194=VECTOR('',#14787,10.);
#4195=VECTOR('',#14788,10.);
#4196=VECTOR('',#14791,10.);
#4197=VECTOR('',#14792,10.);
#4198=VECTOR('',#14793,10.);
#4199=VECTOR('',#14794,10.);
#4200=VECTOR('',#14797,10.);
#4201=VECTOR('',#14798,10.);
#4202=VECTOR('',#14799,10.);
#4203=VECTOR('',#14802,10.);
#4204=VECTOR('',#14803,10.);
#4205=VECTOR('',#14804,10.);
#4206=VECTOR('',#14807,10.);
#4207=VECTOR('',#14808,10.);
#4208=VECTOR('',#14809,10.);
#4209=VECTOR('',#14812,10.);
#4210=VECTOR('',#14813,10.);
#4211=VECTOR('',#14814,10.);
#4212=VECTOR('',#14817,10.);
#4213=VECTOR('',#14818,10.);
#4214=VECTOR('',#14819,10.);
#4215=VECTOR('',#14822,10.);
#4216=VECTOR('',#14823,10.);
#4217=VECTOR('',#14824,10.);
#4218=VECTOR('',#14827,10.);
#4219=VECTOR('',#14828,10.);
#4220=VECTOR('',#14829,10.);
#4221=VECTOR('',#14832,10.);
#4222=VECTOR('',#14833,10.);
#4223=VECTOR('',#14834,10.);
#4224=VECTOR('',#14837,10.);
#4225=VECTOR('',#14838,10.);
#4226=VECTOR('',#14839,10.);
#4227=VECTOR('',#14842,10.);
#4228=VECTOR('',#14843,10.);
#4229=VECTOR('',#14844,10.);
#4230=VECTOR('',#14847,10.);
#4231=VECTOR('',#14848,10.);
#4232=VECTOR('',#14849,10.);
#4233=VECTOR('',#14852,10.);
#4234=VECTOR('',#14853,10.);
#4235=VECTOR('',#14854,10.);
#4236=VECTOR('',#14857,10.);
#4237=VECTOR('',#14858,10.);
#4238=VECTOR('',#14859,10.);
#4239=VECTOR('',#14862,10.);
#4240=VECTOR('',#14863,10.);
#4241=VECTOR('',#14864,10.);
#4242=VECTOR('',#14867,10.);
#4243=VECTOR('',#14868,10.);
#4244=VECTOR('',#14869,10.);
#4245=VECTOR('',#14872,10.);
#4246=VECTOR('',#14873,10.);
#4247=VECTOR('',#14874,10.);
#4248=VECTOR('',#14877,10.);
#4249=VECTOR('',#14878,10.);
#4250=VECTOR('',#14879,10.);
#4251=VECTOR('',#14882,10.);
#4252=VECTOR('',#14883,10.);
#4253=VECTOR('',#14884,10.);
#4254=VECTOR('',#14887,10.);
#4255=VECTOR('',#14888,10.);
#4256=VECTOR('',#14891,10.);
#4257=VECTOR('',#14892,10.);
#4258=VECTOR('',#14893,10.);
#4259=VECTOR('',#14894,10.);
#4260=VECTOR('',#14897,10.);
#4261=VECTOR('',#14898,10.);
#4262=VECTOR('',#14899,10.);
#4263=VECTOR('',#14902,10.);
#4264=VECTOR('',#14903,10.);
#4265=VECTOR('',#14904,10.);
#4266=VECTOR('',#14907,10.);
#4267=VECTOR('',#14908,10.);
#4268=VECTOR('',#14909,10.);
#4269=VECTOR('',#14912,10.);
#4270=VECTOR('',#14913,10.);
#4271=VECTOR('',#14914,10.);
#4272=VECTOR('',#14917,10.);
#4273=VECTOR('',#14918,10.);
#4274=VECTOR('',#14919,10.);
#4275=VECTOR('',#14922,10.);
#4276=VECTOR('',#14923,10.);
#4277=VECTOR('',#14924,10.);
#4278=VECTOR('',#14927,10.);
#4279=VECTOR('',#14928,10.);
#4280=VECTOR('',#14929,10.);
#4281=VECTOR('',#14932,10.);
#4282=VECTOR('',#14933,10.);
#4283=VECTOR('',#14934,10.);
#4284=VECTOR('',#14937,10.);
#4285=VECTOR('',#14938,10.);
#4286=VECTOR('',#14939,10.);
#4287=VECTOR('',#14942,10.);
#4288=VECTOR('',#14943,10.);
#4289=VECTOR('',#14944,10.);
#4290=VECTOR('',#14947,10.);
#4291=VECTOR('',#14948,10.);
#4292=VECTOR('',#14949,10.);
#4293=VECTOR('',#14952,10.);
#4294=VECTOR('',#14953,10.);
#4295=VECTOR('',#14954,10.);
#4296=VECTOR('',#14957,10.);
#4297=VECTOR('',#14958,10.);
#4298=VECTOR('',#14959,10.);
#4299=VECTOR('',#14962,10.);
#4300=VECTOR('',#14963,10.);
#4301=VECTOR('',#14964,10.);
#4302=VECTOR('',#14967,10.);
#4303=VECTOR('',#14968,10.);
#4304=VECTOR('',#14969,10.);
#4305=VECTOR('',#14972,10.);
#4306=VECTOR('',#14973,10.);
#4307=VECTOR('',#14974,10.);
#4308=VECTOR('',#14977,10.);
#4309=VECTOR('',#14978,10.);
#4310=VECTOR('',#14979,10.);
#4311=VECTOR('',#14982,10.);
#4312=VECTOR('',#14983,10.);
#4313=VECTOR('',#14984,10.);
#4314=VECTOR('',#14987,10.);
#4315=VECTOR('',#14988,10.);
#4316=VECTOR('',#14991,10.);
#4317=VECTOR('',#14992,10.);
#4318=VECTOR('',#14993,10.);
#4319=VECTOR('',#14994,10.);
#4320=VECTOR('',#14997,10.);
#4321=VECTOR('',#14998,10.);
#4322=VECTOR('',#14999,10.);
#4323=VECTOR('',#15002,10.);
#4324=VECTOR('',#15003,10.);
#4325=VECTOR('',#15004,10.);
#4326=VECTOR('',#15007,10.);
#4327=VECTOR('',#15008,10.);
#4328=VECTOR('',#15009,10.);
#4329=VECTOR('',#15012,10.);
#4330=VECTOR('',#15013,10.);
#4331=VECTOR('',#15014,10.);
#4332=VECTOR('',#15017,10.);
#4333=VECTOR('',#15018,10.);
#4334=VECTOR('',#15019,10.);
#4335=VECTOR('',#15022,10.);
#4336=VECTOR('',#15023,10.);
#4337=VECTOR('',#15024,10.);
#4338=VECTOR('',#15027,10.);
#4339=VECTOR('',#15028,10.);
#4340=VECTOR('',#15029,10.);
#4341=VECTOR('',#15032,10.);
#4342=VECTOR('',#15033,10.);
#4343=VECTOR('',#15034,10.);
#4344=VECTOR('',#15037,10.);
#4345=VECTOR('',#15038,10.);
#4346=VECTOR('',#15039,10.);
#4347=VECTOR('',#15042,10.);
#4348=VECTOR('',#15043,10.);
#4349=VECTOR('',#15044,10.);
#4350=VECTOR('',#15047,10.);
#4351=VECTOR('',#15048,10.);
#4352=VECTOR('',#15049,10.);
#4353=VECTOR('',#15052,10.);
#4354=VECTOR('',#15053,10.);
#4355=VECTOR('',#15054,10.);
#4356=VECTOR('',#15057,10.);
#4357=VECTOR('',#15058,10.);
#4358=VECTOR('',#15059,10.);
#4359=VECTOR('',#15062,10.);
#4360=VECTOR('',#15063,10.);
#4361=VECTOR('',#15064,10.);
#4362=VECTOR('',#15067,10.);
#4363=VECTOR('',#15068,10.);
#4364=VECTOR('',#15069,10.);
#4365=VECTOR('',#15072,10.);
#4366=VECTOR('',#15073,10.);
#4367=VECTOR('',#15074,10.);
#4368=VECTOR('',#15077,10.);
#4369=VECTOR('',#15078,10.);
#4370=VECTOR('',#15079,10.);
#4371=VECTOR('',#15082,10.);
#4372=VECTOR('',#15083,10.);
#4373=VECTOR('',#15084,10.);
#4374=VECTOR('',#15087,10.);
#4375=VECTOR('',#15088,10.);
#4376=VECTOR('',#15091,10.);
#4377=VECTOR('',#15092,10.);
#4378=VECTOR('',#15093,10.);
#4379=VECTOR('',#15094,10.);
#4380=VECTOR('',#15097,10.);
#4381=VECTOR('',#15098,10.);
#4382=VECTOR('',#15099,10.);
#4383=VECTOR('',#15102,10.);
#4384=VECTOR('',#15103,10.);
#4385=VECTOR('',#15104,10.);
#4386=VECTOR('',#15107,10.);
#4387=VECTOR('',#15108,10.);
#4388=VECTOR('',#15109,10.);
#4389=VECTOR('',#15112,10.);
#4390=VECTOR('',#15113,10.);
#4391=VECTOR('',#15114,10.);
#4392=VECTOR('',#15117,10.);
#4393=VECTOR('',#15118,10.);
#4394=VECTOR('',#15119,10.);
#4395=VECTOR('',#15122,10.);
#4396=VECTOR('',#15123,10.);
#4397=VECTOR('',#15124,10.);
#4398=VECTOR('',#15127,10.);
#4399=VECTOR('',#15128,10.);
#4400=VECTOR('',#15129,10.);
#4401=VECTOR('',#15132,10.);
#4402=VECTOR('',#15133,10.);
#4403=VECTOR('',#15134,10.);
#4404=VECTOR('',#15137,10.);
#4405=VECTOR('',#15138,10.);
#4406=VECTOR('',#15139,10.);
#4407=VECTOR('',#15142,10.);
#4408=VECTOR('',#15143,10.);
#4409=VECTOR('',#15144,10.);
#4410=VECTOR('',#15147,10.);
#4411=VECTOR('',#15148,10.);
#4412=VECTOR('',#15149,10.);
#4413=VECTOR('',#15152,10.);
#4414=VECTOR('',#15153,10.);
#4415=VECTOR('',#15154,10.);
#4416=VECTOR('',#15157,10.);
#4417=VECTOR('',#15158,10.);
#4418=VECTOR('',#15159,10.);
#4419=VECTOR('',#15162,10.);
#4420=VECTOR('',#15163,10.);
#4421=VECTOR('',#15164,10.);
#4422=VECTOR('',#15167,10.);
#4423=VECTOR('',#15168,10.);
#4424=VECTOR('',#15169,10.);
#4425=VECTOR('',#15172,10.);
#4426=VECTOR('',#15173,10.);
#4427=VECTOR('',#15174,10.);
#4428=VECTOR('',#15177,10.);
#4429=VECTOR('',#15178,10.);
#4430=VECTOR('',#15179,10.);
#4431=VECTOR('',#15182,10.);
#4432=VECTOR('',#15183,10.);
#4433=VECTOR('',#15184,10.);
#4434=VECTOR('',#15187,10.);
#4435=VECTOR('',#15188,10.);
#4436=VECTOR('',#15191,10.);
#4437=VECTOR('',#15192,10.);
#4438=VECTOR('',#15193,10.);
#4439=VECTOR('',#15194,10.);
#4440=VECTOR('',#15197,10.);
#4441=VECTOR('',#15198,10.);
#4442=VECTOR('',#15199,10.);
#4443=VECTOR('',#15202,10.);
#4444=VECTOR('',#15203,10.);
#4445=VECTOR('',#15204,10.);
#4446=VECTOR('',#15207,10.);
#4447=VECTOR('',#15208,10.);
#4448=VECTOR('',#15209,10.);
#4449=VECTOR('',#15212,10.);
#4450=VECTOR('',#15213,10.);
#4451=VECTOR('',#15214,10.);
#4452=VECTOR('',#15217,10.);
#4453=VECTOR('',#15218,10.);
#4454=VECTOR('',#15219,10.);
#4455=VECTOR('',#15222,10.);
#4456=VECTOR('',#15223,10.);
#4457=VECTOR('',#15224,10.);
#4458=VECTOR('',#15227,10.);
#4459=VECTOR('',#15228,10.);
#4460=VECTOR('',#15229,10.);
#4461=VECTOR('',#15232,10.);
#4462=VECTOR('',#15233,10.);
#4463=VECTOR('',#15234,10.);
#4464=VECTOR('',#15237,10.);
#4465=VECTOR('',#15238,10.);
#4466=VECTOR('',#15239,10.);
#4467=VECTOR('',#15242,10.);
#4468=VECTOR('',#15243,10.);
#4469=VECTOR('',#15244,10.);
#4470=VECTOR('',#15247,10.);
#4471=VECTOR('',#15248,10.);
#4472=VECTOR('',#15249,10.);
#4473=VECTOR('',#15252,10.);
#4474=VECTOR('',#15253,10.);
#4475=VECTOR('',#15254,10.);
#4476=VECTOR('',#15257,10.);
#4477=VECTOR('',#15258,10.);
#4478=VECTOR('',#15259,10.);
#4479=VECTOR('',#15262,10.);
#4480=VECTOR('',#15263,10.);
#4481=VECTOR('',#15264,10.);
#4482=VECTOR('',#15267,10.);
#4483=VECTOR('',#15268,10.);
#4484=VECTOR('',#15269,10.);
#4485=VECTOR('',#15272,10.);
#4486=VECTOR('',#15273,10.);
#4487=VECTOR('',#15274,10.);
#4488=VECTOR('',#15277,10.);
#4489=VECTOR('',#15278,10.);
#4490=VECTOR('',#15279,10.);
#4491=VECTOR('',#15282,10.);
#4492=VECTOR('',#15283,10.);
#4493=VECTOR('',#15284,10.);
#4494=VECTOR('',#15287,10.);
#4495=VECTOR('',#15288,10.);
#4496=VECTOR('',#15291,10.);
#4497=VECTOR('',#15292,10.);
#4498=VECTOR('',#15293,10.);
#4499=VECTOR('',#15294,10.);
#4500=VECTOR('',#15297,10.);
#4501=VECTOR('',#15298,10.);
#4502=VECTOR('',#15299,10.);
#4503=VECTOR('',#15302,10.);
#4504=VECTOR('',#15303,10.);
#4505=VECTOR('',#15304,10.);
#4506=VECTOR('',#15307,10.);
#4507=VECTOR('',#15308,10.);
#4508=VECTOR('',#15309,10.);
#4509=VECTOR('',#15312,10.);
#4510=VECTOR('',#15313,10.);
#4511=VECTOR('',#15314,10.);
#4512=VECTOR('',#15317,10.);
#4513=VECTOR('',#15318,10.);
#4514=VECTOR('',#15319,10.);
#4515=VECTOR('',#15322,10.);
#4516=VECTOR('',#15323,10.);
#4517=VECTOR('',#15324,10.);
#4518=VECTOR('',#15327,10.);
#4519=VECTOR('',#15328,10.);
#4520=VECTOR('',#15329,10.);
#4521=VECTOR('',#15332,10.);
#4522=VECTOR('',#15333,10.);
#4523=VECTOR('',#15334,10.);
#4524=VECTOR('',#15337,10.);
#4525=VECTOR('',#15338,10.);
#4526=VECTOR('',#15339,10.);
#4527=VECTOR('',#15342,10.);
#4528=VECTOR('',#15343,10.);
#4529=VECTOR('',#15344,10.);
#4530=VECTOR('',#15347,10.);
#4531=VECTOR('',#15348,10.);
#4532=VECTOR('',#15349,10.);
#4533=VECTOR('',#15352,10.);
#4534=VECTOR('',#15353,10.);
#4535=VECTOR('',#15354,10.);
#4536=VECTOR('',#15357,10.);
#4537=VECTOR('',#15358,10.);
#4538=VECTOR('',#15359,10.);
#4539=VECTOR('',#15362,10.);
#4540=VECTOR('',#15363,10.);
#4541=VECTOR('',#15364,10.);
#4542=VECTOR('',#15367,10.);
#4543=VECTOR('',#15368,10.);
#4544=VECTOR('',#15369,10.);
#4545=VECTOR('',#15372,10.);
#4546=VECTOR('',#15373,10.);
#4547=VECTOR('',#15374,10.);
#4548=VECTOR('',#15377,10.);
#4549=VECTOR('',#15378,10.);
#4550=VECTOR('',#15379,10.);
#4551=VECTOR('',#15382,10.);
#4552=VECTOR('',#15383,10.);
#4553=VECTOR('',#15384,10.);
#4554=VECTOR('',#15387,10.);
#4555=VECTOR('',#15388,10.);
#4556=VECTOR('',#15391,10.);
#4557=VECTOR('',#15392,10.);
#4558=VECTOR('',#15393,10.);
#4559=VECTOR('',#15394,10.);
#4560=VECTOR('',#15397,10.);
#4561=VECTOR('',#15398,10.);
#4562=VECTOR('',#15399,10.);
#4563=VECTOR('',#15402,10.);
#4564=VECTOR('',#15403,10.);
#4565=VECTOR('',#15404,10.);
#4566=VECTOR('',#15407,10.);
#4567=VECTOR('',#15408,10.);
#4568=VECTOR('',#15409,10.);
#4569=VECTOR('',#15412,10.);
#4570=VECTOR('',#15413,10.);
#4571=VECTOR('',#15414,10.);
#4572=VECTOR('',#15417,10.);
#4573=VECTOR('',#15418,10.);
#4574=VECTOR('',#15419,10.);
#4575=VECTOR('',#15422,10.);
#4576=VECTOR('',#15423,10.);
#4577=VECTOR('',#15424,10.);
#4578=VECTOR('',#15427,10.);
#4579=VECTOR('',#15428,10.);
#4580=VECTOR('',#15429,10.);
#4581=VECTOR('',#15432,10.);
#4582=VECTOR('',#15433,10.);
#4583=VECTOR('',#15434,10.);
#4584=VECTOR('',#15437,10.);
#4585=VECTOR('',#15438,10.);
#4586=VECTOR('',#15439,10.);
#4587=VECTOR('',#15442,10.);
#4588=VECTOR('',#15443,10.);
#4589=VECTOR('',#15444,10.);
#4590=VECTOR('',#15447,10.);
#4591=VECTOR('',#15448,10.);
#4592=VECTOR('',#15449,10.);
#4593=VECTOR('',#15452,10.);
#4594=VECTOR('',#15453,10.);
#4595=VECTOR('',#15454,10.);
#4596=VECTOR('',#15457,10.);
#4597=VECTOR('',#15458,10.);
#4598=VECTOR('',#15459,10.);
#4599=VECTOR('',#15462,10.);
#4600=VECTOR('',#15463,10.);
#4601=VECTOR('',#15464,10.);
#4602=VECTOR('',#15467,10.);
#4603=VECTOR('',#15468,10.);
#4604=VECTOR('',#15469,10.);
#4605=VECTOR('',#15472,10.);
#4606=VECTOR('',#15473,10.);
#4607=VECTOR('',#15474,10.);
#4608=VECTOR('',#15477,10.);
#4609=VECTOR('',#15478,10.);
#4610=VECTOR('',#15479,10.);
#4611=VECTOR('',#15482,10.);
#4612=VECTOR('',#15483,10.);
#4613=VECTOR('',#15484,10.);
#4614=VECTOR('',#15487,10.);
#4615=VECTOR('',#15488,10.);
#4616=VECTOR('',#15491,10.);
#4617=VECTOR('',#15492,10.);
#4618=VECTOR('',#15493,10.);
#4619=VECTOR('',#15494,10.);
#4620=VECTOR('',#15497,10.);
#4621=VECTOR('',#15498,10.);
#4622=VECTOR('',#15499,10.);
#4623=VECTOR('',#15502,10.);
#4624=VECTOR('',#15503,10.);
#4625=VECTOR('',#15504,10.);
#4626=VECTOR('',#15507,10.);
#4627=VECTOR('',#15508,10.);
#4628=VECTOR('',#15509,10.);
#4629=VECTOR('',#15512,10.);
#4630=VECTOR('',#15513,10.);
#4631=VECTOR('',#15514,10.);
#4632=VECTOR('',#15517,10.);
#4633=VECTOR('',#15518,10.);
#4634=VECTOR('',#15519,10.);
#4635=VECTOR('',#15522,10.);
#4636=VECTOR('',#15523,10.);
#4637=VECTOR('',#15524,10.);
#4638=VECTOR('',#15527,10.);
#4639=VECTOR('',#15528,10.);
#4640=VECTOR('',#15529,10.);
#4641=VECTOR('',#15532,10.);
#4642=VECTOR('',#15533,10.);
#4643=VECTOR('',#15534,10.);
#4644=VECTOR('',#15537,10.);
#4645=VECTOR('',#15538,10.);
#4646=VECTOR('',#15539,10.);
#4647=VECTOR('',#15542,10.);
#4648=VECTOR('',#15543,10.);
#4649=VECTOR('',#15544,10.);
#4650=VECTOR('',#15547,10.);
#4651=VECTOR('',#15548,10.);
#4652=VECTOR('',#15549,10.);
#4653=VECTOR('',#15552,10.);
#4654=VECTOR('',#15553,10.);
#4655=VECTOR('',#15554,10.);
#4656=VECTOR('',#15557,10.);
#4657=VECTOR('',#15558,10.);
#4658=VECTOR('',#15559,10.);
#4659=VECTOR('',#15562,10.);
#4660=VECTOR('',#15563,10.);
#4661=VECTOR('',#15564,10.);
#4662=VECTOR('',#15567,10.);
#4663=VECTOR('',#15568,10.);
#4664=VECTOR('',#15569,10.);
#4665=VECTOR('',#15572,10.);
#4666=VECTOR('',#15573,10.);
#4667=VECTOR('',#15574,10.);
#4668=VECTOR('',#15577,10.);
#4669=VECTOR('',#15578,10.);
#4670=VECTOR('',#15579,10.);
#4671=VECTOR('',#15582,10.);
#4672=VECTOR('',#15583,10.);
#4673=VECTOR('',#15584,10.);
#4674=VECTOR('',#15587,10.);
#4675=VECTOR('',#15588,10.);
#4676=VECTOR('',#15591,10.);
#4677=VECTOR('',#15592,10.);
#4678=VECTOR('',#15593,10.);
#4679=VECTOR('',#15594,10.);
#4680=VECTOR('',#15597,10.);
#4681=VECTOR('',#15598,10.);
#4682=VECTOR('',#15599,10.);
#4683=VECTOR('',#15602,10.);
#4684=VECTOR('',#15603,10.);
#4685=VECTOR('',#15604,10.);
#4686=VECTOR('',#15607,10.);
#4687=VECTOR('',#15608,10.);
#4688=VECTOR('',#15609,10.);
#4689=VECTOR('',#15612,10.);
#4690=VECTOR('',#15613,10.);
#4691=VECTOR('',#15614,10.);
#4692=VECTOR('',#15617,10.);
#4693=VECTOR('',#15618,10.);
#4694=VECTOR('',#15619,10.);
#4695=VECTOR('',#15622,10.);
#4696=VECTOR('',#15623,10.);
#4697=VECTOR('',#15624,10.);
#4698=VECTOR('',#15627,10.);
#4699=VECTOR('',#15628,10.);
#4700=VECTOR('',#15629,10.);
#4701=VECTOR('',#15632,10.);
#4702=VECTOR('',#15633,10.);
#4703=VECTOR('',#15634,10.);
#4704=VECTOR('',#15637,10.);
#4705=VECTOR('',#15638,10.);
#4706=VECTOR('',#15639,10.);
#4707=VECTOR('',#15642,10.);
#4708=VECTOR('',#15643,10.);
#4709=VECTOR('',#15644,10.);
#4710=VECTOR('',#15647,10.);
#4711=VECTOR('',#15648,10.);
#4712=VECTOR('',#15649,10.);
#4713=VECTOR('',#15652,10.);
#4714=VECTOR('',#15653,10.);
#4715=VECTOR('',#15654,10.);
#4716=VECTOR('',#15657,10.);
#4717=VECTOR('',#15658,10.);
#4718=VECTOR('',#15659,10.);
#4719=VECTOR('',#15662,10.);
#4720=VECTOR('',#15663,10.);
#4721=VECTOR('',#15664,10.);
#4722=VECTOR('',#15667,10.);
#4723=VECTOR('',#15668,10.);
#4724=VECTOR('',#15669,10.);
#4725=VECTOR('',#15672,10.);
#4726=VECTOR('',#15673,10.);
#4727=VERTEX_POINT('',#15680);
#4728=VERTEX_POINT('',#15681);
#4729=VERTEX_POINT('',#15683);
#4730=VERTEX_POINT('',#15685);
#4731=VERTEX_POINT('',#15689);
#4732=VERTEX_POINT('',#15691);
#4733=VERTEX_POINT('',#15695);
#4734=VERTEX_POINT('',#15697);
#4735=VERTEX_POINT('',#15701);
#4736=VERTEX_POINT('',#15703);
#4737=VERTEX_POINT('',#15707);
#4738=VERTEX_POINT('',#15709);
#4739=VERTEX_POINT('',#15713);
#4740=VERTEX_POINT('',#15715);
#4741=VERTEX_POINT('',#15719);
#4742=VERTEX_POINT('',#15721);
#4743=VERTEX_POINT('',#15725);
#4744=VERTEX_POINT('',#15727);
#4745=VERTEX_POINT('',#15731);
#4746=VERTEX_POINT('',#15733);
#4747=VERTEX_POINT('',#15737);
#4748=VERTEX_POINT('',#15739);
#4749=VERTEX_POINT('',#15743);
#4750=VERTEX_POINT('',#15745);
#4751=VERTEX_POINT('',#15749);
#4752=VERTEX_POINT('',#15751);
#4753=VERTEX_POINT('',#15755);
#4754=VERTEX_POINT('',#15757);
#4755=VERTEX_POINT('',#15761);
#4756=VERTEX_POINT('',#15763);
#4757=VERTEX_POINT('',#15767);
#4758=VERTEX_POINT('',#15769);
#4759=VERTEX_POINT('',#15773);
#4760=VERTEX_POINT('',#15775);
#4761=VERTEX_POINT('',#15779);
#4762=VERTEX_POINT('',#15781);
#4763=VERTEX_POINT('',#15785);
#4764=VERTEX_POINT('',#15787);
#4765=VERTEX_POINT('',#15791);
#4766=VERTEX_POINT('',#15793);
#4767=VERTEX_POINT('',#15797);
#4768=VERTEX_POINT('',#15799);
#4769=VERTEX_POINT('',#15803);
#4770=VERTEX_POINT('',#15805);
#4771=VERTEX_POINT('',#15809);
#4772=VERTEX_POINT('',#15811);
#4773=VERTEX_POINT('',#15815);
#4774=VERTEX_POINT('',#15817);
#4775=VERTEX_POINT('',#15821);
#4776=VERTEX_POINT('',#15823);
#4777=VERTEX_POINT('',#15827);
#4778=VERTEX_POINT('',#15829);
#4779=VERTEX_POINT('',#15833);
#4780=VERTEX_POINT('',#15835);
#4781=VERTEX_POINT('',#15839);
#4782=VERTEX_POINT('',#15841);
#4783=VERTEX_POINT('',#15845);
#4784=VERTEX_POINT('',#15847);
#4785=VERTEX_POINT('',#15851);
#4786=VERTEX_POINT('',#15853);
#4787=VERTEX_POINT('',#15857);
#4788=VERTEX_POINT('',#15859);
#4789=VERTEX_POINT('',#15863);
#4790=VERTEX_POINT('',#15865);
#4791=VERTEX_POINT('',#15869);
#4792=VERTEX_POINT('',#15871);
#4793=VERTEX_POINT('',#15875);
#4794=VERTEX_POINT('',#15877);
#4795=VERTEX_POINT('',#15881);
#4796=VERTEX_POINT('',#15883);
#4797=VERTEX_POINT('',#15887);
#4798=VERTEX_POINT('',#15889);
#4799=VERTEX_POINT('',#15893);
#4800=VERTEX_POINT('',#15895);
#4801=VERTEX_POINT('',#15899);
#4802=VERTEX_POINT('',#15901);
#4803=VERTEX_POINT('',#15908);
#4804=VERTEX_POINT('',#15909);
#4805=VERTEX_POINT('',#15911);
#4806=VERTEX_POINT('',#15913);
#4807=VERTEX_POINT('',#15917);
#4808=VERTEX_POINT('',#15919);
#4809=VERTEX_POINT('',#15923);
#4810=VERTEX_POINT('',#15925);
#4811=VERTEX_POINT('',#15929);
#4812=VERTEX_POINT('',#15931);
#4813=VERTEX_POINT('',#15935);
#4814=VERTEX_POINT('',#15937);
#4815=VERTEX_POINT('',#15941);
#4816=VERTEX_POINT('',#15943);
#4817=VERTEX_POINT('',#15947);
#4818=VERTEX_POINT('',#15949);
#4819=VERTEX_POINT('',#15953);
#4820=VERTEX_POINT('',#15955);
#4821=VERTEX_POINT('',#15959);
#4822=VERTEX_POINT('',#15961);
#4823=VERTEX_POINT('',#15965);
#4824=VERTEX_POINT('',#15967);
#4825=VERTEX_POINT('',#15971);
#4826=VERTEX_POINT('',#15973);
#4827=VERTEX_POINT('',#15977);
#4828=VERTEX_POINT('',#15979);
#4829=VERTEX_POINT('',#15983);
#4830=VERTEX_POINT('',#15985);
#4831=VERTEX_POINT('',#15989);
#4832=VERTEX_POINT('',#15991);
#4833=VERTEX_POINT('',#15995);
#4834=VERTEX_POINT('',#15997);
#4835=VERTEX_POINT('',#16001);
#4836=VERTEX_POINT('',#16003);
#4837=VERTEX_POINT('',#16007);
#4838=VERTEX_POINT('',#16009);
#4839=VERTEX_POINT('',#16013);
#4840=VERTEX_POINT('',#16015);
#4841=VERTEX_POINT('',#16019);
#4842=VERTEX_POINT('',#16021);
#4843=VERTEX_POINT('',#16028);
#4844=VERTEX_POINT('',#16029);
#4845=VERTEX_POINT('',#16031);
#4846=VERTEX_POINT('',#16033);
#4847=VERTEX_POINT('',#16037);
#4848=VERTEX_POINT('',#16039);
#4849=VERTEX_POINT('',#16043);
#4850=VERTEX_POINT('',#16045);
#4851=VERTEX_POINT('',#16049);
#4852=VERTEX_POINT('',#16051);
#4853=VERTEX_POINT('',#16055);
#4854=VERTEX_POINT('',#16057);
#4855=VERTEX_POINT('',#16061);
#4856=VERTEX_POINT('',#16063);
#4857=VERTEX_POINT('',#16067);
#4858=VERTEX_POINT('',#16069);
#4859=VERTEX_POINT('',#16073);
#4860=VERTEX_POINT('',#16075);
#4861=VERTEX_POINT('',#16079);
#4862=VERTEX_POINT('',#16081);
#4863=VERTEX_POINT('',#16085);
#4864=VERTEX_POINT('',#16087);
#4865=VERTEX_POINT('',#16091);
#4866=VERTEX_POINT('',#16093);
#4867=VERTEX_POINT('',#16097);
#4868=VERTEX_POINT('',#16099);
#4869=VERTEX_POINT('',#16103);
#4870=VERTEX_POINT('',#16105);
#4871=VERTEX_POINT('',#16109);
#4872=VERTEX_POINT('',#16111);
#4873=VERTEX_POINT('',#16115);
#4874=VERTEX_POINT('',#16117);
#4875=VERTEX_POINT('',#16121);
#4876=VERTEX_POINT('',#16123);
#4877=VERTEX_POINT('',#16127);
#4878=VERTEX_POINT('',#16129);
#4879=VERTEX_POINT('',#16133);
#4880=VERTEX_POINT('',#16135);
#4881=VERTEX_POINT('',#16139);
#4882=VERTEX_POINT('',#16141);
#4883=VERTEX_POINT('',#16148);
#4884=VERTEX_POINT('',#16149);
#4885=VERTEX_POINT('',#16151);
#4886=VERTEX_POINT('',#16153);
#4887=VERTEX_POINT('',#16157);
#4888=VERTEX_POINT('',#16159);
#4889=VERTEX_POINT('',#16163);
#4890=VERTEX_POINT('',#16165);
#4891=VERTEX_POINT('',#16169);
#4892=VERTEX_POINT('',#16171);
#4893=VERTEX_POINT('',#16175);
#4894=VERTEX_POINT('',#16177);
#4895=VERTEX_POINT('',#16181);
#4896=VERTEX_POINT('',#16183);
#4897=VERTEX_POINT('',#16187);
#4898=VERTEX_POINT('',#16189);
#4899=VERTEX_POINT('',#16193);
#4900=VERTEX_POINT('',#16195);
#4901=VERTEX_POINT('',#16199);
#4902=VERTEX_POINT('',#16201);
#4903=VERTEX_POINT('',#16205);
#4904=VERTEX_POINT('',#16207);
#4905=VERTEX_POINT('',#16211);
#4906=VERTEX_POINT('',#16213);
#4907=VERTEX_POINT('',#16217);
#4908=VERTEX_POINT('',#16219);
#4909=VERTEX_POINT('',#16223);
#4910=VERTEX_POINT('',#16225);
#4911=VERTEX_POINT('',#16229);
#4912=VERTEX_POINT('',#16231);
#4913=VERTEX_POINT('',#16235);
#4914=VERTEX_POINT('',#16237);
#4915=VERTEX_POINT('',#16241);
#4916=VERTEX_POINT('',#16243);
#4917=VERTEX_POINT('',#16247);
#4918=VERTEX_POINT('',#16249);
#4919=VERTEX_POINT('',#16253);
#4920=VERTEX_POINT('',#16255);
#4921=VERTEX_POINT('',#16259);
#4922=VERTEX_POINT('',#16261);
#4923=VERTEX_POINT('',#16268);
#4924=VERTEX_POINT('',#16269);
#4925=VERTEX_POINT('',#16271);
#4926=VERTEX_POINT('',#16273);
#4927=VERTEX_POINT('',#16277);
#4928=VERTEX_POINT('',#16279);
#4929=VERTEX_POINT('',#16283);
#4930=VERTEX_POINT('',#16285);
#4931=VERTEX_POINT('',#16289);
#4932=VERTEX_POINT('',#16291);
#4933=VERTEX_POINT('',#16295);
#4934=VERTEX_POINT('',#16297);
#4935=VERTEX_POINT('',#16301);
#4936=VERTEX_POINT('',#16303);
#4937=VERTEX_POINT('',#16307);
#4938=VERTEX_POINT('',#16309);
#4939=VERTEX_POINT('',#16313);
#4940=VERTEX_POINT('',#16315);
#4941=VERTEX_POINT('',#16319);
#4942=VERTEX_POINT('',#16321);
#4943=VERTEX_POINT('',#16325);
#4944=VERTEX_POINT('',#16327);
#4945=VERTEX_POINT('',#16331);
#4946=VERTEX_POINT('',#16333);
#4947=VERTEX_POINT('',#16337);
#4948=VERTEX_POINT('',#16339);
#4949=VERTEX_POINT('',#16343);
#4950=VERTEX_POINT('',#16345);
#4951=VERTEX_POINT('',#16349);
#4952=VERTEX_POINT('',#16351);
#4953=VERTEX_POINT('',#16355);
#4954=VERTEX_POINT('',#16357);
#4955=VERTEX_POINT('',#16361);
#4956=VERTEX_POINT('',#16363);
#4957=VERTEX_POINT('',#16367);
#4958=VERTEX_POINT('',#16369);
#4959=VERTEX_POINT('',#16373);
#4960=VERTEX_POINT('',#16375);
#4961=VERTEX_POINT('',#16379);
#4962=VERTEX_POINT('',#16381);
#4963=VERTEX_POINT('',#16388);
#4964=VERTEX_POINT('',#16389);
#4965=VERTEX_POINT('',#16391);
#4966=VERTEX_POINT('',#16393);
#4967=VERTEX_POINT('',#16397);
#4968=VERTEX_POINT('',#16399);
#4969=VERTEX_POINT('',#16403);
#4970=VERTEX_POINT('',#16405);
#4971=VERTEX_POINT('',#16409);
#4972=VERTEX_POINT('',#16411);
#4973=VERTEX_POINT('',#16415);
#4974=VERTEX_POINT('',#16417);
#4975=VERTEX_POINT('',#16421);
#4976=VERTEX_POINT('',#16423);
#4977=VERTEX_POINT('',#16427);
#4978=VERTEX_POINT('',#16429);
#4979=VERTEX_POINT('',#16433);
#4980=VERTEX_POINT('',#16435);
#4981=VERTEX_POINT('',#16439);
#4982=VERTEX_POINT('',#16441);
#4983=VERTEX_POINT('',#16445);
#4984=VERTEX_POINT('',#16447);
#4985=VERTEX_POINT('',#16451);
#4986=VERTEX_POINT('',#16453);
#4987=VERTEX_POINT('',#16457);
#4988=VERTEX_POINT('',#16459);
#4989=VERTEX_POINT('',#16463);
#4990=VERTEX_POINT('',#16465);
#4991=VERTEX_POINT('',#16469);
#4992=VERTEX_POINT('',#16471);
#4993=VERTEX_POINT('',#16475);
#4994=VERTEX_POINT('',#16477);
#4995=VERTEX_POINT('',#16481);
#4996=VERTEX_POINT('',#16483);
#4997=VERTEX_POINT('',#16487);
#4998=VERTEX_POINT('',#16489);
#4999=VERTEX_POINT('',#16493);
#5000=VERTEX_POINT('',#16495);
#5001=VERTEX_POINT('',#16499);
#5002=VERTEX_POINT('',#16501);
#5003=VERTEX_POINT('',#16508);
#5004=VERTEX_POINT('',#16509);
#5005=VERTEX_POINT('',#16511);
#5006=VERTEX_POINT('',#16513);
#5007=VERTEX_POINT('',#16517);
#5008=VERTEX_POINT('',#16519);
#5009=VERTEX_POINT('',#16523);
#5010=VERTEX_POINT('',#16525);
#5011=VERTEX_POINT('',#16529);
#5012=VERTEX_POINT('',#16531);
#5013=VERTEX_POINT('',#16535);
#5014=VERTEX_POINT('',#16537);
#5015=VERTEX_POINT('',#16541);
#5016=VERTEX_POINT('',#16543);
#5017=VERTEX_POINT('',#16547);
#5018=VERTEX_POINT('',#16549);
#5019=VERTEX_POINT('',#16553);
#5020=VERTEX_POINT('',#16555);
#5021=VERTEX_POINT('',#16559);
#5022=VERTEX_POINT('',#16561);
#5023=VERTEX_POINT('',#16565);
#5024=VERTEX_POINT('',#16567);
#5025=VERTEX_POINT('',#16571);
#5026=VERTEX_POINT('',#16573);
#5027=VERTEX_POINT('',#16577);
#5028=VERTEX_POINT('',#16579);
#5029=VERTEX_POINT('',#16583);
#5030=VERTEX_POINT('',#16585);
#5031=VERTEX_POINT('',#16589);
#5032=VERTEX_POINT('',#16591);
#5033=VERTEX_POINT('',#16595);
#5034=VERTEX_POINT('',#16597);
#5035=VERTEX_POINT('',#16601);
#5036=VERTEX_POINT('',#16603);
#5037=VERTEX_POINT('',#16607);
#5038=VERTEX_POINT('',#16609);
#5039=VERTEX_POINT('',#16613);
#5040=VERTEX_POINT('',#16615);
#5041=VERTEX_POINT('',#16619);
#5042=VERTEX_POINT('',#16621);
#5043=VERTEX_POINT('',#16628);
#5044=VERTEX_POINT('',#16629);
#5045=VERTEX_POINT('',#16631);
#5046=VERTEX_POINT('',#16633);
#5047=VERTEX_POINT('',#16637);
#5048=VERTEX_POINT('',#16639);
#5049=VERTEX_POINT('',#16643);
#5050=VERTEX_POINT('',#16645);
#5051=VERTEX_POINT('',#16649);
#5052=VERTEX_POINT('',#16651);
#5053=VERTEX_POINT('',#16655);
#5054=VERTEX_POINT('',#16657);
#5055=VERTEX_POINT('',#16661);
#5056=VERTEX_POINT('',#16663);
#5057=VERTEX_POINT('',#16667);
#5058=VERTEX_POINT('',#16669);
#5059=VERTEX_POINT('',#16673);
#5060=VERTEX_POINT('',#16675);
#5061=VERTEX_POINT('',#16679);
#5062=VERTEX_POINT('',#16681);
#5063=VERTEX_POINT('',#16685);
#5064=VERTEX_POINT('',#16687);
#5065=VERTEX_POINT('',#16691);
#5066=VERTEX_POINT('',#16693);
#5067=VERTEX_POINT('',#16697);
#5068=VERTEX_POINT('',#16699);
#5069=VERTEX_POINT('',#16703);
#5070=VERTEX_POINT('',#16705);
#5071=VERTEX_POINT('',#16709);
#5072=VERTEX_POINT('',#16711);
#5073=VERTEX_POINT('',#16715);
#5074=VERTEX_POINT('',#16717);
#5075=VERTEX_POINT('',#16721);
#5076=VERTEX_POINT('',#16723);
#5077=VERTEX_POINT('',#16727);
#5078=VERTEX_POINT('',#16729);
#5079=VERTEX_POINT('',#16733);
#5080=VERTEX_POINT('',#16735);
#5081=VERTEX_POINT('',#16739);
#5082=VERTEX_POINT('',#16741);
#5083=VERTEX_POINT('',#16748);
#5084=VERTEX_POINT('',#16749);
#5085=VERTEX_POINT('',#16751);
#5086=VERTEX_POINT('',#16753);
#5087=VERTEX_POINT('',#16757);
#5088=VERTEX_POINT('',#16759);
#5089=VERTEX_POINT('',#16763);
#5090=VERTEX_POINT('',#16765);
#5091=VERTEX_POINT('',#16769);
#5092=VERTEX_POINT('',#16771);
#5093=VERTEX_POINT('',#16775);
#5094=VERTEX_POINT('',#16777);
#5095=VERTEX_POINT('',#16781);
#5096=VERTEX_POINT('',#16783);
#5097=VERTEX_POINT('',#16787);
#5098=VERTEX_POINT('',#16789);
#5099=VERTEX_POINT('',#16793);
#5100=VERTEX_POINT('',#16795);
#5101=VERTEX_POINT('',#16799);
#5102=VERTEX_POINT('',#16801);
#5103=VERTEX_POINT('',#16805);
#5104=VERTEX_POINT('',#16807);
#5105=VERTEX_POINT('',#16811);
#5106=VERTEX_POINT('',#16813);
#5107=VERTEX_POINT('',#16817);
#5108=VERTEX_POINT('',#16819);
#5109=VERTEX_POINT('',#16823);
#5110=VERTEX_POINT('',#16825);
#5111=VERTEX_POINT('',#16829);
#5112=VERTEX_POINT('',#16831);
#5113=VERTEX_POINT('',#16835);
#5114=VERTEX_POINT('',#16837);
#5115=VERTEX_POINT('',#16841);
#5116=VERTEX_POINT('',#16843);
#5117=VERTEX_POINT('',#16847);
#5118=VERTEX_POINT('',#16849);
#5119=VERTEX_POINT('',#16853);
#5120=VERTEX_POINT('',#16855);
#5121=VERTEX_POINT('',#16859);
#5122=VERTEX_POINT('',#16861);
#5123=VERTEX_POINT('',#16868);
#5124=VERTEX_POINT('',#16869);
#5125=VERTEX_POINT('',#16871);
#5126=VERTEX_POINT('',#16873);
#5127=VERTEX_POINT('',#16877);
#5128=VERTEX_POINT('',#16879);
#5129=VERTEX_POINT('',#16883);
#5130=VERTEX_POINT('',#16885);
#5131=VERTEX_POINT('',#16889);
#5132=VERTEX_POINT('',#16891);
#5133=VERTEX_POINT('',#16895);
#5134=VERTEX_POINT('',#16897);
#5135=VERTEX_POINT('',#16901);
#5136=VERTEX_POINT('',#16903);
#5137=VERTEX_POINT('',#16907);
#5138=VERTEX_POINT('',#16909);
#5139=VERTEX_POINT('',#16913);
#5140=VERTEX_POINT('',#16915);
#5141=VERTEX_POINT('',#16919);
#5142=VERTEX_POINT('',#16921);
#5143=VERTEX_POINT('',#16925);
#5144=VERTEX_POINT('',#16927);
#5145=VERTEX_POINT('',#16931);
#5146=VERTEX_POINT('',#16933);
#5147=VERTEX_POINT('',#16937);
#5148=VERTEX_POINT('',#16939);
#5149=VERTEX_POINT('',#16943);
#5150=VERTEX_POINT('',#16945);
#5151=VERTEX_POINT('',#16949);
#5152=VERTEX_POINT('',#16951);
#5153=VERTEX_POINT('',#16955);
#5154=VERTEX_POINT('',#16957);
#5155=VERTEX_POINT('',#16961);
#5156=VERTEX_POINT('',#16963);
#5157=VERTEX_POINT('',#16967);
#5158=VERTEX_POINT('',#16969);
#5159=VERTEX_POINT('',#16973);
#5160=VERTEX_POINT('',#16975);
#5161=VERTEX_POINT('',#16979);
#5162=VERTEX_POINT('',#16981);
#5163=VERTEX_POINT('',#16988);
#5164=VERTEX_POINT('',#16989);
#5165=VERTEX_POINT('',#16991);
#5166=VERTEX_POINT('',#16993);
#5167=VERTEX_POINT('',#16997);
#5168=VERTEX_POINT('',#16999);
#5169=VERTEX_POINT('',#17003);
#5170=VERTEX_POINT('',#17005);
#5171=VERTEX_POINT('',#17009);
#5172=VERTEX_POINT('',#17011);
#5173=VERTEX_POINT('',#17015);
#5174=VERTEX_POINT('',#17017);
#5175=VERTEX_POINT('',#17021);
#5176=VERTEX_POINT('',#17023);
#5177=VERTEX_POINT('',#17027);
#5178=VERTEX_POINT('',#17029);
#5179=VERTEX_POINT('',#17033);
#5180=VERTEX_POINT('',#17035);
#5181=VERTEX_POINT('',#17039);
#5182=VERTEX_POINT('',#17041);
#5183=VERTEX_POINT('',#17045);
#5184=VERTEX_POINT('',#17047);
#5185=VERTEX_POINT('',#17051);
#5186=VERTEX_POINT('',#17053);
#5187=VERTEX_POINT('',#17057);
#5188=VERTEX_POINT('',#17059);
#5189=VERTEX_POINT('',#17063);
#5190=VERTEX_POINT('',#17065);
#5191=VERTEX_POINT('',#17069);
#5192=VERTEX_POINT('',#17071);
#5193=VERTEX_POINT('',#17075);
#5194=VERTEX_POINT('',#17077);
#5195=VERTEX_POINT('',#17081);
#5196=VERTEX_POINT('',#17083);
#5197=VERTEX_POINT('',#17087);
#5198=VERTEX_POINT('',#17089);
#5199=VERTEX_POINT('',#17093);
#5200=VERTEX_POINT('',#17095);
#5201=VERTEX_POINT('',#17099);
#5202=VERTEX_POINT('',#17101);
#5203=VERTEX_POINT('',#17108);
#5204=VERTEX_POINT('',#17109);
#5205=VERTEX_POINT('',#17111);
#5206=VERTEX_POINT('',#17113);
#5207=VERTEX_POINT('',#17117);
#5208=VERTEX_POINT('',#17119);
#5209=VERTEX_POINT('',#17123);
#5210=VERTEX_POINT('',#17125);
#5211=VERTEX_POINT('',#17129);
#5212=VERTEX_POINT('',#17131);
#5213=VERTEX_POINT('',#17135);
#5214=VERTEX_POINT('',#17137);
#5215=VERTEX_POINT('',#17141);
#5216=VERTEX_POINT('',#17143);
#5217=VERTEX_POINT('',#17147);
#5218=VERTEX_POINT('',#17149);
#5219=VERTEX_POINT('',#17153);
#5220=VERTEX_POINT('',#17155);
#5221=VERTEX_POINT('',#17159);
#5222=VERTEX_POINT('',#17161);
#5223=VERTEX_POINT('',#17165);
#5224=VERTEX_POINT('',#17167);
#5225=VERTEX_POINT('',#17171);
#5226=VERTEX_POINT('',#17173);
#5227=VERTEX_POINT('',#17177);
#5228=VERTEX_POINT('',#17179);
#5229=VERTEX_POINT('',#17183);
#5230=VERTEX_POINT('',#17185);
#5231=VERTEX_POINT('',#17189);
#5232=VERTEX_POINT('',#17191);
#5233=VERTEX_POINT('',#17195);
#5234=VERTEX_POINT('',#17197);
#5235=VERTEX_POINT('',#17201);
#5236=VERTEX_POINT('',#17203);
#5237=VERTEX_POINT('',#17207);
#5238=VERTEX_POINT('',#17209);
#5239=VERTEX_POINT('',#17213);
#5240=VERTEX_POINT('',#17215);
#5241=VERTEX_POINT('',#17219);
#5242=VERTEX_POINT('',#17221);
#5243=VERTEX_POINT('',#17228);
#5244=VERTEX_POINT('',#17229);
#5245=VERTEX_POINT('',#17231);
#5246=VERTEX_POINT('',#17233);
#5247=VERTEX_POINT('',#17237);
#5248=VERTEX_POINT('',#17239);
#5249=VERTEX_POINT('',#17243);
#5250=VERTEX_POINT('',#17245);
#5251=VERTEX_POINT('',#17249);
#5252=VERTEX_POINT('',#17251);
#5253=VERTEX_POINT('',#17255);
#5254=VERTEX_POINT('',#17257);
#5255=VERTEX_POINT('',#17261);
#5256=VERTEX_POINT('',#17263);
#5257=VERTEX_POINT('',#17267);
#5258=VERTEX_POINT('',#17269);
#5259=VERTEX_POINT('',#17273);
#5260=VERTEX_POINT('',#17275);
#5261=VERTEX_POINT('',#17279);
#5262=VERTEX_POINT('',#17281);
#5263=VERTEX_POINT('',#17285);
#5264=VERTEX_POINT('',#17287);
#5265=VERTEX_POINT('',#17291);
#5266=VERTEX_POINT('',#17293);
#5267=VERTEX_POINT('',#17297);
#5268=VERTEX_POINT('',#17299);
#5269=VERTEX_POINT('',#17303);
#5270=VERTEX_POINT('',#17305);
#5271=VERTEX_POINT('',#17309);
#5272=VERTEX_POINT('',#17311);
#5273=VERTEX_POINT('',#17315);
#5274=VERTEX_POINT('',#17317);
#5275=VERTEX_POINT('',#17321);
#5276=VERTEX_POINT('',#17323);
#5277=VERTEX_POINT('',#17327);
#5278=VERTEX_POINT('',#17329);
#5279=VERTEX_POINT('',#17333);
#5280=VERTEX_POINT('',#17335);
#5281=VERTEX_POINT('',#17339);
#5282=VERTEX_POINT('',#17341);
#5283=VERTEX_POINT('',#17348);
#5284=VERTEX_POINT('',#17349);
#5285=VERTEX_POINT('',#17351);
#5286=VERTEX_POINT('',#17353);
#5287=VERTEX_POINT('',#17357);
#5288=VERTEX_POINT('',#17359);
#5289=VERTEX_POINT('',#17363);
#5290=VERTEX_POINT('',#17365);
#5291=VERTEX_POINT('',#17369);
#5292=VERTEX_POINT('',#17371);
#5293=VERTEX_POINT('',#17375);
#5294=VERTEX_POINT('',#17377);
#5295=VERTEX_POINT('',#17381);
#5296=VERTEX_POINT('',#17383);
#5297=VERTEX_POINT('',#17387);
#5298=VERTEX_POINT('',#17389);
#5299=VERTEX_POINT('',#17393);
#5300=VERTEX_POINT('',#17395);
#5301=VERTEX_POINT('',#17399);
#5302=VERTEX_POINT('',#17401);
#5303=VERTEX_POINT('',#17405);
#5304=VERTEX_POINT('',#17407);
#5305=VERTEX_POINT('',#17411);
#5306=VERTEX_POINT('',#17413);
#5307=VERTEX_POINT('',#17417);
#5308=VERTEX_POINT('',#17419);
#5309=VERTEX_POINT('',#17423);
#5310=VERTEX_POINT('',#17425);
#5311=VERTEX_POINT('',#17429);
#5312=VERTEX_POINT('',#17431);
#5313=VERTEX_POINT('',#17435);
#5314=VERTEX_POINT('',#17437);
#5315=VERTEX_POINT('',#17441);
#5316=VERTEX_POINT('',#17443);
#5317=VERTEX_POINT('',#17447);
#5318=VERTEX_POINT('',#17449);
#5319=VERTEX_POINT('',#17453);
#5320=VERTEX_POINT('',#17455);
#5321=VERTEX_POINT('',#17459);
#5322=VERTEX_POINT('',#17461);
#5323=VERTEX_POINT('',#17468);
#5324=VERTEX_POINT('',#17469);
#5325=VERTEX_POINT('',#17471);
#5326=VERTEX_POINT('',#17473);
#5327=VERTEX_POINT('',#17477);
#5328=VERTEX_POINT('',#17479);
#5329=VERTEX_POINT('',#17483);
#5330=VERTEX_POINT('',#17485);
#5331=VERTEX_POINT('',#17489);
#5332=VERTEX_POINT('',#17491);
#5333=VERTEX_POINT('',#17495);
#5334=VERTEX_POINT('',#17497);
#5335=VERTEX_POINT('',#17501);
#5336=VERTEX_POINT('',#17503);
#5337=VERTEX_POINT('',#17507);
#5338=VERTEX_POINT('',#17509);
#5339=VERTEX_POINT('',#17513);
#5340=VERTEX_POINT('',#17515);
#5341=VERTEX_POINT('',#17519);
#5342=VERTEX_POINT('',#17521);
#5343=VERTEX_POINT('',#17525);
#5344=VERTEX_POINT('',#17527);
#5345=VERTEX_POINT('',#17531);
#5346=VERTEX_POINT('',#17533);
#5347=VERTEX_POINT('',#17537);
#5348=VERTEX_POINT('',#17539);
#5349=VERTEX_POINT('',#17543);
#5350=VERTEX_POINT('',#17545);
#5351=VERTEX_POINT('',#17549);
#5352=VERTEX_POINT('',#17551);
#5353=VERTEX_POINT('',#17555);
#5354=VERTEX_POINT('',#17557);
#5355=VERTEX_POINT('',#17561);
#5356=VERTEX_POINT('',#17563);
#5357=VERTEX_POINT('',#17567);
#5358=VERTEX_POINT('',#17569);
#5359=VERTEX_POINT('',#17573);
#5360=VERTEX_POINT('',#17575);
#5361=VERTEX_POINT('',#17579);
#5362=VERTEX_POINT('',#17581);
#5363=VERTEX_POINT('',#17588);
#5364=VERTEX_POINT('',#17589);
#5365=VERTEX_POINT('',#17591);
#5366=VERTEX_POINT('',#17593);
#5367=VERTEX_POINT('',#17597);
#5368=VERTEX_POINT('',#17599);
#5369=VERTEX_POINT('',#17603);
#5370=VERTEX_POINT('',#17605);
#5371=VERTEX_POINT('',#17609);
#5372=VERTEX_POINT('',#17611);
#5373=VERTEX_POINT('',#17615);
#5374=VERTEX_POINT('',#17617);
#5375=VERTEX_POINT('',#17621);
#5376=VERTEX_POINT('',#17623);
#5377=VERTEX_POINT('',#17627);
#5378=VERTEX_POINT('',#17629);
#5379=VERTEX_POINT('',#17633);
#5380=VERTEX_POINT('',#17635);
#5381=VERTEX_POINT('',#17639);
#5382=VERTEX_POINT('',#17641);
#5383=VERTEX_POINT('',#17645);
#5384=VERTEX_POINT('',#17647);
#5385=VERTEX_POINT('',#17651);
#5386=VERTEX_POINT('',#17653);
#5387=VERTEX_POINT('',#17657);
#5388=VERTEX_POINT('',#17659);
#5389=VERTEX_POINT('',#17663);
#5390=VERTEX_POINT('',#17665);
#5391=VERTEX_POINT('',#17669);
#5392=VERTEX_POINT('',#17671);
#5393=VERTEX_POINT('',#17675);
#5394=VERTEX_POINT('',#17677);
#5395=VERTEX_POINT('',#17681);
#5396=VERTEX_POINT('',#17683);
#5397=VERTEX_POINT('',#17687);
#5398=VERTEX_POINT('',#17689);
#5399=VERTEX_POINT('',#17693);
#5400=VERTEX_POINT('',#17695);
#5401=VERTEX_POINT('',#17699);
#5402=VERTEX_POINT('',#17701);
#5403=VERTEX_POINT('',#17708);
#5404=VERTEX_POINT('',#17709);
#5405=VERTEX_POINT('',#17711);
#5406=VERTEX_POINT('',#17713);
#5407=VERTEX_POINT('',#17717);
#5408=VERTEX_POINT('',#17719);
#5409=VERTEX_POINT('',#17723);
#5410=VERTEX_POINT('',#17725);
#5411=VERTEX_POINT('',#17729);
#5412=VERTEX_POINT('',#17731);
#5413=VERTEX_POINT('',#17735);
#5414=VERTEX_POINT('',#17737);
#5415=VERTEX_POINT('',#17741);
#5416=VERTEX_POINT('',#17743);
#5417=VERTEX_POINT('',#17747);
#5418=VERTEX_POINT('',#17749);
#5419=VERTEX_POINT('',#17753);
#5420=VERTEX_POINT('',#17755);
#5421=VERTEX_POINT('',#17759);
#5422=VERTEX_POINT('',#17761);
#5423=VERTEX_POINT('',#17765);
#5424=VERTEX_POINT('',#17767);
#5425=VERTEX_POINT('',#17771);
#5426=VERTEX_POINT('',#17773);
#5427=VERTEX_POINT('',#17777);
#5428=VERTEX_POINT('',#17779);
#5429=VERTEX_POINT('',#17783);
#5430=VERTEX_POINT('',#17785);
#5431=VERTEX_POINT('',#17789);
#5432=VERTEX_POINT('',#17791);
#5433=VERTEX_POINT('',#17795);
#5434=VERTEX_POINT('',#17797);
#5435=VERTEX_POINT('',#17801);
#5436=VERTEX_POINT('',#17803);
#5437=VERTEX_POINT('',#17807);
#5438=VERTEX_POINT('',#17809);
#5439=VERTEX_POINT('',#17813);
#5440=VERTEX_POINT('',#17815);
#5441=VERTEX_POINT('',#17819);
#5442=VERTEX_POINT('',#17821);
#5443=VERTEX_POINT('',#17828);
#5444=VERTEX_POINT('',#17829);
#5445=VERTEX_POINT('',#17831);
#5446=VERTEX_POINT('',#17833);
#5447=VERTEX_POINT('',#17837);
#5448=VERTEX_POINT('',#17839);
#5449=VERTEX_POINT('',#17843);
#5450=VERTEX_POINT('',#17845);
#5451=VERTEX_POINT('',#17849);
#5452=VERTEX_POINT('',#17851);
#5453=VERTEX_POINT('',#17855);
#5454=VERTEX_POINT('',#17857);
#5455=VERTEX_POINT('',#17861);
#5456=VERTEX_POINT('',#17863);
#5457=VERTEX_POINT('',#17867);
#5458=VERTEX_POINT('',#17869);
#5459=VERTEX_POINT('',#17873);
#5460=VERTEX_POINT('',#17875);
#5461=VERTEX_POINT('',#17879);
#5462=VERTEX_POINT('',#17881);
#5463=VERTEX_POINT('',#17885);
#5464=VERTEX_POINT('',#17887);
#5465=VERTEX_POINT('',#17891);
#5466=VERTEX_POINT('',#17893);
#5467=VERTEX_POINT('',#17897);
#5468=VERTEX_POINT('',#17899);
#5469=VERTEX_POINT('',#17903);
#5470=VERTEX_POINT('',#17905);
#5471=VERTEX_POINT('',#17909);
#5472=VERTEX_POINT('',#17911);
#5473=VERTEX_POINT('',#17915);
#5474=VERTEX_POINT('',#17917);
#5475=VERTEX_POINT('',#17921);
#5476=VERTEX_POINT('',#17923);
#5477=VERTEX_POINT('',#17927);
#5478=VERTEX_POINT('',#17929);
#5479=VERTEX_POINT('',#17933);
#5480=VERTEX_POINT('',#17935);
#5481=VERTEX_POINT('',#17939);
#5482=VERTEX_POINT('',#17941);
#5483=VERTEX_POINT('',#17948);
#5484=VERTEX_POINT('',#17949);
#5485=VERTEX_POINT('',#17951);
#5486=VERTEX_POINT('',#17953);
#5487=VERTEX_POINT('',#17957);
#5488=VERTEX_POINT('',#17959);
#5489=VERTEX_POINT('',#17963);
#5490=VERTEX_POINT('',#17965);
#5491=VERTEX_POINT('',#17969);
#5492=VERTEX_POINT('',#17971);
#5493=VERTEX_POINT('',#17975);
#5494=VERTEX_POINT('',#17977);
#5495=VERTEX_POINT('',#17981);
#5496=VERTEX_POINT('',#17983);
#5497=VERTEX_POINT('',#17987);
#5498=VERTEX_POINT('',#17989);
#5499=VERTEX_POINT('',#17993);
#5500=VERTEX_POINT('',#17995);
#5501=VERTEX_POINT('',#17999);
#5502=VERTEX_POINT('',#18001);
#5503=VERTEX_POINT('',#18005);
#5504=VERTEX_POINT('',#18007);
#5505=VERTEX_POINT('',#18011);
#5506=VERTEX_POINT('',#18013);
#5507=VERTEX_POINT('',#18017);
#5508=VERTEX_POINT('',#18019);
#5509=VERTEX_POINT('',#18023);
#5510=VERTEX_POINT('',#18025);
#5511=VERTEX_POINT('',#18029);
#5512=VERTEX_POINT('',#18031);
#5513=VERTEX_POINT('',#18035);
#5514=VERTEX_POINT('',#18037);
#5515=VERTEX_POINT('',#18041);
#5516=VERTEX_POINT('',#18043);
#5517=VERTEX_POINT('',#18047);
#5518=VERTEX_POINT('',#18049);
#5519=VERTEX_POINT('',#18053);
#5520=VERTEX_POINT('',#18055);
#5521=VERTEX_POINT('',#18059);
#5522=VERTEX_POINT('',#18061);
#5523=VERTEX_POINT('',#18068);
#5524=VERTEX_POINT('',#18069);
#5525=VERTEX_POINT('',#18071);
#5526=VERTEX_POINT('',#18073);
#5527=VERTEX_POINT('',#18077);
#5528=VERTEX_POINT('',#18079);
#5529=VERTEX_POINT('',#18083);
#5530=VERTEX_POINT('',#18085);
#5531=VERTEX_POINT('',#18089);
#5532=VERTEX_POINT('',#18091);
#5533=VERTEX_POINT('',#18095);
#5534=VERTEX_POINT('',#18097);
#5535=VERTEX_POINT('',#18101);
#5536=VERTEX_POINT('',#18103);
#5537=VERTEX_POINT('',#18107);
#5538=VERTEX_POINT('',#18109);
#5539=VERTEX_POINT('',#18113);
#5540=VERTEX_POINT('',#18115);
#5541=VERTEX_POINT('',#18119);
#5542=VERTEX_POINT('',#18121);
#5543=VERTEX_POINT('',#18125);
#5544=VERTEX_POINT('',#18127);
#5545=VERTEX_POINT('',#18131);
#5546=VERTEX_POINT('',#18133);
#5547=VERTEX_POINT('',#18137);
#5548=VERTEX_POINT('',#18139);
#5549=VERTEX_POINT('',#18143);
#5550=VERTEX_POINT('',#18145);
#5551=VERTEX_POINT('',#18149);
#5552=VERTEX_POINT('',#18151);
#5553=VERTEX_POINT('',#18155);
#5554=VERTEX_POINT('',#18157);
#5555=VERTEX_POINT('',#18161);
#5556=VERTEX_POINT('',#18163);
#5557=VERTEX_POINT('',#18167);
#5558=VERTEX_POINT('',#18169);
#5559=VERTEX_POINT('',#18173);
#5560=VERTEX_POINT('',#18175);
#5561=VERTEX_POINT('',#18179);
#5562=VERTEX_POINT('',#18181);
#5563=VERTEX_POINT('',#18188);
#5564=VERTEX_POINT('',#18189);
#5565=VERTEX_POINT('',#18191);
#5566=VERTEX_POINT('',#18193);
#5567=VERTEX_POINT('',#18197);
#5568=VERTEX_POINT('',#18199);
#5569=VERTEX_POINT('',#18203);
#5570=VERTEX_POINT('',#18205);
#5571=VERTEX_POINT('',#18209);
#5572=VERTEX_POINT('',#18211);
#5573=VERTEX_POINT('',#18215);
#5574=VERTEX_POINT('',#18217);
#5575=VERTEX_POINT('',#18221);
#5576=VERTEX_POINT('',#18223);
#5577=VERTEX_POINT('',#18227);
#5578=VERTEX_POINT('',#18229);
#5579=VERTEX_POINT('',#18233);
#5580=VERTEX_POINT('',#18235);
#5581=VERTEX_POINT('',#18239);
#5582=VERTEX_POINT('',#18241);
#5583=VERTEX_POINT('',#18245);
#5584=VERTEX_POINT('',#18247);
#5585=VERTEX_POINT('',#18251);
#5586=VERTEX_POINT('',#18253);
#5587=VERTEX_POINT('',#18257);
#5588=VERTEX_POINT('',#18259);
#5589=VERTEX_POINT('',#18263);
#5590=VERTEX_POINT('',#18265);
#5591=VERTEX_POINT('',#18269);
#5592=VERTEX_POINT('',#18271);
#5593=VERTEX_POINT('',#18275);
#5594=VERTEX_POINT('',#18277);
#5595=VERTEX_POINT('',#18281);
#5596=VERTEX_POINT('',#18283);
#5597=VERTEX_POINT('',#18287);
#5598=VERTEX_POINT('',#18289);
#5599=VERTEX_POINT('',#18293);
#5600=VERTEX_POINT('',#18295);
#5601=VERTEX_POINT('',#18299);
#5602=VERTEX_POINT('',#18301);
#5603=VERTEX_POINT('',#18308);
#5604=VERTEX_POINT('',#18309);
#5605=VERTEX_POINT('',#18311);
#5606=VERTEX_POINT('',#18313);
#5607=VERTEX_POINT('',#18317);
#5608=VERTEX_POINT('',#18319);
#5609=VERTEX_POINT('',#18323);
#5610=VERTEX_POINT('',#18325);
#5611=VERTEX_POINT('',#18329);
#5612=VERTEX_POINT('',#18331);
#5613=VERTEX_POINT('',#18335);
#5614=VERTEX_POINT('',#18337);
#5615=VERTEX_POINT('',#18341);
#5616=VERTEX_POINT('',#18343);
#5617=VERTEX_POINT('',#18347);
#5618=VERTEX_POINT('',#18349);
#5619=VERTEX_POINT('',#18353);
#5620=VERTEX_POINT('',#18355);
#5621=VERTEX_POINT('',#18359);
#5622=VERTEX_POINT('',#18361);
#5623=VERTEX_POINT('',#18365);
#5624=VERTEX_POINT('',#18367);
#5625=VERTEX_POINT('',#18371);
#5626=VERTEX_POINT('',#18373);
#5627=VERTEX_POINT('',#18377);
#5628=VERTEX_POINT('',#18379);
#5629=VERTEX_POINT('',#18383);
#5630=VERTEX_POINT('',#18385);
#5631=VERTEX_POINT('',#18389);
#5632=VERTEX_POINT('',#18391);
#5633=VERTEX_POINT('',#18395);
#5634=VERTEX_POINT('',#18397);
#5635=VERTEX_POINT('',#18401);
#5636=VERTEX_POINT('',#18403);
#5637=VERTEX_POINT('',#18407);
#5638=VERTEX_POINT('',#18409);
#5639=VERTEX_POINT('',#18413);
#5640=VERTEX_POINT('',#18415);
#5641=VERTEX_POINT('',#18419);
#5642=VERTEX_POINT('',#18421);
#5643=VERTEX_POINT('',#18428);
#5644=VERTEX_POINT('',#18429);
#5645=VERTEX_POINT('',#18431);
#5646=VERTEX_POINT('',#18433);
#5647=VERTEX_POINT('',#18437);
#5648=VERTEX_POINT('',#18439);
#5649=VERTEX_POINT('',#18443);
#5650=VERTEX_POINT('',#18445);
#5651=VERTEX_POINT('',#18449);
#5652=VERTEX_POINT('',#18451);
#5653=VERTEX_POINT('',#18455);
#5654=VERTEX_POINT('',#18457);
#5655=VERTEX_POINT('',#18461);
#5656=VERTEX_POINT('',#18463);
#5657=VERTEX_POINT('',#18467);
#5658=VERTEX_POINT('',#18469);
#5659=VERTEX_POINT('',#18473);
#5660=VERTEX_POINT('',#18475);
#5661=VERTEX_POINT('',#18479);
#5662=VERTEX_POINT('',#18481);
#5663=VERTEX_POINT('',#18485);
#5664=VERTEX_POINT('',#18487);
#5665=VERTEX_POINT('',#18491);
#5666=VERTEX_POINT('',#18493);
#5667=VERTEX_POINT('',#18497);
#5668=VERTEX_POINT('',#18499);
#5669=VERTEX_POINT('',#18503);
#5670=VERTEX_POINT('',#18505);
#5671=VERTEX_POINT('',#18509);
#5672=VERTEX_POINT('',#18511);
#5673=VERTEX_POINT('',#18515);
#5674=VERTEX_POINT('',#18517);
#5675=VERTEX_POINT('',#18521);
#5676=VERTEX_POINT('',#18523);
#5677=VERTEX_POINT('',#18527);
#5678=VERTEX_POINT('',#18529);
#5679=VERTEX_POINT('',#18533);
#5680=VERTEX_POINT('',#18535);
#5681=VERTEX_POINT('',#18539);
#5682=VERTEX_POINT('',#18541);
#5683=VERTEX_POINT('',#18548);
#5684=VERTEX_POINT('',#18549);
#5685=VERTEX_POINT('',#18551);
#5686=VERTEX_POINT('',#18553);
#5687=VERTEX_POINT('',#18557);
#5688=VERTEX_POINT('',#18559);
#5689=VERTEX_POINT('',#18563);
#5690=VERTEX_POINT('',#18565);
#5691=VERTEX_POINT('',#18569);
#5692=VERTEX_POINT('',#18571);
#5693=VERTEX_POINT('',#18575);
#5694=VERTEX_POINT('',#18577);
#5695=VERTEX_POINT('',#18581);
#5696=VERTEX_POINT('',#18583);
#5697=VERTEX_POINT('',#18587);
#5698=VERTEX_POINT('',#18589);
#5699=VERTEX_POINT('',#18593);
#5700=VERTEX_POINT('',#18595);
#5701=VERTEX_POINT('',#18599);
#5702=VERTEX_POINT('',#18601);
#5703=VERTEX_POINT('',#18605);
#5704=VERTEX_POINT('',#18607);
#5705=VERTEX_POINT('',#18611);
#5706=VERTEX_POINT('',#18613);
#5707=VERTEX_POINT('',#18617);
#5708=VERTEX_POINT('',#18619);
#5709=VERTEX_POINT('',#18623);
#5710=VERTEX_POINT('',#18625);
#5711=VERTEX_POINT('',#18629);
#5712=VERTEX_POINT('',#18631);
#5713=VERTEX_POINT('',#18635);
#5714=VERTEX_POINT('',#18637);
#5715=VERTEX_POINT('',#18641);
#5716=VERTEX_POINT('',#18643);
#5717=VERTEX_POINT('',#18647);
#5718=VERTEX_POINT('',#18649);
#5719=VERTEX_POINT('',#18653);
#5720=VERTEX_POINT('',#18655);
#5721=VERTEX_POINT('',#18659);
#5722=VERTEX_POINT('',#18661);
#5723=VERTEX_POINT('',#18668);
#5724=VERTEX_POINT('',#18669);
#5725=VERTEX_POINT('',#18671);
#5726=VERTEX_POINT('',#18673);
#5727=VERTEX_POINT('',#18677);
#5728=VERTEX_POINT('',#18679);
#5729=VERTEX_POINT('',#18683);
#5730=VERTEX_POINT('',#18685);
#5731=VERTEX_POINT('',#18689);
#5732=VERTEX_POINT('',#18691);
#5733=VERTEX_POINT('',#18695);
#5734=VERTEX_POINT('',#18697);
#5735=VERTEX_POINT('',#18701);
#5736=VERTEX_POINT('',#18703);
#5737=VERTEX_POINT('',#18707);
#5738=VERTEX_POINT('',#18709);
#5739=VERTEX_POINT('',#18713);
#5740=VERTEX_POINT('',#18715);
#5741=VERTEX_POINT('',#18719);
#5742=VERTEX_POINT('',#18721);
#5743=VERTEX_POINT('',#18725);
#5744=VERTEX_POINT('',#18727);
#5745=VERTEX_POINT('',#18731);
#5746=VERTEX_POINT('',#18733);
#5747=VERTEX_POINT('',#18737);
#5748=VERTEX_POINT('',#18739);
#5749=VERTEX_POINT('',#18743);
#5750=VERTEX_POINT('',#18745);
#5751=VERTEX_POINT('',#18749);
#5752=VERTEX_POINT('',#18751);
#5753=VERTEX_POINT('',#18755);
#5754=VERTEX_POINT('',#18757);
#5755=VERTEX_POINT('',#18761);
#5756=VERTEX_POINT('',#18763);
#5757=VERTEX_POINT('',#18767);
#5758=VERTEX_POINT('',#18769);
#5759=VERTEX_POINT('',#18773);
#5760=VERTEX_POINT('',#18775);
#5761=VERTEX_POINT('',#18779);
#5762=VERTEX_POINT('',#18781);
#5763=VERTEX_POINT('',#18788);
#5764=VERTEX_POINT('',#18789);
#5765=VERTEX_POINT('',#18791);
#5766=VERTEX_POINT('',#18793);
#5767=VERTEX_POINT('',#18797);
#5768=VERTEX_POINT('',#18799);
#5769=VERTEX_POINT('',#18803);
#5770=VERTEX_POINT('',#18805);
#5771=VERTEX_POINT('',#18809);
#5772=VERTEX_POINT('',#18811);
#5773=VERTEX_POINT('',#18815);
#5774=VERTEX_POINT('',#18817);
#5775=VERTEX_POINT('',#18821);
#5776=VERTEX_POINT('',#18823);
#5777=VERTEX_POINT('',#18827);
#5778=VERTEX_POINT('',#18829);
#5779=VERTEX_POINT('',#18833);
#5780=VERTEX_POINT('',#18835);
#5781=VERTEX_POINT('',#18839);
#5782=VERTEX_POINT('',#18841);
#5783=VERTEX_POINT('',#18845);
#5784=VERTEX_POINT('',#18847);
#5785=VERTEX_POINT('',#18851);
#5786=VERTEX_POINT('',#18853);
#5787=VERTEX_POINT('',#18857);
#5788=VERTEX_POINT('',#18859);
#5789=VERTEX_POINT('',#18863);
#5790=VERTEX_POINT('',#18865);
#5791=VERTEX_POINT('',#18869);
#5792=VERTEX_POINT('',#18871);
#5793=VERTEX_POINT('',#18875);
#5794=VERTEX_POINT('',#18877);
#5795=VERTEX_POINT('',#18881);
#5796=VERTEX_POINT('',#18883);
#5797=VERTEX_POINT('',#18887);
#5798=VERTEX_POINT('',#18889);
#5799=VERTEX_POINT('',#18893);
#5800=VERTEX_POINT('',#18895);
#5801=VERTEX_POINT('',#18899);
#5802=VERTEX_POINT('',#18901);
#5803=VERTEX_POINT('',#18908);
#5804=VERTEX_POINT('',#18909);
#5805=VERTEX_POINT('',#18911);
#5806=VERTEX_POINT('',#18913);
#5807=VERTEX_POINT('',#18917);
#5808=VERTEX_POINT('',#18919);
#5809=VERTEX_POINT('',#18923);
#5810=VERTEX_POINT('',#18925);
#5811=VERTEX_POINT('',#18929);
#5812=VERTEX_POINT('',#18931);
#5813=VERTEX_POINT('',#18935);
#5814=VERTEX_POINT('',#18937);
#5815=VERTEX_POINT('',#18941);
#5816=VERTEX_POINT('',#18943);
#5817=VERTEX_POINT('',#18947);
#5818=VERTEX_POINT('',#18949);
#5819=VERTEX_POINT('',#18953);
#5820=VERTEX_POINT('',#18955);
#5821=VERTEX_POINT('',#18959);
#5822=VERTEX_POINT('',#18961);
#5823=VERTEX_POINT('',#18965);
#5824=VERTEX_POINT('',#18967);
#5825=VERTEX_POINT('',#18971);
#5826=VERTEX_POINT('',#18973);
#5827=VERTEX_POINT('',#18977);
#5828=VERTEX_POINT('',#18979);
#5829=VERTEX_POINT('',#18983);
#5830=VERTEX_POINT('',#18985);
#5831=VERTEX_POINT('',#18989);
#5832=VERTEX_POINT('',#18991);
#5833=VERTEX_POINT('',#18995);
#5834=VERTEX_POINT('',#18997);
#5835=VERTEX_POINT('',#19001);
#5836=VERTEX_POINT('',#19003);
#5837=VERTEX_POINT('',#19007);
#5838=VERTEX_POINT('',#19009);
#5839=VERTEX_POINT('',#19013);
#5840=VERTEX_POINT('',#19015);
#5841=VERTEX_POINT('',#19019);
#5842=VERTEX_POINT('',#19021);
#5843=VERTEX_POINT('',#19028);
#5844=VERTEX_POINT('',#19029);
#5845=VERTEX_POINT('',#19031);
#5846=VERTEX_POINT('',#19033);
#5847=VERTEX_POINT('',#19037);
#5848=VERTEX_POINT('',#19039);
#5849=VERTEX_POINT('',#19043);
#5850=VERTEX_POINT('',#19045);
#5851=VERTEX_POINT('',#19049);
#5852=VERTEX_POINT('',#19051);
#5853=VERTEX_POINT('',#19055);
#5854=VERTEX_POINT('',#19057);
#5855=VERTEX_POINT('',#19061);
#5856=VERTEX_POINT('',#19063);
#5857=VERTEX_POINT('',#19067);
#5858=VERTEX_POINT('',#19069);
#5859=VERTEX_POINT('',#19073);
#5860=VERTEX_POINT('',#19075);
#5861=VERTEX_POINT('',#19079);
#5862=VERTEX_POINT('',#19081);
#5863=VERTEX_POINT('',#19085);
#5864=VERTEX_POINT('',#19087);
#5865=VERTEX_POINT('',#19091);
#5866=VERTEX_POINT('',#19093);
#5867=VERTEX_POINT('',#19097);
#5868=VERTEX_POINT('',#19099);
#5869=VERTEX_POINT('',#19103);
#5870=VERTEX_POINT('',#19105);
#5871=VERTEX_POINT('',#19109);
#5872=VERTEX_POINT('',#19111);
#5873=VERTEX_POINT('',#19115);
#5874=VERTEX_POINT('',#19117);
#5875=VERTEX_POINT('',#19121);
#5876=VERTEX_POINT('',#19123);
#5877=EDGE_CURVE('',#4727,#4728,#1277,.T.);
#5878=EDGE_CURVE('',#4727,#4729,#1278,.T.);
#5879=EDGE_CURVE('',#4730,#4729,#1279,.T.);
#5880=EDGE_CURVE('',#4728,#4730,#1280,.T.);
#5881=EDGE_CURVE('',#4728,#4731,#1281,.T.);
#5882=EDGE_CURVE('',#4732,#4730,#1282,.T.);
#5883=EDGE_CURVE('',#4731,#4732,#1283,.T.);
#5884=EDGE_CURVE('',#4731,#4733,#1284,.T.);
#5885=EDGE_CURVE('',#4734,#4732,#1285,.T.);
#5886=EDGE_CURVE('',#4733,#4734,#1286,.T.);
#5887=EDGE_CURVE('',#4735,#4733,#1287,.T.);
#5888=EDGE_CURVE('',#4736,#4734,#1288,.T.);
#5889=EDGE_CURVE('',#4735,#4736,#1289,.T.);
#5890=EDGE_CURVE('',#4735,#4737,#1290,.T.);
#5891=EDGE_CURVE('',#4738,#4736,#1291,.T.);
#5892=EDGE_CURVE('',#4737,#4738,#1292,.T.);
#5893=EDGE_CURVE('',#4737,#4739,#1293,.T.);
#5894=EDGE_CURVE('',#4740,#4738,#1294,.T.);
#5895=EDGE_CURVE('',#4739,#4740,#1295,.T.);
#5896=EDGE_CURVE('',#4739,#4741,#1296,.T.);
#5897=EDGE_CURVE('',#4742,#4740,#1297,.T.);
#5898=EDGE_CURVE('',#4741,#4742,#1298,.T.);
#5899=EDGE_CURVE('',#4741,#4743,#1299,.T.);
#5900=EDGE_CURVE('',#4744,#4742,#1300,.T.);
#5901=EDGE_CURVE('',#4743,#4744,#1301,.T.);
#5902=EDGE_CURVE('',#4743,#4745,#1302,.T.);
#5903=EDGE_CURVE('',#4746,#4744,#1303,.T.);
#5904=EDGE_CURVE('',#4745,#4746,#1304,.T.);
#5905=EDGE_CURVE('',#4745,#4747,#1305,.T.);
#5906=EDGE_CURVE('',#4748,#4746,#1306,.T.);
#5907=EDGE_CURVE('',#4747,#4748,#1307,.T.);
#5908=EDGE_CURVE('',#4747,#4749,#1308,.T.);
#5909=EDGE_CURVE('',#4750,#4748,#1309,.T.);
#5910=EDGE_CURVE('',#4749,#4750,#1310,.T.);
#5911=EDGE_CURVE('',#4749,#4751,#1311,.T.);
#5912=EDGE_CURVE('',#4752,#4750,#1312,.T.);
#5913=EDGE_CURVE('',#4751,#4752,#1313,.T.);
#5914=EDGE_CURVE('',#4753,#4751,#1314,.T.);
#5915=EDGE_CURVE('',#4754,#4752,#1315,.T.);
#5916=EDGE_CURVE('',#4753,#4754,#1316,.T.);
#5917=EDGE_CURVE('',#4755,#4753,#1317,.T.);
#5918=EDGE_CURVE('',#4756,#4754,#1318,.T.);
#5919=EDGE_CURVE('',#4755,#4756,#1319,.T.);
#5920=EDGE_CURVE('',#4757,#4755,#1320,.T.);
#5921=EDGE_CURVE('',#4758,#4756,#1321,.T.);
#5922=EDGE_CURVE('',#4757,#4758,#1322,.T.);
#5923=EDGE_CURVE('',#4759,#4757,#1323,.T.);
#5924=EDGE_CURVE('',#4760,#4758,#1324,.T.);
#5925=EDGE_CURVE('',#4759,#4760,#1325,.T.);
#5926=EDGE_CURVE('',#4761,#4759,#1326,.T.);
#5927=EDGE_CURVE('',#4762,#4760,#1327,.T.);
#5928=EDGE_CURVE('',#4761,#4762,#1328,.T.);
#5929=EDGE_CURVE('',#4763,#4761,#1329,.T.);
#5930=EDGE_CURVE('',#4764,#4762,#1330,.T.);
#5931=EDGE_CURVE('',#4763,#4764,#1331,.T.);
#5932=EDGE_CURVE('',#4765,#4763,#1332,.T.);
#5933=EDGE_CURVE('',#4766,#4764,#1333,.T.);
#5934=EDGE_CURVE('',#4765,#4766,#1334,.T.);
#5935=EDGE_CURVE('',#4765,#4767,#1335,.T.);
#5936=EDGE_CURVE('',#4768,#4766,#1336,.T.);
#5937=EDGE_CURVE('',#4767,#4768,#1337,.T.);
#5938=EDGE_CURVE('',#4767,#4769,#1338,.T.);
#5939=EDGE_CURVE('',#4770,#4768,#1339,.T.);
#5940=EDGE_CURVE('',#4769,#4770,#1340,.T.);
#5941=EDGE_CURVE('',#4769,#4771,#1341,.T.);
#5942=EDGE_CURVE('',#4772,#4770,#1342,.T.);
#5943=EDGE_CURVE('',#4771,#4772,#1343,.T.);
#5944=EDGE_CURVE('',#4771,#4773,#1344,.T.);
#5945=EDGE_CURVE('',#4774,#4772,#1345,.T.);
#5946=EDGE_CURVE('',#4773,#4774,#1346,.T.);
#5947=EDGE_CURVE('',#4773,#4775,#1347,.T.);
#5948=EDGE_CURVE('',#4776,#4774,#1348,.T.);
#5949=EDGE_CURVE('',#4775,#4776,#1349,.T.);
#5950=EDGE_CURVE('',#4775,#4777,#1350,.T.);
#5951=EDGE_CURVE('',#4778,#4776,#1351,.T.);
#5952=EDGE_CURVE('',#4777,#4778,#1352,.T.);
#5953=EDGE_CURVE('',#4777,#4779,#1353,.T.);
#5954=EDGE_CURVE('',#4780,#4778,#1354,.T.);
#5955=EDGE_CURVE('',#4779,#4780,#1355,.T.);
#5956=EDGE_CURVE('',#4779,#4781,#1356,.T.);
#5957=EDGE_CURVE('',#4782,#4780,#1357,.T.);
#5958=EDGE_CURVE('',#4781,#4782,#1358,.T.);
#5959=EDGE_CURVE('',#4781,#4783,#1359,.T.);
#5960=EDGE_CURVE('',#4784,#4782,#1360,.T.);
#5961=EDGE_CURVE('',#4783,#4784,#1361,.T.);
#5962=EDGE_CURVE('',#4783,#4785,#1362,.T.);
#5963=EDGE_CURVE('',#4786,#4784,#1363,.T.);
#5964=EDGE_CURVE('',#4785,#4786,#1364,.T.);
#5965=EDGE_CURVE('',#4785,#4787,#1365,.T.);
#5966=EDGE_CURVE('',#4788,#4786,#1366,.T.);
#5967=EDGE_CURVE('',#4787,#4788,#1367,.T.);
#5968=EDGE_CURVE('',#4787,#4789,#1368,.T.);
#5969=EDGE_CURVE('',#4790,#4788,#1369,.T.);
#5970=EDGE_CURVE('',#4789,#4790,#1370,.T.);
#5971=EDGE_CURVE('',#4789,#4791,#1371,.T.);
#5972=EDGE_CURVE('',#4792,#4790,#1372,.T.);
#5973=EDGE_CURVE('',#4791,#4792,#1373,.T.);
#5974=EDGE_CURVE('',#4791,#4793,#1374,.T.);
#5975=EDGE_CURVE('',#4794,#4792,#1375,.T.);
#5976=EDGE_CURVE('',#4793,#4794,#1376,.T.);
#5977=EDGE_CURVE('',#4793,#4795,#1377,.T.);
#5978=EDGE_CURVE('',#4796,#4794,#1378,.T.);
#5979=EDGE_CURVE('',#4795,#4796,#1379,.T.);
#5980=EDGE_CURVE('',#4797,#4795,#1380,.T.);
#5981=EDGE_CURVE('',#4798,#4796,#1381,.T.);
#5982=EDGE_CURVE('',#4797,#4798,#1382,.T.);
#5983=EDGE_CURVE('',#4797,#4799,#1383,.T.);
#5984=EDGE_CURVE('',#4800,#4798,#1384,.T.);
#5985=EDGE_CURVE('',#4799,#4800,#1385,.T.);
#5986=EDGE_CURVE('',#4801,#4799,#1386,.T.);
#5987=EDGE_CURVE('',#4802,#4800,#1387,.T.);
#5988=EDGE_CURVE('',#4801,#4802,#1388,.T.);
#5989=EDGE_CURVE('',#4727,#4801,#1389,.T.);
#5990=EDGE_CURVE('',#4729,#4802,#1390,.T.);
#5991=EDGE_CURVE('',#4803,#4804,#1391,.T.);
#5992=EDGE_CURVE('',#4803,#4805,#1392,.T.);
#5993=EDGE_CURVE('',#4806,#4805,#1393,.T.);
#5994=EDGE_CURVE('',#4804,#4806,#1394,.T.);
#5995=EDGE_CURVE('',#4804,#4807,#1395,.T.);
#5996=EDGE_CURVE('',#4808,#4806,#1396,.T.);
#5997=EDGE_CURVE('',#4807,#4808,#1397,.T.);
#5998=EDGE_CURVE('',#4807,#4809,#1398,.T.);
#5999=EDGE_CURVE('',#4810,#4808,#1399,.T.);
#6000=EDGE_CURVE('',#4809,#4810,#1400,.T.);
#6001=EDGE_CURVE('',#4809,#4811,#1401,.T.);
#6002=EDGE_CURVE('',#4812,#4810,#1402,.T.);
#6003=EDGE_CURVE('',#4811,#4812,#1403,.T.);
#6004=EDGE_CURVE('',#4811,#4813,#1404,.T.);
#6005=EDGE_CURVE('',#4814,#4812,#1405,.T.);
#6006=EDGE_CURVE('',#4813,#4814,#1406,.T.);
#6007=EDGE_CURVE('',#4813,#4815,#1407,.T.);
#6008=EDGE_CURVE('',#4816,#4814,#1408,.T.);
#6009=EDGE_CURVE('',#4815,#4816,#1409,.T.);
#6010=EDGE_CURVE('',#4815,#4817,#1410,.T.);
#6011=EDGE_CURVE('',#4818,#4816,#1411,.T.);
#6012=EDGE_CURVE('',#4817,#4818,#1412,.T.);
#6013=EDGE_CURVE('',#4817,#4819,#1413,.T.);
#6014=EDGE_CURVE('',#4820,#4818,#1414,.T.);
#6015=EDGE_CURVE('',#4819,#4820,#1415,.T.);
#6016=EDGE_CURVE('',#4819,#4821,#1416,.T.);
#6017=EDGE_CURVE('',#4822,#4820,#1417,.T.);
#6018=EDGE_CURVE('',#4821,#4822,#1418,.T.);
#6019=EDGE_CURVE('',#4821,#4823,#1419,.T.);
#6020=EDGE_CURVE('',#4824,#4822,#1420,.T.);
#6021=EDGE_CURVE('',#4823,#4824,#1421,.T.);
#6022=EDGE_CURVE('',#4823,#4825,#1422,.T.);
#6023=EDGE_CURVE('',#4826,#4824,#1423,.T.);
#6024=EDGE_CURVE('',#4825,#4826,#1424,.T.);
#6025=EDGE_CURVE('',#4825,#4827,#1425,.T.);
#6026=EDGE_CURVE('',#4828,#4826,#1426,.T.);
#6027=EDGE_CURVE('',#4827,#4828,#1427,.T.);
#6028=EDGE_CURVE('',#4827,#4829,#1428,.T.);
#6029=EDGE_CURVE('',#4830,#4828,#1429,.T.);
#6030=EDGE_CURVE('',#4829,#4830,#1430,.T.);
#6031=EDGE_CURVE('',#4829,#4831,#1431,.T.);
#6032=EDGE_CURVE('',#4832,#4830,#1432,.T.);
#6033=EDGE_CURVE('',#4831,#4832,#1433,.T.);
#6034=EDGE_CURVE('',#4831,#4833,#1434,.T.);
#6035=EDGE_CURVE('',#4834,#4832,#1435,.T.);
#6036=EDGE_CURVE('',#4833,#4834,#1436,.T.);
#6037=EDGE_CURVE('',#4833,#4835,#1437,.T.);
#6038=EDGE_CURVE('',#4836,#4834,#1438,.T.);
#6039=EDGE_CURVE('',#4835,#4836,#1439,.T.);
#6040=EDGE_CURVE('',#4835,#4837,#1440,.T.);
#6041=EDGE_CURVE('',#4838,#4836,#1441,.T.);
#6042=EDGE_CURVE('',#4837,#4838,#1442,.T.);
#6043=EDGE_CURVE('',#4837,#4839,#1443,.T.);
#6044=EDGE_CURVE('',#4840,#4838,#1444,.T.);
#6045=EDGE_CURVE('',#4839,#4840,#1445,.T.);
#6046=EDGE_CURVE('',#4839,#4841,#1446,.T.);
#6047=EDGE_CURVE('',#4842,#4840,#1447,.T.);
#6048=EDGE_CURVE('',#4841,#4842,#1448,.T.);
#6049=EDGE_CURVE('',#4841,#4803,#1449,.T.);
#6050=EDGE_CURVE('',#4805,#4842,#1450,.T.);
#6051=EDGE_CURVE('',#4843,#4844,#1451,.T.);
#6052=EDGE_CURVE('',#4843,#4845,#1452,.T.);
#6053=EDGE_CURVE('',#4846,#4845,#1453,.T.);
#6054=EDGE_CURVE('',#4844,#4846,#1454,.T.);
#6055=EDGE_CURVE('',#4844,#4847,#1455,.T.);
#6056=EDGE_CURVE('',#4848,#4846,#1456,.T.);
#6057=EDGE_CURVE('',#4847,#4848,#1457,.T.);
#6058=EDGE_CURVE('',#4847,#4849,#1458,.T.);
#6059=EDGE_CURVE('',#4850,#4848,#1459,.T.);
#6060=EDGE_CURVE('',#4849,#4850,#1460,.T.);
#6061=EDGE_CURVE('',#4849,#4851,#1461,.T.);
#6062=EDGE_CURVE('',#4852,#4850,#1462,.T.);
#6063=EDGE_CURVE('',#4851,#4852,#1463,.T.);
#6064=EDGE_CURVE('',#4851,#4853,#1464,.T.);
#6065=EDGE_CURVE('',#4854,#4852,#1465,.T.);
#6066=EDGE_CURVE('',#4853,#4854,#1466,.T.);
#6067=EDGE_CURVE('',#4853,#4855,#1467,.T.);
#6068=EDGE_CURVE('',#4856,#4854,#1468,.T.);
#6069=EDGE_CURVE('',#4855,#4856,#1469,.T.);
#6070=EDGE_CURVE('',#4855,#4857,#1470,.T.);
#6071=EDGE_CURVE('',#4858,#4856,#1471,.T.);
#6072=EDGE_CURVE('',#4857,#4858,#1472,.T.);
#6073=EDGE_CURVE('',#4857,#4859,#1473,.T.);
#6074=EDGE_CURVE('',#4860,#4858,#1474,.T.);
#6075=EDGE_CURVE('',#4859,#4860,#1475,.T.);
#6076=EDGE_CURVE('',#4859,#4861,#1476,.T.);
#6077=EDGE_CURVE('',#4862,#4860,#1477,.T.);
#6078=EDGE_CURVE('',#4861,#4862,#1478,.T.);
#6079=EDGE_CURVE('',#4861,#4863,#1479,.T.);
#6080=EDGE_CURVE('',#4864,#4862,#1480,.T.);
#6081=EDGE_CURVE('',#4863,#4864,#1481,.T.);
#6082=EDGE_CURVE('',#4863,#4865,#1482,.T.);
#6083=EDGE_CURVE('',#4866,#4864,#1483,.T.);
#6084=EDGE_CURVE('',#4865,#4866,#1484,.T.);
#6085=EDGE_CURVE('',#4865,#4867,#1485,.T.);
#6086=EDGE_CURVE('',#4868,#4866,#1486,.T.);
#6087=EDGE_CURVE('',#4867,#4868,#1487,.T.);
#6088=EDGE_CURVE('',#4867,#4869,#1488,.T.);
#6089=EDGE_CURVE('',#4870,#4868,#1489,.T.);
#6090=EDGE_CURVE('',#4869,#4870,#1490,.T.);
#6091=EDGE_CURVE('',#4869,#4871,#1491,.T.);
#6092=EDGE_CURVE('',#4872,#4870,#1492,.T.);
#6093=EDGE_CURVE('',#4871,#4872,#1493,.T.);
#6094=EDGE_CURVE('',#4871,#4873,#1494,.T.);
#6095=EDGE_CURVE('',#4874,#4872,#1495,.T.);
#6096=EDGE_CURVE('',#4873,#4874,#1496,.T.);
#6097=EDGE_CURVE('',#4873,#4875,#1497,.T.);
#6098=EDGE_CURVE('',#4876,#4874,#1498,.T.);
#6099=EDGE_CURVE('',#4875,#4876,#1499,.T.);
#6100=EDGE_CURVE('',#4875,#4877,#1500,.T.);
#6101=EDGE_CURVE('',#4878,#4876,#1501,.T.);
#6102=EDGE_CURVE('',#4877,#4878,#1502,.T.);
#6103=EDGE_CURVE('',#4877,#4879,#1503,.T.);
#6104=EDGE_CURVE('',#4880,#4878,#1504,.T.);
#6105=EDGE_CURVE('',#4879,#4880,#1505,.T.);
#6106=EDGE_CURVE('',#4879,#4881,#1506,.T.);
#6107=EDGE_CURVE('',#4882,#4880,#1507,.T.);
#6108=EDGE_CURVE('',#4881,#4882,#1508,.T.);
#6109=EDGE_CURVE('',#4881,#4843,#1509,.T.);
#6110=EDGE_CURVE('',#4845,#4882,#1510,.T.);
#6111=EDGE_CURVE('',#4883,#4884,#1511,.T.);
#6112=EDGE_CURVE('',#4883,#4885,#1512,.T.);
#6113=EDGE_CURVE('',#4886,#4885,#1513,.T.);
#6114=EDGE_CURVE('',#4884,#4886,#1514,.T.);
#6115=EDGE_CURVE('',#4884,#4887,#1515,.T.);
#6116=EDGE_CURVE('',#4888,#4886,#1516,.T.);
#6117=EDGE_CURVE('',#4887,#4888,#1517,.T.);
#6118=EDGE_CURVE('',#4887,#4889,#1518,.T.);
#6119=EDGE_CURVE('',#4890,#4888,#1519,.T.);
#6120=EDGE_CURVE('',#4889,#4890,#1520,.T.);
#6121=EDGE_CURVE('',#4889,#4891,#1521,.T.);
#6122=EDGE_CURVE('',#4892,#4890,#1522,.T.);
#6123=EDGE_CURVE('',#4891,#4892,#1523,.T.);
#6124=EDGE_CURVE('',#4891,#4893,#1524,.T.);
#6125=EDGE_CURVE('',#4894,#4892,#1525,.T.);
#6126=EDGE_CURVE('',#4893,#4894,#1526,.T.);
#6127=EDGE_CURVE('',#4893,#4895,#1527,.T.);
#6128=EDGE_CURVE('',#4896,#4894,#1528,.T.);
#6129=EDGE_CURVE('',#4895,#4896,#1529,.T.);
#6130=EDGE_CURVE('',#4895,#4897,#1530,.T.);
#6131=EDGE_CURVE('',#4898,#4896,#1531,.T.);
#6132=EDGE_CURVE('',#4897,#4898,#1532,.T.);
#6133=EDGE_CURVE('',#4897,#4899,#1533,.T.);
#6134=EDGE_CURVE('',#4900,#4898,#1534,.T.);
#6135=EDGE_CURVE('',#4899,#4900,#1535,.T.);
#6136=EDGE_CURVE('',#4899,#4901,#1536,.T.);
#6137=EDGE_CURVE('',#4902,#4900,#1537,.T.);
#6138=EDGE_CURVE('',#4901,#4902,#1538,.T.);
#6139=EDGE_CURVE('',#4901,#4903,#1539,.T.);
#6140=EDGE_CURVE('',#4904,#4902,#1540,.T.);
#6141=EDGE_CURVE('',#4903,#4904,#1541,.T.);
#6142=EDGE_CURVE('',#4903,#4905,#1542,.T.);
#6143=EDGE_CURVE('',#4906,#4904,#1543,.T.);
#6144=EDGE_CURVE('',#4905,#4906,#1544,.T.);
#6145=EDGE_CURVE('',#4905,#4907,#1545,.T.);
#6146=EDGE_CURVE('',#4908,#4906,#1546,.T.);
#6147=EDGE_CURVE('',#4907,#4908,#1547,.T.);
#6148=EDGE_CURVE('',#4907,#4909,#1548,.T.);
#6149=EDGE_CURVE('',#4910,#4908,#1549,.T.);
#6150=EDGE_CURVE('',#4909,#4910,#1550,.T.);
#6151=EDGE_CURVE('',#4909,#4911,#1551,.T.);
#6152=EDGE_CURVE('',#4912,#4910,#1552,.T.);
#6153=EDGE_CURVE('',#4911,#4912,#1553,.T.);
#6154=EDGE_CURVE('',#4911,#4913,#1554,.T.);
#6155=EDGE_CURVE('',#4914,#4912,#1555,.T.);
#6156=EDGE_CURVE('',#4913,#4914,#1556,.T.);
#6157=EDGE_CURVE('',#4913,#4915,#1557,.T.);
#6158=EDGE_CURVE('',#4916,#4914,#1558,.T.);
#6159=EDGE_CURVE('',#4915,#4916,#1559,.T.);
#6160=EDGE_CURVE('',#4915,#4917,#1560,.T.);
#6161=EDGE_CURVE('',#4918,#4916,#1561,.T.);
#6162=EDGE_CURVE('',#4917,#4918,#1562,.T.);
#6163=EDGE_CURVE('',#4917,#4919,#1563,.T.);
#6164=EDGE_CURVE('',#4920,#4918,#1564,.T.);
#6165=EDGE_CURVE('',#4919,#4920,#1565,.T.);
#6166=EDGE_CURVE('',#4919,#4921,#1566,.T.);
#6167=EDGE_CURVE('',#4922,#4920,#1567,.T.);
#6168=EDGE_CURVE('',#4921,#4922,#1568,.T.);
#6169=EDGE_CURVE('',#4921,#4883,#1569,.T.);
#6170=EDGE_CURVE('',#4885,#4922,#1570,.T.);
#6171=EDGE_CURVE('',#4923,#4924,#1571,.T.);
#6172=EDGE_CURVE('',#4923,#4925,#1572,.T.);
#6173=EDGE_CURVE('',#4926,#4925,#1573,.T.);
#6174=EDGE_CURVE('',#4924,#4926,#1574,.T.);
#6175=EDGE_CURVE('',#4924,#4927,#1575,.T.);
#6176=EDGE_CURVE('',#4928,#4926,#1576,.T.);
#6177=EDGE_CURVE('',#4927,#4928,#1577,.T.);
#6178=EDGE_CURVE('',#4927,#4929,#1578,.T.);
#6179=EDGE_CURVE('',#4930,#4928,#1579,.T.);
#6180=EDGE_CURVE('',#4929,#4930,#1580,.T.);
#6181=EDGE_CURVE('',#4929,#4931,#1581,.T.);
#6182=EDGE_CURVE('',#4932,#4930,#1582,.T.);
#6183=EDGE_CURVE('',#4931,#4932,#1583,.T.);
#6184=EDGE_CURVE('',#4931,#4933,#1584,.T.);
#6185=EDGE_CURVE('',#4934,#4932,#1585,.T.);
#6186=EDGE_CURVE('',#4933,#4934,#1586,.T.);
#6187=EDGE_CURVE('',#4933,#4935,#1587,.T.);
#6188=EDGE_CURVE('',#4936,#4934,#1588,.T.);
#6189=EDGE_CURVE('',#4935,#4936,#1589,.T.);
#6190=EDGE_CURVE('',#4935,#4937,#1590,.T.);
#6191=EDGE_CURVE('',#4938,#4936,#1591,.T.);
#6192=EDGE_CURVE('',#4937,#4938,#1592,.T.);
#6193=EDGE_CURVE('',#4937,#4939,#1593,.T.);
#6194=EDGE_CURVE('',#4940,#4938,#1594,.T.);
#6195=EDGE_CURVE('',#4939,#4940,#1595,.T.);
#6196=EDGE_CURVE('',#4939,#4941,#1596,.T.);
#6197=EDGE_CURVE('',#4942,#4940,#1597,.T.);
#6198=EDGE_CURVE('',#4941,#4942,#1598,.T.);
#6199=EDGE_CURVE('',#4941,#4943,#1599,.T.);
#6200=EDGE_CURVE('',#4944,#4942,#1600,.T.);
#6201=EDGE_CURVE('',#4943,#4944,#1601,.T.);
#6202=EDGE_CURVE('',#4943,#4945,#1602,.T.);
#6203=EDGE_CURVE('',#4946,#4944,#1603,.T.);
#6204=EDGE_CURVE('',#4945,#4946,#1604,.T.);
#6205=EDGE_CURVE('',#4945,#4947,#1605,.T.);
#6206=EDGE_CURVE('',#4948,#4946,#1606,.T.);
#6207=EDGE_CURVE('',#4947,#4948,#1607,.T.);
#6208=EDGE_CURVE('',#4947,#4949,#1608,.T.);
#6209=EDGE_CURVE('',#4950,#4948,#1609,.T.);
#6210=EDGE_CURVE('',#4949,#4950,#1610,.T.);
#6211=EDGE_CURVE('',#4949,#4951,#1611,.T.);
#6212=EDGE_CURVE('',#4952,#4950,#1612,.T.);
#6213=EDGE_CURVE('',#4951,#4952,#1613,.T.);
#6214=EDGE_CURVE('',#4951,#4953,#1614,.T.);
#6215=EDGE_CURVE('',#4954,#4952,#1615,.T.);
#6216=EDGE_CURVE('',#4953,#4954,#1616,.T.);
#6217=EDGE_CURVE('',#4953,#4955,#1617,.T.);
#6218=EDGE_CURVE('',#4956,#4954,#1618,.T.);
#6219=EDGE_CURVE('',#4955,#4956,#1619,.T.);
#6220=EDGE_CURVE('',#4955,#4957,#1620,.T.);
#6221=EDGE_CURVE('',#4958,#4956,#1621,.T.);
#6222=EDGE_CURVE('',#4957,#4958,#1622,.T.);
#6223=EDGE_CURVE('',#4957,#4959,#1623,.T.);
#6224=EDGE_CURVE('',#4960,#4958,#1624,.T.);
#6225=EDGE_CURVE('',#4959,#4960,#1625,.T.);
#6226=EDGE_CURVE('',#4959,#4961,#1626,.T.);
#6227=EDGE_CURVE('',#4962,#4960,#1627,.T.);
#6228=EDGE_CURVE('',#4961,#4962,#1628,.T.);
#6229=EDGE_CURVE('',#4961,#4923,#1629,.T.);
#6230=EDGE_CURVE('',#4925,#4962,#1630,.T.);
#6231=EDGE_CURVE('',#4963,#4964,#1631,.T.);
#6232=EDGE_CURVE('',#4963,#4965,#1632,.T.);
#6233=EDGE_CURVE('',#4966,#4965,#1633,.T.);
#6234=EDGE_CURVE('',#4964,#4966,#1634,.T.);
#6235=EDGE_CURVE('',#4964,#4967,#1635,.T.);
#6236=EDGE_CURVE('',#4968,#4966,#1636,.T.);
#6237=EDGE_CURVE('',#4967,#4968,#1637,.T.);
#6238=EDGE_CURVE('',#4967,#4969,#1638,.T.);
#6239=EDGE_CURVE('',#4970,#4968,#1639,.T.);
#6240=EDGE_CURVE('',#4969,#4970,#1640,.T.);
#6241=EDGE_CURVE('',#4969,#4971,#1641,.T.);
#6242=EDGE_CURVE('',#4972,#4970,#1642,.T.);
#6243=EDGE_CURVE('',#4971,#4972,#1643,.T.);
#6244=EDGE_CURVE('',#4971,#4973,#1644,.T.);
#6245=EDGE_CURVE('',#4974,#4972,#1645,.T.);
#6246=EDGE_CURVE('',#4973,#4974,#1646,.T.);
#6247=EDGE_CURVE('',#4973,#4975,#1647,.T.);
#6248=EDGE_CURVE('',#4976,#4974,#1648,.T.);
#6249=EDGE_CURVE('',#4975,#4976,#1649,.T.);
#6250=EDGE_CURVE('',#4975,#4977,#1650,.T.);
#6251=EDGE_CURVE('',#4978,#4976,#1651,.T.);
#6252=EDGE_CURVE('',#4977,#4978,#1652,.T.);
#6253=EDGE_CURVE('',#4977,#4979,#1653,.T.);
#6254=EDGE_CURVE('',#4980,#4978,#1654,.T.);
#6255=EDGE_CURVE('',#4979,#4980,#1655,.T.);
#6256=EDGE_CURVE('',#4979,#4981,#1656,.T.);
#6257=EDGE_CURVE('',#4982,#4980,#1657,.T.);
#6258=EDGE_CURVE('',#4981,#4982,#1658,.T.);
#6259=EDGE_CURVE('',#4981,#4983,#1659,.T.);
#6260=EDGE_CURVE('',#4984,#4982,#1660,.T.);
#6261=EDGE_CURVE('',#4983,#4984,#1661,.T.);
#6262=EDGE_CURVE('',#4983,#4985,#1662,.T.);
#6263=EDGE_CURVE('',#4986,#4984,#1663,.T.);
#6264=EDGE_CURVE('',#4985,#4986,#1664,.T.);
#6265=EDGE_CURVE('',#4985,#4987,#1665,.T.);
#6266=EDGE_CURVE('',#4988,#4986,#1666,.T.);
#6267=EDGE_CURVE('',#4987,#4988,#1667,.T.);
#6268=EDGE_CURVE('',#4987,#4989,#1668,.T.);
#6269=EDGE_CURVE('',#4990,#4988,#1669,.T.);
#6270=EDGE_CURVE('',#4989,#4990,#1670,.T.);
#6271=EDGE_CURVE('',#4989,#4991,#1671,.T.);
#6272=EDGE_CURVE('',#4992,#4990,#1672,.T.);
#6273=EDGE_CURVE('',#4991,#4992,#1673,.T.);
#6274=EDGE_CURVE('',#4991,#4993,#1674,.T.);
#6275=EDGE_CURVE('',#4994,#4992,#1675,.T.);
#6276=EDGE_CURVE('',#4993,#4994,#1676,.T.);
#6277=EDGE_CURVE('',#4993,#4995,#1677,.T.);
#6278=EDGE_CURVE('',#4996,#4994,#1678,.T.);
#6279=EDGE_CURVE('',#4995,#4996,#1679,.T.);
#6280=EDGE_CURVE('',#4995,#4997,#1680,.T.);
#6281=EDGE_CURVE('',#4998,#4996,#1681,.T.);
#6282=EDGE_CURVE('',#4997,#4998,#1682,.T.);
#6283=EDGE_CURVE('',#4997,#4999,#1683,.T.);
#6284=EDGE_CURVE('',#5000,#4998,#1684,.T.);
#6285=EDGE_CURVE('',#4999,#5000,#1685,.T.);
#6286=EDGE_CURVE('',#4999,#5001,#1686,.T.);
#6287=EDGE_CURVE('',#5002,#5000,#1687,.T.);
#6288=EDGE_CURVE('',#5001,#5002,#1688,.T.);
#6289=EDGE_CURVE('',#5001,#4963,#1689,.T.);
#6290=EDGE_CURVE('',#4965,#5002,#1690,.T.);
#6291=EDGE_CURVE('',#5003,#5004,#1691,.T.);
#6292=EDGE_CURVE('',#5003,#5005,#1692,.T.);
#6293=EDGE_CURVE('',#5006,#5005,#1693,.T.);
#6294=EDGE_CURVE('',#5004,#5006,#1694,.T.);
#6295=EDGE_CURVE('',#5004,#5007,#1695,.T.);
#6296=EDGE_CURVE('',#5008,#5006,#1696,.T.);
#6297=EDGE_CURVE('',#5007,#5008,#1697,.T.);
#6298=EDGE_CURVE('',#5007,#5009,#1698,.T.);
#6299=EDGE_CURVE('',#5010,#5008,#1699,.T.);
#6300=EDGE_CURVE('',#5009,#5010,#1700,.T.);
#6301=EDGE_CURVE('',#5009,#5011,#1701,.T.);
#6302=EDGE_CURVE('',#5012,#5010,#1702,.T.);
#6303=EDGE_CURVE('',#5011,#5012,#1703,.T.);
#6304=EDGE_CURVE('',#5011,#5013,#1704,.T.);
#6305=EDGE_CURVE('',#5014,#5012,#1705,.T.);
#6306=EDGE_CURVE('',#5013,#5014,#1706,.T.);
#6307=EDGE_CURVE('',#5013,#5015,#1707,.T.);
#6308=EDGE_CURVE('',#5016,#5014,#1708,.T.);
#6309=EDGE_CURVE('',#5015,#5016,#1709,.T.);
#6310=EDGE_CURVE('',#5015,#5017,#1710,.T.);
#6311=EDGE_CURVE('',#5018,#5016,#1711,.T.);
#6312=EDGE_CURVE('',#5017,#5018,#1712,.T.);
#6313=EDGE_CURVE('',#5017,#5019,#1713,.T.);
#6314=EDGE_CURVE('',#5020,#5018,#1714,.T.);
#6315=EDGE_CURVE('',#5019,#5020,#1715,.T.);
#6316=EDGE_CURVE('',#5019,#5021,#1716,.T.);
#6317=EDGE_CURVE('',#5022,#5020,#1717,.T.);
#6318=EDGE_CURVE('',#5021,#5022,#1718,.T.);
#6319=EDGE_CURVE('',#5021,#5023,#1719,.T.);
#6320=EDGE_CURVE('',#5024,#5022,#1720,.T.);
#6321=EDGE_CURVE('',#5023,#5024,#1721,.T.);
#6322=EDGE_CURVE('',#5023,#5025,#1722,.T.);
#6323=EDGE_CURVE('',#5026,#5024,#1723,.T.);
#6324=EDGE_CURVE('',#5025,#5026,#1724,.T.);
#6325=EDGE_CURVE('',#5025,#5027,#1725,.T.);
#6326=EDGE_CURVE('',#5028,#5026,#1726,.T.);
#6327=EDGE_CURVE('',#5027,#5028,#1727,.T.);
#6328=EDGE_CURVE('',#5027,#5029,#1728,.T.);
#6329=EDGE_CURVE('',#5030,#5028,#1729,.T.);
#6330=EDGE_CURVE('',#5029,#5030,#1730,.T.);
#6331=EDGE_CURVE('',#5029,#5031,#1731,.T.);
#6332=EDGE_CURVE('',#5032,#5030,#1732,.T.);
#6333=EDGE_CURVE('',#5031,#5032,#1733,.T.);
#6334=EDGE_CURVE('',#5031,#5033,#1734,.T.);
#6335=EDGE_CURVE('',#5034,#5032,#1735,.T.);
#6336=EDGE_CURVE('',#5033,#5034,#1736,.T.);
#6337=EDGE_CURVE('',#5033,#5035,#1737,.T.);
#6338=EDGE_CURVE('',#5036,#5034,#1738,.T.);
#6339=EDGE_CURVE('',#5035,#5036,#1739,.T.);
#6340=EDGE_CURVE('',#5035,#5037,#1740,.T.);
#6341=EDGE_CURVE('',#5038,#5036,#1741,.T.);
#6342=EDGE_CURVE('',#5037,#5038,#1742,.T.);
#6343=EDGE_CURVE('',#5037,#5039,#1743,.T.);
#6344=EDGE_CURVE('',#5040,#5038,#1744,.T.);
#6345=EDGE_CURVE('',#5039,#5040,#1745,.T.);
#6346=EDGE_CURVE('',#5039,#5041,#1746,.T.);
#6347=EDGE_CURVE('',#5042,#5040,#1747,.T.);
#6348=EDGE_CURVE('',#5041,#5042,#1748,.T.);
#6349=EDGE_CURVE('',#5041,#5003,#1749,.T.);
#6350=EDGE_CURVE('',#5005,#5042,#1750,.T.);
#6351=EDGE_CURVE('',#5043,#5044,#1751,.T.);
#6352=EDGE_CURVE('',#5043,#5045,#1752,.T.);
#6353=EDGE_CURVE('',#5046,#5045,#1753,.T.);
#6354=EDGE_CURVE('',#5044,#5046,#1754,.T.);
#6355=EDGE_CURVE('',#5044,#5047,#1755,.T.);
#6356=EDGE_CURVE('',#5048,#5046,#1756,.T.);
#6357=EDGE_CURVE('',#5047,#5048,#1757,.T.);
#6358=EDGE_CURVE('',#5047,#5049,#1758,.T.);
#6359=EDGE_CURVE('',#5050,#5048,#1759,.T.);
#6360=EDGE_CURVE('',#5049,#5050,#1760,.T.);
#6361=EDGE_CURVE('',#5049,#5051,#1761,.T.);
#6362=EDGE_CURVE('',#5052,#5050,#1762,.T.);
#6363=EDGE_CURVE('',#5051,#5052,#1763,.T.);
#6364=EDGE_CURVE('',#5051,#5053,#1764,.T.);
#6365=EDGE_CURVE('',#5054,#5052,#1765,.T.);
#6366=EDGE_CURVE('',#5053,#5054,#1766,.T.);
#6367=EDGE_CURVE('',#5053,#5055,#1767,.T.);
#6368=EDGE_CURVE('',#5056,#5054,#1768,.T.);
#6369=EDGE_CURVE('',#5055,#5056,#1769,.T.);
#6370=EDGE_CURVE('',#5055,#5057,#1770,.T.);
#6371=EDGE_CURVE('',#5058,#5056,#1771,.T.);
#6372=EDGE_CURVE('',#5057,#5058,#1772,.T.);
#6373=EDGE_CURVE('',#5057,#5059,#1773,.T.);
#6374=EDGE_CURVE('',#5060,#5058,#1774,.T.);
#6375=EDGE_CURVE('',#5059,#5060,#1775,.T.);
#6376=EDGE_CURVE('',#5059,#5061,#1776,.T.);
#6377=EDGE_CURVE('',#5062,#5060,#1777,.T.);
#6378=EDGE_CURVE('',#5061,#5062,#1778,.T.);
#6379=EDGE_CURVE('',#5061,#5063,#1779,.T.);
#6380=EDGE_CURVE('',#5064,#5062,#1780,.T.);
#6381=EDGE_CURVE('',#5063,#5064,#1781,.T.);
#6382=EDGE_CURVE('',#5063,#5065,#1782,.T.);
#6383=EDGE_CURVE('',#5066,#5064,#1783,.T.);
#6384=EDGE_CURVE('',#5065,#5066,#1784,.T.);
#6385=EDGE_CURVE('',#5065,#5067,#1785,.T.);
#6386=EDGE_CURVE('',#5068,#5066,#1786,.T.);
#6387=EDGE_CURVE('',#5067,#5068,#1787,.T.);
#6388=EDGE_CURVE('',#5067,#5069,#1788,.T.);
#6389=EDGE_CURVE('',#5070,#5068,#1789,.T.);
#6390=EDGE_CURVE('',#5069,#5070,#1790,.T.);
#6391=EDGE_CURVE('',#5069,#5071,#1791,.T.);
#6392=EDGE_CURVE('',#5072,#5070,#1792,.T.);
#6393=EDGE_CURVE('',#5071,#5072,#1793,.T.);
#6394=EDGE_CURVE('',#5071,#5073,#1794,.T.);
#6395=EDGE_CURVE('',#5074,#5072,#1795,.T.);
#6396=EDGE_CURVE('',#5073,#5074,#1796,.T.);
#6397=EDGE_CURVE('',#5073,#5075,#1797,.T.);
#6398=EDGE_CURVE('',#5076,#5074,#1798,.T.);
#6399=EDGE_CURVE('',#5075,#5076,#1799,.T.);
#6400=EDGE_CURVE('',#5075,#5077,#1800,.T.);
#6401=EDGE_CURVE('',#5078,#5076,#1801,.T.);
#6402=EDGE_CURVE('',#5077,#5078,#1802,.T.);
#6403=EDGE_CURVE('',#5077,#5079,#1803,.T.);
#6404=EDGE_CURVE('',#5080,#5078,#1804,.T.);
#6405=EDGE_CURVE('',#5079,#5080,#1805,.T.);
#6406=EDGE_CURVE('',#5079,#5081,#1806,.T.);
#6407=EDGE_CURVE('',#5082,#5080,#1807,.T.);
#6408=EDGE_CURVE('',#5081,#5082,#1808,.T.);
#6409=EDGE_CURVE('',#5081,#5043,#1809,.T.);
#6410=EDGE_CURVE('',#5045,#5082,#1810,.T.);
#6411=EDGE_CURVE('',#5083,#5084,#1811,.T.);
#6412=EDGE_CURVE('',#5083,#5085,#1812,.T.);
#6413=EDGE_CURVE('',#5086,#5085,#1813,.T.);
#6414=EDGE_CURVE('',#5084,#5086,#1814,.T.);
#6415=EDGE_CURVE('',#5084,#5087,#1815,.T.);
#6416=EDGE_CURVE('',#5088,#5086,#1816,.T.);
#6417=EDGE_CURVE('',#5087,#5088,#1817,.T.);
#6418=EDGE_CURVE('',#5087,#5089,#1818,.T.);
#6419=EDGE_CURVE('',#5090,#5088,#1819,.T.);
#6420=EDGE_CURVE('',#5089,#5090,#1820,.T.);
#6421=EDGE_CURVE('',#5089,#5091,#1821,.T.);
#6422=EDGE_CURVE('',#5092,#5090,#1822,.T.);
#6423=EDGE_CURVE('',#5091,#5092,#1823,.T.);
#6424=EDGE_CURVE('',#5091,#5093,#1824,.T.);
#6425=EDGE_CURVE('',#5094,#5092,#1825,.T.);
#6426=EDGE_CURVE('',#5093,#5094,#1826,.T.);
#6427=EDGE_CURVE('',#5093,#5095,#1827,.T.);
#6428=EDGE_CURVE('',#5096,#5094,#1828,.T.);
#6429=EDGE_CURVE('',#5095,#5096,#1829,.T.);
#6430=EDGE_CURVE('',#5095,#5097,#1830,.T.);
#6431=EDGE_CURVE('',#5098,#5096,#1831,.T.);
#6432=EDGE_CURVE('',#5097,#5098,#1832,.T.);
#6433=EDGE_CURVE('',#5097,#5099,#1833,.T.);
#6434=EDGE_CURVE('',#5100,#5098,#1834,.T.);
#6435=EDGE_CURVE('',#5099,#5100,#1835,.T.);
#6436=EDGE_CURVE('',#5099,#5101,#1836,.T.);
#6437=EDGE_CURVE('',#5102,#5100,#1837,.T.);
#6438=EDGE_CURVE('',#5101,#5102,#1838,.T.);
#6439=EDGE_CURVE('',#5101,#5103,#1839,.T.);
#6440=EDGE_CURVE('',#5104,#5102,#1840,.T.);
#6441=EDGE_CURVE('',#5103,#5104,#1841,.T.);
#6442=EDGE_CURVE('',#5103,#5105,#1842,.T.);
#6443=EDGE_CURVE('',#5106,#5104,#1843,.T.);
#6444=EDGE_CURVE('',#5105,#5106,#1844,.T.);
#6445=EDGE_CURVE('',#5105,#5107,#1845,.T.);
#6446=EDGE_CURVE('',#5108,#5106,#1846,.T.);
#6447=EDGE_CURVE('',#5107,#5108,#1847,.T.);
#6448=EDGE_CURVE('',#5107,#5109,#1848,.T.);
#6449=EDGE_CURVE('',#5110,#5108,#1849,.T.);
#6450=EDGE_CURVE('',#5109,#5110,#1850,.T.);
#6451=EDGE_CURVE('',#5109,#5111,#1851,.T.);
#6452=EDGE_CURVE('',#5112,#5110,#1852,.T.);
#6453=EDGE_CURVE('',#5111,#5112,#1853,.T.);
#6454=EDGE_CURVE('',#5111,#5113,#1854,.T.);
#6455=EDGE_CURVE('',#5114,#5112,#1855,.T.);
#6456=EDGE_CURVE('',#5113,#5114,#1856,.T.);
#6457=EDGE_CURVE('',#5113,#5115,#1857,.T.);
#6458=EDGE_CURVE('',#5116,#5114,#1858,.T.);
#6459=EDGE_CURVE('',#5115,#5116,#1859,.T.);
#6460=EDGE_CURVE('',#5115,#5117,#1860,.T.);
#6461=EDGE_CURVE('',#5118,#5116,#1861,.T.);
#6462=EDGE_CURVE('',#5117,#5118,#1862,.T.);
#6463=EDGE_CURVE('',#5117,#5119,#1863,.T.);
#6464=EDGE_CURVE('',#5120,#5118,#1864,.T.);
#6465=EDGE_CURVE('',#5119,#5120,#1865,.T.);
#6466=EDGE_CURVE('',#5119,#5121,#1866,.T.);
#6467=EDGE_CURVE('',#5122,#5120,#1867,.T.);
#6468=EDGE_CURVE('',#5121,#5122,#1868,.T.);
#6469=EDGE_CURVE('',#5121,#5083,#1869,.T.);
#6470=EDGE_CURVE('',#5085,#5122,#1870,.T.);
#6471=EDGE_CURVE('',#5123,#5124,#1871,.T.);
#6472=EDGE_CURVE('',#5123,#5125,#1872,.T.);
#6473=EDGE_CURVE('',#5126,#5125,#1873,.T.);
#6474=EDGE_CURVE('',#5124,#5126,#1874,.T.);
#6475=EDGE_CURVE('',#5124,#5127,#1875,.T.);
#6476=EDGE_CURVE('',#5128,#5126,#1876,.T.);
#6477=EDGE_CURVE('',#5127,#5128,#1877,.T.);
#6478=EDGE_CURVE('',#5127,#5129,#1878,.T.);
#6479=EDGE_CURVE('',#5130,#5128,#1879,.T.);
#6480=EDGE_CURVE('',#5129,#5130,#1880,.T.);
#6481=EDGE_CURVE('',#5129,#5131,#1881,.T.);
#6482=EDGE_CURVE('',#5132,#5130,#1882,.T.);
#6483=EDGE_CURVE('',#5131,#5132,#1883,.T.);
#6484=EDGE_CURVE('',#5131,#5133,#1884,.T.);
#6485=EDGE_CURVE('',#5134,#5132,#1885,.T.);
#6486=EDGE_CURVE('',#5133,#5134,#1886,.T.);
#6487=EDGE_CURVE('',#5133,#5135,#1887,.T.);
#6488=EDGE_CURVE('',#5136,#5134,#1888,.T.);
#6489=EDGE_CURVE('',#5135,#5136,#1889,.T.);
#6490=EDGE_CURVE('',#5135,#5137,#1890,.T.);
#6491=EDGE_CURVE('',#5138,#5136,#1891,.T.);
#6492=EDGE_CURVE('',#5137,#5138,#1892,.T.);
#6493=EDGE_CURVE('',#5137,#5139,#1893,.T.);
#6494=EDGE_CURVE('',#5140,#5138,#1894,.T.);
#6495=EDGE_CURVE('',#5139,#5140,#1895,.T.);
#6496=EDGE_CURVE('',#5139,#5141,#1896,.T.);
#6497=EDGE_CURVE('',#5142,#5140,#1897,.T.);
#6498=EDGE_CURVE('',#5141,#5142,#1898,.T.);
#6499=EDGE_CURVE('',#5141,#5143,#1899,.T.);
#6500=EDGE_CURVE('',#5144,#5142,#1900,.T.);
#6501=EDGE_CURVE('',#5143,#5144,#1901,.T.);
#6502=EDGE_CURVE('',#5143,#5145,#1902,.T.);
#6503=EDGE_CURVE('',#5146,#5144,#1903,.T.);
#6504=EDGE_CURVE('',#5145,#5146,#1904,.T.);
#6505=EDGE_CURVE('',#5145,#5147,#1905,.T.);
#6506=EDGE_CURVE('',#5148,#5146,#1906,.T.);
#6507=EDGE_CURVE('',#5147,#5148,#1907,.T.);
#6508=EDGE_CURVE('',#5147,#5149,#1908,.T.);
#6509=EDGE_CURVE('',#5150,#5148,#1909,.T.);
#6510=EDGE_CURVE('',#5149,#5150,#1910,.T.);
#6511=EDGE_CURVE('',#5149,#5151,#1911,.T.);
#6512=EDGE_CURVE('',#5152,#5150,#1912,.T.);
#6513=EDGE_CURVE('',#5151,#5152,#1913,.T.);
#6514=EDGE_CURVE('',#5151,#5153,#1914,.T.);
#6515=EDGE_CURVE('',#5154,#5152,#1915,.T.);
#6516=EDGE_CURVE('',#5153,#5154,#1916,.T.);
#6517=EDGE_CURVE('',#5153,#5155,#1917,.T.);
#6518=EDGE_CURVE('',#5156,#5154,#1918,.T.);
#6519=EDGE_CURVE('',#5155,#5156,#1919,.T.);
#6520=EDGE_CURVE('',#5155,#5157,#1920,.T.);
#6521=EDGE_CURVE('',#5158,#5156,#1921,.T.);
#6522=EDGE_CURVE('',#5157,#5158,#1922,.T.);
#6523=EDGE_CURVE('',#5157,#5159,#1923,.T.);
#6524=EDGE_CURVE('',#5160,#5158,#1924,.T.);
#6525=EDGE_CURVE('',#5159,#5160,#1925,.T.);
#6526=EDGE_CURVE('',#5159,#5161,#1926,.T.);
#6527=EDGE_CURVE('',#5162,#5160,#1927,.T.);
#6528=EDGE_CURVE('',#5161,#5162,#1928,.T.);
#6529=EDGE_CURVE('',#5161,#5123,#1929,.T.);
#6530=EDGE_CURVE('',#5125,#5162,#1930,.T.);
#6531=EDGE_CURVE('',#5163,#5164,#1931,.T.);
#6532=EDGE_CURVE('',#5163,#5165,#1932,.T.);
#6533=EDGE_CURVE('',#5166,#5165,#1933,.T.);
#6534=EDGE_CURVE('',#5164,#5166,#1934,.T.);
#6535=EDGE_CURVE('',#5164,#5167,#1935,.T.);
#6536=EDGE_CURVE('',#5168,#5166,#1936,.T.);
#6537=EDGE_CURVE('',#5167,#5168,#1937,.T.);
#6538=EDGE_CURVE('',#5167,#5169,#1938,.T.);
#6539=EDGE_CURVE('',#5170,#5168,#1939,.T.);
#6540=EDGE_CURVE('',#5169,#5170,#1940,.T.);
#6541=EDGE_CURVE('',#5169,#5171,#1941,.T.);
#6542=EDGE_CURVE('',#5172,#5170,#1942,.T.);
#6543=EDGE_CURVE('',#5171,#5172,#1943,.T.);
#6544=EDGE_CURVE('',#5171,#5173,#1944,.T.);
#6545=EDGE_CURVE('',#5174,#5172,#1945,.T.);
#6546=EDGE_CURVE('',#5173,#5174,#1946,.T.);
#6547=EDGE_CURVE('',#5173,#5175,#1947,.T.);
#6548=EDGE_CURVE('',#5176,#5174,#1948,.T.);
#6549=EDGE_CURVE('',#5175,#5176,#1949,.T.);
#6550=EDGE_CURVE('',#5175,#5177,#1950,.T.);
#6551=EDGE_CURVE('',#5178,#5176,#1951,.T.);
#6552=EDGE_CURVE('',#5177,#5178,#1952,.T.);
#6553=EDGE_CURVE('',#5177,#5179,#1953,.T.);
#6554=EDGE_CURVE('',#5180,#5178,#1954,.T.);
#6555=EDGE_CURVE('',#5179,#5180,#1955,.T.);
#6556=EDGE_CURVE('',#5179,#5181,#1956,.T.);
#6557=EDGE_CURVE('',#5182,#5180,#1957,.T.);
#6558=EDGE_CURVE('',#5181,#5182,#1958,.T.);
#6559=EDGE_CURVE('',#5181,#5183,#1959,.T.);
#6560=EDGE_CURVE('',#5184,#5182,#1960,.T.);
#6561=EDGE_CURVE('',#5183,#5184,#1961,.T.);
#6562=EDGE_CURVE('',#5183,#5185,#1962,.T.);
#6563=EDGE_CURVE('',#5186,#5184,#1963,.T.);
#6564=EDGE_CURVE('',#5185,#5186,#1964,.T.);
#6565=EDGE_CURVE('',#5185,#5187,#1965,.T.);
#6566=EDGE_CURVE('',#5188,#5186,#1966,.T.);
#6567=EDGE_CURVE('',#5187,#5188,#1967,.T.);
#6568=EDGE_CURVE('',#5187,#5189,#1968,.T.);
#6569=EDGE_CURVE('',#5190,#5188,#1969,.T.);
#6570=EDGE_CURVE('',#5189,#5190,#1970,.T.);
#6571=EDGE_CURVE('',#5189,#5191,#1971,.T.);
#6572=EDGE_CURVE('',#5192,#5190,#1972,.T.);
#6573=EDGE_CURVE('',#5191,#5192,#1973,.T.);
#6574=EDGE_CURVE('',#5191,#5193,#1974,.T.);
#6575=EDGE_CURVE('',#5194,#5192,#1975,.T.);
#6576=EDGE_CURVE('',#5193,#5194,#1976,.T.);
#6577=EDGE_CURVE('',#5193,#5195,#1977,.T.);
#6578=EDGE_CURVE('',#5196,#5194,#1978,.T.);
#6579=EDGE_CURVE('',#5195,#5196,#1979,.T.);
#6580=EDGE_CURVE('',#5195,#5197,#1980,.T.);
#6581=EDGE_CURVE('',#5198,#5196,#1981,.T.);
#6582=EDGE_CURVE('',#5197,#5198,#1982,.T.);
#6583=EDGE_CURVE('',#5197,#5199,#1983,.T.);
#6584=EDGE_CURVE('',#5200,#5198,#1984,.T.);
#6585=EDGE_CURVE('',#5199,#5200,#1985,.T.);
#6586=EDGE_CURVE('',#5199,#5201,#1986,.T.);
#6587=EDGE_CURVE('',#5202,#5200,#1987,.T.);
#6588=EDGE_CURVE('',#5201,#5202,#1988,.T.);
#6589=EDGE_CURVE('',#5201,#5163,#1989,.T.);
#6590=EDGE_CURVE('',#5165,#5202,#1990,.T.);
#6591=EDGE_CURVE('',#5203,#5204,#1991,.T.);
#6592=EDGE_CURVE('',#5203,#5205,#1992,.T.);
#6593=EDGE_CURVE('',#5206,#5205,#1993,.T.);
#6594=EDGE_CURVE('',#5204,#5206,#1994,.T.);
#6595=EDGE_CURVE('',#5204,#5207,#1995,.T.);
#6596=EDGE_CURVE('',#5208,#5206,#1996,.T.);
#6597=EDGE_CURVE('',#5207,#5208,#1997,.T.);
#6598=EDGE_CURVE('',#5207,#5209,#1998,.T.);
#6599=EDGE_CURVE('',#5210,#5208,#1999,.T.);
#6600=EDGE_CURVE('',#5209,#5210,#2000,.T.);
#6601=EDGE_CURVE('',#5209,#5211,#2001,.T.);
#6602=EDGE_CURVE('',#5212,#5210,#2002,.T.);
#6603=EDGE_CURVE('',#5211,#5212,#2003,.T.);
#6604=EDGE_CURVE('',#5211,#5213,#2004,.T.);
#6605=EDGE_CURVE('',#5214,#5212,#2005,.T.);
#6606=EDGE_CURVE('',#5213,#5214,#2006,.T.);
#6607=EDGE_CURVE('',#5213,#5215,#2007,.T.);
#6608=EDGE_CURVE('',#5216,#5214,#2008,.T.);
#6609=EDGE_CURVE('',#5215,#5216,#2009,.T.);
#6610=EDGE_CURVE('',#5215,#5217,#2010,.T.);
#6611=EDGE_CURVE('',#5218,#5216,#2011,.T.);
#6612=EDGE_CURVE('',#5217,#5218,#2012,.T.);
#6613=EDGE_CURVE('',#5217,#5219,#2013,.T.);
#6614=EDGE_CURVE('',#5220,#5218,#2014,.T.);
#6615=EDGE_CURVE('',#5219,#5220,#2015,.T.);
#6616=EDGE_CURVE('',#5219,#5221,#2016,.T.);
#6617=EDGE_CURVE('',#5222,#5220,#2017,.T.);
#6618=EDGE_CURVE('',#5221,#5222,#2018,.T.);
#6619=EDGE_CURVE('',#5221,#5223,#2019,.T.);
#6620=EDGE_CURVE('',#5224,#5222,#2020,.T.);
#6621=EDGE_CURVE('',#5223,#5224,#2021,.T.);
#6622=EDGE_CURVE('',#5223,#5225,#2022,.T.);
#6623=EDGE_CURVE('',#5226,#5224,#2023,.T.);
#6624=EDGE_CURVE('',#5225,#5226,#2024,.T.);
#6625=EDGE_CURVE('',#5225,#5227,#2025,.T.);
#6626=EDGE_CURVE('',#5228,#5226,#2026,.T.);
#6627=EDGE_CURVE('',#5227,#5228,#2027,.T.);
#6628=EDGE_CURVE('',#5227,#5229,#2028,.T.);
#6629=EDGE_CURVE('',#5230,#5228,#2029,.T.);
#6630=EDGE_CURVE('',#5229,#5230,#2030,.T.);
#6631=EDGE_CURVE('',#5229,#5231,#2031,.T.);
#6632=EDGE_CURVE('',#5232,#5230,#2032,.T.);
#6633=EDGE_CURVE('',#5231,#5232,#2033,.T.);
#6634=EDGE_CURVE('',#5231,#5233,#2034,.T.);
#6635=EDGE_CURVE('',#5234,#5232,#2035,.T.);
#6636=EDGE_CURVE('',#5233,#5234,#2036,.T.);
#6637=EDGE_CURVE('',#5233,#5235,#2037,.T.);
#6638=EDGE_CURVE('',#5236,#5234,#2038,.T.);
#6639=EDGE_CURVE('',#5235,#5236,#2039,.T.);
#6640=EDGE_CURVE('',#5235,#5237,#2040,.T.);
#6641=EDGE_CURVE('',#5238,#5236,#2041,.T.);
#6642=EDGE_CURVE('',#5237,#5238,#2042,.T.);
#6643=EDGE_CURVE('',#5237,#5239,#2043,.T.);
#6644=EDGE_CURVE('',#5240,#5238,#2044,.T.);
#6645=EDGE_CURVE('',#5239,#5240,#2045,.T.);
#6646=EDGE_CURVE('',#5239,#5241,#2046,.T.);
#6647=EDGE_CURVE('',#5242,#5240,#2047,.T.);
#6648=EDGE_CURVE('',#5241,#5242,#2048,.T.);
#6649=EDGE_CURVE('',#5241,#5203,#2049,.T.);
#6650=EDGE_CURVE('',#5205,#5242,#2050,.T.);
#6651=EDGE_CURVE('',#5243,#5244,#2051,.T.);
#6652=EDGE_CURVE('',#5243,#5245,#2052,.T.);
#6653=EDGE_CURVE('',#5246,#5245,#2053,.T.);
#6654=EDGE_CURVE('',#5244,#5246,#2054,.T.);
#6655=EDGE_CURVE('',#5244,#5247,#2055,.T.);
#6656=EDGE_CURVE('',#5248,#5246,#2056,.T.);
#6657=EDGE_CURVE('',#5247,#5248,#2057,.T.);
#6658=EDGE_CURVE('',#5247,#5249,#2058,.T.);
#6659=EDGE_CURVE('',#5250,#5248,#2059,.T.);
#6660=EDGE_CURVE('',#5249,#5250,#2060,.T.);
#6661=EDGE_CURVE('',#5249,#5251,#2061,.T.);
#6662=EDGE_CURVE('',#5252,#5250,#2062,.T.);
#6663=EDGE_CURVE('',#5251,#5252,#2063,.T.);
#6664=EDGE_CURVE('',#5251,#5253,#2064,.T.);
#6665=EDGE_CURVE('',#5254,#5252,#2065,.T.);
#6666=EDGE_CURVE('',#5253,#5254,#2066,.T.);
#6667=EDGE_CURVE('',#5253,#5255,#2067,.T.);
#6668=EDGE_CURVE('',#5256,#5254,#2068,.T.);
#6669=EDGE_CURVE('',#5255,#5256,#2069,.T.);
#6670=EDGE_CURVE('',#5255,#5257,#2070,.T.);
#6671=EDGE_CURVE('',#5258,#5256,#2071,.T.);
#6672=EDGE_CURVE('',#5257,#5258,#2072,.T.);
#6673=EDGE_CURVE('',#5257,#5259,#2073,.T.);
#6674=EDGE_CURVE('',#5260,#5258,#2074,.T.);
#6675=EDGE_CURVE('',#5259,#5260,#2075,.T.);
#6676=EDGE_CURVE('',#5259,#5261,#2076,.T.);
#6677=EDGE_CURVE('',#5262,#5260,#2077,.T.);
#6678=EDGE_CURVE('',#5261,#5262,#2078,.T.);
#6679=EDGE_CURVE('',#5261,#5263,#2079,.T.);
#6680=EDGE_CURVE('',#5264,#5262,#2080,.T.);
#6681=EDGE_CURVE('',#5263,#5264,#2081,.T.);
#6682=EDGE_CURVE('',#5263,#5265,#2082,.T.);
#6683=EDGE_CURVE('',#5266,#5264,#2083,.T.);
#6684=EDGE_CURVE('',#5265,#5266,#2084,.T.);
#6685=EDGE_CURVE('',#5265,#5267,#2085,.T.);
#6686=EDGE_CURVE('',#5268,#5266,#2086,.T.);
#6687=EDGE_CURVE('',#5267,#5268,#2087,.T.);
#6688=EDGE_CURVE('',#5267,#5269,#2088,.T.);
#6689=EDGE_CURVE('',#5270,#5268,#2089,.T.);
#6690=EDGE_CURVE('',#5269,#5270,#2090,.T.);
#6691=EDGE_CURVE('',#5269,#5271,#2091,.T.);
#6692=EDGE_CURVE('',#5272,#5270,#2092,.T.);
#6693=EDGE_CURVE('',#5271,#5272,#2093,.T.);
#6694=EDGE_CURVE('',#5271,#5273,#2094,.T.);
#6695=EDGE_CURVE('',#5274,#5272,#2095,.T.);
#6696=EDGE_CURVE('',#5273,#5274,#2096,.T.);
#6697=EDGE_CURVE('',#5273,#5275,#2097,.T.);
#6698=EDGE_CURVE('',#5276,#5274,#2098,.T.);
#6699=EDGE_CURVE('',#5275,#5276,#2099,.T.);
#6700=EDGE_CURVE('',#5275,#5277,#2100,.T.);
#6701=EDGE_CURVE('',#5278,#5276,#2101,.T.);
#6702=EDGE_CURVE('',#5277,#5278,#2102,.T.);
#6703=EDGE_CURVE('',#5277,#5279,#2103,.T.);
#6704=EDGE_CURVE('',#5280,#5278,#2104,.T.);
#6705=EDGE_CURVE('',#5279,#5280,#2105,.T.);
#6706=EDGE_CURVE('',#5279,#5281,#2106,.T.);
#6707=EDGE_CURVE('',#5282,#5280,#2107,.T.);
#6708=EDGE_CURVE('',#5281,#5282,#2108,.T.);
#6709=EDGE_CURVE('',#5281,#5243,#2109,.T.);
#6710=EDGE_CURVE('',#5245,#5282,#2110,.T.);
#6711=EDGE_CURVE('',#5283,#5284,#2111,.T.);
#6712=EDGE_CURVE('',#5283,#5285,#2112,.T.);
#6713=EDGE_CURVE('',#5286,#5285,#2113,.T.);
#6714=EDGE_CURVE('',#5284,#5286,#2114,.T.);
#6715=EDGE_CURVE('',#5284,#5287,#2115,.T.);
#6716=EDGE_CURVE('',#5288,#5286,#2116,.T.);
#6717=EDGE_CURVE('',#5287,#5288,#2117,.T.);
#6718=EDGE_CURVE('',#5287,#5289,#2118,.T.);
#6719=EDGE_CURVE('',#5290,#5288,#2119,.T.);
#6720=EDGE_CURVE('',#5289,#5290,#2120,.T.);
#6721=EDGE_CURVE('',#5289,#5291,#2121,.T.);
#6722=EDGE_CURVE('',#5292,#5290,#2122,.T.);
#6723=EDGE_CURVE('',#5291,#5292,#2123,.T.);
#6724=EDGE_CURVE('',#5291,#5293,#2124,.T.);
#6725=EDGE_CURVE('',#5294,#5292,#2125,.T.);
#6726=EDGE_CURVE('',#5293,#5294,#2126,.T.);
#6727=EDGE_CURVE('',#5293,#5295,#2127,.T.);
#6728=EDGE_CURVE('',#5296,#5294,#2128,.T.);
#6729=EDGE_CURVE('',#5295,#5296,#2129,.T.);
#6730=EDGE_CURVE('',#5295,#5297,#2130,.T.);
#6731=EDGE_CURVE('',#5298,#5296,#2131,.T.);
#6732=EDGE_CURVE('',#5297,#5298,#2132,.T.);
#6733=EDGE_CURVE('',#5297,#5299,#2133,.T.);
#6734=EDGE_CURVE('',#5300,#5298,#2134,.T.);
#6735=EDGE_CURVE('',#5299,#5300,#2135,.T.);
#6736=EDGE_CURVE('',#5299,#5301,#2136,.T.);
#6737=EDGE_CURVE('',#5302,#5300,#2137,.T.);
#6738=EDGE_CURVE('',#5301,#5302,#2138,.T.);
#6739=EDGE_CURVE('',#5301,#5303,#2139,.T.);
#6740=EDGE_CURVE('',#5304,#5302,#2140,.T.);
#6741=EDGE_CURVE('',#5303,#5304,#2141,.T.);
#6742=EDGE_CURVE('',#5303,#5305,#2142,.T.);
#6743=EDGE_CURVE('',#5306,#5304,#2143,.T.);
#6744=EDGE_CURVE('',#5305,#5306,#2144,.T.);
#6745=EDGE_CURVE('',#5305,#5307,#2145,.T.);
#6746=EDGE_CURVE('',#5308,#5306,#2146,.T.);
#6747=EDGE_CURVE('',#5307,#5308,#2147,.T.);
#6748=EDGE_CURVE('',#5307,#5309,#2148,.T.);
#6749=EDGE_CURVE('',#5310,#5308,#2149,.T.);
#6750=EDGE_CURVE('',#5309,#5310,#2150,.T.);
#6751=EDGE_CURVE('',#5309,#5311,#2151,.T.);
#6752=EDGE_CURVE('',#5312,#5310,#2152,.T.);
#6753=EDGE_CURVE('',#5311,#5312,#2153,.T.);
#6754=EDGE_CURVE('',#5311,#5313,#2154,.T.);
#6755=EDGE_CURVE('',#5314,#5312,#2155,.T.);
#6756=EDGE_CURVE('',#5313,#5314,#2156,.T.);
#6757=EDGE_CURVE('',#5313,#5315,#2157,.T.);
#6758=EDGE_CURVE('',#5316,#5314,#2158,.T.);
#6759=EDGE_CURVE('',#5315,#5316,#2159,.T.);
#6760=EDGE_CURVE('',#5315,#5317,#2160,.T.);
#6761=EDGE_CURVE('',#5318,#5316,#2161,.T.);
#6762=EDGE_CURVE('',#5317,#5318,#2162,.T.);
#6763=EDGE_CURVE('',#5317,#5319,#2163,.T.);
#6764=EDGE_CURVE('',#5320,#5318,#2164,.T.);
#6765=EDGE_CURVE('',#5319,#5320,#2165,.T.);
#6766=EDGE_CURVE('',#5319,#5321,#2166,.T.);
#6767=EDGE_CURVE('',#5322,#5320,#2167,.T.);
#6768=EDGE_CURVE('',#5321,#5322,#2168,.T.);
#6769=EDGE_CURVE('',#5321,#5283,#2169,.T.);
#6770=EDGE_CURVE('',#5285,#5322,#2170,.T.);
#6771=EDGE_CURVE('',#5323,#5324,#2171,.T.);
#6772=EDGE_CURVE('',#5323,#5325,#2172,.T.);
#6773=EDGE_CURVE('',#5326,#5325,#2173,.T.);
#6774=EDGE_CURVE('',#5324,#5326,#2174,.T.);
#6775=EDGE_CURVE('',#5324,#5327,#2175,.T.);
#6776=EDGE_CURVE('',#5328,#5326,#2176,.T.);
#6777=EDGE_CURVE('',#5327,#5328,#2177,.T.);
#6778=EDGE_CURVE('',#5327,#5329,#2178,.T.);
#6779=EDGE_CURVE('',#5330,#5328,#2179,.T.);
#6780=EDGE_CURVE('',#5329,#5330,#2180,.T.);
#6781=EDGE_CURVE('',#5329,#5331,#2181,.T.);
#6782=EDGE_CURVE('',#5332,#5330,#2182,.T.);
#6783=EDGE_CURVE('',#5331,#5332,#2183,.T.);
#6784=EDGE_CURVE('',#5331,#5333,#2184,.T.);
#6785=EDGE_CURVE('',#5334,#5332,#2185,.T.);
#6786=EDGE_CURVE('',#5333,#5334,#2186,.T.);
#6787=EDGE_CURVE('',#5333,#5335,#2187,.T.);
#6788=EDGE_CURVE('',#5336,#5334,#2188,.T.);
#6789=EDGE_CURVE('',#5335,#5336,#2189,.T.);
#6790=EDGE_CURVE('',#5335,#5337,#2190,.T.);
#6791=EDGE_CURVE('',#5338,#5336,#2191,.T.);
#6792=EDGE_CURVE('',#5337,#5338,#2192,.T.);
#6793=EDGE_CURVE('',#5337,#5339,#2193,.T.);
#6794=EDGE_CURVE('',#5340,#5338,#2194,.T.);
#6795=EDGE_CURVE('',#5339,#5340,#2195,.T.);
#6796=EDGE_CURVE('',#5339,#5341,#2196,.T.);
#6797=EDGE_CURVE('',#5342,#5340,#2197,.T.);
#6798=EDGE_CURVE('',#5341,#5342,#2198,.T.);
#6799=EDGE_CURVE('',#5341,#5343,#2199,.T.);
#6800=EDGE_CURVE('',#5344,#5342,#2200,.T.);
#6801=EDGE_CURVE('',#5343,#5344,#2201,.T.);
#6802=EDGE_CURVE('',#5343,#5345,#2202,.T.);
#6803=EDGE_CURVE('',#5346,#5344,#2203,.T.);
#6804=EDGE_CURVE('',#5345,#5346,#2204,.T.);
#6805=EDGE_CURVE('',#5345,#5347,#2205,.T.);
#6806=EDGE_CURVE('',#5348,#5346,#2206,.T.);
#6807=EDGE_CURVE('',#5347,#5348,#2207,.T.);
#6808=EDGE_CURVE('',#5347,#5349,#2208,.T.);
#6809=EDGE_CURVE('',#5350,#5348,#2209,.T.);
#6810=EDGE_CURVE('',#5349,#5350,#2210,.T.);
#6811=EDGE_CURVE('',#5349,#5351,#2211,.T.);
#6812=EDGE_CURVE('',#5352,#5350,#2212,.T.);
#6813=EDGE_CURVE('',#5351,#5352,#2213,.T.);
#6814=EDGE_CURVE('',#5351,#5353,#2214,.T.);
#6815=EDGE_CURVE('',#5354,#5352,#2215,.T.);
#6816=EDGE_CURVE('',#5353,#5354,#2216,.T.);
#6817=EDGE_CURVE('',#5353,#5355,#2217,.T.);
#6818=EDGE_CURVE('',#5356,#5354,#2218,.T.);
#6819=EDGE_CURVE('',#5355,#5356,#2219,.T.);
#6820=EDGE_CURVE('',#5355,#5357,#2220,.T.);
#6821=EDGE_CURVE('',#5358,#5356,#2221,.T.);
#6822=EDGE_CURVE('',#5357,#5358,#2222,.T.);
#6823=EDGE_CURVE('',#5357,#5359,#2223,.T.);
#6824=EDGE_CURVE('',#5360,#5358,#2224,.T.);
#6825=EDGE_CURVE('',#5359,#5360,#2225,.T.);
#6826=EDGE_CURVE('',#5359,#5361,#2226,.T.);
#6827=EDGE_CURVE('',#5362,#5360,#2227,.T.);
#6828=EDGE_CURVE('',#5361,#5362,#2228,.T.);
#6829=EDGE_CURVE('',#5361,#5323,#2229,.T.);
#6830=EDGE_CURVE('',#5325,#5362,#2230,.T.);
#6831=EDGE_CURVE('',#5363,#5364,#2231,.T.);
#6832=EDGE_CURVE('',#5363,#5365,#2232,.T.);
#6833=EDGE_CURVE('',#5366,#5365,#2233,.T.);
#6834=EDGE_CURVE('',#5364,#5366,#2234,.T.);
#6835=EDGE_CURVE('',#5364,#5367,#2235,.T.);
#6836=EDGE_CURVE('',#5368,#5366,#2236,.T.);
#6837=EDGE_CURVE('',#5367,#5368,#2237,.T.);
#6838=EDGE_CURVE('',#5367,#5369,#2238,.T.);
#6839=EDGE_CURVE('',#5370,#5368,#2239,.T.);
#6840=EDGE_CURVE('',#5369,#5370,#2240,.T.);
#6841=EDGE_CURVE('',#5369,#5371,#2241,.T.);
#6842=EDGE_CURVE('',#5372,#5370,#2242,.T.);
#6843=EDGE_CURVE('',#5371,#5372,#2243,.T.);
#6844=EDGE_CURVE('',#5371,#5373,#2244,.T.);
#6845=EDGE_CURVE('',#5374,#5372,#2245,.T.);
#6846=EDGE_CURVE('',#5373,#5374,#2246,.T.);
#6847=EDGE_CURVE('',#5373,#5375,#2247,.T.);
#6848=EDGE_CURVE('',#5376,#5374,#2248,.T.);
#6849=EDGE_CURVE('',#5375,#5376,#2249,.T.);
#6850=EDGE_CURVE('',#5375,#5377,#2250,.T.);
#6851=EDGE_CURVE('',#5378,#5376,#2251,.T.);
#6852=EDGE_CURVE('',#5377,#5378,#2252,.T.);
#6853=EDGE_CURVE('',#5377,#5379,#2253,.T.);
#6854=EDGE_CURVE('',#5380,#5378,#2254,.T.);
#6855=EDGE_CURVE('',#5379,#5380,#2255,.T.);
#6856=EDGE_CURVE('',#5379,#5381,#2256,.T.);
#6857=EDGE_CURVE('',#5382,#5380,#2257,.T.);
#6858=EDGE_CURVE('',#5381,#5382,#2258,.T.);
#6859=EDGE_CURVE('',#5381,#5383,#2259,.T.);
#6860=EDGE_CURVE('',#5384,#5382,#2260,.T.);
#6861=EDGE_CURVE('',#5383,#5384,#2261,.T.);
#6862=EDGE_CURVE('',#5383,#5385,#2262,.T.);
#6863=EDGE_CURVE('',#5386,#5384,#2263,.T.);
#6864=EDGE_CURVE('',#5385,#5386,#2264,.T.);
#6865=EDGE_CURVE('',#5385,#5387,#2265,.T.);
#6866=EDGE_CURVE('',#5388,#5386,#2266,.T.);
#6867=EDGE_CURVE('',#5387,#5388,#2267,.T.);
#6868=EDGE_CURVE('',#5387,#5389,#2268,.T.);
#6869=EDGE_CURVE('',#5390,#5388,#2269,.T.);
#6870=EDGE_CURVE('',#5389,#5390,#2270,.T.);
#6871=EDGE_CURVE('',#5389,#5391,#2271,.T.);
#6872=EDGE_CURVE('',#5392,#5390,#2272,.T.);
#6873=EDGE_CURVE('',#5391,#5392,#2273,.T.);
#6874=EDGE_CURVE('',#5391,#5393,#2274,.T.);
#6875=EDGE_CURVE('',#5394,#5392,#2275,.T.);
#6876=EDGE_CURVE('',#5393,#5394,#2276,.T.);
#6877=EDGE_CURVE('',#5393,#5395,#2277,.T.);
#6878=EDGE_CURVE('',#5396,#5394,#2278,.T.);
#6879=EDGE_CURVE('',#5395,#5396,#2279,.T.);
#6880=EDGE_CURVE('',#5395,#5397,#2280,.T.);
#6881=EDGE_CURVE('',#5398,#5396,#2281,.T.);
#6882=EDGE_CURVE('',#5397,#5398,#2282,.T.);
#6883=EDGE_CURVE('',#5397,#5399,#2283,.T.);
#6884=EDGE_CURVE('',#5400,#5398,#2284,.T.);
#6885=EDGE_CURVE('',#5399,#5400,#2285,.T.);
#6886=EDGE_CURVE('',#5399,#5401,#2286,.T.);
#6887=EDGE_CURVE('',#5402,#5400,#2287,.T.);
#6888=EDGE_CURVE('',#5401,#5402,#2288,.T.);
#6889=EDGE_CURVE('',#5401,#5363,#2289,.T.);
#6890=EDGE_CURVE('',#5365,#5402,#2290,.T.);
#6891=EDGE_CURVE('',#5403,#5404,#2291,.T.);
#6892=EDGE_CURVE('',#5403,#5405,#2292,.T.);
#6893=EDGE_CURVE('',#5406,#5405,#2293,.T.);
#6894=EDGE_CURVE('',#5404,#5406,#2294,.T.);
#6895=EDGE_CURVE('',#5404,#5407,#2295,.T.);
#6896=EDGE_CURVE('',#5408,#5406,#2296,.T.);
#6897=EDGE_CURVE('',#5407,#5408,#2297,.T.);
#6898=EDGE_CURVE('',#5407,#5409,#2298,.T.);
#6899=EDGE_CURVE('',#5410,#5408,#2299,.T.);
#6900=EDGE_CURVE('',#5409,#5410,#2300,.T.);
#6901=EDGE_CURVE('',#5409,#5411,#2301,.T.);
#6902=EDGE_CURVE('',#5412,#5410,#2302,.T.);
#6903=EDGE_CURVE('',#5411,#5412,#2303,.T.);
#6904=EDGE_CURVE('',#5411,#5413,#2304,.T.);
#6905=EDGE_CURVE('',#5414,#5412,#2305,.T.);
#6906=EDGE_CURVE('',#5413,#5414,#2306,.T.);
#6907=EDGE_CURVE('',#5413,#5415,#2307,.T.);
#6908=EDGE_CURVE('',#5416,#5414,#2308,.T.);
#6909=EDGE_CURVE('',#5415,#5416,#2309,.T.);
#6910=EDGE_CURVE('',#5415,#5417,#2310,.T.);
#6911=EDGE_CURVE('',#5418,#5416,#2311,.T.);
#6912=EDGE_CURVE('',#5417,#5418,#2312,.T.);
#6913=EDGE_CURVE('',#5417,#5419,#2313,.T.);
#6914=EDGE_CURVE('',#5420,#5418,#2314,.T.);
#6915=EDGE_CURVE('',#5419,#5420,#2315,.T.);
#6916=EDGE_CURVE('',#5419,#5421,#2316,.T.);
#6917=EDGE_CURVE('',#5422,#5420,#2317,.T.);
#6918=EDGE_CURVE('',#5421,#5422,#2318,.T.);
#6919=EDGE_CURVE('',#5421,#5423,#2319,.T.);
#6920=EDGE_CURVE('',#5424,#5422,#2320,.T.);
#6921=EDGE_CURVE('',#5423,#5424,#2321,.T.);
#6922=EDGE_CURVE('',#5423,#5425,#2322,.T.);
#6923=EDGE_CURVE('',#5426,#5424,#2323,.T.);
#6924=EDGE_CURVE('',#5425,#5426,#2324,.T.);
#6925=EDGE_CURVE('',#5425,#5427,#2325,.T.);
#6926=EDGE_CURVE('',#5428,#5426,#2326,.T.);
#6927=EDGE_CURVE('',#5427,#5428,#2327,.T.);
#6928=EDGE_CURVE('',#5427,#5429,#2328,.T.);
#6929=EDGE_CURVE('',#5430,#5428,#2329,.T.);
#6930=EDGE_CURVE('',#5429,#5430,#2330,.T.);
#6931=EDGE_CURVE('',#5429,#5431,#2331,.T.);
#6932=EDGE_CURVE('',#5432,#5430,#2332,.T.);
#6933=EDGE_CURVE('',#5431,#5432,#2333,.T.);
#6934=EDGE_CURVE('',#5431,#5433,#2334,.T.);
#6935=EDGE_CURVE('',#5434,#5432,#2335,.T.);
#6936=EDGE_CURVE('',#5433,#5434,#2336,.T.);
#6937=EDGE_CURVE('',#5433,#5435,#2337,.T.);
#6938=EDGE_CURVE('',#5436,#5434,#2338,.T.);
#6939=EDGE_CURVE('',#5435,#5436,#2339,.T.);
#6940=EDGE_CURVE('',#5435,#5437,#2340,.T.);
#6941=EDGE_CURVE('',#5438,#5436,#2341,.T.);
#6942=EDGE_CURVE('',#5437,#5438,#2342,.T.);
#6943=EDGE_CURVE('',#5437,#5439,#2343,.T.);
#6944=EDGE_CURVE('',#5440,#5438,#2344,.T.);
#6945=EDGE_CURVE('',#5439,#5440,#2345,.T.);
#6946=EDGE_CURVE('',#5439,#5441,#2346,.T.);
#6947=EDGE_CURVE('',#5442,#5440,#2347,.T.);
#6948=EDGE_CURVE('',#5441,#5442,#2348,.T.);
#6949=EDGE_CURVE('',#5441,#5403,#2349,.T.);
#6950=EDGE_CURVE('',#5405,#5442,#2350,.T.);
#6951=EDGE_CURVE('',#5443,#5444,#2351,.T.);
#6952=EDGE_CURVE('',#5443,#5445,#2352,.T.);
#6953=EDGE_CURVE('',#5446,#5445,#2353,.T.);
#6954=EDGE_CURVE('',#5444,#5446,#2354,.T.);
#6955=EDGE_CURVE('',#5444,#5447,#2355,.T.);
#6956=EDGE_CURVE('',#5448,#5446,#2356,.T.);
#6957=EDGE_CURVE('',#5447,#5448,#2357,.T.);
#6958=EDGE_CURVE('',#5447,#5449,#2358,.T.);
#6959=EDGE_CURVE('',#5450,#5448,#2359,.T.);
#6960=EDGE_CURVE('',#5449,#5450,#2360,.T.);
#6961=EDGE_CURVE('',#5449,#5451,#2361,.T.);
#6962=EDGE_CURVE('',#5452,#5450,#2362,.T.);
#6963=EDGE_CURVE('',#5451,#5452,#2363,.T.);
#6964=EDGE_CURVE('',#5451,#5453,#2364,.T.);
#6965=EDGE_CURVE('',#5454,#5452,#2365,.T.);
#6966=EDGE_CURVE('',#5453,#5454,#2366,.T.);
#6967=EDGE_CURVE('',#5453,#5455,#2367,.T.);
#6968=EDGE_CURVE('',#5456,#5454,#2368,.T.);
#6969=EDGE_CURVE('',#5455,#5456,#2369,.T.);
#6970=EDGE_CURVE('',#5455,#5457,#2370,.T.);
#6971=EDGE_CURVE('',#5458,#5456,#2371,.T.);
#6972=EDGE_CURVE('',#5457,#5458,#2372,.T.);
#6973=EDGE_CURVE('',#5457,#5459,#2373,.T.);
#6974=EDGE_CURVE('',#5460,#5458,#2374,.T.);
#6975=EDGE_CURVE('',#5459,#5460,#2375,.T.);
#6976=EDGE_CURVE('',#5459,#5461,#2376,.T.);
#6977=EDGE_CURVE('',#5462,#5460,#2377,.T.);
#6978=EDGE_CURVE('',#5461,#5462,#2378,.T.);
#6979=EDGE_CURVE('',#5461,#5463,#2379,.T.);
#6980=EDGE_CURVE('',#5464,#5462,#2380,.T.);
#6981=EDGE_CURVE('',#5463,#5464,#2381,.T.);
#6982=EDGE_CURVE('',#5463,#5465,#2382,.T.);
#6983=EDGE_CURVE('',#5466,#5464,#2383,.T.);
#6984=EDGE_CURVE('',#5465,#5466,#2384,.T.);
#6985=EDGE_CURVE('',#5465,#5467,#2385,.T.);
#6986=EDGE_CURVE('',#5468,#5466,#2386,.T.);
#6987=EDGE_CURVE('',#5467,#5468,#2387,.T.);
#6988=EDGE_CURVE('',#5467,#5469,#2388,.T.);
#6989=EDGE_CURVE('',#5470,#5468,#2389,.T.);
#6990=EDGE_CURVE('',#5469,#5470,#2390,.T.);
#6991=EDGE_CURVE('',#5469,#5471,#2391,.T.);
#6992=EDGE_CURVE('',#5472,#5470,#2392,.T.);
#6993=EDGE_CURVE('',#5471,#5472,#2393,.T.);
#6994=EDGE_CURVE('',#5471,#5473,#2394,.T.);
#6995=EDGE_CURVE('',#5474,#5472,#2395,.T.);
#6996=EDGE_CURVE('',#5473,#5474,#2396,.T.);
#6997=EDGE_CURVE('',#5473,#5475,#2397,.T.);
#6998=EDGE_CURVE('',#5476,#5474,#2398,.T.);
#6999=EDGE_CURVE('',#5475,#5476,#2399,.T.);
#7000=EDGE_CURVE('',#5475,#5477,#2400,.T.);
#7001=EDGE_CURVE('',#5478,#5476,#2401,.T.);
#7002=EDGE_CURVE('',#5477,#5478,#2402,.T.);
#7003=EDGE_CURVE('',#5477,#5479,#2403,.T.);
#7004=EDGE_CURVE('',#5480,#5478,#2404,.T.);
#7005=EDGE_CURVE('',#5479,#5480,#2405,.T.);
#7006=EDGE_CURVE('',#5479,#5481,#2406,.T.);
#7007=EDGE_CURVE('',#5482,#5480,#2407,.T.);
#7008=EDGE_CURVE('',#5481,#5482,#2408,.T.);
#7009=EDGE_CURVE('',#5481,#5443,#2409,.T.);
#7010=EDGE_CURVE('',#5445,#5482,#2410,.T.);
#7011=EDGE_CURVE('',#5483,#5484,#2411,.T.);
#7012=EDGE_CURVE('',#5483,#5485,#2412,.T.);
#7013=EDGE_CURVE('',#5486,#5485,#2413,.T.);
#7014=EDGE_CURVE('',#5484,#5486,#2414,.T.);
#7015=EDGE_CURVE('',#5484,#5487,#2415,.T.);
#7016=EDGE_CURVE('',#5488,#5486,#2416,.T.);
#7017=EDGE_CURVE('',#5487,#5488,#2417,.T.);
#7018=EDGE_CURVE('',#5487,#5489,#2418,.T.);
#7019=EDGE_CURVE('',#5490,#5488,#2419,.T.);
#7020=EDGE_CURVE('',#5489,#5490,#2420,.T.);
#7021=EDGE_CURVE('',#5489,#5491,#2421,.T.);
#7022=EDGE_CURVE('',#5492,#5490,#2422,.T.);
#7023=EDGE_CURVE('',#5491,#5492,#2423,.T.);
#7024=EDGE_CURVE('',#5491,#5493,#2424,.T.);
#7025=EDGE_CURVE('',#5494,#5492,#2425,.T.);
#7026=EDGE_CURVE('',#5493,#5494,#2426,.T.);
#7027=EDGE_CURVE('',#5493,#5495,#2427,.T.);
#7028=EDGE_CURVE('',#5496,#5494,#2428,.T.);
#7029=EDGE_CURVE('',#5495,#5496,#2429,.T.);
#7030=EDGE_CURVE('',#5495,#5497,#2430,.T.);
#7031=EDGE_CURVE('',#5498,#5496,#2431,.T.);
#7032=EDGE_CURVE('',#5497,#5498,#2432,.T.);
#7033=EDGE_CURVE('',#5497,#5499,#2433,.T.);
#7034=EDGE_CURVE('',#5500,#5498,#2434,.T.);
#7035=EDGE_CURVE('',#5499,#5500,#2435,.T.);
#7036=EDGE_CURVE('',#5499,#5501,#2436,.T.);
#7037=EDGE_CURVE('',#5502,#5500,#2437,.T.);
#7038=EDGE_CURVE('',#5501,#5502,#2438,.T.);
#7039=EDGE_CURVE('',#5501,#5503,#2439,.T.);
#7040=EDGE_CURVE('',#5504,#5502,#2440,.T.);
#7041=EDGE_CURVE('',#5503,#5504,#2441,.T.);
#7042=EDGE_CURVE('',#5503,#5505,#2442,.T.);
#7043=EDGE_CURVE('',#5506,#5504,#2443,.T.);
#7044=EDGE_CURVE('',#5505,#5506,#2444,.T.);
#7045=EDGE_CURVE('',#5505,#5507,#2445,.T.);
#7046=EDGE_CURVE('',#5508,#5506,#2446,.T.);
#7047=EDGE_CURVE('',#5507,#5508,#2447,.T.);
#7048=EDGE_CURVE('',#5507,#5509,#2448,.T.);
#7049=EDGE_CURVE('',#5510,#5508,#2449,.T.);
#7050=EDGE_CURVE('',#5509,#5510,#2450,.T.);
#7051=EDGE_CURVE('',#5509,#5511,#2451,.T.);
#7052=EDGE_CURVE('',#5512,#5510,#2452,.T.);
#7053=EDGE_CURVE('',#5511,#5512,#2453,.T.);
#7054=EDGE_CURVE('',#5511,#5513,#2454,.T.);
#7055=EDGE_CURVE('',#5514,#5512,#2455,.T.);
#7056=EDGE_CURVE('',#5513,#5514,#2456,.T.);
#7057=EDGE_CURVE('',#5513,#5515,#2457,.T.);
#7058=EDGE_CURVE('',#5516,#5514,#2458,.T.);
#7059=EDGE_CURVE('',#5515,#5516,#2459,.T.);
#7060=EDGE_CURVE('',#5515,#5517,#2460,.T.);
#7061=EDGE_CURVE('',#5518,#5516,#2461,.T.);
#7062=EDGE_CURVE('',#5517,#5518,#2462,.T.);
#7063=EDGE_CURVE('',#5517,#5519,#2463,.T.);
#7064=EDGE_CURVE('',#5520,#5518,#2464,.T.);
#7065=EDGE_CURVE('',#5519,#5520,#2465,.T.);
#7066=EDGE_CURVE('',#5519,#5521,#2466,.T.);
#7067=EDGE_CURVE('',#5522,#5520,#2467,.T.);
#7068=EDGE_CURVE('',#5521,#5522,#2468,.T.);
#7069=EDGE_CURVE('',#5521,#5483,#2469,.T.);
#7070=EDGE_CURVE('',#5485,#5522,#2470,.T.);
#7071=EDGE_CURVE('',#5523,#5524,#2471,.T.);
#7072=EDGE_CURVE('',#5523,#5525,#2472,.T.);
#7073=EDGE_CURVE('',#5526,#5525,#2473,.T.);
#7074=EDGE_CURVE('',#5524,#5526,#2474,.T.);
#7075=EDGE_CURVE('',#5524,#5527,#2475,.T.);
#7076=EDGE_CURVE('',#5528,#5526,#2476,.T.);
#7077=EDGE_CURVE('',#5527,#5528,#2477,.T.);
#7078=EDGE_CURVE('',#5527,#5529,#2478,.T.);
#7079=EDGE_CURVE('',#5530,#5528,#2479,.T.);
#7080=EDGE_CURVE('',#5529,#5530,#2480,.T.);
#7081=EDGE_CURVE('',#5529,#5531,#2481,.T.);
#7082=EDGE_CURVE('',#5532,#5530,#2482,.T.);
#7083=EDGE_CURVE('',#5531,#5532,#2483,.T.);
#7084=EDGE_CURVE('',#5531,#5533,#2484,.T.);
#7085=EDGE_CURVE('',#5534,#5532,#2485,.T.);
#7086=EDGE_CURVE('',#5533,#5534,#2486,.T.);
#7087=EDGE_CURVE('',#5533,#5535,#2487,.T.);
#7088=EDGE_CURVE('',#5536,#5534,#2488,.T.);
#7089=EDGE_CURVE('',#5535,#5536,#2489,.T.);
#7090=EDGE_CURVE('',#5535,#5537,#2490,.T.);
#7091=EDGE_CURVE('',#5538,#5536,#2491,.T.);
#7092=EDGE_CURVE('',#5537,#5538,#2492,.T.);
#7093=EDGE_CURVE('',#5537,#5539,#2493,.T.);
#7094=EDGE_CURVE('',#5540,#5538,#2494,.T.);
#7095=EDGE_CURVE('',#5539,#5540,#2495,.T.);
#7096=EDGE_CURVE('',#5539,#5541,#2496,.T.);
#7097=EDGE_CURVE('',#5542,#5540,#2497,.T.);
#7098=EDGE_CURVE('',#5541,#5542,#2498,.T.);
#7099=EDGE_CURVE('',#5541,#5543,#2499,.T.);
#7100=EDGE_CURVE('',#5544,#5542,#2500,.T.);
#7101=EDGE_CURVE('',#5543,#5544,#2501,.T.);
#7102=EDGE_CURVE('',#5543,#5545,#2502,.T.);
#7103=EDGE_CURVE('',#5546,#5544,#2503,.T.);
#7104=EDGE_CURVE('',#5545,#5546,#2504,.T.);
#7105=EDGE_CURVE('',#5545,#5547,#2505,.T.);
#7106=EDGE_CURVE('',#5548,#5546,#2506,.T.);
#7107=EDGE_CURVE('',#5547,#5548,#2507,.T.);
#7108=EDGE_CURVE('',#5547,#5549,#2508,.T.);
#7109=EDGE_CURVE('',#5550,#5548,#2509,.T.);
#7110=EDGE_CURVE('',#5549,#5550,#2510,.T.);
#7111=EDGE_CURVE('',#5549,#5551,#2511,.T.);
#7112=EDGE_CURVE('',#5552,#5550,#2512,.T.);
#7113=EDGE_CURVE('',#5551,#5552,#2513,.T.);
#7114=EDGE_CURVE('',#5551,#5553,#2514,.T.);
#7115=EDGE_CURVE('',#5554,#5552,#2515,.T.);
#7116=EDGE_CURVE('',#5553,#5554,#2516,.T.);
#7117=EDGE_CURVE('',#5553,#5555,#2517,.T.);
#7118=EDGE_CURVE('',#5556,#5554,#2518,.T.);
#7119=EDGE_CURVE('',#5555,#5556,#2519,.T.);
#7120=EDGE_CURVE('',#5555,#5557,#2520,.T.);
#7121=EDGE_CURVE('',#5558,#5556,#2521,.T.);
#7122=EDGE_CURVE('',#5557,#5558,#2522,.T.);
#7123=EDGE_CURVE('',#5557,#5559,#2523,.T.);
#7124=EDGE_CURVE('',#5560,#5558,#2524,.T.);
#7125=EDGE_CURVE('',#5559,#5560,#2525,.T.);
#7126=EDGE_CURVE('',#5559,#5561,#2526,.T.);
#7127=EDGE_CURVE('',#5562,#5560,#2527,.T.);
#7128=EDGE_CURVE('',#5561,#5562,#2528,.T.);
#7129=EDGE_CURVE('',#5561,#5523,#2529,.T.);
#7130=EDGE_CURVE('',#5525,#5562,#2530,.T.);
#7131=EDGE_CURVE('',#5563,#5564,#2531,.T.);
#7132=EDGE_CURVE('',#5563,#5565,#2532,.T.);
#7133=EDGE_CURVE('',#5566,#5565,#2533,.T.);
#7134=EDGE_CURVE('',#5564,#5566,#2534,.T.);
#7135=EDGE_CURVE('',#5564,#5567,#2535,.T.);
#7136=EDGE_CURVE('',#5568,#5566,#2536,.T.);
#7137=EDGE_CURVE('',#5567,#5568,#2537,.T.);
#7138=EDGE_CURVE('',#5567,#5569,#2538,.T.);
#7139=EDGE_CURVE('',#5570,#5568,#2539,.T.);
#7140=EDGE_CURVE('',#5569,#5570,#2540,.T.);
#7141=EDGE_CURVE('',#5569,#5571,#2541,.T.);
#7142=EDGE_CURVE('',#5572,#5570,#2542,.T.);
#7143=EDGE_CURVE('',#5571,#5572,#2543,.T.);
#7144=EDGE_CURVE('',#5571,#5573,#2544,.T.);
#7145=EDGE_CURVE('',#5574,#5572,#2545,.T.);
#7146=EDGE_CURVE('',#5573,#5574,#2546,.T.);
#7147=EDGE_CURVE('',#5573,#5575,#2547,.T.);
#7148=EDGE_CURVE('',#5576,#5574,#2548,.T.);
#7149=EDGE_CURVE('',#5575,#5576,#2549,.T.);
#7150=EDGE_CURVE('',#5575,#5577,#2550,.T.);
#7151=EDGE_CURVE('',#5578,#5576,#2551,.T.);
#7152=EDGE_CURVE('',#5577,#5578,#2552,.T.);
#7153=EDGE_CURVE('',#5577,#5579,#2553,.T.);
#7154=EDGE_CURVE('',#5580,#5578,#2554,.T.);
#7155=EDGE_CURVE('',#5579,#5580,#2555,.T.);
#7156=EDGE_CURVE('',#5579,#5581,#2556,.T.);
#7157=EDGE_CURVE('',#5582,#5580,#2557,.T.);
#7158=EDGE_CURVE('',#5581,#5582,#2558,.T.);
#7159=EDGE_CURVE('',#5581,#5583,#2559,.T.);
#7160=EDGE_CURVE('',#5584,#5582,#2560,.T.);
#7161=EDGE_CURVE('',#5583,#5584,#2561,.T.);
#7162=EDGE_CURVE('',#5583,#5585,#2562,.T.);
#7163=EDGE_CURVE('',#5586,#5584,#2563,.T.);
#7164=EDGE_CURVE('',#5585,#5586,#2564,.T.);
#7165=EDGE_CURVE('',#5585,#5587,#2565,.T.);
#7166=EDGE_CURVE('',#5588,#5586,#2566,.T.);
#7167=EDGE_CURVE('',#5587,#5588,#2567,.T.);
#7168=EDGE_CURVE('',#5587,#5589,#2568,.T.);
#7169=EDGE_CURVE('',#5590,#5588,#2569,.T.);
#7170=EDGE_CURVE('',#5589,#5590,#2570,.T.);
#7171=EDGE_CURVE('',#5589,#5591,#2571,.T.);
#7172=EDGE_CURVE('',#5592,#5590,#2572,.T.);
#7173=EDGE_CURVE('',#5591,#5592,#2573,.T.);
#7174=EDGE_CURVE('',#5591,#5593,#2574,.T.);
#7175=EDGE_CURVE('',#5594,#5592,#2575,.T.);
#7176=EDGE_CURVE('',#5593,#5594,#2576,.T.);
#7177=EDGE_CURVE('',#5593,#5595,#2577,.T.);
#7178=EDGE_CURVE('',#5596,#5594,#2578,.T.);
#7179=EDGE_CURVE('',#5595,#5596,#2579,.T.);
#7180=EDGE_CURVE('',#5595,#5597,#2580,.T.);
#7181=EDGE_CURVE('',#5598,#5596,#2581,.T.);
#7182=EDGE_CURVE('',#5597,#5598,#2582,.T.);
#7183=EDGE_CURVE('',#5597,#5599,#2583,.T.);
#7184=EDGE_CURVE('',#5600,#5598,#2584,.T.);
#7185=EDGE_CURVE('',#5599,#5600,#2585,.T.);
#7186=EDGE_CURVE('',#5599,#5601,#2586,.T.);
#7187=EDGE_CURVE('',#5602,#5600,#2587,.T.);
#7188=EDGE_CURVE('',#5601,#5602,#2588,.T.);
#7189=EDGE_CURVE('',#5601,#5563,#2589,.T.);
#7190=EDGE_CURVE('',#5565,#5602,#2590,.T.);
#7191=EDGE_CURVE('',#5603,#5604,#2591,.T.);
#7192=EDGE_CURVE('',#5603,#5605,#2592,.T.);
#7193=EDGE_CURVE('',#5606,#5605,#2593,.T.);
#7194=EDGE_CURVE('',#5604,#5606,#2594,.T.);
#7195=EDGE_CURVE('',#5604,#5607,#2595,.T.);
#7196=EDGE_CURVE('',#5608,#5606,#2596,.T.);
#7197=EDGE_CURVE('',#5607,#5608,#2597,.T.);
#7198=EDGE_CURVE('',#5607,#5609,#2598,.T.);
#7199=EDGE_CURVE('',#5610,#5608,#2599,.T.);
#7200=EDGE_CURVE('',#5609,#5610,#2600,.T.);
#7201=EDGE_CURVE('',#5609,#5611,#2601,.T.);
#7202=EDGE_CURVE('',#5612,#5610,#2602,.T.);
#7203=EDGE_CURVE('',#5611,#5612,#2603,.T.);
#7204=EDGE_CURVE('',#5611,#5613,#2604,.T.);
#7205=EDGE_CURVE('',#5614,#5612,#2605,.T.);
#7206=EDGE_CURVE('',#5613,#5614,#2606,.T.);
#7207=EDGE_CURVE('',#5613,#5615,#2607,.T.);
#7208=EDGE_CURVE('',#5616,#5614,#2608,.T.);
#7209=EDGE_CURVE('',#5615,#5616,#2609,.T.);
#7210=EDGE_CURVE('',#5615,#5617,#2610,.T.);
#7211=EDGE_CURVE('',#5618,#5616,#2611,.T.);
#7212=EDGE_CURVE('',#5617,#5618,#2612,.T.);
#7213=EDGE_CURVE('',#5617,#5619,#2613,.T.);
#7214=EDGE_CURVE('',#5620,#5618,#2614,.T.);
#7215=EDGE_CURVE('',#5619,#5620,#2615,.T.);
#7216=EDGE_CURVE('',#5619,#5621,#2616,.T.);
#7217=EDGE_CURVE('',#5622,#5620,#2617,.T.);
#7218=EDGE_CURVE('',#5621,#5622,#2618,.T.);
#7219=EDGE_CURVE('',#5621,#5623,#2619,.T.);
#7220=EDGE_CURVE('',#5624,#5622,#2620,.T.);
#7221=EDGE_CURVE('',#5623,#5624,#2621,.T.);
#7222=EDGE_CURVE('',#5623,#5625,#2622,.T.);
#7223=EDGE_CURVE('',#5626,#5624,#2623,.T.);
#7224=EDGE_CURVE('',#5625,#5626,#2624,.T.);
#7225=EDGE_CURVE('',#5625,#5627,#2625,.T.);
#7226=EDGE_CURVE('',#5628,#5626,#2626,.T.);
#7227=EDGE_CURVE('',#5627,#5628,#2627,.T.);
#7228=EDGE_CURVE('',#5627,#5629,#2628,.T.);
#7229=EDGE_CURVE('',#5630,#5628,#2629,.T.);
#7230=EDGE_CURVE('',#5629,#5630,#2630,.T.);
#7231=EDGE_CURVE('',#5629,#5631,#2631,.T.);
#7232=EDGE_CURVE('',#5632,#5630,#2632,.T.);
#7233=EDGE_CURVE('',#5631,#5632,#2633,.T.);
#7234=EDGE_CURVE('',#5631,#5633,#2634,.T.);
#7235=EDGE_CURVE('',#5634,#5632,#2635,.T.);
#7236=EDGE_CURVE('',#5633,#5634,#2636,.T.);
#7237=EDGE_CURVE('',#5633,#5635,#2637,.T.);
#7238=EDGE_CURVE('',#5636,#5634,#2638,.T.);
#7239=EDGE_CURVE('',#5635,#5636,#2639,.T.);
#7240=EDGE_CURVE('',#5635,#5637,#2640,.T.);
#7241=EDGE_CURVE('',#5638,#5636,#2641,.T.);
#7242=EDGE_CURVE('',#5637,#5638,#2642,.T.);
#7243=EDGE_CURVE('',#5637,#5639,#2643,.T.);
#7244=EDGE_CURVE('',#5640,#5638,#2644,.T.);
#7245=EDGE_CURVE('',#5639,#5640,#2645,.T.);
#7246=EDGE_CURVE('',#5639,#5641,#2646,.T.);
#7247=EDGE_CURVE('',#5642,#5640,#2647,.T.);
#7248=EDGE_CURVE('',#5641,#5642,#2648,.T.);
#7249=EDGE_CURVE('',#5641,#5603,#2649,.T.);
#7250=EDGE_CURVE('',#5605,#5642,#2650,.T.);
#7251=EDGE_CURVE('',#5643,#5644,#2651,.T.);
#7252=EDGE_CURVE('',#5643,#5645,#2652,.T.);
#7253=EDGE_CURVE('',#5646,#5645,#2653,.T.);
#7254=EDGE_CURVE('',#5644,#5646,#2654,.T.);
#7255=EDGE_CURVE('',#5644,#5647,#2655,.T.);
#7256=EDGE_CURVE('',#5648,#5646,#2656,.T.);
#7257=EDGE_CURVE('',#5647,#5648,#2657,.T.);
#7258=EDGE_CURVE('',#5647,#5649,#2658,.T.);
#7259=EDGE_CURVE('',#5650,#5648,#2659,.T.);
#7260=EDGE_CURVE('',#5649,#5650,#2660,.T.);
#7261=EDGE_CURVE('',#5649,#5651,#2661,.T.);
#7262=EDGE_CURVE('',#5652,#5650,#2662,.T.);
#7263=EDGE_CURVE('',#5651,#5652,#2663,.T.);
#7264=EDGE_CURVE('',#5651,#5653,#2664,.T.);
#7265=EDGE_CURVE('',#5654,#5652,#2665,.T.);
#7266=EDGE_CURVE('',#5653,#5654,#2666,.T.);
#7267=EDGE_CURVE('',#5653,#5655,#2667,.T.);
#7268=EDGE_CURVE('',#5656,#5654,#2668,.T.);
#7269=EDGE_CURVE('',#5655,#5656,#2669,.T.);
#7270=EDGE_CURVE('',#5655,#5657,#2670,.T.);
#7271=EDGE_CURVE('',#5658,#5656,#2671,.T.);
#7272=EDGE_CURVE('',#5657,#5658,#2672,.T.);
#7273=EDGE_CURVE('',#5657,#5659,#2673,.T.);
#7274=EDGE_CURVE('',#5660,#5658,#2674,.T.);
#7275=EDGE_CURVE('',#5659,#5660,#2675,.T.);
#7276=EDGE_CURVE('',#5659,#5661,#2676,.T.);
#7277=EDGE_CURVE('',#5662,#5660,#2677,.T.);
#7278=EDGE_CURVE('',#5661,#5662,#2678,.T.);
#7279=EDGE_CURVE('',#5661,#5663,#2679,.T.);
#7280=EDGE_CURVE('',#5664,#5662,#2680,.T.);
#7281=EDGE_CURVE('',#5663,#5664,#2681,.T.);
#7282=EDGE_CURVE('',#5663,#5665,#2682,.T.);
#7283=EDGE_CURVE('',#5666,#5664,#2683,.T.);
#7284=EDGE_CURVE('',#5665,#5666,#2684,.T.);
#7285=EDGE_CURVE('',#5665,#5667,#2685,.T.);
#7286=EDGE_CURVE('',#5668,#5666,#2686,.T.);
#7287=EDGE_CURVE('',#5667,#5668,#2687,.T.);
#7288=EDGE_CURVE('',#5667,#5669,#2688,.T.);
#7289=EDGE_CURVE('',#5670,#5668,#2689,.T.);
#7290=EDGE_CURVE('',#5669,#5670,#2690,.T.);
#7291=EDGE_CURVE('',#5669,#5671,#2691,.T.);
#7292=EDGE_CURVE('',#5672,#5670,#2692,.T.);
#7293=EDGE_CURVE('',#5671,#5672,#2693,.T.);
#7294=EDGE_CURVE('',#5671,#5673,#2694,.T.);
#7295=EDGE_CURVE('',#5674,#5672,#2695,.T.);
#7296=EDGE_CURVE('',#5673,#5674,#2696,.T.);
#7297=EDGE_CURVE('',#5673,#5675,#2697,.T.);
#7298=EDGE_CURVE('',#5676,#5674,#2698,.T.);
#7299=EDGE_CURVE('',#5675,#5676,#2699,.T.);
#7300=EDGE_CURVE('',#5675,#5677,#2700,.T.);
#7301=EDGE_CURVE('',#5678,#5676,#2701,.T.);
#7302=EDGE_CURVE('',#5677,#5678,#2702,.T.);
#7303=EDGE_CURVE('',#5677,#5679,#2703,.T.);
#7304=EDGE_CURVE('',#5680,#5678,#2704,.T.);
#7305=EDGE_CURVE('',#5679,#5680,#2705,.T.);
#7306=EDGE_CURVE('',#5679,#5681,#2706,.T.);
#7307=EDGE_CURVE('',#5682,#5680,#2707,.T.);
#7308=EDGE_CURVE('',#5681,#5682,#2708,.T.);
#7309=EDGE_CURVE('',#5681,#5643,#2709,.T.);
#7310=EDGE_CURVE('',#5645,#5682,#2710,.T.);
#7311=EDGE_CURVE('',#5683,#5684,#2711,.T.);
#7312=EDGE_CURVE('',#5683,#5685,#2712,.T.);
#7313=EDGE_CURVE('',#5686,#5685,#2713,.T.);
#7314=EDGE_CURVE('',#5684,#5686,#2714,.T.);
#7315=EDGE_CURVE('',#5684,#5687,#2715,.T.);
#7316=EDGE_CURVE('',#5688,#5686,#2716,.T.);
#7317=EDGE_CURVE('',#5687,#5688,#2717,.T.);
#7318=EDGE_CURVE('',#5687,#5689,#2718,.T.);
#7319=EDGE_CURVE('',#5690,#5688,#2719,.T.);
#7320=EDGE_CURVE('',#5689,#5690,#2720,.T.);
#7321=EDGE_CURVE('',#5689,#5691,#2721,.T.);
#7322=EDGE_CURVE('',#5692,#5690,#2722,.T.);
#7323=EDGE_CURVE('',#5691,#5692,#2723,.T.);
#7324=EDGE_CURVE('',#5691,#5693,#2724,.T.);
#7325=EDGE_CURVE('',#5694,#5692,#2725,.T.);
#7326=EDGE_CURVE('',#5693,#5694,#2726,.T.);
#7327=EDGE_CURVE('',#5693,#5695,#2727,.T.);
#7328=EDGE_CURVE('',#5696,#5694,#2728,.T.);
#7329=EDGE_CURVE('',#5695,#5696,#2729,.T.);
#7330=EDGE_CURVE('',#5695,#5697,#2730,.T.);
#7331=EDGE_CURVE('',#5698,#5696,#2731,.T.);
#7332=EDGE_CURVE('',#5697,#5698,#2732,.T.);
#7333=EDGE_CURVE('',#5697,#5699,#2733,.T.);
#7334=EDGE_CURVE('',#5700,#5698,#2734,.T.);
#7335=EDGE_CURVE('',#5699,#5700,#2735,.T.);
#7336=EDGE_CURVE('',#5699,#5701,#2736,.T.);
#7337=EDGE_CURVE('',#5702,#5700,#2737,.T.);
#7338=EDGE_CURVE('',#5701,#5702,#2738,.T.);
#7339=EDGE_CURVE('',#5701,#5703,#2739,.T.);
#7340=EDGE_CURVE('',#5704,#5702,#2740,.T.);
#7341=EDGE_CURVE('',#5703,#5704,#2741,.T.);
#7342=EDGE_CURVE('',#5703,#5705,#2742,.T.);
#7343=EDGE_CURVE('',#5706,#5704,#2743,.T.);
#7344=EDGE_CURVE('',#5705,#5706,#2744,.T.);
#7345=EDGE_CURVE('',#5705,#5707,#2745,.T.);
#7346=EDGE_CURVE('',#5708,#5706,#2746,.T.);
#7347=EDGE_CURVE('',#5707,#5708,#2747,.T.);
#7348=EDGE_CURVE('',#5707,#5709,#2748,.T.);
#7349=EDGE_CURVE('',#5710,#5708,#2749,.T.);
#7350=EDGE_CURVE('',#5709,#5710,#2750,.T.);
#7351=EDGE_CURVE('',#5709,#5711,#2751,.T.);
#7352=EDGE_CURVE('',#5712,#5710,#2752,.T.);
#7353=EDGE_CURVE('',#5711,#5712,#2753,.T.);
#7354=EDGE_CURVE('',#5711,#5713,#2754,.T.);
#7355=EDGE_CURVE('',#5714,#5712,#2755,.T.);
#7356=EDGE_CURVE('',#5713,#5714,#2756,.T.);
#7357=EDGE_CURVE('',#5713,#5715,#2757,.T.);
#7358=EDGE_CURVE('',#5716,#5714,#2758,.T.);
#7359=EDGE_CURVE('',#5715,#5716,#2759,.T.);
#7360=EDGE_CURVE('',#5715,#5717,#2760,.T.);
#7361=EDGE_CURVE('',#5718,#5716,#2761,.T.);
#7362=EDGE_CURVE('',#5717,#5718,#2762,.T.);
#7363=EDGE_CURVE('',#5717,#5719,#2763,.T.);
#7364=EDGE_CURVE('',#5720,#5718,#2764,.T.);
#7365=EDGE_CURVE('',#5719,#5720,#2765,.T.);
#7366=EDGE_CURVE('',#5719,#5721,#2766,.T.);
#7367=EDGE_CURVE('',#5722,#5720,#2767,.T.);
#7368=EDGE_CURVE('',#5721,#5722,#2768,.T.);
#7369=EDGE_CURVE('',#5721,#5683,#2769,.T.);
#7370=EDGE_CURVE('',#5685,#5722,#2770,.T.);
#7371=EDGE_CURVE('',#5723,#5724,#2771,.T.);
#7372=EDGE_CURVE('',#5723,#5725,#2772,.T.);
#7373=EDGE_CURVE('',#5726,#5725,#2773,.T.);
#7374=EDGE_CURVE('',#5724,#5726,#2774,.T.);
#7375=EDGE_CURVE('',#5724,#5727,#2775,.T.);
#7376=EDGE_CURVE('',#5728,#5726,#2776,.T.);
#7377=EDGE_CURVE('',#5727,#5728,#2777,.T.);
#7378=EDGE_CURVE('',#5727,#5729,#2778,.T.);
#7379=EDGE_CURVE('',#5730,#5728,#2779,.T.);
#7380=EDGE_CURVE('',#5729,#5730,#2780,.T.);
#7381=EDGE_CURVE('',#5729,#5731,#2781,.T.);
#7382=EDGE_CURVE('',#5732,#5730,#2782,.T.);
#7383=EDGE_CURVE('',#5731,#5732,#2783,.T.);
#7384=EDGE_CURVE('',#5731,#5733,#2784,.T.);
#7385=EDGE_CURVE('',#5734,#5732,#2785,.T.);
#7386=EDGE_CURVE('',#5733,#5734,#2786,.T.);
#7387=EDGE_CURVE('',#5733,#5735,#2787,.T.);
#7388=EDGE_CURVE('',#5736,#5734,#2788,.T.);
#7389=EDGE_CURVE('',#5735,#5736,#2789,.T.);
#7390=EDGE_CURVE('',#5735,#5737,#2790,.T.);
#7391=EDGE_CURVE('',#5738,#5736,#2791,.T.);
#7392=EDGE_CURVE('',#5737,#5738,#2792,.T.);
#7393=EDGE_CURVE('',#5737,#5739,#2793,.T.);
#7394=EDGE_CURVE('',#5740,#5738,#2794,.T.);
#7395=EDGE_CURVE('',#5739,#5740,#2795,.T.);
#7396=EDGE_CURVE('',#5739,#5741,#2796,.T.);
#7397=EDGE_CURVE('',#5742,#5740,#2797,.T.);
#7398=EDGE_CURVE('',#5741,#5742,#2798,.T.);
#7399=EDGE_CURVE('',#5741,#5743,#2799,.T.);
#7400=EDGE_CURVE('',#5744,#5742,#2800,.T.);
#7401=EDGE_CURVE('',#5743,#5744,#2801,.T.);
#7402=EDGE_CURVE('',#5743,#5745,#2802,.T.);
#7403=EDGE_CURVE('',#5746,#5744,#2803,.T.);
#7404=EDGE_CURVE('',#5745,#5746,#2804,.T.);
#7405=EDGE_CURVE('',#5745,#5747,#2805,.T.);
#7406=EDGE_CURVE('',#5748,#5746,#2806,.T.);
#7407=EDGE_CURVE('',#5747,#5748,#2807,.T.);
#7408=EDGE_CURVE('',#5747,#5749,#2808,.T.);
#7409=EDGE_CURVE('',#5750,#5748,#2809,.T.);
#7410=EDGE_CURVE('',#5749,#5750,#2810,.T.);
#7411=EDGE_CURVE('',#5749,#5751,#2811,.T.);
#7412=EDGE_CURVE('',#5752,#5750,#2812,.T.);
#7413=EDGE_CURVE('',#5751,#5752,#2813,.T.);
#7414=EDGE_CURVE('',#5751,#5753,#2814,.T.);
#7415=EDGE_CURVE('',#5754,#5752,#2815,.T.);
#7416=EDGE_CURVE('',#5753,#5754,#2816,.T.);
#7417=EDGE_CURVE('',#5753,#5755,#2817,.T.);
#7418=EDGE_CURVE('',#5756,#5754,#2818,.T.);
#7419=EDGE_CURVE('',#5755,#5756,#2819,.T.);
#7420=EDGE_CURVE('',#5755,#5757,#2820,.T.);
#7421=EDGE_CURVE('',#5758,#5756,#2821,.T.);
#7422=EDGE_CURVE('',#5757,#5758,#2822,.T.);
#7423=EDGE_CURVE('',#5757,#5759,#2823,.T.);
#7424=EDGE_CURVE('',#5760,#5758,#2824,.T.);
#7425=EDGE_CURVE('',#5759,#5760,#2825,.T.);
#7426=EDGE_CURVE('',#5759,#5761,#2826,.T.);
#7427=EDGE_CURVE('',#5762,#5760,#2827,.T.);
#7428=EDGE_CURVE('',#5761,#5762,#2828,.T.);
#7429=EDGE_CURVE('',#5761,#5723,#2829,.T.);
#7430=EDGE_CURVE('',#5725,#5762,#2830,.T.);
#7431=EDGE_CURVE('',#5763,#5764,#2831,.T.);
#7432=EDGE_CURVE('',#5763,#5765,#2832,.T.);
#7433=EDGE_CURVE('',#5766,#5765,#2833,.T.);
#7434=EDGE_CURVE('',#5764,#5766,#2834,.T.);
#7435=EDGE_CURVE('',#5764,#5767,#2835,.T.);
#7436=EDGE_CURVE('',#5768,#5766,#2836,.T.);
#7437=EDGE_CURVE('',#5767,#5768,#2837,.T.);
#7438=EDGE_CURVE('',#5767,#5769,#2838,.T.);
#7439=EDGE_CURVE('',#5770,#5768,#2839,.T.);
#7440=EDGE_CURVE('',#5769,#5770,#2840,.T.);
#7441=EDGE_CURVE('',#5769,#5771,#2841,.T.);
#7442=EDGE_CURVE('',#5772,#5770,#2842,.T.);
#7443=EDGE_CURVE('',#5771,#5772,#2843,.T.);
#7444=EDGE_CURVE('',#5771,#5773,#2844,.T.);
#7445=EDGE_CURVE('',#5774,#5772,#2845,.T.);
#7446=EDGE_CURVE('',#5773,#5774,#2846,.T.);
#7447=EDGE_CURVE('',#5773,#5775,#2847,.T.);
#7448=EDGE_CURVE('',#5776,#5774,#2848,.T.);
#7449=EDGE_CURVE('',#5775,#5776,#2849,.T.);
#7450=EDGE_CURVE('',#5775,#5777,#2850,.T.);
#7451=EDGE_CURVE('',#5778,#5776,#2851,.T.);
#7452=EDGE_CURVE('',#5777,#5778,#2852,.T.);
#7453=EDGE_CURVE('',#5777,#5779,#2853,.T.);
#7454=EDGE_CURVE('',#5780,#5778,#2854,.T.);
#7455=EDGE_CURVE('',#5779,#5780,#2855,.T.);
#7456=EDGE_CURVE('',#5779,#5781,#2856,.T.);
#7457=EDGE_CURVE('',#5782,#5780,#2857,.T.);
#7458=EDGE_CURVE('',#5781,#5782,#2858,.T.);
#7459=EDGE_CURVE('',#5781,#5783,#2859,.T.);
#7460=EDGE_CURVE('',#5784,#5782,#2860,.T.);
#7461=EDGE_CURVE('',#5783,#5784,#2861,.T.);
#7462=EDGE_CURVE('',#5783,#5785,#2862,.T.);
#7463=EDGE_CURVE('',#5786,#5784,#2863,.T.);
#7464=EDGE_CURVE('',#5785,#5786,#2864,.T.);
#7465=EDGE_CURVE('',#5785,#5787,#2865,.T.);
#7466=EDGE_CURVE('',#5788,#5786,#2866,.T.);
#7467=EDGE_CURVE('',#5787,#5788,#2867,.T.);
#7468=EDGE_CURVE('',#5787,#5789,#2868,.T.);
#7469=EDGE_CURVE('',#5790,#5788,#2869,.T.);
#7470=EDGE_CURVE('',#5789,#5790,#2870,.T.);
#7471=EDGE_CURVE('',#5789,#5791,#2871,.T.);
#7472=EDGE_CURVE('',#5792,#5790,#2872,.T.);
#7473=EDGE_CURVE('',#5791,#5792,#2873,.T.);
#7474=EDGE_CURVE('',#5791,#5793,#2874,.T.);
#7475=EDGE_CURVE('',#5794,#5792,#2875,.T.);
#7476=EDGE_CURVE('',#5793,#5794,#2876,.T.);
#7477=EDGE_CURVE('',#5793,#5795,#2877,.T.);
#7478=EDGE_CURVE('',#5796,#5794,#2878,.T.);
#7479=EDGE_CURVE('',#5795,#5796,#2879,.T.);
#7480=EDGE_CURVE('',#5795,#5797,#2880,.T.);
#7481=EDGE_CURVE('',#5798,#5796,#2881,.T.);
#7482=EDGE_CURVE('',#5797,#5798,#2882,.T.);
#7483=EDGE_CURVE('',#5797,#5799,#2883,.T.);
#7484=EDGE_CURVE('',#5800,#5798,#2884,.T.);
#7485=EDGE_CURVE('',#5799,#5800,#2885,.T.);
#7486=EDGE_CURVE('',#5799,#5801,#2886,.T.);
#7487=EDGE_CURVE('',#5802,#5800,#2887,.T.);
#7488=EDGE_CURVE('',#5801,#5802,#2888,.T.);
#7489=EDGE_CURVE('',#5801,#5763,#2889,.T.);
#7490=EDGE_CURVE('',#5765,#5802,#2890,.T.);
#7491=EDGE_CURVE('',#5803,#5804,#2891,.T.);
#7492=EDGE_CURVE('',#5803,#5805,#2892,.T.);
#7493=EDGE_CURVE('',#5806,#5805,#2893,.T.);
#7494=EDGE_CURVE('',#5804,#5806,#2894,.T.);
#7495=EDGE_CURVE('',#5804,#5807,#2895,.T.);
#7496=EDGE_CURVE('',#5808,#5806,#2896,.T.);
#7497=EDGE_CURVE('',#5807,#5808,#2897,.T.);
#7498=EDGE_CURVE('',#5807,#5809,#2898,.T.);
#7499=EDGE_CURVE('',#5810,#5808,#2899,.T.);
#7500=EDGE_CURVE('',#5809,#5810,#2900,.T.);
#7501=EDGE_CURVE('',#5809,#5811,#2901,.T.);
#7502=EDGE_CURVE('',#5812,#5810,#2902,.T.);
#7503=EDGE_CURVE('',#5811,#5812,#2903,.T.);
#7504=EDGE_CURVE('',#5811,#5813,#2904,.T.);
#7505=EDGE_CURVE('',#5814,#5812,#2905,.T.);
#7506=EDGE_CURVE('',#5813,#5814,#2906,.T.);
#7507=EDGE_CURVE('',#5813,#5815,#2907,.T.);
#7508=EDGE_CURVE('',#5816,#5814,#2908,.T.);
#7509=EDGE_CURVE('',#5815,#5816,#2909,.T.);
#7510=EDGE_CURVE('',#5815,#5817,#2910,.T.);
#7511=EDGE_CURVE('',#5818,#5816,#2911,.T.);
#7512=EDGE_CURVE('',#5817,#5818,#2912,.T.);
#7513=EDGE_CURVE('',#5817,#5819,#2913,.T.);
#7514=EDGE_CURVE('',#5820,#5818,#2914,.T.);
#7515=EDGE_CURVE('',#5819,#5820,#2915,.T.);
#7516=EDGE_CURVE('',#5819,#5821,#2916,.T.);
#7517=EDGE_CURVE('',#5822,#5820,#2917,.T.);
#7518=EDGE_CURVE('',#5821,#5822,#2918,.T.);
#7519=EDGE_CURVE('',#5821,#5823,#2919,.T.);
#7520=EDGE_CURVE('',#5824,#5822,#2920,.T.);
#7521=EDGE_CURVE('',#5823,#5824,#2921,.T.);
#7522=EDGE_CURVE('',#5823,#5825,#2922,.T.);
#7523=EDGE_CURVE('',#5826,#5824,#2923,.T.);
#7524=EDGE_CURVE('',#5825,#5826,#2924,.T.);
#7525=EDGE_CURVE('',#5825,#5827,#2925,.T.);
#7526=EDGE_CURVE('',#5828,#5826,#2926,.T.);
#7527=EDGE_CURVE('',#5827,#5828,#2927,.T.);
#7528=EDGE_CURVE('',#5827,#5829,#2928,.T.);
#7529=EDGE_CURVE('',#5830,#5828,#2929,.T.);
#7530=EDGE_CURVE('',#5829,#5830,#2930,.T.);
#7531=EDGE_CURVE('',#5829,#5831,#2931,.T.);
#7532=EDGE_CURVE('',#5832,#5830,#2932,.T.);
#7533=EDGE_CURVE('',#5831,#5832,#2933,.T.);
#7534=EDGE_CURVE('',#5831,#5833,#2934,.T.);
#7535=EDGE_CURVE('',#5834,#5832,#2935,.T.);
#7536=EDGE_CURVE('',#5833,#5834,#2936,.T.);
#7537=EDGE_CURVE('',#5833,#5835,#2937,.T.);
#7538=EDGE_CURVE('',#5836,#5834,#2938,.T.);
#7539=EDGE_CURVE('',#5835,#5836,#2939,.T.);
#7540=EDGE_CURVE('',#5835,#5837,#2940,.T.);
#7541=EDGE_CURVE('',#5838,#5836,#2941,.T.);
#7542=EDGE_CURVE('',#5837,#5838,#2942,.T.);
#7543=EDGE_CURVE('',#5837,#5839,#2943,.T.);
#7544=EDGE_CURVE('',#5840,#5838,#2944,.T.);
#7545=EDGE_CURVE('',#5839,#5840,#2945,.T.);
#7546=EDGE_CURVE('',#5839,#5841,#2946,.T.);
#7547=EDGE_CURVE('',#5842,#5840,#2947,.T.);
#7548=EDGE_CURVE('',#5841,#5842,#2948,.T.);
#7549=EDGE_CURVE('',#5841,#5803,#2949,.T.);
#7550=EDGE_CURVE('',#5805,#5842,#2950,.T.);
#7551=EDGE_CURVE('',#5843,#5844,#2951,.T.);
#7552=EDGE_CURVE('',#5844,#5845,#2952,.T.);
#7553=EDGE_CURVE('',#5846,#5845,#2953,.T.);
#7554=EDGE_CURVE('',#5843,#5846,#2954,.T.);
#7555=EDGE_CURVE('',#5847,#5843,#2955,.T.);
#7556=EDGE_CURVE('',#5848,#5846,#2956,.T.);
#7557=EDGE_CURVE('',#5847,#5848,#2957,.T.);
#7558=EDGE_CURVE('',#5847,#5849,#2958,.T.);
#7559=EDGE_CURVE('',#5850,#5848,#2959,.T.);
#7560=EDGE_CURVE('',#5849,#5850,#2960,.T.);
#7561=EDGE_CURVE('',#5849,#5851,#2961,.T.);
#7562=EDGE_CURVE('',#5852,#5850,#2962,.T.);
#7563=EDGE_CURVE('',#5851,#5852,#2963,.T.);
#7564=EDGE_CURVE('',#5851,#5853,#2964,.T.);
#7565=EDGE_CURVE('',#5854,#5852,#2965,.T.);
#7566=EDGE_CURVE('',#5853,#5854,#2966,.T.);
#7567=EDGE_CURVE('',#5853,#5855,#2967,.T.);
#7568=EDGE_CURVE('',#5856,#5854,#2968,.T.);
#7569=EDGE_CURVE('',#5855,#5856,#2969,.T.);
#7570=EDGE_CURVE('',#5855,#5857,#2970,.T.);
#7571=EDGE_CURVE('',#5858,#5856,#2971,.T.);
#7572=EDGE_CURVE('',#5857,#5858,#2972,.T.);
#7573=EDGE_CURVE('',#5857,#5859,#2973,.T.);
#7574=EDGE_CURVE('',#5860,#5858,#2974,.T.);
#7575=EDGE_CURVE('',#5859,#5860,#2975,.T.);
#7576=EDGE_CURVE('',#5859,#5861,#2976,.T.);
#7577=EDGE_CURVE('',#5862,#5860,#2977,.T.);
#7578=EDGE_CURVE('',#5861,#5862,#2978,.T.);
#7579=EDGE_CURVE('',#5861,#5863,#2979,.T.);
#7580=EDGE_CURVE('',#5864,#5862,#2980,.T.);
#7581=EDGE_CURVE('',#5863,#5864,#2981,.T.);
#7582=EDGE_CURVE('',#5863,#5865,#2982,.T.);
#7583=EDGE_CURVE('',#5866,#5864,#2983,.T.);
#7584=EDGE_CURVE('',#5865,#5866,#2984,.T.);
#7585=EDGE_CURVE('',#5865,#5867,#2985,.T.);
#7586=EDGE_CURVE('',#5868,#5866,#2986,.T.);
#7587=EDGE_CURVE('',#5867,#5868,#2987,.T.);
#7588=EDGE_CURVE('',#5867,#5869,#2988,.T.);
#7589=EDGE_CURVE('',#5870,#5868,#2989,.T.);
#7590=EDGE_CURVE('',#5869,#5870,#2990,.T.);
#7591=EDGE_CURVE('',#5869,#5871,#2991,.T.);
#7592=EDGE_CURVE('',#5872,#5870,#2992,.T.);
#7593=EDGE_CURVE('',#5871,#5872,#2993,.T.);
#7594=EDGE_CURVE('',#5871,#5873,#2994,.T.);
#7595=EDGE_CURVE('',#5874,#5872,#2995,.T.);
#7596=EDGE_CURVE('',#5873,#5874,#2996,.T.);
#7597=EDGE_CURVE('',#5873,#5875,#2997,.T.);
#7598=EDGE_CURVE('',#5876,#5874,#2998,.T.);
#7599=EDGE_CURVE('',#5875,#5876,#2999,.T.);
#7600=EDGE_CURVE('',#5844,#5875,#3000,.T.);
#7601=EDGE_CURVE('',#5845,#5876,#3001,.T.);
#7602=ORIENTED_EDGE('',*,*,#5877,.F.);
#7603=ORIENTED_EDGE('',*,*,#5878,.T.);
#7604=ORIENTED_EDGE('',*,*,#5879,.F.);
#7605=ORIENTED_EDGE('',*,*,#5880,.F.);
#7606=ORIENTED_EDGE('',*,*,#5881,.F.);
#7607=ORIENTED_EDGE('',*,*,#5880,.T.);
#7608=ORIENTED_EDGE('',*,*,#5882,.F.);
#7609=ORIENTED_EDGE('',*,*,#5883,.F.);
#7610=ORIENTED_EDGE('',*,*,#5884,.F.);
#7611=ORIENTED_EDGE('',*,*,#5883,.T.);
#7612=ORIENTED_EDGE('',*,*,#5885,.F.);
#7613=ORIENTED_EDGE('',*,*,#5886,.F.);
#7614=ORIENTED_EDGE('',*,*,#5887,.T.);
#7615=ORIENTED_EDGE('',*,*,#5886,.T.);
#7616=ORIENTED_EDGE('',*,*,#5888,.F.);
#7617=ORIENTED_EDGE('',*,*,#5889,.F.);
#7618=ORIENTED_EDGE('',*,*,#5890,.F.);
#7619=ORIENTED_EDGE('',*,*,#5889,.T.);
#7620=ORIENTED_EDGE('',*,*,#5891,.F.);
#7621=ORIENTED_EDGE('',*,*,#5892,.F.);
#7622=ORIENTED_EDGE('',*,*,#5893,.F.);
#7623=ORIENTED_EDGE('',*,*,#5892,.T.);
#7624=ORIENTED_EDGE('',*,*,#5894,.F.);
#7625=ORIENTED_EDGE('',*,*,#5895,.F.);
#7626=ORIENTED_EDGE('',*,*,#5896,.F.);
#7627=ORIENTED_EDGE('',*,*,#5895,.T.);
#7628=ORIENTED_EDGE('',*,*,#5897,.F.);
#7629=ORIENTED_EDGE('',*,*,#5898,.F.);
#7630=ORIENTED_EDGE('',*,*,#5899,.F.);
#7631=ORIENTED_EDGE('',*,*,#5898,.T.);
#7632=ORIENTED_EDGE('',*,*,#5900,.F.);
#7633=ORIENTED_EDGE('',*,*,#5901,.F.);
#7634=ORIENTED_EDGE('',*,*,#5902,.F.);
#7635=ORIENTED_EDGE('',*,*,#5901,.T.);
#7636=ORIENTED_EDGE('',*,*,#5903,.F.);
#7637=ORIENTED_EDGE('',*,*,#5904,.F.);
#7638=ORIENTED_EDGE('',*,*,#5905,.F.);
#7639=ORIENTED_EDGE('',*,*,#5904,.T.);
#7640=ORIENTED_EDGE('',*,*,#5906,.F.);
#7641=ORIENTED_EDGE('',*,*,#5907,.F.);
#7642=ORIENTED_EDGE('',*,*,#5908,.F.);
#7643=ORIENTED_EDGE('',*,*,#5907,.T.);
#7644=ORIENTED_EDGE('',*,*,#5909,.F.);
#7645=ORIENTED_EDGE('',*,*,#5910,.F.);
#7646=ORIENTED_EDGE('',*,*,#5911,.F.);
#7647=ORIENTED_EDGE('',*,*,#5910,.T.);
#7648=ORIENTED_EDGE('',*,*,#5912,.F.);
#7649=ORIENTED_EDGE('',*,*,#5913,.F.);
#7650=ORIENTED_EDGE('',*,*,#5914,.T.);
#7651=ORIENTED_EDGE('',*,*,#5913,.T.);
#7652=ORIENTED_EDGE('',*,*,#5915,.F.);
#7653=ORIENTED_EDGE('',*,*,#5916,.F.);
#7654=ORIENTED_EDGE('',*,*,#5917,.T.);
#7655=ORIENTED_EDGE('',*,*,#5916,.T.);
#7656=ORIENTED_EDGE('',*,*,#5918,.F.);
#7657=ORIENTED_EDGE('',*,*,#5919,.F.);
#7658=ORIENTED_EDGE('',*,*,#5920,.T.);
#7659=ORIENTED_EDGE('',*,*,#5919,.T.);
#7660=ORIENTED_EDGE('',*,*,#5921,.F.);
#7661=ORIENTED_EDGE('',*,*,#5922,.F.);
#7662=ORIENTED_EDGE('',*,*,#5923,.T.);
#7663=ORIENTED_EDGE('',*,*,#5922,.T.);
#7664=ORIENTED_EDGE('',*,*,#5924,.F.);
#7665=ORIENTED_EDGE('',*,*,#5925,.F.);
#7666=ORIENTED_EDGE('',*,*,#5926,.T.);
#7667=ORIENTED_EDGE('',*,*,#5925,.T.);
#7668=ORIENTED_EDGE('',*,*,#5927,.F.);
#7669=ORIENTED_EDGE('',*,*,#5928,.F.);
#7670=ORIENTED_EDGE('',*,*,#5929,.T.);
#7671=ORIENTED_EDGE('',*,*,#5928,.T.);
#7672=ORIENTED_EDGE('',*,*,#5930,.F.);
#7673=ORIENTED_EDGE('',*,*,#5931,.F.);
#7674=ORIENTED_EDGE('',*,*,#5932,.T.);
#7675=ORIENTED_EDGE('',*,*,#5931,.T.);
#7676=ORIENTED_EDGE('',*,*,#5933,.F.);
#7677=ORIENTED_EDGE('',*,*,#5934,.F.);
#7678=ORIENTED_EDGE('',*,*,#5935,.F.);
#7679=ORIENTED_EDGE('',*,*,#5934,.T.);
#7680=ORIENTED_EDGE('',*,*,#5936,.F.);
#7681=ORIENTED_EDGE('',*,*,#5937,.F.);
#7682=ORIENTED_EDGE('',*,*,#5938,.F.);
#7683=ORIENTED_EDGE('',*,*,#5937,.T.);
#7684=ORIENTED_EDGE('',*,*,#5939,.F.);
#7685=ORIENTED_EDGE('',*,*,#5940,.F.);
#7686=ORIENTED_EDGE('',*,*,#5941,.F.);
#7687=ORIENTED_EDGE('',*,*,#5940,.T.);
#7688=ORIENTED_EDGE('',*,*,#5942,.F.);
#7689=ORIENTED_EDGE('',*,*,#5943,.F.);
#7690=ORIENTED_EDGE('',*,*,#5944,.F.);
#7691=ORIENTED_EDGE('',*,*,#5943,.T.);
#7692=ORIENTED_EDGE('',*,*,#5945,.F.);
#7693=ORIENTED_EDGE('',*,*,#5946,.F.);
#7694=ORIENTED_EDGE('',*,*,#5947,.F.);
#7695=ORIENTED_EDGE('',*,*,#5946,.T.);
#7696=ORIENTED_EDGE('',*,*,#5948,.F.);
#7697=ORIENTED_EDGE('',*,*,#5949,.F.);
#7698=ORIENTED_EDGE('',*,*,#5950,.F.);
#7699=ORIENTED_EDGE('',*,*,#5949,.T.);
#7700=ORIENTED_EDGE('',*,*,#5951,.F.);
#7701=ORIENTED_EDGE('',*,*,#5952,.F.);
#7702=ORIENTED_EDGE('',*,*,#5953,.F.);
#7703=ORIENTED_EDGE('',*,*,#5952,.T.);
#7704=ORIENTED_EDGE('',*,*,#5954,.F.);
#7705=ORIENTED_EDGE('',*,*,#5955,.F.);
#7706=ORIENTED_EDGE('',*,*,#5956,.F.);
#7707=ORIENTED_EDGE('',*,*,#5955,.T.);
#7708=ORIENTED_EDGE('',*,*,#5957,.F.);
#7709=ORIENTED_EDGE('',*,*,#5958,.F.);
#7710=ORIENTED_EDGE('',*,*,#5959,.F.);
#7711=ORIENTED_EDGE('',*,*,#5958,.T.);
#7712=ORIENTED_EDGE('',*,*,#5960,.F.);
#7713=ORIENTED_EDGE('',*,*,#5961,.F.);
#7714=ORIENTED_EDGE('',*,*,#5962,.F.);
#7715=ORIENTED_EDGE('',*,*,#5961,.T.);
#7716=ORIENTED_EDGE('',*,*,#5963,.F.);
#7717=ORIENTED_EDGE('',*,*,#5964,.F.);
#7718=ORIENTED_EDGE('',*,*,#5965,.F.);
#7719=ORIENTED_EDGE('',*,*,#5964,.T.);
#7720=ORIENTED_EDGE('',*,*,#5966,.F.);
#7721=ORIENTED_EDGE('',*,*,#5967,.F.);
#7722=ORIENTED_EDGE('',*,*,#5968,.F.);
#7723=ORIENTED_EDGE('',*,*,#5967,.T.);
#7724=ORIENTED_EDGE('',*,*,#5969,.F.);
#7725=ORIENTED_EDGE('',*,*,#5970,.F.);
#7726=ORIENTED_EDGE('',*,*,#5971,.F.);
#7727=ORIENTED_EDGE('',*,*,#5970,.T.);
#7728=ORIENTED_EDGE('',*,*,#5972,.F.);
#7729=ORIENTED_EDGE('',*,*,#5973,.F.);
#7730=ORIENTED_EDGE('',*,*,#5974,.F.);
#7731=ORIENTED_EDGE('',*,*,#5973,.T.);
#7732=ORIENTED_EDGE('',*,*,#5975,.F.);
#7733=ORIENTED_EDGE('',*,*,#5976,.F.);
#7734=ORIENTED_EDGE('',*,*,#5977,.F.);
#7735=ORIENTED_EDGE('',*,*,#5976,.T.);
#7736=ORIENTED_EDGE('',*,*,#5978,.F.);
#7737=ORIENTED_EDGE('',*,*,#5979,.F.);
#7738=ORIENTED_EDGE('',*,*,#5980,.T.);
#7739=ORIENTED_EDGE('',*,*,#5979,.T.);
#7740=ORIENTED_EDGE('',*,*,#5981,.F.);
#7741=ORIENTED_EDGE('',*,*,#5982,.F.);
#7742=ORIENTED_EDGE('',*,*,#5983,.F.);
#7743=ORIENTED_EDGE('',*,*,#5982,.T.);
#7744=ORIENTED_EDGE('',*,*,#5984,.F.);
#7745=ORIENTED_EDGE('',*,*,#5985,.F.);
#7746=ORIENTED_EDGE('',*,*,#5986,.T.);
#7747=ORIENTED_EDGE('',*,*,#5985,.T.);
#7748=ORIENTED_EDGE('',*,*,#5987,.F.);
#7749=ORIENTED_EDGE('',*,*,#5988,.F.);
#7750=ORIENTED_EDGE('',*,*,#5989,.T.);
#7751=ORIENTED_EDGE('',*,*,#5988,.T.);
#7752=ORIENTED_EDGE('',*,*,#5990,.F.);
#7753=ORIENTED_EDGE('',*,*,#5878,.F.);
#7754=ORIENTED_EDGE('',*,*,#5991,.F.);
#7755=ORIENTED_EDGE('',*,*,#5992,.T.);
#7756=ORIENTED_EDGE('',*,*,#5993,.F.);
#7757=ORIENTED_EDGE('',*,*,#5994,.F.);
#7758=ORIENTED_EDGE('',*,*,#5995,.F.);
#7759=ORIENTED_EDGE('',*,*,#5994,.T.);
#7760=ORIENTED_EDGE('',*,*,#5996,.F.);
#7761=ORIENTED_EDGE('',*,*,#5997,.F.);
#7762=ORIENTED_EDGE('',*,*,#5998,.F.);
#7763=ORIENTED_EDGE('',*,*,#5997,.T.);
#7764=ORIENTED_EDGE('',*,*,#5999,.F.);
#7765=ORIENTED_EDGE('',*,*,#6000,.F.);
#7766=ORIENTED_EDGE('',*,*,#6001,.F.);
#7767=ORIENTED_EDGE('',*,*,#6000,.T.);
#7768=ORIENTED_EDGE('',*,*,#6002,.F.);
#7769=ORIENTED_EDGE('',*,*,#6003,.F.);
#7770=ORIENTED_EDGE('',*,*,#6004,.F.);
#7771=ORIENTED_EDGE('',*,*,#6003,.T.);
#7772=ORIENTED_EDGE('',*,*,#6005,.F.);
#7773=ORIENTED_EDGE('',*,*,#6006,.F.);
#7774=ORIENTED_EDGE('',*,*,#6007,.F.);
#7775=ORIENTED_EDGE('',*,*,#6006,.T.);
#7776=ORIENTED_EDGE('',*,*,#6008,.F.);
#7777=ORIENTED_EDGE('',*,*,#6009,.F.);
#7778=ORIENTED_EDGE('',*,*,#6010,.F.);
#7779=ORIENTED_EDGE('',*,*,#6009,.T.);
#7780=ORIENTED_EDGE('',*,*,#6011,.F.);
#7781=ORIENTED_EDGE('',*,*,#6012,.F.);
#7782=ORIENTED_EDGE('',*,*,#6013,.F.);
#7783=ORIENTED_EDGE('',*,*,#6012,.T.);
#7784=ORIENTED_EDGE('',*,*,#6014,.F.);
#7785=ORIENTED_EDGE('',*,*,#6015,.F.);
#7786=ORIENTED_EDGE('',*,*,#6016,.F.);
#7787=ORIENTED_EDGE('',*,*,#6015,.T.);
#7788=ORIENTED_EDGE('',*,*,#6017,.F.);
#7789=ORIENTED_EDGE('',*,*,#6018,.F.);
#7790=ORIENTED_EDGE('',*,*,#6019,.F.);
#7791=ORIENTED_EDGE('',*,*,#6018,.T.);
#7792=ORIENTED_EDGE('',*,*,#6020,.F.);
#7793=ORIENTED_EDGE('',*,*,#6021,.F.);
#7794=ORIENTED_EDGE('',*,*,#6022,.F.);
#7795=ORIENTED_EDGE('',*,*,#6021,.T.);
#7796=ORIENTED_EDGE('',*,*,#6023,.F.);
#7797=ORIENTED_EDGE('',*,*,#6024,.F.);
#7798=ORIENTED_EDGE('',*,*,#6025,.F.);
#7799=ORIENTED_EDGE('',*,*,#6024,.T.);
#7800=ORIENTED_EDGE('',*,*,#6026,.F.);
#7801=ORIENTED_EDGE('',*,*,#6027,.F.);
#7802=ORIENTED_EDGE('',*,*,#6028,.F.);
#7803=ORIENTED_EDGE('',*,*,#6027,.T.);
#7804=ORIENTED_EDGE('',*,*,#6029,.F.);
#7805=ORIENTED_EDGE('',*,*,#6030,.F.);
#7806=ORIENTED_EDGE('',*,*,#6031,.F.);
#7807=ORIENTED_EDGE('',*,*,#6030,.T.);
#7808=ORIENTED_EDGE('',*,*,#6032,.F.);
#7809=ORIENTED_EDGE('',*,*,#6033,.F.);
#7810=ORIENTED_EDGE('',*,*,#6034,.F.);
#7811=ORIENTED_EDGE('',*,*,#6033,.T.);
#7812=ORIENTED_EDGE('',*,*,#6035,.F.);
#7813=ORIENTED_EDGE('',*,*,#6036,.F.);
#7814=ORIENTED_EDGE('',*,*,#6037,.F.);
#7815=ORIENTED_EDGE('',*,*,#6036,.T.);
#7816=ORIENTED_EDGE('',*,*,#6038,.F.);
#7817=ORIENTED_EDGE('',*,*,#6039,.F.);
#7818=ORIENTED_EDGE('',*,*,#6040,.F.);
#7819=ORIENTED_EDGE('',*,*,#6039,.T.);
#7820=ORIENTED_EDGE('',*,*,#6041,.F.);
#7821=ORIENTED_EDGE('',*,*,#6042,.F.);
#7822=ORIENTED_EDGE('',*,*,#6043,.F.);
#7823=ORIENTED_EDGE('',*,*,#6042,.T.);
#7824=ORIENTED_EDGE('',*,*,#6044,.F.);
#7825=ORIENTED_EDGE('',*,*,#6045,.F.);
#7826=ORIENTED_EDGE('',*,*,#6046,.F.);
#7827=ORIENTED_EDGE('',*,*,#6045,.T.);
#7828=ORIENTED_EDGE('',*,*,#6047,.F.);
#7829=ORIENTED_EDGE('',*,*,#6048,.F.);
#7830=ORIENTED_EDGE('',*,*,#6049,.F.);
#7831=ORIENTED_EDGE('',*,*,#6048,.T.);
#7832=ORIENTED_EDGE('',*,*,#6050,.F.);
#7833=ORIENTED_EDGE('',*,*,#5992,.F.);
#7834=ORIENTED_EDGE('',*,*,#6051,.F.);
#7835=ORIENTED_EDGE('',*,*,#6052,.T.);
#7836=ORIENTED_EDGE('',*,*,#6053,.F.);
#7837=ORIENTED_EDGE('',*,*,#6054,.F.);
#7838=ORIENTED_EDGE('',*,*,#6055,.F.);
#7839=ORIENTED_EDGE('',*,*,#6054,.T.);
#7840=ORIENTED_EDGE('',*,*,#6056,.F.);
#7841=ORIENTED_EDGE('',*,*,#6057,.F.);
#7842=ORIENTED_EDGE('',*,*,#6058,.F.);
#7843=ORIENTED_EDGE('',*,*,#6057,.T.);
#7844=ORIENTED_EDGE('',*,*,#6059,.F.);
#7845=ORIENTED_EDGE('',*,*,#6060,.F.);
#7846=ORIENTED_EDGE('',*,*,#6061,.F.);
#7847=ORIENTED_EDGE('',*,*,#6060,.T.);
#7848=ORIENTED_EDGE('',*,*,#6062,.F.);
#7849=ORIENTED_EDGE('',*,*,#6063,.F.);
#7850=ORIENTED_EDGE('',*,*,#6064,.F.);
#7851=ORIENTED_EDGE('',*,*,#6063,.T.);
#7852=ORIENTED_EDGE('',*,*,#6065,.F.);
#7853=ORIENTED_EDGE('',*,*,#6066,.F.);
#7854=ORIENTED_EDGE('',*,*,#6067,.F.);
#7855=ORIENTED_EDGE('',*,*,#6066,.T.);
#7856=ORIENTED_EDGE('',*,*,#6068,.F.);
#7857=ORIENTED_EDGE('',*,*,#6069,.F.);
#7858=ORIENTED_EDGE('',*,*,#6070,.F.);
#7859=ORIENTED_EDGE('',*,*,#6069,.T.);
#7860=ORIENTED_EDGE('',*,*,#6071,.F.);
#7861=ORIENTED_EDGE('',*,*,#6072,.F.);
#7862=ORIENTED_EDGE('',*,*,#6073,.F.);
#7863=ORIENTED_EDGE('',*,*,#6072,.T.);
#7864=ORIENTED_EDGE('',*,*,#6074,.F.);
#7865=ORIENTED_EDGE('',*,*,#6075,.F.);
#7866=ORIENTED_EDGE('',*,*,#6076,.F.);
#7867=ORIENTED_EDGE('',*,*,#6075,.T.);
#7868=ORIENTED_EDGE('',*,*,#6077,.F.);
#7869=ORIENTED_EDGE('',*,*,#6078,.F.);
#7870=ORIENTED_EDGE('',*,*,#6079,.F.);
#7871=ORIENTED_EDGE('',*,*,#6078,.T.);
#7872=ORIENTED_EDGE('',*,*,#6080,.F.);
#7873=ORIENTED_EDGE('',*,*,#6081,.F.);
#7874=ORIENTED_EDGE('',*,*,#6082,.F.);
#7875=ORIENTED_EDGE('',*,*,#6081,.T.);
#7876=ORIENTED_EDGE('',*,*,#6083,.F.);
#7877=ORIENTED_EDGE('',*,*,#6084,.F.);
#7878=ORIENTED_EDGE('',*,*,#6085,.F.);
#7879=ORIENTED_EDGE('',*,*,#6084,.T.);
#7880=ORIENTED_EDGE('',*,*,#6086,.F.);
#7881=ORIENTED_EDGE('',*,*,#6087,.F.);
#7882=ORIENTED_EDGE('',*,*,#6088,.F.);
#7883=ORIENTED_EDGE('',*,*,#6087,.T.);
#7884=ORIENTED_EDGE('',*,*,#6089,.F.);
#7885=ORIENTED_EDGE('',*,*,#6090,.F.);
#7886=ORIENTED_EDGE('',*,*,#6091,.F.);
#7887=ORIENTED_EDGE('',*,*,#6090,.T.);
#7888=ORIENTED_EDGE('',*,*,#6092,.F.);
#7889=ORIENTED_EDGE('',*,*,#6093,.F.);
#7890=ORIENTED_EDGE('',*,*,#6094,.F.);
#7891=ORIENTED_EDGE('',*,*,#6093,.T.);
#7892=ORIENTED_EDGE('',*,*,#6095,.F.);
#7893=ORIENTED_EDGE('',*,*,#6096,.F.);
#7894=ORIENTED_EDGE('',*,*,#6097,.F.);
#7895=ORIENTED_EDGE('',*,*,#6096,.T.);
#7896=ORIENTED_EDGE('',*,*,#6098,.F.);
#7897=ORIENTED_EDGE('',*,*,#6099,.F.);
#7898=ORIENTED_EDGE('',*,*,#6100,.F.);
#7899=ORIENTED_EDGE('',*,*,#6099,.T.);
#7900=ORIENTED_EDGE('',*,*,#6101,.F.);
#7901=ORIENTED_EDGE('',*,*,#6102,.F.);
#7902=ORIENTED_EDGE('',*,*,#6103,.F.);
#7903=ORIENTED_EDGE('',*,*,#6102,.T.);
#7904=ORIENTED_EDGE('',*,*,#6104,.F.);
#7905=ORIENTED_EDGE('',*,*,#6105,.F.);
#7906=ORIENTED_EDGE('',*,*,#6106,.F.);
#7907=ORIENTED_EDGE('',*,*,#6105,.T.);
#7908=ORIENTED_EDGE('',*,*,#6107,.F.);
#7909=ORIENTED_EDGE('',*,*,#6108,.F.);
#7910=ORIENTED_EDGE('',*,*,#6109,.F.);
#7911=ORIENTED_EDGE('',*,*,#6108,.T.);
#7912=ORIENTED_EDGE('',*,*,#6110,.F.);
#7913=ORIENTED_EDGE('',*,*,#6052,.F.);
#7914=ORIENTED_EDGE('',*,*,#6111,.F.);
#7915=ORIENTED_EDGE('',*,*,#6112,.T.);
#7916=ORIENTED_EDGE('',*,*,#6113,.F.);
#7917=ORIENTED_EDGE('',*,*,#6114,.F.);
#7918=ORIENTED_EDGE('',*,*,#6115,.F.);
#7919=ORIENTED_EDGE('',*,*,#6114,.T.);
#7920=ORIENTED_EDGE('',*,*,#6116,.F.);
#7921=ORIENTED_EDGE('',*,*,#6117,.F.);
#7922=ORIENTED_EDGE('',*,*,#6118,.F.);
#7923=ORIENTED_EDGE('',*,*,#6117,.T.);
#7924=ORIENTED_EDGE('',*,*,#6119,.F.);
#7925=ORIENTED_EDGE('',*,*,#6120,.F.);
#7926=ORIENTED_EDGE('',*,*,#6121,.F.);
#7927=ORIENTED_EDGE('',*,*,#6120,.T.);
#7928=ORIENTED_EDGE('',*,*,#6122,.F.);
#7929=ORIENTED_EDGE('',*,*,#6123,.F.);
#7930=ORIENTED_EDGE('',*,*,#6124,.F.);
#7931=ORIENTED_EDGE('',*,*,#6123,.T.);
#7932=ORIENTED_EDGE('',*,*,#6125,.F.);
#7933=ORIENTED_EDGE('',*,*,#6126,.F.);
#7934=ORIENTED_EDGE('',*,*,#6127,.F.);
#7935=ORIENTED_EDGE('',*,*,#6126,.T.);
#7936=ORIENTED_EDGE('',*,*,#6128,.F.);
#7937=ORIENTED_EDGE('',*,*,#6129,.F.);
#7938=ORIENTED_EDGE('',*,*,#6130,.F.);
#7939=ORIENTED_EDGE('',*,*,#6129,.T.);
#7940=ORIENTED_EDGE('',*,*,#6131,.F.);
#7941=ORIENTED_EDGE('',*,*,#6132,.F.);
#7942=ORIENTED_EDGE('',*,*,#6133,.F.);
#7943=ORIENTED_EDGE('',*,*,#6132,.T.);
#7944=ORIENTED_EDGE('',*,*,#6134,.F.);
#7945=ORIENTED_EDGE('',*,*,#6135,.F.);
#7946=ORIENTED_EDGE('',*,*,#6136,.F.);
#7947=ORIENTED_EDGE('',*,*,#6135,.T.);
#7948=ORIENTED_EDGE('',*,*,#6137,.F.);
#7949=ORIENTED_EDGE('',*,*,#6138,.F.);
#7950=ORIENTED_EDGE('',*,*,#6139,.F.);
#7951=ORIENTED_EDGE('',*,*,#6138,.T.);
#7952=ORIENTED_EDGE('',*,*,#6140,.F.);
#7953=ORIENTED_EDGE('',*,*,#6141,.F.);
#7954=ORIENTED_EDGE('',*,*,#6142,.F.);
#7955=ORIENTED_EDGE('',*,*,#6141,.T.);
#7956=ORIENTED_EDGE('',*,*,#6143,.F.);
#7957=ORIENTED_EDGE('',*,*,#6144,.F.);
#7958=ORIENTED_EDGE('',*,*,#6145,.F.);
#7959=ORIENTED_EDGE('',*,*,#6144,.T.);
#7960=ORIENTED_EDGE('',*,*,#6146,.F.);
#7961=ORIENTED_EDGE('',*,*,#6147,.F.);
#7962=ORIENTED_EDGE('',*,*,#6148,.F.);
#7963=ORIENTED_EDGE('',*,*,#6147,.T.);
#7964=ORIENTED_EDGE('',*,*,#6149,.F.);
#7965=ORIENTED_EDGE('',*,*,#6150,.F.);
#7966=ORIENTED_EDGE('',*,*,#6151,.F.);
#7967=ORIENTED_EDGE('',*,*,#6150,.T.);
#7968=ORIENTED_EDGE('',*,*,#6152,.F.);
#7969=ORIENTED_EDGE('',*,*,#6153,.F.);
#7970=ORIENTED_EDGE('',*,*,#6154,.F.);
#7971=ORIENTED_EDGE('',*,*,#6153,.T.);
#7972=ORIENTED_EDGE('',*,*,#6155,.F.);
#7973=ORIENTED_EDGE('',*,*,#6156,.F.);
#7974=ORIENTED_EDGE('',*,*,#6157,.F.);
#7975=ORIENTED_EDGE('',*,*,#6156,.T.);
#7976=ORIENTED_EDGE('',*,*,#6158,.F.);
#7977=ORIENTED_EDGE('',*,*,#6159,.F.);
#7978=ORIENTED_EDGE('',*,*,#6160,.F.);
#7979=ORIENTED_EDGE('',*,*,#6159,.T.);
#7980=ORIENTED_EDGE('',*,*,#6161,.F.);
#7981=ORIENTED_EDGE('',*,*,#6162,.F.);
#7982=ORIENTED_EDGE('',*,*,#6163,.F.);
#7983=ORIENTED_EDGE('',*,*,#6162,.T.);
#7984=ORIENTED_EDGE('',*,*,#6164,.F.);
#7985=ORIENTED_EDGE('',*,*,#6165,.F.);
#7986=ORIENTED_EDGE('',*,*,#6166,.F.);
#7987=ORIENTED_EDGE('',*,*,#6165,.T.);
#7988=ORIENTED_EDGE('',*,*,#6167,.F.);
#7989=ORIENTED_EDGE('',*,*,#6168,.F.);
#7990=ORIENTED_EDGE('',*,*,#6169,.F.);
#7991=ORIENTED_EDGE('',*,*,#6168,.T.);
#7992=ORIENTED_EDGE('',*,*,#6170,.F.);
#7993=ORIENTED_EDGE('',*,*,#6112,.F.);
#7994=ORIENTED_EDGE('',*,*,#6171,.F.);
#7995=ORIENTED_EDGE('',*,*,#6172,.T.);
#7996=ORIENTED_EDGE('',*,*,#6173,.F.);
#7997=ORIENTED_EDGE('',*,*,#6174,.F.);
#7998=ORIENTED_EDGE('',*,*,#6175,.F.);
#7999=ORIENTED_EDGE('',*,*,#6174,.T.);
#8000=ORIENTED_EDGE('',*,*,#6176,.F.);
#8001=ORIENTED_EDGE('',*,*,#6177,.F.);
#8002=ORIENTED_EDGE('',*,*,#6178,.F.);
#8003=ORIENTED_EDGE('',*,*,#6177,.T.);
#8004=ORIENTED_EDGE('',*,*,#6179,.F.);
#8005=ORIENTED_EDGE('',*,*,#6180,.F.);
#8006=ORIENTED_EDGE('',*,*,#6181,.F.);
#8007=ORIENTED_EDGE('',*,*,#6180,.T.);
#8008=ORIENTED_EDGE('',*,*,#6182,.F.);
#8009=ORIENTED_EDGE('',*,*,#6183,.F.);
#8010=ORIENTED_EDGE('',*,*,#6184,.F.);
#8011=ORIENTED_EDGE('',*,*,#6183,.T.);
#8012=ORIENTED_EDGE('',*,*,#6185,.F.);
#8013=ORIENTED_EDGE('',*,*,#6186,.F.);
#8014=ORIENTED_EDGE('',*,*,#6187,.F.);
#8015=ORIENTED_EDGE('',*,*,#6186,.T.);
#8016=ORIENTED_EDGE('',*,*,#6188,.F.);
#8017=ORIENTED_EDGE('',*,*,#6189,.F.);
#8018=ORIENTED_EDGE('',*,*,#6190,.F.);
#8019=ORIENTED_EDGE('',*,*,#6189,.T.);
#8020=ORIENTED_EDGE('',*,*,#6191,.F.);
#8021=ORIENTED_EDGE('',*,*,#6192,.F.);
#8022=ORIENTED_EDGE('',*,*,#6193,.F.);
#8023=ORIENTED_EDGE('',*,*,#6192,.T.);
#8024=ORIENTED_EDGE('',*,*,#6194,.F.);
#8025=ORIENTED_EDGE('',*,*,#6195,.F.);
#8026=ORIENTED_EDGE('',*,*,#6196,.F.);
#8027=ORIENTED_EDGE('',*,*,#6195,.T.);
#8028=ORIENTED_EDGE('',*,*,#6197,.F.);
#8029=ORIENTED_EDGE('',*,*,#6198,.F.);
#8030=ORIENTED_EDGE('',*,*,#6199,.F.);
#8031=ORIENTED_EDGE('',*,*,#6198,.T.);
#8032=ORIENTED_EDGE('',*,*,#6200,.F.);
#8033=ORIENTED_EDGE('',*,*,#6201,.F.);
#8034=ORIENTED_EDGE('',*,*,#6202,.F.);
#8035=ORIENTED_EDGE('',*,*,#6201,.T.);
#8036=ORIENTED_EDGE('',*,*,#6203,.F.);
#8037=ORIENTED_EDGE('',*,*,#6204,.F.);
#8038=ORIENTED_EDGE('',*,*,#6205,.F.);
#8039=ORIENTED_EDGE('',*,*,#6204,.T.);
#8040=ORIENTED_EDGE('',*,*,#6206,.F.);
#8041=ORIENTED_EDGE('',*,*,#6207,.F.);
#8042=ORIENTED_EDGE('',*,*,#6208,.F.);
#8043=ORIENTED_EDGE('',*,*,#6207,.T.);
#8044=ORIENTED_EDGE('',*,*,#6209,.F.);
#8045=ORIENTED_EDGE('',*,*,#6210,.F.);
#8046=ORIENTED_EDGE('',*,*,#6211,.F.);
#8047=ORIENTED_EDGE('',*,*,#6210,.T.);
#8048=ORIENTED_EDGE('',*,*,#6212,.F.);
#8049=ORIENTED_EDGE('',*,*,#6213,.F.);
#8050=ORIENTED_EDGE('',*,*,#6214,.F.);
#8051=ORIENTED_EDGE('',*,*,#6213,.T.);
#8052=ORIENTED_EDGE('',*,*,#6215,.F.);
#8053=ORIENTED_EDGE('',*,*,#6216,.F.);
#8054=ORIENTED_EDGE('',*,*,#6217,.F.);
#8055=ORIENTED_EDGE('',*,*,#6216,.T.);
#8056=ORIENTED_EDGE('',*,*,#6218,.F.);
#8057=ORIENTED_EDGE('',*,*,#6219,.F.);
#8058=ORIENTED_EDGE('',*,*,#6220,.F.);
#8059=ORIENTED_EDGE('',*,*,#6219,.T.);
#8060=ORIENTED_EDGE('',*,*,#6221,.F.);
#8061=ORIENTED_EDGE('',*,*,#6222,.F.);
#8062=ORIENTED_EDGE('',*,*,#6223,.F.);
#8063=ORIENTED_EDGE('',*,*,#6222,.T.);
#8064=ORIENTED_EDGE('',*,*,#6224,.F.);
#8065=ORIENTED_EDGE('',*,*,#6225,.F.);
#8066=ORIENTED_EDGE('',*,*,#6226,.F.);
#8067=ORIENTED_EDGE('',*,*,#6225,.T.);
#8068=ORIENTED_EDGE('',*,*,#6227,.F.);
#8069=ORIENTED_EDGE('',*,*,#6228,.F.);
#8070=ORIENTED_EDGE('',*,*,#6229,.F.);
#8071=ORIENTED_EDGE('',*,*,#6228,.T.);
#8072=ORIENTED_EDGE('',*,*,#6230,.F.);
#8073=ORIENTED_EDGE('',*,*,#6172,.F.);
#8074=ORIENTED_EDGE('',*,*,#6231,.F.);
#8075=ORIENTED_EDGE('',*,*,#6232,.T.);
#8076=ORIENTED_EDGE('',*,*,#6233,.F.);
#8077=ORIENTED_EDGE('',*,*,#6234,.F.);
#8078=ORIENTED_EDGE('',*,*,#6235,.F.);
#8079=ORIENTED_EDGE('',*,*,#6234,.T.);
#8080=ORIENTED_EDGE('',*,*,#6236,.F.);
#8081=ORIENTED_EDGE('',*,*,#6237,.F.);
#8082=ORIENTED_EDGE('',*,*,#6238,.F.);
#8083=ORIENTED_EDGE('',*,*,#6237,.T.);
#8084=ORIENTED_EDGE('',*,*,#6239,.F.);
#8085=ORIENTED_EDGE('',*,*,#6240,.F.);
#8086=ORIENTED_EDGE('',*,*,#6241,.F.);
#8087=ORIENTED_EDGE('',*,*,#6240,.T.);
#8088=ORIENTED_EDGE('',*,*,#6242,.F.);
#8089=ORIENTED_EDGE('',*,*,#6243,.F.);
#8090=ORIENTED_EDGE('',*,*,#6244,.F.);
#8091=ORIENTED_EDGE('',*,*,#6243,.T.);
#8092=ORIENTED_EDGE('',*,*,#6245,.F.);
#8093=ORIENTED_EDGE('',*,*,#6246,.F.);
#8094=ORIENTED_EDGE('',*,*,#6247,.F.);
#8095=ORIENTED_EDGE('',*,*,#6246,.T.);
#8096=ORIENTED_EDGE('',*,*,#6248,.F.);
#8097=ORIENTED_EDGE('',*,*,#6249,.F.);
#8098=ORIENTED_EDGE('',*,*,#6250,.F.);
#8099=ORIENTED_EDGE('',*,*,#6249,.T.);
#8100=ORIENTED_EDGE('',*,*,#6251,.F.);
#8101=ORIENTED_EDGE('',*,*,#6252,.F.);
#8102=ORIENTED_EDGE('',*,*,#6253,.F.);
#8103=ORIENTED_EDGE('',*,*,#6252,.T.);
#8104=ORIENTED_EDGE('',*,*,#6254,.F.);
#8105=ORIENTED_EDGE('',*,*,#6255,.F.);
#8106=ORIENTED_EDGE('',*,*,#6256,.F.);
#8107=ORIENTED_EDGE('',*,*,#6255,.T.);
#8108=ORIENTED_EDGE('',*,*,#6257,.F.);
#8109=ORIENTED_EDGE('',*,*,#6258,.F.);
#8110=ORIENTED_EDGE('',*,*,#6259,.F.);
#8111=ORIENTED_EDGE('',*,*,#6258,.T.);
#8112=ORIENTED_EDGE('',*,*,#6260,.F.);
#8113=ORIENTED_EDGE('',*,*,#6261,.F.);
#8114=ORIENTED_EDGE('',*,*,#6262,.F.);
#8115=ORIENTED_EDGE('',*,*,#6261,.T.);
#8116=ORIENTED_EDGE('',*,*,#6263,.F.);
#8117=ORIENTED_EDGE('',*,*,#6264,.F.);
#8118=ORIENTED_EDGE('',*,*,#6265,.F.);
#8119=ORIENTED_EDGE('',*,*,#6264,.T.);
#8120=ORIENTED_EDGE('',*,*,#6266,.F.);
#8121=ORIENTED_EDGE('',*,*,#6267,.F.);
#8122=ORIENTED_EDGE('',*,*,#6268,.F.);
#8123=ORIENTED_EDGE('',*,*,#6267,.T.);
#8124=ORIENTED_EDGE('',*,*,#6269,.F.);
#8125=ORIENTED_EDGE('',*,*,#6270,.F.);
#8126=ORIENTED_EDGE('',*,*,#6271,.F.);
#8127=ORIENTED_EDGE('',*,*,#6270,.T.);
#8128=ORIENTED_EDGE('',*,*,#6272,.F.);
#8129=ORIENTED_EDGE('',*,*,#6273,.F.);
#8130=ORIENTED_EDGE('',*,*,#6274,.F.);
#8131=ORIENTED_EDGE('',*,*,#6273,.T.);
#8132=ORIENTED_EDGE('',*,*,#6275,.F.);
#8133=ORIENTED_EDGE('',*,*,#6276,.F.);
#8134=ORIENTED_EDGE('',*,*,#6277,.F.);
#8135=ORIENTED_EDGE('',*,*,#6276,.T.);
#8136=ORIENTED_EDGE('',*,*,#6278,.F.);
#8137=ORIENTED_EDGE('',*,*,#6279,.F.);
#8138=ORIENTED_EDGE('',*,*,#6280,.F.);
#8139=ORIENTED_EDGE('',*,*,#6279,.T.);
#8140=ORIENTED_EDGE('',*,*,#6281,.F.);
#8141=ORIENTED_EDGE('',*,*,#6282,.F.);
#8142=ORIENTED_EDGE('',*,*,#6283,.F.);
#8143=ORIENTED_EDGE('',*,*,#6282,.T.);
#8144=ORIENTED_EDGE('',*,*,#6284,.F.);
#8145=ORIENTED_EDGE('',*,*,#6285,.F.);
#8146=ORIENTED_EDGE('',*,*,#6286,.F.);
#8147=ORIENTED_EDGE('',*,*,#6285,.T.);
#8148=ORIENTED_EDGE('',*,*,#6287,.F.);
#8149=ORIENTED_EDGE('',*,*,#6288,.F.);
#8150=ORIENTED_EDGE('',*,*,#6289,.F.);
#8151=ORIENTED_EDGE('',*,*,#6288,.T.);
#8152=ORIENTED_EDGE('',*,*,#6290,.F.);
#8153=ORIENTED_EDGE('',*,*,#6232,.F.);
#8154=ORIENTED_EDGE('',*,*,#6291,.F.);
#8155=ORIENTED_EDGE('',*,*,#6292,.T.);
#8156=ORIENTED_EDGE('',*,*,#6293,.F.);
#8157=ORIENTED_EDGE('',*,*,#6294,.F.);
#8158=ORIENTED_EDGE('',*,*,#6295,.F.);
#8159=ORIENTED_EDGE('',*,*,#6294,.T.);
#8160=ORIENTED_EDGE('',*,*,#6296,.F.);
#8161=ORIENTED_EDGE('',*,*,#6297,.F.);
#8162=ORIENTED_EDGE('',*,*,#6298,.F.);
#8163=ORIENTED_EDGE('',*,*,#6297,.T.);
#8164=ORIENTED_EDGE('',*,*,#6299,.F.);
#8165=ORIENTED_EDGE('',*,*,#6300,.F.);
#8166=ORIENTED_EDGE('',*,*,#6301,.F.);
#8167=ORIENTED_EDGE('',*,*,#6300,.T.);
#8168=ORIENTED_EDGE('',*,*,#6302,.F.);
#8169=ORIENTED_EDGE('',*,*,#6303,.F.);
#8170=ORIENTED_EDGE('',*,*,#6304,.F.);
#8171=ORIENTED_EDGE('',*,*,#6303,.T.);
#8172=ORIENTED_EDGE('',*,*,#6305,.F.);
#8173=ORIENTED_EDGE('',*,*,#6306,.F.);
#8174=ORIENTED_EDGE('',*,*,#6307,.F.);
#8175=ORIENTED_EDGE('',*,*,#6306,.T.);
#8176=ORIENTED_EDGE('',*,*,#6308,.F.);
#8177=ORIENTED_EDGE('',*,*,#6309,.F.);
#8178=ORIENTED_EDGE('',*,*,#6310,.F.);
#8179=ORIENTED_EDGE('',*,*,#6309,.T.);
#8180=ORIENTED_EDGE('',*,*,#6311,.F.);
#8181=ORIENTED_EDGE('',*,*,#6312,.F.);
#8182=ORIENTED_EDGE('',*,*,#6313,.F.);
#8183=ORIENTED_EDGE('',*,*,#6312,.T.);
#8184=ORIENTED_EDGE('',*,*,#6314,.F.);
#8185=ORIENTED_EDGE('',*,*,#6315,.F.);
#8186=ORIENTED_EDGE('',*,*,#6316,.F.);
#8187=ORIENTED_EDGE('',*,*,#6315,.T.);
#8188=ORIENTED_EDGE('',*,*,#6317,.F.);
#8189=ORIENTED_EDGE('',*,*,#6318,.F.);
#8190=ORIENTED_EDGE('',*,*,#6319,.F.);
#8191=ORIENTED_EDGE('',*,*,#6318,.T.);
#8192=ORIENTED_EDGE('',*,*,#6320,.F.);
#8193=ORIENTED_EDGE('',*,*,#6321,.F.);
#8194=ORIENTED_EDGE('',*,*,#6322,.F.);
#8195=ORIENTED_EDGE('',*,*,#6321,.T.);
#8196=ORIENTED_EDGE('',*,*,#6323,.F.);
#8197=ORIENTED_EDGE('',*,*,#6324,.F.);
#8198=ORIENTED_EDGE('',*,*,#6325,.F.);
#8199=ORIENTED_EDGE('',*,*,#6324,.T.);
#8200=ORIENTED_EDGE('',*,*,#6326,.F.);
#8201=ORIENTED_EDGE('',*,*,#6327,.F.);
#8202=ORIENTED_EDGE('',*,*,#6328,.F.);
#8203=ORIENTED_EDGE('',*,*,#6327,.T.);
#8204=ORIENTED_EDGE('',*,*,#6329,.F.);
#8205=ORIENTED_EDGE('',*,*,#6330,.F.);
#8206=ORIENTED_EDGE('',*,*,#6331,.F.);
#8207=ORIENTED_EDGE('',*,*,#6330,.T.);
#8208=ORIENTED_EDGE('',*,*,#6332,.F.);
#8209=ORIENTED_EDGE('',*,*,#6333,.F.);
#8210=ORIENTED_EDGE('',*,*,#6334,.F.);
#8211=ORIENTED_EDGE('',*,*,#6333,.T.);
#8212=ORIENTED_EDGE('',*,*,#6335,.F.);
#8213=ORIENTED_EDGE('',*,*,#6336,.F.);
#8214=ORIENTED_EDGE('',*,*,#6337,.F.);
#8215=ORIENTED_EDGE('',*,*,#6336,.T.);
#8216=ORIENTED_EDGE('',*,*,#6338,.F.);
#8217=ORIENTED_EDGE('',*,*,#6339,.F.);
#8218=ORIENTED_EDGE('',*,*,#6340,.F.);
#8219=ORIENTED_EDGE('',*,*,#6339,.T.);
#8220=ORIENTED_EDGE('',*,*,#6341,.F.);
#8221=ORIENTED_EDGE('',*,*,#6342,.F.);
#8222=ORIENTED_EDGE('',*,*,#6343,.F.);
#8223=ORIENTED_EDGE('',*,*,#6342,.T.);
#8224=ORIENTED_EDGE('',*,*,#6344,.F.);
#8225=ORIENTED_EDGE('',*,*,#6345,.F.);
#8226=ORIENTED_EDGE('',*,*,#6346,.F.);
#8227=ORIENTED_EDGE('',*,*,#6345,.T.);
#8228=ORIENTED_EDGE('',*,*,#6347,.F.);
#8229=ORIENTED_EDGE('',*,*,#6348,.F.);
#8230=ORIENTED_EDGE('',*,*,#6349,.F.);
#8231=ORIENTED_EDGE('',*,*,#6348,.T.);
#8232=ORIENTED_EDGE('',*,*,#6350,.F.);
#8233=ORIENTED_EDGE('',*,*,#6292,.F.);
#8234=ORIENTED_EDGE('',*,*,#6351,.F.);
#8235=ORIENTED_EDGE('',*,*,#6352,.T.);
#8236=ORIENTED_EDGE('',*,*,#6353,.F.);
#8237=ORIENTED_EDGE('',*,*,#6354,.F.);
#8238=ORIENTED_EDGE('',*,*,#6355,.F.);
#8239=ORIENTED_EDGE('',*,*,#6354,.T.);
#8240=ORIENTED_EDGE('',*,*,#6356,.F.);
#8241=ORIENTED_EDGE('',*,*,#6357,.F.);
#8242=ORIENTED_EDGE('',*,*,#6358,.F.);
#8243=ORIENTED_EDGE('',*,*,#6357,.T.);
#8244=ORIENTED_EDGE('',*,*,#6359,.F.);
#8245=ORIENTED_EDGE('',*,*,#6360,.F.);
#8246=ORIENTED_EDGE('',*,*,#6361,.F.);
#8247=ORIENTED_EDGE('',*,*,#6360,.T.);
#8248=ORIENTED_EDGE('',*,*,#6362,.F.);
#8249=ORIENTED_EDGE('',*,*,#6363,.F.);
#8250=ORIENTED_EDGE('',*,*,#6364,.F.);
#8251=ORIENTED_EDGE('',*,*,#6363,.T.);
#8252=ORIENTED_EDGE('',*,*,#6365,.F.);
#8253=ORIENTED_EDGE('',*,*,#6366,.F.);
#8254=ORIENTED_EDGE('',*,*,#6367,.F.);
#8255=ORIENTED_EDGE('',*,*,#6366,.T.);
#8256=ORIENTED_EDGE('',*,*,#6368,.F.);
#8257=ORIENTED_EDGE('',*,*,#6369,.F.);
#8258=ORIENTED_EDGE('',*,*,#6370,.F.);
#8259=ORIENTED_EDGE('',*,*,#6369,.T.);
#8260=ORIENTED_EDGE('',*,*,#6371,.F.);
#8261=ORIENTED_EDGE('',*,*,#6372,.F.);
#8262=ORIENTED_EDGE('',*,*,#6373,.F.);
#8263=ORIENTED_EDGE('',*,*,#6372,.T.);
#8264=ORIENTED_EDGE('',*,*,#6374,.F.);
#8265=ORIENTED_EDGE('',*,*,#6375,.F.);
#8266=ORIENTED_EDGE('',*,*,#6376,.F.);
#8267=ORIENTED_EDGE('',*,*,#6375,.T.);
#8268=ORIENTED_EDGE('',*,*,#6377,.F.);
#8269=ORIENTED_EDGE('',*,*,#6378,.F.);
#8270=ORIENTED_EDGE('',*,*,#6379,.F.);
#8271=ORIENTED_EDGE('',*,*,#6378,.T.);
#8272=ORIENTED_EDGE('',*,*,#6380,.F.);
#8273=ORIENTED_EDGE('',*,*,#6381,.F.);
#8274=ORIENTED_EDGE('',*,*,#6382,.F.);
#8275=ORIENTED_EDGE('',*,*,#6381,.T.);
#8276=ORIENTED_EDGE('',*,*,#6383,.F.);
#8277=ORIENTED_EDGE('',*,*,#6384,.F.);
#8278=ORIENTED_EDGE('',*,*,#6385,.F.);
#8279=ORIENTED_EDGE('',*,*,#6384,.T.);
#8280=ORIENTED_EDGE('',*,*,#6386,.F.);
#8281=ORIENTED_EDGE('',*,*,#6387,.F.);
#8282=ORIENTED_EDGE('',*,*,#6388,.F.);
#8283=ORIENTED_EDGE('',*,*,#6387,.T.);
#8284=ORIENTED_EDGE('',*,*,#6389,.F.);
#8285=ORIENTED_EDGE('',*,*,#6390,.F.);
#8286=ORIENTED_EDGE('',*,*,#6391,.F.);
#8287=ORIENTED_EDGE('',*,*,#6390,.T.);
#8288=ORIENTED_EDGE('',*,*,#6392,.F.);
#8289=ORIENTED_EDGE('',*,*,#6393,.F.);
#8290=ORIENTED_EDGE('',*,*,#6394,.F.);
#8291=ORIENTED_EDGE('',*,*,#6393,.T.);
#8292=ORIENTED_EDGE('',*,*,#6395,.F.);
#8293=ORIENTED_EDGE('',*,*,#6396,.F.);
#8294=ORIENTED_EDGE('',*,*,#6397,.F.);
#8295=ORIENTED_EDGE('',*,*,#6396,.T.);
#8296=ORIENTED_EDGE('',*,*,#6398,.F.);
#8297=ORIENTED_EDGE('',*,*,#6399,.F.);
#8298=ORIENTED_EDGE('',*,*,#6400,.F.);
#8299=ORIENTED_EDGE('',*,*,#6399,.T.);
#8300=ORIENTED_EDGE('',*,*,#6401,.F.);
#8301=ORIENTED_EDGE('',*,*,#6402,.F.);
#8302=ORIENTED_EDGE('',*,*,#6403,.F.);
#8303=ORIENTED_EDGE('',*,*,#6402,.T.);
#8304=ORIENTED_EDGE('',*,*,#6404,.F.);
#8305=ORIENTED_EDGE('',*,*,#6405,.F.);
#8306=ORIENTED_EDGE('',*,*,#6406,.F.);
#8307=ORIENTED_EDGE('',*,*,#6405,.T.);
#8308=ORIENTED_EDGE('',*,*,#6407,.F.);
#8309=ORIENTED_EDGE('',*,*,#6408,.F.);
#8310=ORIENTED_EDGE('',*,*,#6409,.F.);
#8311=ORIENTED_EDGE('',*,*,#6408,.T.);
#8312=ORIENTED_EDGE('',*,*,#6410,.F.);
#8313=ORIENTED_EDGE('',*,*,#6352,.F.);
#8314=ORIENTED_EDGE('',*,*,#6411,.F.);
#8315=ORIENTED_EDGE('',*,*,#6412,.T.);
#8316=ORIENTED_EDGE('',*,*,#6413,.F.);
#8317=ORIENTED_EDGE('',*,*,#6414,.F.);
#8318=ORIENTED_EDGE('',*,*,#6415,.F.);
#8319=ORIENTED_EDGE('',*,*,#6414,.T.);
#8320=ORIENTED_EDGE('',*,*,#6416,.F.);
#8321=ORIENTED_EDGE('',*,*,#6417,.F.);
#8322=ORIENTED_EDGE('',*,*,#6418,.F.);
#8323=ORIENTED_EDGE('',*,*,#6417,.T.);
#8324=ORIENTED_EDGE('',*,*,#6419,.F.);
#8325=ORIENTED_EDGE('',*,*,#6420,.F.);
#8326=ORIENTED_EDGE('',*,*,#6421,.F.);
#8327=ORIENTED_EDGE('',*,*,#6420,.T.);
#8328=ORIENTED_EDGE('',*,*,#6422,.F.);
#8329=ORIENTED_EDGE('',*,*,#6423,.F.);
#8330=ORIENTED_EDGE('',*,*,#6424,.F.);
#8331=ORIENTED_EDGE('',*,*,#6423,.T.);
#8332=ORIENTED_EDGE('',*,*,#6425,.F.);
#8333=ORIENTED_EDGE('',*,*,#6426,.F.);
#8334=ORIENTED_EDGE('',*,*,#6427,.F.);
#8335=ORIENTED_EDGE('',*,*,#6426,.T.);
#8336=ORIENTED_EDGE('',*,*,#6428,.F.);
#8337=ORIENTED_EDGE('',*,*,#6429,.F.);
#8338=ORIENTED_EDGE('',*,*,#6430,.F.);
#8339=ORIENTED_EDGE('',*,*,#6429,.T.);
#8340=ORIENTED_EDGE('',*,*,#6431,.F.);
#8341=ORIENTED_EDGE('',*,*,#6432,.F.);
#8342=ORIENTED_EDGE('',*,*,#6433,.F.);
#8343=ORIENTED_EDGE('',*,*,#6432,.T.);
#8344=ORIENTED_EDGE('',*,*,#6434,.F.);
#8345=ORIENTED_EDGE('',*,*,#6435,.F.);
#8346=ORIENTED_EDGE('',*,*,#6436,.F.);
#8347=ORIENTED_EDGE('',*,*,#6435,.T.);
#8348=ORIENTED_EDGE('',*,*,#6437,.F.);
#8349=ORIENTED_EDGE('',*,*,#6438,.F.);
#8350=ORIENTED_EDGE('',*,*,#6439,.F.);
#8351=ORIENTED_EDGE('',*,*,#6438,.T.);
#8352=ORIENTED_EDGE('',*,*,#6440,.F.);
#8353=ORIENTED_EDGE('',*,*,#6441,.F.);
#8354=ORIENTED_EDGE('',*,*,#6442,.F.);
#8355=ORIENTED_EDGE('',*,*,#6441,.T.);
#8356=ORIENTED_EDGE('',*,*,#6443,.F.);
#8357=ORIENTED_EDGE('',*,*,#6444,.F.);
#8358=ORIENTED_EDGE('',*,*,#6445,.F.);
#8359=ORIENTED_EDGE('',*,*,#6444,.T.);
#8360=ORIENTED_EDGE('',*,*,#6446,.F.);
#8361=ORIENTED_EDGE('',*,*,#6447,.F.);
#8362=ORIENTED_EDGE('',*,*,#6448,.F.);
#8363=ORIENTED_EDGE('',*,*,#6447,.T.);
#8364=ORIENTED_EDGE('',*,*,#6449,.F.);
#8365=ORIENTED_EDGE('',*,*,#6450,.F.);
#8366=ORIENTED_EDGE('',*,*,#6451,.F.);
#8367=ORIENTED_EDGE('',*,*,#6450,.T.);
#8368=ORIENTED_EDGE('',*,*,#6452,.F.);
#8369=ORIENTED_EDGE('',*,*,#6453,.F.);
#8370=ORIENTED_EDGE('',*,*,#6454,.F.);
#8371=ORIENTED_EDGE('',*,*,#6453,.T.);
#8372=ORIENTED_EDGE('',*,*,#6455,.F.);
#8373=ORIENTED_EDGE('',*,*,#6456,.F.);
#8374=ORIENTED_EDGE('',*,*,#6457,.F.);
#8375=ORIENTED_EDGE('',*,*,#6456,.T.);
#8376=ORIENTED_EDGE('',*,*,#6458,.F.);
#8377=ORIENTED_EDGE('',*,*,#6459,.F.);
#8378=ORIENTED_EDGE('',*,*,#6460,.F.);
#8379=ORIENTED_EDGE('',*,*,#6459,.T.);
#8380=ORIENTED_EDGE('',*,*,#6461,.F.);
#8381=ORIENTED_EDGE('',*,*,#6462,.F.);
#8382=ORIENTED_EDGE('',*,*,#6463,.F.);
#8383=ORIENTED_EDGE('',*,*,#6462,.T.);
#8384=ORIENTED_EDGE('',*,*,#6464,.F.);
#8385=ORIENTED_EDGE('',*,*,#6465,.F.);
#8386=ORIENTED_EDGE('',*,*,#6466,.F.);
#8387=ORIENTED_EDGE('',*,*,#6465,.T.);
#8388=ORIENTED_EDGE('',*,*,#6467,.F.);
#8389=ORIENTED_EDGE('',*,*,#6468,.F.);
#8390=ORIENTED_EDGE('',*,*,#6469,.F.);
#8391=ORIENTED_EDGE('',*,*,#6468,.T.);
#8392=ORIENTED_EDGE('',*,*,#6470,.F.);
#8393=ORIENTED_EDGE('',*,*,#6412,.F.);
#8394=ORIENTED_EDGE('',*,*,#6471,.F.);
#8395=ORIENTED_EDGE('',*,*,#6472,.T.);
#8396=ORIENTED_EDGE('',*,*,#6473,.F.);
#8397=ORIENTED_EDGE('',*,*,#6474,.F.);
#8398=ORIENTED_EDGE('',*,*,#6475,.F.);
#8399=ORIENTED_EDGE('',*,*,#6474,.T.);
#8400=ORIENTED_EDGE('',*,*,#6476,.F.);
#8401=ORIENTED_EDGE('',*,*,#6477,.F.);
#8402=ORIENTED_EDGE('',*,*,#6478,.F.);
#8403=ORIENTED_EDGE('',*,*,#6477,.T.);
#8404=ORIENTED_EDGE('',*,*,#6479,.F.);
#8405=ORIENTED_EDGE('',*,*,#6480,.F.);
#8406=ORIENTED_EDGE('',*,*,#6481,.F.);
#8407=ORIENTED_EDGE('',*,*,#6480,.T.);
#8408=ORIENTED_EDGE('',*,*,#6482,.F.);
#8409=ORIENTED_EDGE('',*,*,#6483,.F.);
#8410=ORIENTED_EDGE('',*,*,#6484,.F.);
#8411=ORIENTED_EDGE('',*,*,#6483,.T.);
#8412=ORIENTED_EDGE('',*,*,#6485,.F.);
#8413=ORIENTED_EDGE('',*,*,#6486,.F.);
#8414=ORIENTED_EDGE('',*,*,#6487,.F.);
#8415=ORIENTED_EDGE('',*,*,#6486,.T.);
#8416=ORIENTED_EDGE('',*,*,#6488,.F.);
#8417=ORIENTED_EDGE('',*,*,#6489,.F.);
#8418=ORIENTED_EDGE('',*,*,#6490,.F.);
#8419=ORIENTED_EDGE('',*,*,#6489,.T.);
#8420=ORIENTED_EDGE('',*,*,#6491,.F.);
#8421=ORIENTED_EDGE('',*,*,#6492,.F.);
#8422=ORIENTED_EDGE('',*,*,#6493,.F.);
#8423=ORIENTED_EDGE('',*,*,#6492,.T.);
#8424=ORIENTED_EDGE('',*,*,#6494,.F.);
#8425=ORIENTED_EDGE('',*,*,#6495,.F.);
#8426=ORIENTED_EDGE('',*,*,#6496,.F.);
#8427=ORIENTED_EDGE('',*,*,#6495,.T.);
#8428=ORIENTED_EDGE('',*,*,#6497,.F.);
#8429=ORIENTED_EDGE('',*,*,#6498,.F.);
#8430=ORIENTED_EDGE('',*,*,#6499,.F.);
#8431=ORIENTED_EDGE('',*,*,#6498,.T.);
#8432=ORIENTED_EDGE('',*,*,#6500,.F.);
#8433=ORIENTED_EDGE('',*,*,#6501,.F.);
#8434=ORIENTED_EDGE('',*,*,#6502,.F.);
#8435=ORIENTED_EDGE('',*,*,#6501,.T.);
#8436=ORIENTED_EDGE('',*,*,#6503,.F.);
#8437=ORIENTED_EDGE('',*,*,#6504,.F.);
#8438=ORIENTED_EDGE('',*,*,#6505,.F.);
#8439=ORIENTED_EDGE('',*,*,#6504,.T.);
#8440=ORIENTED_EDGE('',*,*,#6506,.F.);
#8441=ORIENTED_EDGE('',*,*,#6507,.F.);
#8442=ORIENTED_EDGE('',*,*,#6508,.F.);
#8443=ORIENTED_EDGE('',*,*,#6507,.T.);
#8444=ORIENTED_EDGE('',*,*,#6509,.F.);
#8445=ORIENTED_EDGE('',*,*,#6510,.F.);
#8446=ORIENTED_EDGE('',*,*,#6511,.F.);
#8447=ORIENTED_EDGE('',*,*,#6510,.T.);
#8448=ORIENTED_EDGE('',*,*,#6512,.F.);
#8449=ORIENTED_EDGE('',*,*,#6513,.F.);
#8450=ORIENTED_EDGE('',*,*,#6514,.F.);
#8451=ORIENTED_EDGE('',*,*,#6513,.T.);
#8452=ORIENTED_EDGE('',*,*,#6515,.F.);
#8453=ORIENTED_EDGE('',*,*,#6516,.F.);
#8454=ORIENTED_EDGE('',*,*,#6517,.F.);
#8455=ORIENTED_EDGE('',*,*,#6516,.T.);
#8456=ORIENTED_EDGE('',*,*,#6518,.F.);
#8457=ORIENTED_EDGE('',*,*,#6519,.F.);
#8458=ORIENTED_EDGE('',*,*,#6520,.F.);
#8459=ORIENTED_EDGE('',*,*,#6519,.T.);
#8460=ORIENTED_EDGE('',*,*,#6521,.F.);
#8461=ORIENTED_EDGE('',*,*,#6522,.F.);
#8462=ORIENTED_EDGE('',*,*,#6523,.F.);
#8463=ORIENTED_EDGE('',*,*,#6522,.T.);
#8464=ORIENTED_EDGE('',*,*,#6524,.F.);
#8465=ORIENTED_EDGE('',*,*,#6525,.F.);
#8466=ORIENTED_EDGE('',*,*,#6526,.F.);
#8467=ORIENTED_EDGE('',*,*,#6525,.T.);
#8468=ORIENTED_EDGE('',*,*,#6527,.F.);
#8469=ORIENTED_EDGE('',*,*,#6528,.F.);
#8470=ORIENTED_EDGE('',*,*,#6529,.F.);
#8471=ORIENTED_EDGE('',*,*,#6528,.T.);
#8472=ORIENTED_EDGE('',*,*,#6530,.F.);
#8473=ORIENTED_EDGE('',*,*,#6472,.F.);
#8474=ORIENTED_EDGE('',*,*,#6531,.F.);
#8475=ORIENTED_EDGE('',*,*,#6532,.T.);
#8476=ORIENTED_EDGE('',*,*,#6533,.F.);
#8477=ORIENTED_EDGE('',*,*,#6534,.F.);
#8478=ORIENTED_EDGE('',*,*,#6535,.F.);
#8479=ORIENTED_EDGE('',*,*,#6534,.T.);
#8480=ORIENTED_EDGE('',*,*,#6536,.F.);
#8481=ORIENTED_EDGE('',*,*,#6537,.F.);
#8482=ORIENTED_EDGE('',*,*,#6538,.F.);
#8483=ORIENTED_EDGE('',*,*,#6537,.T.);
#8484=ORIENTED_EDGE('',*,*,#6539,.F.);
#8485=ORIENTED_EDGE('',*,*,#6540,.F.);
#8486=ORIENTED_EDGE('',*,*,#6541,.F.);
#8487=ORIENTED_EDGE('',*,*,#6540,.T.);
#8488=ORIENTED_EDGE('',*,*,#6542,.F.);
#8489=ORIENTED_EDGE('',*,*,#6543,.F.);
#8490=ORIENTED_EDGE('',*,*,#6544,.F.);
#8491=ORIENTED_EDGE('',*,*,#6543,.T.);
#8492=ORIENTED_EDGE('',*,*,#6545,.F.);
#8493=ORIENTED_EDGE('',*,*,#6546,.F.);
#8494=ORIENTED_EDGE('',*,*,#6547,.F.);
#8495=ORIENTED_EDGE('',*,*,#6546,.T.);
#8496=ORIENTED_EDGE('',*,*,#6548,.F.);
#8497=ORIENTED_EDGE('',*,*,#6549,.F.);
#8498=ORIENTED_EDGE('',*,*,#6550,.F.);
#8499=ORIENTED_EDGE('',*,*,#6549,.T.);
#8500=ORIENTED_EDGE('',*,*,#6551,.F.);
#8501=ORIENTED_EDGE('',*,*,#6552,.F.);
#8502=ORIENTED_EDGE('',*,*,#6553,.F.);
#8503=ORIENTED_EDGE('',*,*,#6552,.T.);
#8504=ORIENTED_EDGE('',*,*,#6554,.F.);
#8505=ORIENTED_EDGE('',*,*,#6555,.F.);
#8506=ORIENTED_EDGE('',*,*,#6556,.F.);
#8507=ORIENTED_EDGE('',*,*,#6555,.T.);
#8508=ORIENTED_EDGE('',*,*,#6557,.F.);
#8509=ORIENTED_EDGE('',*,*,#6558,.F.);
#8510=ORIENTED_EDGE('',*,*,#6559,.F.);
#8511=ORIENTED_EDGE('',*,*,#6558,.T.);
#8512=ORIENTED_EDGE('',*,*,#6560,.F.);
#8513=ORIENTED_EDGE('',*,*,#6561,.F.);
#8514=ORIENTED_EDGE('',*,*,#6562,.F.);
#8515=ORIENTED_EDGE('',*,*,#6561,.T.);
#8516=ORIENTED_EDGE('',*,*,#6563,.F.);
#8517=ORIENTED_EDGE('',*,*,#6564,.F.);
#8518=ORIENTED_EDGE('',*,*,#6565,.F.);
#8519=ORIENTED_EDGE('',*,*,#6564,.T.);
#8520=ORIENTED_EDGE('',*,*,#6566,.F.);
#8521=ORIENTED_EDGE('',*,*,#6567,.F.);
#8522=ORIENTED_EDGE('',*,*,#6568,.F.);
#8523=ORIENTED_EDGE('',*,*,#6567,.T.);
#8524=ORIENTED_EDGE('',*,*,#6569,.F.);
#8525=ORIENTED_EDGE('',*,*,#6570,.F.);
#8526=ORIENTED_EDGE('',*,*,#6571,.F.);
#8527=ORIENTED_EDGE('',*,*,#6570,.T.);
#8528=ORIENTED_EDGE('',*,*,#6572,.F.);
#8529=ORIENTED_EDGE('',*,*,#6573,.F.);
#8530=ORIENTED_EDGE('',*,*,#6574,.F.);
#8531=ORIENTED_EDGE('',*,*,#6573,.T.);
#8532=ORIENTED_EDGE('',*,*,#6575,.F.);
#8533=ORIENTED_EDGE('',*,*,#6576,.F.);
#8534=ORIENTED_EDGE('',*,*,#6577,.F.);
#8535=ORIENTED_EDGE('',*,*,#6576,.T.);
#8536=ORIENTED_EDGE('',*,*,#6578,.F.);
#8537=ORIENTED_EDGE('',*,*,#6579,.F.);
#8538=ORIENTED_EDGE('',*,*,#6580,.F.);
#8539=ORIENTED_EDGE('',*,*,#6579,.T.);
#8540=ORIENTED_EDGE('',*,*,#6581,.F.);
#8541=ORIENTED_EDGE('',*,*,#6582,.F.);
#8542=ORIENTED_EDGE('',*,*,#6583,.F.);
#8543=ORIENTED_EDGE('',*,*,#6582,.T.);
#8544=ORIENTED_EDGE('',*,*,#6584,.F.);
#8545=ORIENTED_EDGE('',*,*,#6585,.F.);
#8546=ORIENTED_EDGE('',*,*,#6586,.F.);
#8547=ORIENTED_EDGE('',*,*,#6585,.T.);
#8548=ORIENTED_EDGE('',*,*,#6587,.F.);
#8549=ORIENTED_EDGE('',*,*,#6588,.F.);
#8550=ORIENTED_EDGE('',*,*,#6589,.F.);
#8551=ORIENTED_EDGE('',*,*,#6588,.T.);
#8552=ORIENTED_EDGE('',*,*,#6590,.F.);
#8553=ORIENTED_EDGE('',*,*,#6532,.F.);
#8554=ORIENTED_EDGE('',*,*,#6591,.F.);
#8555=ORIENTED_EDGE('',*,*,#6592,.T.);
#8556=ORIENTED_EDGE('',*,*,#6593,.F.);
#8557=ORIENTED_EDGE('',*,*,#6594,.F.);
#8558=ORIENTED_EDGE('',*,*,#6595,.F.);
#8559=ORIENTED_EDGE('',*,*,#6594,.T.);
#8560=ORIENTED_EDGE('',*,*,#6596,.F.);
#8561=ORIENTED_EDGE('',*,*,#6597,.F.);
#8562=ORIENTED_EDGE('',*,*,#6598,.F.);
#8563=ORIENTED_EDGE('',*,*,#6597,.T.);
#8564=ORIENTED_EDGE('',*,*,#6599,.F.);
#8565=ORIENTED_EDGE('',*,*,#6600,.F.);
#8566=ORIENTED_EDGE('',*,*,#6601,.F.);
#8567=ORIENTED_EDGE('',*,*,#6600,.T.);
#8568=ORIENTED_EDGE('',*,*,#6602,.F.);
#8569=ORIENTED_EDGE('',*,*,#6603,.F.);
#8570=ORIENTED_EDGE('',*,*,#6604,.F.);
#8571=ORIENTED_EDGE('',*,*,#6603,.T.);
#8572=ORIENTED_EDGE('',*,*,#6605,.F.);
#8573=ORIENTED_EDGE('',*,*,#6606,.F.);
#8574=ORIENTED_EDGE('',*,*,#6607,.F.);
#8575=ORIENTED_EDGE('',*,*,#6606,.T.);
#8576=ORIENTED_EDGE('',*,*,#6608,.F.);
#8577=ORIENTED_EDGE('',*,*,#6609,.F.);
#8578=ORIENTED_EDGE('',*,*,#6610,.F.);
#8579=ORIENTED_EDGE('',*,*,#6609,.T.);
#8580=ORIENTED_EDGE('',*,*,#6611,.F.);
#8581=ORIENTED_EDGE('',*,*,#6612,.F.);
#8582=ORIENTED_EDGE('',*,*,#6613,.F.);
#8583=ORIENTED_EDGE('',*,*,#6612,.T.);
#8584=ORIENTED_EDGE('',*,*,#6614,.F.);
#8585=ORIENTED_EDGE('',*,*,#6615,.F.);
#8586=ORIENTED_EDGE('',*,*,#6616,.F.);
#8587=ORIENTED_EDGE('',*,*,#6615,.T.);
#8588=ORIENTED_EDGE('',*,*,#6617,.F.);
#8589=ORIENTED_EDGE('',*,*,#6618,.F.);
#8590=ORIENTED_EDGE('',*,*,#6619,.F.);
#8591=ORIENTED_EDGE('',*,*,#6618,.T.);
#8592=ORIENTED_EDGE('',*,*,#6620,.F.);
#8593=ORIENTED_EDGE('',*,*,#6621,.F.);
#8594=ORIENTED_EDGE('',*,*,#6622,.F.);
#8595=ORIENTED_EDGE('',*,*,#6621,.T.);
#8596=ORIENTED_EDGE('',*,*,#6623,.F.);
#8597=ORIENTED_EDGE('',*,*,#6624,.F.);
#8598=ORIENTED_EDGE('',*,*,#6625,.F.);
#8599=ORIENTED_EDGE('',*,*,#6624,.T.);
#8600=ORIENTED_EDGE('',*,*,#6626,.F.);
#8601=ORIENTED_EDGE('',*,*,#6627,.F.);
#8602=ORIENTED_EDGE('',*,*,#6628,.F.);
#8603=ORIENTED_EDGE('',*,*,#6627,.T.);
#8604=ORIENTED_EDGE('',*,*,#6629,.F.);
#8605=ORIENTED_EDGE('',*,*,#6630,.F.);
#8606=ORIENTED_EDGE('',*,*,#6631,.F.);
#8607=ORIENTED_EDGE('',*,*,#6630,.T.);
#8608=ORIENTED_EDGE('',*,*,#6632,.F.);
#8609=ORIENTED_EDGE('',*,*,#6633,.F.);
#8610=ORIENTED_EDGE('',*,*,#6634,.F.);
#8611=ORIENTED_EDGE('',*,*,#6633,.T.);
#8612=ORIENTED_EDGE('',*,*,#6635,.F.);
#8613=ORIENTED_EDGE('',*,*,#6636,.F.);
#8614=ORIENTED_EDGE('',*,*,#6637,.F.);
#8615=ORIENTED_EDGE('',*,*,#6636,.T.);
#8616=ORIENTED_EDGE('',*,*,#6638,.F.);
#8617=ORIENTED_EDGE('',*,*,#6639,.F.);
#8618=ORIENTED_EDGE('',*,*,#6640,.F.);
#8619=ORIENTED_EDGE('',*,*,#6639,.T.);
#8620=ORIENTED_EDGE('',*,*,#6641,.F.);
#8621=ORIENTED_EDGE('',*,*,#6642,.F.);
#8622=ORIENTED_EDGE('',*,*,#6643,.F.);
#8623=ORIENTED_EDGE('',*,*,#6642,.T.);
#8624=ORIENTED_EDGE('',*,*,#6644,.F.);
#8625=ORIENTED_EDGE('',*,*,#6645,.F.);
#8626=ORIENTED_EDGE('',*,*,#6646,.F.);
#8627=ORIENTED_EDGE('',*,*,#6645,.T.);
#8628=ORIENTED_EDGE('',*,*,#6647,.F.);
#8629=ORIENTED_EDGE('',*,*,#6648,.F.);
#8630=ORIENTED_EDGE('',*,*,#6649,.F.);
#8631=ORIENTED_EDGE('',*,*,#6648,.T.);
#8632=ORIENTED_EDGE('',*,*,#6650,.F.);
#8633=ORIENTED_EDGE('',*,*,#6592,.F.);
#8634=ORIENTED_EDGE('',*,*,#6651,.F.);
#8635=ORIENTED_EDGE('',*,*,#6652,.T.);
#8636=ORIENTED_EDGE('',*,*,#6653,.F.);
#8637=ORIENTED_EDGE('',*,*,#6654,.F.);
#8638=ORIENTED_EDGE('',*,*,#6655,.F.);
#8639=ORIENTED_EDGE('',*,*,#6654,.T.);
#8640=ORIENTED_EDGE('',*,*,#6656,.F.);
#8641=ORIENTED_EDGE('',*,*,#6657,.F.);
#8642=ORIENTED_EDGE('',*,*,#6658,.F.);
#8643=ORIENTED_EDGE('',*,*,#6657,.T.);
#8644=ORIENTED_EDGE('',*,*,#6659,.F.);
#8645=ORIENTED_EDGE('',*,*,#6660,.F.);
#8646=ORIENTED_EDGE('',*,*,#6661,.F.);
#8647=ORIENTED_EDGE('',*,*,#6660,.T.);
#8648=ORIENTED_EDGE('',*,*,#6662,.F.);
#8649=ORIENTED_EDGE('',*,*,#6663,.F.);
#8650=ORIENTED_EDGE('',*,*,#6664,.F.);
#8651=ORIENTED_EDGE('',*,*,#6663,.T.);
#8652=ORIENTED_EDGE('',*,*,#6665,.F.);
#8653=ORIENTED_EDGE('',*,*,#6666,.F.);
#8654=ORIENTED_EDGE('',*,*,#6667,.F.);
#8655=ORIENTED_EDGE('',*,*,#6666,.T.);
#8656=ORIENTED_EDGE('',*,*,#6668,.F.);
#8657=ORIENTED_EDGE('',*,*,#6669,.F.);
#8658=ORIENTED_EDGE('',*,*,#6670,.F.);
#8659=ORIENTED_EDGE('',*,*,#6669,.T.);
#8660=ORIENTED_EDGE('',*,*,#6671,.F.);
#8661=ORIENTED_EDGE('',*,*,#6672,.F.);
#8662=ORIENTED_EDGE('',*,*,#6673,.F.);
#8663=ORIENTED_EDGE('',*,*,#6672,.T.);
#8664=ORIENTED_EDGE('',*,*,#6674,.F.);
#8665=ORIENTED_EDGE('',*,*,#6675,.F.);
#8666=ORIENTED_EDGE('',*,*,#6676,.F.);
#8667=ORIENTED_EDGE('',*,*,#6675,.T.);
#8668=ORIENTED_EDGE('',*,*,#6677,.F.);
#8669=ORIENTED_EDGE('',*,*,#6678,.F.);
#8670=ORIENTED_EDGE('',*,*,#6679,.F.);
#8671=ORIENTED_EDGE('',*,*,#6678,.T.);
#8672=ORIENTED_EDGE('',*,*,#6680,.F.);
#8673=ORIENTED_EDGE('',*,*,#6681,.F.);
#8674=ORIENTED_EDGE('',*,*,#6682,.F.);
#8675=ORIENTED_EDGE('',*,*,#6681,.T.);
#8676=ORIENTED_EDGE('',*,*,#6683,.F.);
#8677=ORIENTED_EDGE('',*,*,#6684,.F.);
#8678=ORIENTED_EDGE('',*,*,#6685,.F.);
#8679=ORIENTED_EDGE('',*,*,#6684,.T.);
#8680=ORIENTED_EDGE('',*,*,#6686,.F.);
#8681=ORIENTED_EDGE('',*,*,#6687,.F.);
#8682=ORIENTED_EDGE('',*,*,#6688,.F.);
#8683=ORIENTED_EDGE('',*,*,#6687,.T.);
#8684=ORIENTED_EDGE('',*,*,#6689,.F.);
#8685=ORIENTED_EDGE('',*,*,#6690,.F.);
#8686=ORIENTED_EDGE('',*,*,#6691,.F.);
#8687=ORIENTED_EDGE('',*,*,#6690,.T.);
#8688=ORIENTED_EDGE('',*,*,#6692,.F.);
#8689=ORIENTED_EDGE('',*,*,#6693,.F.);
#8690=ORIENTED_EDGE('',*,*,#6694,.F.);
#8691=ORIENTED_EDGE('',*,*,#6693,.T.);
#8692=ORIENTED_EDGE('',*,*,#6695,.F.);
#8693=ORIENTED_EDGE('',*,*,#6696,.F.);
#8694=ORIENTED_EDGE('',*,*,#6697,.F.);
#8695=ORIENTED_EDGE('',*,*,#6696,.T.);
#8696=ORIENTED_EDGE('',*,*,#6698,.F.);
#8697=ORIENTED_EDGE('',*,*,#6699,.F.);
#8698=ORIENTED_EDGE('',*,*,#6700,.F.);
#8699=ORIENTED_EDGE('',*,*,#6699,.T.);
#8700=ORIENTED_EDGE('',*,*,#6701,.F.);
#8701=ORIENTED_EDGE('',*,*,#6702,.F.);
#8702=ORIENTED_EDGE('',*,*,#6703,.F.);
#8703=ORIENTED_EDGE('',*,*,#6702,.T.);
#8704=ORIENTED_EDGE('',*,*,#6704,.F.);
#8705=ORIENTED_EDGE('',*,*,#6705,.F.);
#8706=ORIENTED_EDGE('',*,*,#6706,.F.);
#8707=ORIENTED_EDGE('',*,*,#6705,.T.);
#8708=ORIENTED_EDGE('',*,*,#6707,.F.);
#8709=ORIENTED_EDGE('',*,*,#6708,.F.);
#8710=ORIENTED_EDGE('',*,*,#6709,.F.);
#8711=ORIENTED_EDGE('',*,*,#6708,.T.);
#8712=ORIENTED_EDGE('',*,*,#6710,.F.);
#8713=ORIENTED_EDGE('',*,*,#6652,.F.);
#8714=ORIENTED_EDGE('',*,*,#6711,.F.);
#8715=ORIENTED_EDGE('',*,*,#6712,.T.);
#8716=ORIENTED_EDGE('',*,*,#6713,.F.);
#8717=ORIENTED_EDGE('',*,*,#6714,.F.);
#8718=ORIENTED_EDGE('',*,*,#6715,.F.);
#8719=ORIENTED_EDGE('',*,*,#6714,.T.);
#8720=ORIENTED_EDGE('',*,*,#6716,.F.);
#8721=ORIENTED_EDGE('',*,*,#6717,.F.);
#8722=ORIENTED_EDGE('',*,*,#6718,.F.);
#8723=ORIENTED_EDGE('',*,*,#6717,.T.);
#8724=ORIENTED_EDGE('',*,*,#6719,.F.);
#8725=ORIENTED_EDGE('',*,*,#6720,.F.);
#8726=ORIENTED_EDGE('',*,*,#6721,.F.);
#8727=ORIENTED_EDGE('',*,*,#6720,.T.);
#8728=ORIENTED_EDGE('',*,*,#6722,.F.);
#8729=ORIENTED_EDGE('',*,*,#6723,.F.);
#8730=ORIENTED_EDGE('',*,*,#6724,.F.);
#8731=ORIENTED_EDGE('',*,*,#6723,.T.);
#8732=ORIENTED_EDGE('',*,*,#6725,.F.);
#8733=ORIENTED_EDGE('',*,*,#6726,.F.);
#8734=ORIENTED_EDGE('',*,*,#6727,.F.);
#8735=ORIENTED_EDGE('',*,*,#6726,.T.);
#8736=ORIENTED_EDGE('',*,*,#6728,.F.);
#8737=ORIENTED_EDGE('',*,*,#6729,.F.);
#8738=ORIENTED_EDGE('',*,*,#6730,.F.);
#8739=ORIENTED_EDGE('',*,*,#6729,.T.);
#8740=ORIENTED_EDGE('',*,*,#6731,.F.);
#8741=ORIENTED_EDGE('',*,*,#6732,.F.);
#8742=ORIENTED_EDGE('',*,*,#6733,.F.);
#8743=ORIENTED_EDGE('',*,*,#6732,.T.);
#8744=ORIENTED_EDGE('',*,*,#6734,.F.);
#8745=ORIENTED_EDGE('',*,*,#6735,.F.);
#8746=ORIENTED_EDGE('',*,*,#6736,.F.);
#8747=ORIENTED_EDGE('',*,*,#6735,.T.);
#8748=ORIENTED_EDGE('',*,*,#6737,.F.);
#8749=ORIENTED_EDGE('',*,*,#6738,.F.);
#8750=ORIENTED_EDGE('',*,*,#6739,.F.);
#8751=ORIENTED_EDGE('',*,*,#6738,.T.);
#8752=ORIENTED_EDGE('',*,*,#6740,.F.);
#8753=ORIENTED_EDGE('',*,*,#6741,.F.);
#8754=ORIENTED_EDGE('',*,*,#6742,.F.);
#8755=ORIENTED_EDGE('',*,*,#6741,.T.);
#8756=ORIENTED_EDGE('',*,*,#6743,.F.);
#8757=ORIENTED_EDGE('',*,*,#6744,.F.);
#8758=ORIENTED_EDGE('',*,*,#6745,.F.);
#8759=ORIENTED_EDGE('',*,*,#6744,.T.);
#8760=ORIENTED_EDGE('',*,*,#6746,.F.);
#8761=ORIENTED_EDGE('',*,*,#6747,.F.);
#8762=ORIENTED_EDGE('',*,*,#6748,.F.);
#8763=ORIENTED_EDGE('',*,*,#6747,.T.);
#8764=ORIENTED_EDGE('',*,*,#6749,.F.);
#8765=ORIENTED_EDGE('',*,*,#6750,.F.);
#8766=ORIENTED_EDGE('',*,*,#6751,.F.);
#8767=ORIENTED_EDGE('',*,*,#6750,.T.);
#8768=ORIENTED_EDGE('',*,*,#6752,.F.);
#8769=ORIENTED_EDGE('',*,*,#6753,.F.);
#8770=ORIENTED_EDGE('',*,*,#6754,.F.);
#8771=ORIENTED_EDGE('',*,*,#6753,.T.);
#8772=ORIENTED_EDGE('',*,*,#6755,.F.);
#8773=ORIENTED_EDGE('',*,*,#6756,.F.);
#8774=ORIENTED_EDGE('',*,*,#6757,.F.);
#8775=ORIENTED_EDGE('',*,*,#6756,.T.);
#8776=ORIENTED_EDGE('',*,*,#6758,.F.);
#8777=ORIENTED_EDGE('',*,*,#6759,.F.);
#8778=ORIENTED_EDGE('',*,*,#6760,.F.);
#8779=ORIENTED_EDGE('',*,*,#6759,.T.);
#8780=ORIENTED_EDGE('',*,*,#6761,.F.);
#8781=ORIENTED_EDGE('',*,*,#6762,.F.);
#8782=ORIENTED_EDGE('',*,*,#6763,.F.);
#8783=ORIENTED_EDGE('',*,*,#6762,.T.);
#8784=ORIENTED_EDGE('',*,*,#6764,.F.);
#8785=ORIENTED_EDGE('',*,*,#6765,.F.);
#8786=ORIENTED_EDGE('',*,*,#6766,.F.);
#8787=ORIENTED_EDGE('',*,*,#6765,.T.);
#8788=ORIENTED_EDGE('',*,*,#6767,.F.);
#8789=ORIENTED_EDGE('',*,*,#6768,.F.);
#8790=ORIENTED_EDGE('',*,*,#6769,.F.);
#8791=ORIENTED_EDGE('',*,*,#6768,.T.);
#8792=ORIENTED_EDGE('',*,*,#6770,.F.);
#8793=ORIENTED_EDGE('',*,*,#6712,.F.);
#8794=ORIENTED_EDGE('',*,*,#6771,.F.);
#8795=ORIENTED_EDGE('',*,*,#6772,.T.);
#8796=ORIENTED_EDGE('',*,*,#6773,.F.);
#8797=ORIENTED_EDGE('',*,*,#6774,.F.);
#8798=ORIENTED_EDGE('',*,*,#6775,.F.);
#8799=ORIENTED_EDGE('',*,*,#6774,.T.);
#8800=ORIENTED_EDGE('',*,*,#6776,.F.);
#8801=ORIENTED_EDGE('',*,*,#6777,.F.);
#8802=ORIENTED_EDGE('',*,*,#6778,.F.);
#8803=ORIENTED_EDGE('',*,*,#6777,.T.);
#8804=ORIENTED_EDGE('',*,*,#6779,.F.);
#8805=ORIENTED_EDGE('',*,*,#6780,.F.);
#8806=ORIENTED_EDGE('',*,*,#6781,.F.);
#8807=ORIENTED_EDGE('',*,*,#6780,.T.);
#8808=ORIENTED_EDGE('',*,*,#6782,.F.);
#8809=ORIENTED_EDGE('',*,*,#6783,.F.);
#8810=ORIENTED_EDGE('',*,*,#6784,.F.);
#8811=ORIENTED_EDGE('',*,*,#6783,.T.);
#8812=ORIENTED_EDGE('',*,*,#6785,.F.);
#8813=ORIENTED_EDGE('',*,*,#6786,.F.);
#8814=ORIENTED_EDGE('',*,*,#6787,.F.);
#8815=ORIENTED_EDGE('',*,*,#6786,.T.);
#8816=ORIENTED_EDGE('',*,*,#6788,.F.);
#8817=ORIENTED_EDGE('',*,*,#6789,.F.);
#8818=ORIENTED_EDGE('',*,*,#6790,.F.);
#8819=ORIENTED_EDGE('',*,*,#6789,.T.);
#8820=ORIENTED_EDGE('',*,*,#6791,.F.);
#8821=ORIENTED_EDGE('',*,*,#6792,.F.);
#8822=ORIENTED_EDGE('',*,*,#6793,.F.);
#8823=ORIENTED_EDGE('',*,*,#6792,.T.);
#8824=ORIENTED_EDGE('',*,*,#6794,.F.);
#8825=ORIENTED_EDGE('',*,*,#6795,.F.);
#8826=ORIENTED_EDGE('',*,*,#6796,.F.);
#8827=ORIENTED_EDGE('',*,*,#6795,.T.);
#8828=ORIENTED_EDGE('',*,*,#6797,.F.);
#8829=ORIENTED_EDGE('',*,*,#6798,.F.);
#8830=ORIENTED_EDGE('',*,*,#6799,.F.);
#8831=ORIENTED_EDGE('',*,*,#6798,.T.);
#8832=ORIENTED_EDGE('',*,*,#6800,.F.);
#8833=ORIENTED_EDGE('',*,*,#6801,.F.);
#8834=ORIENTED_EDGE('',*,*,#6802,.F.);
#8835=ORIENTED_EDGE('',*,*,#6801,.T.);
#8836=ORIENTED_EDGE('',*,*,#6803,.F.);
#8837=ORIENTED_EDGE('',*,*,#6804,.F.);
#8838=ORIENTED_EDGE('',*,*,#6805,.F.);
#8839=ORIENTED_EDGE('',*,*,#6804,.T.);
#8840=ORIENTED_EDGE('',*,*,#6806,.F.);
#8841=ORIENTED_EDGE('',*,*,#6807,.F.);
#8842=ORIENTED_EDGE('',*,*,#6808,.F.);
#8843=ORIENTED_EDGE('',*,*,#6807,.T.);
#8844=ORIENTED_EDGE('',*,*,#6809,.F.);
#8845=ORIENTED_EDGE('',*,*,#6810,.F.);
#8846=ORIENTED_EDGE('',*,*,#6811,.F.);
#8847=ORIENTED_EDGE('',*,*,#6810,.T.);
#8848=ORIENTED_EDGE('',*,*,#6812,.F.);
#8849=ORIENTED_EDGE('',*,*,#6813,.F.);
#8850=ORIENTED_EDGE('',*,*,#6814,.F.);
#8851=ORIENTED_EDGE('',*,*,#6813,.T.);
#8852=ORIENTED_EDGE('',*,*,#6815,.F.);
#8853=ORIENTED_EDGE('',*,*,#6816,.F.);
#8854=ORIENTED_EDGE('',*,*,#6817,.F.);
#8855=ORIENTED_EDGE('',*,*,#6816,.T.);
#8856=ORIENTED_EDGE('',*,*,#6818,.F.);
#8857=ORIENTED_EDGE('',*,*,#6819,.F.);
#8858=ORIENTED_EDGE('',*,*,#6820,.F.);
#8859=ORIENTED_EDGE('',*,*,#6819,.T.);
#8860=ORIENTED_EDGE('',*,*,#6821,.F.);
#8861=ORIENTED_EDGE('',*,*,#6822,.F.);
#8862=ORIENTED_EDGE('',*,*,#6823,.F.);
#8863=ORIENTED_EDGE('',*,*,#6822,.T.);
#8864=ORIENTED_EDGE('',*,*,#6824,.F.);
#8865=ORIENTED_EDGE('',*,*,#6825,.F.);
#8866=ORIENTED_EDGE('',*,*,#6826,.F.);
#8867=ORIENTED_EDGE('',*,*,#6825,.T.);
#8868=ORIENTED_EDGE('',*,*,#6827,.F.);
#8869=ORIENTED_EDGE('',*,*,#6828,.F.);
#8870=ORIENTED_EDGE('',*,*,#6829,.F.);
#8871=ORIENTED_EDGE('',*,*,#6828,.T.);
#8872=ORIENTED_EDGE('',*,*,#6830,.F.);
#8873=ORIENTED_EDGE('',*,*,#6772,.F.);
#8874=ORIENTED_EDGE('',*,*,#6831,.F.);
#8875=ORIENTED_EDGE('',*,*,#6832,.T.);
#8876=ORIENTED_EDGE('',*,*,#6833,.F.);
#8877=ORIENTED_EDGE('',*,*,#6834,.F.);
#8878=ORIENTED_EDGE('',*,*,#6835,.F.);
#8879=ORIENTED_EDGE('',*,*,#6834,.T.);
#8880=ORIENTED_EDGE('',*,*,#6836,.F.);
#8881=ORIENTED_EDGE('',*,*,#6837,.F.);
#8882=ORIENTED_EDGE('',*,*,#6838,.F.);
#8883=ORIENTED_EDGE('',*,*,#6837,.T.);
#8884=ORIENTED_EDGE('',*,*,#6839,.F.);
#8885=ORIENTED_EDGE('',*,*,#6840,.F.);
#8886=ORIENTED_EDGE('',*,*,#6841,.F.);
#8887=ORIENTED_EDGE('',*,*,#6840,.T.);
#8888=ORIENTED_EDGE('',*,*,#6842,.F.);
#8889=ORIENTED_EDGE('',*,*,#6843,.F.);
#8890=ORIENTED_EDGE('',*,*,#6844,.F.);
#8891=ORIENTED_EDGE('',*,*,#6843,.T.);
#8892=ORIENTED_EDGE('',*,*,#6845,.F.);
#8893=ORIENTED_EDGE('',*,*,#6846,.F.);
#8894=ORIENTED_EDGE('',*,*,#6847,.F.);
#8895=ORIENTED_EDGE('',*,*,#6846,.T.);
#8896=ORIENTED_EDGE('',*,*,#6848,.F.);
#8897=ORIENTED_EDGE('',*,*,#6849,.F.);
#8898=ORIENTED_EDGE('',*,*,#6850,.F.);
#8899=ORIENTED_EDGE('',*,*,#6849,.T.);
#8900=ORIENTED_EDGE('',*,*,#6851,.F.);
#8901=ORIENTED_EDGE('',*,*,#6852,.F.);
#8902=ORIENTED_EDGE('',*,*,#6853,.F.);
#8903=ORIENTED_EDGE('',*,*,#6852,.T.);
#8904=ORIENTED_EDGE('',*,*,#6854,.F.);
#8905=ORIENTED_EDGE('',*,*,#6855,.F.);
#8906=ORIENTED_EDGE('',*,*,#6856,.F.);
#8907=ORIENTED_EDGE('',*,*,#6855,.T.);
#8908=ORIENTED_EDGE('',*,*,#6857,.F.);
#8909=ORIENTED_EDGE('',*,*,#6858,.F.);
#8910=ORIENTED_EDGE('',*,*,#6859,.F.);
#8911=ORIENTED_EDGE('',*,*,#6858,.T.);
#8912=ORIENTED_EDGE('',*,*,#6860,.F.);
#8913=ORIENTED_EDGE('',*,*,#6861,.F.);
#8914=ORIENTED_EDGE('',*,*,#6862,.F.);
#8915=ORIENTED_EDGE('',*,*,#6861,.T.);
#8916=ORIENTED_EDGE('',*,*,#6863,.F.);
#8917=ORIENTED_EDGE('',*,*,#6864,.F.);
#8918=ORIENTED_EDGE('',*,*,#6865,.F.);
#8919=ORIENTED_EDGE('',*,*,#6864,.T.);
#8920=ORIENTED_EDGE('',*,*,#6866,.F.);
#8921=ORIENTED_EDGE('',*,*,#6867,.F.);
#8922=ORIENTED_EDGE('',*,*,#6868,.F.);
#8923=ORIENTED_EDGE('',*,*,#6867,.T.);
#8924=ORIENTED_EDGE('',*,*,#6869,.F.);
#8925=ORIENTED_EDGE('',*,*,#6870,.F.);
#8926=ORIENTED_EDGE('',*,*,#6871,.F.);
#8927=ORIENTED_EDGE('',*,*,#6870,.T.);
#8928=ORIENTED_EDGE('',*,*,#6872,.F.);
#8929=ORIENTED_EDGE('',*,*,#6873,.F.);
#8930=ORIENTED_EDGE('',*,*,#6874,.F.);
#8931=ORIENTED_EDGE('',*,*,#6873,.T.);
#8932=ORIENTED_EDGE('',*,*,#6875,.F.);
#8933=ORIENTED_EDGE('',*,*,#6876,.F.);
#8934=ORIENTED_EDGE('',*,*,#6877,.F.);
#8935=ORIENTED_EDGE('',*,*,#6876,.T.);
#8936=ORIENTED_EDGE('',*,*,#6878,.F.);
#8937=ORIENTED_EDGE('',*,*,#6879,.F.);
#8938=ORIENTED_EDGE('',*,*,#6880,.F.);
#8939=ORIENTED_EDGE('',*,*,#6879,.T.);
#8940=ORIENTED_EDGE('',*,*,#6881,.F.);
#8941=ORIENTED_EDGE('',*,*,#6882,.F.);
#8942=ORIENTED_EDGE('',*,*,#6883,.F.);
#8943=ORIENTED_EDGE('',*,*,#6882,.T.);
#8944=ORIENTED_EDGE('',*,*,#6884,.F.);
#8945=ORIENTED_EDGE('',*,*,#6885,.F.);
#8946=ORIENTED_EDGE('',*,*,#6886,.F.);
#8947=ORIENTED_EDGE('',*,*,#6885,.T.);
#8948=ORIENTED_EDGE('',*,*,#6887,.F.);
#8949=ORIENTED_EDGE('',*,*,#6888,.F.);
#8950=ORIENTED_EDGE('',*,*,#6889,.F.);
#8951=ORIENTED_EDGE('',*,*,#6888,.T.);
#8952=ORIENTED_EDGE('',*,*,#6890,.F.);
#8953=ORIENTED_EDGE('',*,*,#6832,.F.);
#8954=ORIENTED_EDGE('',*,*,#6891,.F.);
#8955=ORIENTED_EDGE('',*,*,#6892,.T.);
#8956=ORIENTED_EDGE('',*,*,#6893,.F.);
#8957=ORIENTED_EDGE('',*,*,#6894,.F.);
#8958=ORIENTED_EDGE('',*,*,#6895,.F.);
#8959=ORIENTED_EDGE('',*,*,#6894,.T.);
#8960=ORIENTED_EDGE('',*,*,#6896,.F.);
#8961=ORIENTED_EDGE('',*,*,#6897,.F.);
#8962=ORIENTED_EDGE('',*,*,#6898,.F.);
#8963=ORIENTED_EDGE('',*,*,#6897,.T.);
#8964=ORIENTED_EDGE('',*,*,#6899,.F.);
#8965=ORIENTED_EDGE('',*,*,#6900,.F.);
#8966=ORIENTED_EDGE('',*,*,#6901,.F.);
#8967=ORIENTED_EDGE('',*,*,#6900,.T.);
#8968=ORIENTED_EDGE('',*,*,#6902,.F.);
#8969=ORIENTED_EDGE('',*,*,#6903,.F.);
#8970=ORIENTED_EDGE('',*,*,#6904,.F.);
#8971=ORIENTED_EDGE('',*,*,#6903,.T.);
#8972=ORIENTED_EDGE('',*,*,#6905,.F.);
#8973=ORIENTED_EDGE('',*,*,#6906,.F.);
#8974=ORIENTED_EDGE('',*,*,#6907,.F.);
#8975=ORIENTED_EDGE('',*,*,#6906,.T.);
#8976=ORIENTED_EDGE('',*,*,#6908,.F.);
#8977=ORIENTED_EDGE('',*,*,#6909,.F.);
#8978=ORIENTED_EDGE('',*,*,#6910,.F.);
#8979=ORIENTED_EDGE('',*,*,#6909,.T.);
#8980=ORIENTED_EDGE('',*,*,#6911,.F.);
#8981=ORIENTED_EDGE('',*,*,#6912,.F.);
#8982=ORIENTED_EDGE('',*,*,#6913,.F.);
#8983=ORIENTED_EDGE('',*,*,#6912,.T.);
#8984=ORIENTED_EDGE('',*,*,#6914,.F.);
#8985=ORIENTED_EDGE('',*,*,#6915,.F.);
#8986=ORIENTED_EDGE('',*,*,#6916,.F.);
#8987=ORIENTED_EDGE('',*,*,#6915,.T.);
#8988=ORIENTED_EDGE('',*,*,#6917,.F.);
#8989=ORIENTED_EDGE('',*,*,#6918,.F.);
#8990=ORIENTED_EDGE('',*,*,#6919,.F.);
#8991=ORIENTED_EDGE('',*,*,#6918,.T.);
#8992=ORIENTED_EDGE('',*,*,#6920,.F.);
#8993=ORIENTED_EDGE('',*,*,#6921,.F.);
#8994=ORIENTED_EDGE('',*,*,#6922,.F.);
#8995=ORIENTED_EDGE('',*,*,#6921,.T.);
#8996=ORIENTED_EDGE('',*,*,#6923,.F.);
#8997=ORIENTED_EDGE('',*,*,#6924,.F.);
#8998=ORIENTED_EDGE('',*,*,#6925,.F.);
#8999=ORIENTED_EDGE('',*,*,#6924,.T.);
#9000=ORIENTED_EDGE('',*,*,#6926,.F.);
#9001=ORIENTED_EDGE('',*,*,#6927,.F.);
#9002=ORIENTED_EDGE('',*,*,#6928,.F.);
#9003=ORIENTED_EDGE('',*,*,#6927,.T.);
#9004=ORIENTED_EDGE('',*,*,#6929,.F.);
#9005=ORIENTED_EDGE('',*,*,#6930,.F.);
#9006=ORIENTED_EDGE('',*,*,#6931,.F.);
#9007=ORIENTED_EDGE('',*,*,#6930,.T.);
#9008=ORIENTED_EDGE('',*,*,#6932,.F.);
#9009=ORIENTED_EDGE('',*,*,#6933,.F.);
#9010=ORIENTED_EDGE('',*,*,#6934,.F.);
#9011=ORIENTED_EDGE('',*,*,#6933,.T.);
#9012=ORIENTED_EDGE('',*,*,#6935,.F.);
#9013=ORIENTED_EDGE('',*,*,#6936,.F.);
#9014=ORIENTED_EDGE('',*,*,#6937,.F.);
#9015=ORIENTED_EDGE('',*,*,#6936,.T.);
#9016=ORIENTED_EDGE('',*,*,#6938,.F.);
#9017=ORIENTED_EDGE('',*,*,#6939,.F.);
#9018=ORIENTED_EDGE('',*,*,#6940,.F.);
#9019=ORIENTED_EDGE('',*,*,#6939,.T.);
#9020=ORIENTED_EDGE('',*,*,#6941,.F.);
#9021=ORIENTED_EDGE('',*,*,#6942,.F.);
#9022=ORIENTED_EDGE('',*,*,#6943,.F.);
#9023=ORIENTED_EDGE('',*,*,#6942,.T.);
#9024=ORIENTED_EDGE('',*,*,#6944,.F.);
#9025=ORIENTED_EDGE('',*,*,#6945,.F.);
#9026=ORIENTED_EDGE('',*,*,#6946,.F.);
#9027=ORIENTED_EDGE('',*,*,#6945,.T.);
#9028=ORIENTED_EDGE('',*,*,#6947,.F.);
#9029=ORIENTED_EDGE('',*,*,#6948,.F.);
#9030=ORIENTED_EDGE('',*,*,#6949,.F.);
#9031=ORIENTED_EDGE('',*,*,#6948,.T.);
#9032=ORIENTED_EDGE('',*,*,#6950,.F.);
#9033=ORIENTED_EDGE('',*,*,#6892,.F.);
#9034=ORIENTED_EDGE('',*,*,#6951,.F.);
#9035=ORIENTED_EDGE('',*,*,#6952,.T.);
#9036=ORIENTED_EDGE('',*,*,#6953,.F.);
#9037=ORIENTED_EDGE('',*,*,#6954,.F.);
#9038=ORIENTED_EDGE('',*,*,#6955,.F.);
#9039=ORIENTED_EDGE('',*,*,#6954,.T.);
#9040=ORIENTED_EDGE('',*,*,#6956,.F.);
#9041=ORIENTED_EDGE('',*,*,#6957,.F.);
#9042=ORIENTED_EDGE('',*,*,#6958,.F.);
#9043=ORIENTED_EDGE('',*,*,#6957,.T.);
#9044=ORIENTED_EDGE('',*,*,#6959,.F.);
#9045=ORIENTED_EDGE('',*,*,#6960,.F.);
#9046=ORIENTED_EDGE('',*,*,#6961,.F.);
#9047=ORIENTED_EDGE('',*,*,#6960,.T.);
#9048=ORIENTED_EDGE('',*,*,#6962,.F.);
#9049=ORIENTED_EDGE('',*,*,#6963,.F.);
#9050=ORIENTED_EDGE('',*,*,#6964,.F.);
#9051=ORIENTED_EDGE('',*,*,#6963,.T.);
#9052=ORIENTED_EDGE('',*,*,#6965,.F.);
#9053=ORIENTED_EDGE('',*,*,#6966,.F.);
#9054=ORIENTED_EDGE('',*,*,#6967,.F.);
#9055=ORIENTED_EDGE('',*,*,#6966,.T.);
#9056=ORIENTED_EDGE('',*,*,#6968,.F.);
#9057=ORIENTED_EDGE('',*,*,#6969,.F.);
#9058=ORIENTED_EDGE('',*,*,#6970,.F.);
#9059=ORIENTED_EDGE('',*,*,#6969,.T.);
#9060=ORIENTED_EDGE('',*,*,#6971,.F.);
#9061=ORIENTED_EDGE('',*,*,#6972,.F.);
#9062=ORIENTED_EDGE('',*,*,#6973,.F.);
#9063=ORIENTED_EDGE('',*,*,#6972,.T.);
#9064=ORIENTED_EDGE('',*,*,#6974,.F.);
#9065=ORIENTED_EDGE('',*,*,#6975,.F.);
#9066=ORIENTED_EDGE('',*,*,#6976,.F.);
#9067=ORIENTED_EDGE('',*,*,#6975,.T.);
#9068=ORIENTED_EDGE('',*,*,#6977,.F.);
#9069=ORIENTED_EDGE('',*,*,#6978,.F.);
#9070=ORIENTED_EDGE('',*,*,#6979,.F.);
#9071=ORIENTED_EDGE('',*,*,#6978,.T.);
#9072=ORIENTED_EDGE('',*,*,#6980,.F.);
#9073=ORIENTED_EDGE('',*,*,#6981,.F.);
#9074=ORIENTED_EDGE('',*,*,#6982,.F.);
#9075=ORIENTED_EDGE('',*,*,#6981,.T.);
#9076=ORIENTED_EDGE('',*,*,#6983,.F.);
#9077=ORIENTED_EDGE('',*,*,#6984,.F.);
#9078=ORIENTED_EDGE('',*,*,#6985,.F.);
#9079=ORIENTED_EDGE('',*,*,#6984,.T.);
#9080=ORIENTED_EDGE('',*,*,#6986,.F.);
#9081=ORIENTED_EDGE('',*,*,#6987,.F.);
#9082=ORIENTED_EDGE('',*,*,#6988,.F.);
#9083=ORIENTED_EDGE('',*,*,#6987,.T.);
#9084=ORIENTED_EDGE('',*,*,#6989,.F.);
#9085=ORIENTED_EDGE('',*,*,#6990,.F.);
#9086=ORIENTED_EDGE('',*,*,#6991,.F.);
#9087=ORIENTED_EDGE('',*,*,#6990,.T.);
#9088=ORIENTED_EDGE('',*,*,#6992,.F.);
#9089=ORIENTED_EDGE('',*,*,#6993,.F.);
#9090=ORIENTED_EDGE('',*,*,#6994,.F.);
#9091=ORIENTED_EDGE('',*,*,#6993,.T.);
#9092=ORIENTED_EDGE('',*,*,#6995,.F.);
#9093=ORIENTED_EDGE('',*,*,#6996,.F.);
#9094=ORIENTED_EDGE('',*,*,#6997,.F.);
#9095=ORIENTED_EDGE('',*,*,#6996,.T.);
#9096=ORIENTED_EDGE('',*,*,#6998,.F.);
#9097=ORIENTED_EDGE('',*,*,#6999,.F.);
#9098=ORIENTED_EDGE('',*,*,#7000,.F.);
#9099=ORIENTED_EDGE('',*,*,#6999,.T.);
#9100=ORIENTED_EDGE('',*,*,#7001,.F.);
#9101=ORIENTED_EDGE('',*,*,#7002,.F.);
#9102=ORIENTED_EDGE('',*,*,#7003,.F.);
#9103=ORIENTED_EDGE('',*,*,#7002,.T.);
#9104=ORIENTED_EDGE('',*,*,#7004,.F.);
#9105=ORIENTED_EDGE('',*,*,#7005,.F.);
#9106=ORIENTED_EDGE('',*,*,#7006,.F.);
#9107=ORIENTED_EDGE('',*,*,#7005,.T.);
#9108=ORIENTED_EDGE('',*,*,#7007,.F.);
#9109=ORIENTED_EDGE('',*,*,#7008,.F.);
#9110=ORIENTED_EDGE('',*,*,#7009,.F.);
#9111=ORIENTED_EDGE('',*,*,#7008,.T.);
#9112=ORIENTED_EDGE('',*,*,#7010,.F.);
#9113=ORIENTED_EDGE('',*,*,#6952,.F.);
#9114=ORIENTED_EDGE('',*,*,#7011,.F.);
#9115=ORIENTED_EDGE('',*,*,#7012,.T.);
#9116=ORIENTED_EDGE('',*,*,#7013,.F.);
#9117=ORIENTED_EDGE('',*,*,#7014,.F.);
#9118=ORIENTED_EDGE('',*,*,#7015,.F.);
#9119=ORIENTED_EDGE('',*,*,#7014,.T.);
#9120=ORIENTED_EDGE('',*,*,#7016,.F.);
#9121=ORIENTED_EDGE('',*,*,#7017,.F.);
#9122=ORIENTED_EDGE('',*,*,#7018,.F.);
#9123=ORIENTED_EDGE('',*,*,#7017,.T.);
#9124=ORIENTED_EDGE('',*,*,#7019,.F.);
#9125=ORIENTED_EDGE('',*,*,#7020,.F.);
#9126=ORIENTED_EDGE('',*,*,#7021,.F.);
#9127=ORIENTED_EDGE('',*,*,#7020,.T.);
#9128=ORIENTED_EDGE('',*,*,#7022,.F.);
#9129=ORIENTED_EDGE('',*,*,#7023,.F.);
#9130=ORIENTED_EDGE('',*,*,#7024,.F.);
#9131=ORIENTED_EDGE('',*,*,#7023,.T.);
#9132=ORIENTED_EDGE('',*,*,#7025,.F.);
#9133=ORIENTED_EDGE('',*,*,#7026,.F.);
#9134=ORIENTED_EDGE('',*,*,#7027,.F.);
#9135=ORIENTED_EDGE('',*,*,#7026,.T.);
#9136=ORIENTED_EDGE('',*,*,#7028,.F.);
#9137=ORIENTED_EDGE('',*,*,#7029,.F.);
#9138=ORIENTED_EDGE('',*,*,#7030,.F.);
#9139=ORIENTED_EDGE('',*,*,#7029,.T.);
#9140=ORIENTED_EDGE('',*,*,#7031,.F.);
#9141=ORIENTED_EDGE('',*,*,#7032,.F.);
#9142=ORIENTED_EDGE('',*,*,#7033,.F.);
#9143=ORIENTED_EDGE('',*,*,#7032,.T.);
#9144=ORIENTED_EDGE('',*,*,#7034,.F.);
#9145=ORIENTED_EDGE('',*,*,#7035,.F.);
#9146=ORIENTED_EDGE('',*,*,#7036,.F.);
#9147=ORIENTED_EDGE('',*,*,#7035,.T.);
#9148=ORIENTED_EDGE('',*,*,#7037,.F.);
#9149=ORIENTED_EDGE('',*,*,#7038,.F.);
#9150=ORIENTED_EDGE('',*,*,#7039,.F.);
#9151=ORIENTED_EDGE('',*,*,#7038,.T.);
#9152=ORIENTED_EDGE('',*,*,#7040,.F.);
#9153=ORIENTED_EDGE('',*,*,#7041,.F.);
#9154=ORIENTED_EDGE('',*,*,#7042,.F.);
#9155=ORIENTED_EDGE('',*,*,#7041,.T.);
#9156=ORIENTED_EDGE('',*,*,#7043,.F.);
#9157=ORIENTED_EDGE('',*,*,#7044,.F.);
#9158=ORIENTED_EDGE('',*,*,#7045,.F.);
#9159=ORIENTED_EDGE('',*,*,#7044,.T.);
#9160=ORIENTED_EDGE('',*,*,#7046,.F.);
#9161=ORIENTED_EDGE('',*,*,#7047,.F.);
#9162=ORIENTED_EDGE('',*,*,#7048,.F.);
#9163=ORIENTED_EDGE('',*,*,#7047,.T.);
#9164=ORIENTED_EDGE('',*,*,#7049,.F.);
#9165=ORIENTED_EDGE('',*,*,#7050,.F.);
#9166=ORIENTED_EDGE('',*,*,#7051,.F.);
#9167=ORIENTED_EDGE('',*,*,#7050,.T.);
#9168=ORIENTED_EDGE('',*,*,#7052,.F.);
#9169=ORIENTED_EDGE('',*,*,#7053,.F.);
#9170=ORIENTED_EDGE('',*,*,#7054,.F.);
#9171=ORIENTED_EDGE('',*,*,#7053,.T.);
#9172=ORIENTED_EDGE('',*,*,#7055,.F.);
#9173=ORIENTED_EDGE('',*,*,#7056,.F.);
#9174=ORIENTED_EDGE('',*,*,#7057,.F.);
#9175=ORIENTED_EDGE('',*,*,#7056,.T.);
#9176=ORIENTED_EDGE('',*,*,#7058,.F.);
#9177=ORIENTED_EDGE('',*,*,#7059,.F.);
#9178=ORIENTED_EDGE('',*,*,#7060,.F.);
#9179=ORIENTED_EDGE('',*,*,#7059,.T.);
#9180=ORIENTED_EDGE('',*,*,#7061,.F.);
#9181=ORIENTED_EDGE('',*,*,#7062,.F.);
#9182=ORIENTED_EDGE('',*,*,#7063,.F.);
#9183=ORIENTED_EDGE('',*,*,#7062,.T.);
#9184=ORIENTED_EDGE('',*,*,#7064,.F.);
#9185=ORIENTED_EDGE('',*,*,#7065,.F.);
#9186=ORIENTED_EDGE('',*,*,#7066,.F.);
#9187=ORIENTED_EDGE('',*,*,#7065,.T.);
#9188=ORIENTED_EDGE('',*,*,#7067,.F.);
#9189=ORIENTED_EDGE('',*,*,#7068,.F.);
#9190=ORIENTED_EDGE('',*,*,#7069,.F.);
#9191=ORIENTED_EDGE('',*,*,#7068,.T.);
#9192=ORIENTED_EDGE('',*,*,#7070,.F.);
#9193=ORIENTED_EDGE('',*,*,#7012,.F.);
#9194=ORIENTED_EDGE('',*,*,#7071,.F.);
#9195=ORIENTED_EDGE('',*,*,#7072,.T.);
#9196=ORIENTED_EDGE('',*,*,#7073,.F.);
#9197=ORIENTED_EDGE('',*,*,#7074,.F.);
#9198=ORIENTED_EDGE('',*,*,#7075,.F.);
#9199=ORIENTED_EDGE('',*,*,#7074,.T.);
#9200=ORIENTED_EDGE('',*,*,#7076,.F.);
#9201=ORIENTED_EDGE('',*,*,#7077,.F.);
#9202=ORIENTED_EDGE('',*,*,#7078,.F.);
#9203=ORIENTED_EDGE('',*,*,#7077,.T.);
#9204=ORIENTED_EDGE('',*,*,#7079,.F.);
#9205=ORIENTED_EDGE('',*,*,#7080,.F.);
#9206=ORIENTED_EDGE('',*,*,#7081,.F.);
#9207=ORIENTED_EDGE('',*,*,#7080,.T.);
#9208=ORIENTED_EDGE('',*,*,#7082,.F.);
#9209=ORIENTED_EDGE('',*,*,#7083,.F.);
#9210=ORIENTED_EDGE('',*,*,#7084,.F.);
#9211=ORIENTED_EDGE('',*,*,#7083,.T.);
#9212=ORIENTED_EDGE('',*,*,#7085,.F.);
#9213=ORIENTED_EDGE('',*,*,#7086,.F.);
#9214=ORIENTED_EDGE('',*,*,#7087,.F.);
#9215=ORIENTED_EDGE('',*,*,#7086,.T.);
#9216=ORIENTED_EDGE('',*,*,#7088,.F.);
#9217=ORIENTED_EDGE('',*,*,#7089,.F.);
#9218=ORIENTED_EDGE('',*,*,#7090,.F.);
#9219=ORIENTED_EDGE('',*,*,#7089,.T.);
#9220=ORIENTED_EDGE('',*,*,#7091,.F.);
#9221=ORIENTED_EDGE('',*,*,#7092,.F.);
#9222=ORIENTED_EDGE('',*,*,#7093,.F.);
#9223=ORIENTED_EDGE('',*,*,#7092,.T.);
#9224=ORIENTED_EDGE('',*,*,#7094,.F.);
#9225=ORIENTED_EDGE('',*,*,#7095,.F.);
#9226=ORIENTED_EDGE('',*,*,#7096,.F.);
#9227=ORIENTED_EDGE('',*,*,#7095,.T.);
#9228=ORIENTED_EDGE('',*,*,#7097,.F.);
#9229=ORIENTED_EDGE('',*,*,#7098,.F.);
#9230=ORIENTED_EDGE('',*,*,#7099,.F.);
#9231=ORIENTED_EDGE('',*,*,#7098,.T.);
#9232=ORIENTED_EDGE('',*,*,#7100,.F.);
#9233=ORIENTED_EDGE('',*,*,#7101,.F.);
#9234=ORIENTED_EDGE('',*,*,#7102,.F.);
#9235=ORIENTED_EDGE('',*,*,#7101,.T.);
#9236=ORIENTED_EDGE('',*,*,#7103,.F.);
#9237=ORIENTED_EDGE('',*,*,#7104,.F.);
#9238=ORIENTED_EDGE('',*,*,#7105,.F.);
#9239=ORIENTED_EDGE('',*,*,#7104,.T.);
#9240=ORIENTED_EDGE('',*,*,#7106,.F.);
#9241=ORIENTED_EDGE('',*,*,#7107,.F.);
#9242=ORIENTED_EDGE('',*,*,#7108,.F.);
#9243=ORIENTED_EDGE('',*,*,#7107,.T.);
#9244=ORIENTED_EDGE('',*,*,#7109,.F.);
#9245=ORIENTED_EDGE('',*,*,#7110,.F.);
#9246=ORIENTED_EDGE('',*,*,#7111,.F.);
#9247=ORIENTED_EDGE('',*,*,#7110,.T.);
#9248=ORIENTED_EDGE('',*,*,#7112,.F.);
#9249=ORIENTED_EDGE('',*,*,#7113,.F.);
#9250=ORIENTED_EDGE('',*,*,#7114,.F.);
#9251=ORIENTED_EDGE('',*,*,#7113,.T.);
#9252=ORIENTED_EDGE('',*,*,#7115,.F.);
#9253=ORIENTED_EDGE('',*,*,#7116,.F.);
#9254=ORIENTED_EDGE('',*,*,#7117,.F.);
#9255=ORIENTED_EDGE('',*,*,#7116,.T.);
#9256=ORIENTED_EDGE('',*,*,#7118,.F.);
#9257=ORIENTED_EDGE('',*,*,#7119,.F.);
#9258=ORIENTED_EDGE('',*,*,#7120,.F.);
#9259=ORIENTED_EDGE('',*,*,#7119,.T.);
#9260=ORIENTED_EDGE('',*,*,#7121,.F.);
#9261=ORIENTED_EDGE('',*,*,#7122,.F.);
#9262=ORIENTED_EDGE('',*,*,#7123,.F.);
#9263=ORIENTED_EDGE('',*,*,#7122,.T.);
#9264=ORIENTED_EDGE('',*,*,#7124,.F.);
#9265=ORIENTED_EDGE('',*,*,#7125,.F.);
#9266=ORIENTED_EDGE('',*,*,#7126,.F.);
#9267=ORIENTED_EDGE('',*,*,#7125,.T.);
#9268=ORIENTED_EDGE('',*,*,#7127,.F.);
#9269=ORIENTED_EDGE('',*,*,#7128,.F.);
#9270=ORIENTED_EDGE('',*,*,#7129,.F.);
#9271=ORIENTED_EDGE('',*,*,#7128,.T.);
#9272=ORIENTED_EDGE('',*,*,#7130,.F.);
#9273=ORIENTED_EDGE('',*,*,#7072,.F.);
#9274=ORIENTED_EDGE('',*,*,#7131,.F.);
#9275=ORIENTED_EDGE('',*,*,#7132,.T.);
#9276=ORIENTED_EDGE('',*,*,#7133,.F.);
#9277=ORIENTED_EDGE('',*,*,#7134,.F.);
#9278=ORIENTED_EDGE('',*,*,#7135,.F.);
#9279=ORIENTED_EDGE('',*,*,#7134,.T.);
#9280=ORIENTED_EDGE('',*,*,#7136,.F.);
#9281=ORIENTED_EDGE('',*,*,#7137,.F.);
#9282=ORIENTED_EDGE('',*,*,#7138,.F.);
#9283=ORIENTED_EDGE('',*,*,#7137,.T.);
#9284=ORIENTED_EDGE('',*,*,#7139,.F.);
#9285=ORIENTED_EDGE('',*,*,#7140,.F.);
#9286=ORIENTED_EDGE('',*,*,#7141,.F.);
#9287=ORIENTED_EDGE('',*,*,#7140,.T.);
#9288=ORIENTED_EDGE('',*,*,#7142,.F.);
#9289=ORIENTED_EDGE('',*,*,#7143,.F.);
#9290=ORIENTED_EDGE('',*,*,#7144,.F.);
#9291=ORIENTED_EDGE('',*,*,#7143,.T.);
#9292=ORIENTED_EDGE('',*,*,#7145,.F.);
#9293=ORIENTED_EDGE('',*,*,#7146,.F.);
#9294=ORIENTED_EDGE('',*,*,#7147,.F.);
#9295=ORIENTED_EDGE('',*,*,#7146,.T.);
#9296=ORIENTED_EDGE('',*,*,#7148,.F.);
#9297=ORIENTED_EDGE('',*,*,#7149,.F.);
#9298=ORIENTED_EDGE('',*,*,#7150,.F.);
#9299=ORIENTED_EDGE('',*,*,#7149,.T.);
#9300=ORIENTED_EDGE('',*,*,#7151,.F.);
#9301=ORIENTED_EDGE('',*,*,#7152,.F.);
#9302=ORIENTED_EDGE('',*,*,#7153,.F.);
#9303=ORIENTED_EDGE('',*,*,#7152,.T.);
#9304=ORIENTED_EDGE('',*,*,#7154,.F.);
#9305=ORIENTED_EDGE('',*,*,#7155,.F.);
#9306=ORIENTED_EDGE('',*,*,#7156,.F.);
#9307=ORIENTED_EDGE('',*,*,#7155,.T.);
#9308=ORIENTED_EDGE('',*,*,#7157,.F.);
#9309=ORIENTED_EDGE('',*,*,#7158,.F.);
#9310=ORIENTED_EDGE('',*,*,#7159,.F.);
#9311=ORIENTED_EDGE('',*,*,#7158,.T.);
#9312=ORIENTED_EDGE('',*,*,#7160,.F.);
#9313=ORIENTED_EDGE('',*,*,#7161,.F.);
#9314=ORIENTED_EDGE('',*,*,#7162,.F.);
#9315=ORIENTED_EDGE('',*,*,#7161,.T.);
#9316=ORIENTED_EDGE('',*,*,#7163,.F.);
#9317=ORIENTED_EDGE('',*,*,#7164,.F.);
#9318=ORIENTED_EDGE('',*,*,#7165,.F.);
#9319=ORIENTED_EDGE('',*,*,#7164,.T.);
#9320=ORIENTED_EDGE('',*,*,#7166,.F.);
#9321=ORIENTED_EDGE('',*,*,#7167,.F.);
#9322=ORIENTED_EDGE('',*,*,#7168,.F.);
#9323=ORIENTED_EDGE('',*,*,#7167,.T.);
#9324=ORIENTED_EDGE('',*,*,#7169,.F.);
#9325=ORIENTED_EDGE('',*,*,#7170,.F.);
#9326=ORIENTED_EDGE('',*,*,#7171,.F.);
#9327=ORIENTED_EDGE('',*,*,#7170,.T.);
#9328=ORIENTED_EDGE('',*,*,#7172,.F.);
#9329=ORIENTED_EDGE('',*,*,#7173,.F.);
#9330=ORIENTED_EDGE('',*,*,#7174,.F.);
#9331=ORIENTED_EDGE('',*,*,#7173,.T.);
#9332=ORIENTED_EDGE('',*,*,#7175,.F.);
#9333=ORIENTED_EDGE('',*,*,#7176,.F.);
#9334=ORIENTED_EDGE('',*,*,#7177,.F.);
#9335=ORIENTED_EDGE('',*,*,#7176,.T.);
#9336=ORIENTED_EDGE('',*,*,#7178,.F.);
#9337=ORIENTED_EDGE('',*,*,#7179,.F.);
#9338=ORIENTED_EDGE('',*,*,#7180,.F.);
#9339=ORIENTED_EDGE('',*,*,#7179,.T.);
#9340=ORIENTED_EDGE('',*,*,#7181,.F.);
#9341=ORIENTED_EDGE('',*,*,#7182,.F.);
#9342=ORIENTED_EDGE('',*,*,#7183,.F.);
#9343=ORIENTED_EDGE('',*,*,#7182,.T.);
#9344=ORIENTED_EDGE('',*,*,#7184,.F.);
#9345=ORIENTED_EDGE('',*,*,#7185,.F.);
#9346=ORIENTED_EDGE('',*,*,#7186,.F.);
#9347=ORIENTED_EDGE('',*,*,#7185,.T.);
#9348=ORIENTED_EDGE('',*,*,#7187,.F.);
#9349=ORIENTED_EDGE('',*,*,#7188,.F.);
#9350=ORIENTED_EDGE('',*,*,#7189,.F.);
#9351=ORIENTED_EDGE('',*,*,#7188,.T.);
#9352=ORIENTED_EDGE('',*,*,#7190,.F.);
#9353=ORIENTED_EDGE('',*,*,#7132,.F.);
#9354=ORIENTED_EDGE('',*,*,#7191,.F.);
#9355=ORIENTED_EDGE('',*,*,#7192,.T.);
#9356=ORIENTED_EDGE('',*,*,#7193,.F.);
#9357=ORIENTED_EDGE('',*,*,#7194,.F.);
#9358=ORIENTED_EDGE('',*,*,#7195,.F.);
#9359=ORIENTED_EDGE('',*,*,#7194,.T.);
#9360=ORIENTED_EDGE('',*,*,#7196,.F.);
#9361=ORIENTED_EDGE('',*,*,#7197,.F.);
#9362=ORIENTED_EDGE('',*,*,#7198,.F.);
#9363=ORIENTED_EDGE('',*,*,#7197,.T.);
#9364=ORIENTED_EDGE('',*,*,#7199,.F.);
#9365=ORIENTED_EDGE('',*,*,#7200,.F.);
#9366=ORIENTED_EDGE('',*,*,#7201,.F.);
#9367=ORIENTED_EDGE('',*,*,#7200,.T.);
#9368=ORIENTED_EDGE('',*,*,#7202,.F.);
#9369=ORIENTED_EDGE('',*,*,#7203,.F.);
#9370=ORIENTED_EDGE('',*,*,#7204,.F.);
#9371=ORIENTED_EDGE('',*,*,#7203,.T.);
#9372=ORIENTED_EDGE('',*,*,#7205,.F.);
#9373=ORIENTED_EDGE('',*,*,#7206,.F.);
#9374=ORIENTED_EDGE('',*,*,#7207,.F.);
#9375=ORIENTED_EDGE('',*,*,#7206,.T.);
#9376=ORIENTED_EDGE('',*,*,#7208,.F.);
#9377=ORIENTED_EDGE('',*,*,#7209,.F.);
#9378=ORIENTED_EDGE('',*,*,#7210,.F.);
#9379=ORIENTED_EDGE('',*,*,#7209,.T.);
#9380=ORIENTED_EDGE('',*,*,#7211,.F.);
#9381=ORIENTED_EDGE('',*,*,#7212,.F.);
#9382=ORIENTED_EDGE('',*,*,#7213,.F.);
#9383=ORIENTED_EDGE('',*,*,#7212,.T.);
#9384=ORIENTED_EDGE('',*,*,#7214,.F.);
#9385=ORIENTED_EDGE('',*,*,#7215,.F.);
#9386=ORIENTED_EDGE('',*,*,#7216,.F.);
#9387=ORIENTED_EDGE('',*,*,#7215,.T.);
#9388=ORIENTED_EDGE('',*,*,#7217,.F.);
#9389=ORIENTED_EDGE('',*,*,#7218,.F.);
#9390=ORIENTED_EDGE('',*,*,#7219,.F.);
#9391=ORIENTED_EDGE('',*,*,#7218,.T.);
#9392=ORIENTED_EDGE('',*,*,#7220,.F.);
#9393=ORIENTED_EDGE('',*,*,#7221,.F.);
#9394=ORIENTED_EDGE('',*,*,#7222,.F.);
#9395=ORIENTED_EDGE('',*,*,#7221,.T.);
#9396=ORIENTED_EDGE('',*,*,#7223,.F.);
#9397=ORIENTED_EDGE('',*,*,#7224,.F.);
#9398=ORIENTED_EDGE('',*,*,#7225,.F.);
#9399=ORIENTED_EDGE('',*,*,#7224,.T.);
#9400=ORIENTED_EDGE('',*,*,#7226,.F.);
#9401=ORIENTED_EDGE('',*,*,#7227,.F.);
#9402=ORIENTED_EDGE('',*,*,#7228,.F.);
#9403=ORIENTED_EDGE('',*,*,#7227,.T.);
#9404=ORIENTED_EDGE('',*,*,#7229,.F.);
#9405=ORIENTED_EDGE('',*,*,#7230,.F.);
#9406=ORIENTED_EDGE('',*,*,#7231,.F.);
#9407=ORIENTED_EDGE('',*,*,#7230,.T.);
#9408=ORIENTED_EDGE('',*,*,#7232,.F.);
#9409=ORIENTED_EDGE('',*,*,#7233,.F.);
#9410=ORIENTED_EDGE('',*,*,#7234,.F.);
#9411=ORIENTED_EDGE('',*,*,#7233,.T.);
#9412=ORIENTED_EDGE('',*,*,#7235,.F.);
#9413=ORIENTED_EDGE('',*,*,#7236,.F.);
#9414=ORIENTED_EDGE('',*,*,#7237,.F.);
#9415=ORIENTED_EDGE('',*,*,#7236,.T.);
#9416=ORIENTED_EDGE('',*,*,#7238,.F.);
#9417=ORIENTED_EDGE('',*,*,#7239,.F.);
#9418=ORIENTED_EDGE('',*,*,#7240,.F.);
#9419=ORIENTED_EDGE('',*,*,#7239,.T.);
#9420=ORIENTED_EDGE('',*,*,#7241,.F.);
#9421=ORIENTED_EDGE('',*,*,#7242,.F.);
#9422=ORIENTED_EDGE('',*,*,#7243,.F.);
#9423=ORIENTED_EDGE('',*,*,#7242,.T.);
#9424=ORIENTED_EDGE('',*,*,#7244,.F.);
#9425=ORIENTED_EDGE('',*,*,#7245,.F.);
#9426=ORIENTED_EDGE('',*,*,#7246,.F.);
#9427=ORIENTED_EDGE('',*,*,#7245,.T.);
#9428=ORIENTED_EDGE('',*,*,#7247,.F.);
#9429=ORIENTED_EDGE('',*,*,#7248,.F.);
#9430=ORIENTED_EDGE('',*,*,#7249,.F.);
#9431=ORIENTED_EDGE('',*,*,#7248,.T.);
#9432=ORIENTED_EDGE('',*,*,#7250,.F.);
#9433=ORIENTED_EDGE('',*,*,#7192,.F.);
#9434=ORIENTED_EDGE('',*,*,#7251,.F.);
#9435=ORIENTED_EDGE('',*,*,#7252,.T.);
#9436=ORIENTED_EDGE('',*,*,#7253,.F.);
#9437=ORIENTED_EDGE('',*,*,#7254,.F.);
#9438=ORIENTED_EDGE('',*,*,#7255,.F.);
#9439=ORIENTED_EDGE('',*,*,#7254,.T.);
#9440=ORIENTED_EDGE('',*,*,#7256,.F.);
#9441=ORIENTED_EDGE('',*,*,#7257,.F.);
#9442=ORIENTED_EDGE('',*,*,#7258,.F.);
#9443=ORIENTED_EDGE('',*,*,#7257,.T.);
#9444=ORIENTED_EDGE('',*,*,#7259,.F.);
#9445=ORIENTED_EDGE('',*,*,#7260,.F.);
#9446=ORIENTED_EDGE('',*,*,#7261,.F.);
#9447=ORIENTED_EDGE('',*,*,#7260,.T.);
#9448=ORIENTED_EDGE('',*,*,#7262,.F.);
#9449=ORIENTED_EDGE('',*,*,#7263,.F.);
#9450=ORIENTED_EDGE('',*,*,#7264,.F.);
#9451=ORIENTED_EDGE('',*,*,#7263,.T.);
#9452=ORIENTED_EDGE('',*,*,#7265,.F.);
#9453=ORIENTED_EDGE('',*,*,#7266,.F.);
#9454=ORIENTED_EDGE('',*,*,#7267,.F.);
#9455=ORIENTED_EDGE('',*,*,#7266,.T.);
#9456=ORIENTED_EDGE('',*,*,#7268,.F.);
#9457=ORIENTED_EDGE('',*,*,#7269,.F.);
#9458=ORIENTED_EDGE('',*,*,#7270,.F.);
#9459=ORIENTED_EDGE('',*,*,#7269,.T.);
#9460=ORIENTED_EDGE('',*,*,#7271,.F.);
#9461=ORIENTED_EDGE('',*,*,#7272,.F.);
#9462=ORIENTED_EDGE('',*,*,#7273,.F.);
#9463=ORIENTED_EDGE('',*,*,#7272,.T.);
#9464=ORIENTED_EDGE('',*,*,#7274,.F.);
#9465=ORIENTED_EDGE('',*,*,#7275,.F.);
#9466=ORIENTED_EDGE('',*,*,#7276,.F.);
#9467=ORIENTED_EDGE('',*,*,#7275,.T.);
#9468=ORIENTED_EDGE('',*,*,#7277,.F.);
#9469=ORIENTED_EDGE('',*,*,#7278,.F.);
#9470=ORIENTED_EDGE('',*,*,#7279,.F.);
#9471=ORIENTED_EDGE('',*,*,#7278,.T.);
#9472=ORIENTED_EDGE('',*,*,#7280,.F.);
#9473=ORIENTED_EDGE('',*,*,#7281,.F.);
#9474=ORIENTED_EDGE('',*,*,#7282,.F.);
#9475=ORIENTED_EDGE('',*,*,#7281,.T.);
#9476=ORIENTED_EDGE('',*,*,#7283,.F.);
#9477=ORIENTED_EDGE('',*,*,#7284,.F.);
#9478=ORIENTED_EDGE('',*,*,#7285,.F.);
#9479=ORIENTED_EDGE('',*,*,#7284,.T.);
#9480=ORIENTED_EDGE('',*,*,#7286,.F.);
#9481=ORIENTED_EDGE('',*,*,#7287,.F.);
#9482=ORIENTED_EDGE('',*,*,#7288,.F.);
#9483=ORIENTED_EDGE('',*,*,#7287,.T.);
#9484=ORIENTED_EDGE('',*,*,#7289,.F.);
#9485=ORIENTED_EDGE('',*,*,#7290,.F.);
#9486=ORIENTED_EDGE('',*,*,#7291,.F.);
#9487=ORIENTED_EDGE('',*,*,#7290,.T.);
#9488=ORIENTED_EDGE('',*,*,#7292,.F.);
#9489=ORIENTED_EDGE('',*,*,#7293,.F.);
#9490=ORIENTED_EDGE('',*,*,#7294,.F.);
#9491=ORIENTED_EDGE('',*,*,#7293,.T.);
#9492=ORIENTED_EDGE('',*,*,#7295,.F.);
#9493=ORIENTED_EDGE('',*,*,#7296,.F.);
#9494=ORIENTED_EDGE('',*,*,#7297,.F.);
#9495=ORIENTED_EDGE('',*,*,#7296,.T.);
#9496=ORIENTED_EDGE('',*,*,#7298,.F.);
#9497=ORIENTED_EDGE('',*,*,#7299,.F.);
#9498=ORIENTED_EDGE('',*,*,#7300,.F.);
#9499=ORIENTED_EDGE('',*,*,#7299,.T.);
#9500=ORIENTED_EDGE('',*,*,#7301,.F.);
#9501=ORIENTED_EDGE('',*,*,#7302,.F.);
#9502=ORIENTED_EDGE('',*,*,#7303,.F.);
#9503=ORIENTED_EDGE('',*,*,#7302,.T.);
#9504=ORIENTED_EDGE('',*,*,#7304,.F.);
#9505=ORIENTED_EDGE('',*,*,#7305,.F.);
#9506=ORIENTED_EDGE('',*,*,#7306,.F.);
#9507=ORIENTED_EDGE('',*,*,#7305,.T.);
#9508=ORIENTED_EDGE('',*,*,#7307,.F.);
#9509=ORIENTED_EDGE('',*,*,#7308,.F.);
#9510=ORIENTED_EDGE('',*,*,#7309,.F.);
#9511=ORIENTED_EDGE('',*,*,#7308,.T.);
#9512=ORIENTED_EDGE('',*,*,#7310,.F.);
#9513=ORIENTED_EDGE('',*,*,#7252,.F.);
#9514=ORIENTED_EDGE('',*,*,#7311,.F.);
#9515=ORIENTED_EDGE('',*,*,#7312,.T.);
#9516=ORIENTED_EDGE('',*,*,#7313,.F.);
#9517=ORIENTED_EDGE('',*,*,#7314,.F.);
#9518=ORIENTED_EDGE('',*,*,#7315,.F.);
#9519=ORIENTED_EDGE('',*,*,#7314,.T.);
#9520=ORIENTED_EDGE('',*,*,#7316,.F.);
#9521=ORIENTED_EDGE('',*,*,#7317,.F.);
#9522=ORIENTED_EDGE('',*,*,#7318,.F.);
#9523=ORIENTED_EDGE('',*,*,#7317,.T.);
#9524=ORIENTED_EDGE('',*,*,#7319,.F.);
#9525=ORIENTED_EDGE('',*,*,#7320,.F.);
#9526=ORIENTED_EDGE('',*,*,#7321,.F.);
#9527=ORIENTED_EDGE('',*,*,#7320,.T.);
#9528=ORIENTED_EDGE('',*,*,#7322,.F.);
#9529=ORIENTED_EDGE('',*,*,#7323,.F.);
#9530=ORIENTED_EDGE('',*,*,#7324,.F.);
#9531=ORIENTED_EDGE('',*,*,#7323,.T.);
#9532=ORIENTED_EDGE('',*,*,#7325,.F.);
#9533=ORIENTED_EDGE('',*,*,#7326,.F.);
#9534=ORIENTED_EDGE('',*,*,#7327,.F.);
#9535=ORIENTED_EDGE('',*,*,#7326,.T.);
#9536=ORIENTED_EDGE('',*,*,#7328,.F.);
#9537=ORIENTED_EDGE('',*,*,#7329,.F.);
#9538=ORIENTED_EDGE('',*,*,#7330,.F.);
#9539=ORIENTED_EDGE('',*,*,#7329,.T.);
#9540=ORIENTED_EDGE('',*,*,#7331,.F.);
#9541=ORIENTED_EDGE('',*,*,#7332,.F.);
#9542=ORIENTED_EDGE('',*,*,#7333,.F.);
#9543=ORIENTED_EDGE('',*,*,#7332,.T.);
#9544=ORIENTED_EDGE('',*,*,#7334,.F.);
#9545=ORIENTED_EDGE('',*,*,#7335,.F.);
#9546=ORIENTED_EDGE('',*,*,#7336,.F.);
#9547=ORIENTED_EDGE('',*,*,#7335,.T.);
#9548=ORIENTED_EDGE('',*,*,#7337,.F.);
#9549=ORIENTED_EDGE('',*,*,#7338,.F.);
#9550=ORIENTED_EDGE('',*,*,#7339,.F.);
#9551=ORIENTED_EDGE('',*,*,#7338,.T.);
#9552=ORIENTED_EDGE('',*,*,#7340,.F.);
#9553=ORIENTED_EDGE('',*,*,#7341,.F.);
#9554=ORIENTED_EDGE('',*,*,#7342,.F.);
#9555=ORIENTED_EDGE('',*,*,#7341,.T.);
#9556=ORIENTED_EDGE('',*,*,#7343,.F.);
#9557=ORIENTED_EDGE('',*,*,#7344,.F.);
#9558=ORIENTED_EDGE('',*,*,#7345,.F.);
#9559=ORIENTED_EDGE('',*,*,#7344,.T.);
#9560=ORIENTED_EDGE('',*,*,#7346,.F.);
#9561=ORIENTED_EDGE('',*,*,#7347,.F.);
#9562=ORIENTED_EDGE('',*,*,#7348,.F.);
#9563=ORIENTED_EDGE('',*,*,#7347,.T.);
#9564=ORIENTED_EDGE('',*,*,#7349,.F.);
#9565=ORIENTED_EDGE('',*,*,#7350,.F.);
#9566=ORIENTED_EDGE('',*,*,#7351,.F.);
#9567=ORIENTED_EDGE('',*,*,#7350,.T.);
#9568=ORIENTED_EDGE('',*,*,#7352,.F.);
#9569=ORIENTED_EDGE('',*,*,#7353,.F.);
#9570=ORIENTED_EDGE('',*,*,#7354,.F.);
#9571=ORIENTED_EDGE('',*,*,#7353,.T.);
#9572=ORIENTED_EDGE('',*,*,#7355,.F.);
#9573=ORIENTED_EDGE('',*,*,#7356,.F.);
#9574=ORIENTED_EDGE('',*,*,#7357,.F.);
#9575=ORIENTED_EDGE('',*,*,#7356,.T.);
#9576=ORIENTED_EDGE('',*,*,#7358,.F.);
#9577=ORIENTED_EDGE('',*,*,#7359,.F.);
#9578=ORIENTED_EDGE('',*,*,#7360,.F.);
#9579=ORIENTED_EDGE('',*,*,#7359,.T.);
#9580=ORIENTED_EDGE('',*,*,#7361,.F.);
#9581=ORIENTED_EDGE('',*,*,#7362,.F.);
#9582=ORIENTED_EDGE('',*,*,#7363,.F.);
#9583=ORIENTED_EDGE('',*,*,#7362,.T.);
#9584=ORIENTED_EDGE('',*,*,#7364,.F.);
#9585=ORIENTED_EDGE('',*,*,#7365,.F.);
#9586=ORIENTED_EDGE('',*,*,#7366,.F.);
#9587=ORIENTED_EDGE('',*,*,#7365,.T.);
#9588=ORIENTED_EDGE('',*,*,#7367,.F.);
#9589=ORIENTED_EDGE('',*,*,#7368,.F.);
#9590=ORIENTED_EDGE('',*,*,#7369,.F.);
#9591=ORIENTED_EDGE('',*,*,#7368,.T.);
#9592=ORIENTED_EDGE('',*,*,#7370,.F.);
#9593=ORIENTED_EDGE('',*,*,#7312,.F.);
#9594=ORIENTED_EDGE('',*,*,#7371,.F.);
#9595=ORIENTED_EDGE('',*,*,#7372,.T.);
#9596=ORIENTED_EDGE('',*,*,#7373,.F.);
#9597=ORIENTED_EDGE('',*,*,#7374,.F.);
#9598=ORIENTED_EDGE('',*,*,#7375,.F.);
#9599=ORIENTED_EDGE('',*,*,#7374,.T.);
#9600=ORIENTED_EDGE('',*,*,#7376,.F.);
#9601=ORIENTED_EDGE('',*,*,#7377,.F.);
#9602=ORIENTED_EDGE('',*,*,#7378,.F.);
#9603=ORIENTED_EDGE('',*,*,#7377,.T.);
#9604=ORIENTED_EDGE('',*,*,#7379,.F.);
#9605=ORIENTED_EDGE('',*,*,#7380,.F.);
#9606=ORIENTED_EDGE('',*,*,#7381,.F.);
#9607=ORIENTED_EDGE('',*,*,#7380,.T.);
#9608=ORIENTED_EDGE('',*,*,#7382,.F.);
#9609=ORIENTED_EDGE('',*,*,#7383,.F.);
#9610=ORIENTED_EDGE('',*,*,#7384,.F.);
#9611=ORIENTED_EDGE('',*,*,#7383,.T.);
#9612=ORIENTED_EDGE('',*,*,#7385,.F.);
#9613=ORIENTED_EDGE('',*,*,#7386,.F.);
#9614=ORIENTED_EDGE('',*,*,#7387,.F.);
#9615=ORIENTED_EDGE('',*,*,#7386,.T.);
#9616=ORIENTED_EDGE('',*,*,#7388,.F.);
#9617=ORIENTED_EDGE('',*,*,#7389,.F.);
#9618=ORIENTED_EDGE('',*,*,#7390,.F.);
#9619=ORIENTED_EDGE('',*,*,#7389,.T.);
#9620=ORIENTED_EDGE('',*,*,#7391,.F.);
#9621=ORIENTED_EDGE('',*,*,#7392,.F.);
#9622=ORIENTED_EDGE('',*,*,#7393,.F.);
#9623=ORIENTED_EDGE('',*,*,#7392,.T.);
#9624=ORIENTED_EDGE('',*,*,#7394,.F.);
#9625=ORIENTED_EDGE('',*,*,#7395,.F.);
#9626=ORIENTED_EDGE('',*,*,#7396,.F.);
#9627=ORIENTED_EDGE('',*,*,#7395,.T.);
#9628=ORIENTED_EDGE('',*,*,#7397,.F.);
#9629=ORIENTED_EDGE('',*,*,#7398,.F.);
#9630=ORIENTED_EDGE('',*,*,#7399,.F.);
#9631=ORIENTED_EDGE('',*,*,#7398,.T.);
#9632=ORIENTED_EDGE('',*,*,#7400,.F.);
#9633=ORIENTED_EDGE('',*,*,#7401,.F.);
#9634=ORIENTED_EDGE('',*,*,#7402,.F.);
#9635=ORIENTED_EDGE('',*,*,#7401,.T.);
#9636=ORIENTED_EDGE('',*,*,#7403,.F.);
#9637=ORIENTED_EDGE('',*,*,#7404,.F.);
#9638=ORIENTED_EDGE('',*,*,#7405,.F.);
#9639=ORIENTED_EDGE('',*,*,#7404,.T.);
#9640=ORIENTED_EDGE('',*,*,#7406,.F.);
#9641=ORIENTED_EDGE('',*,*,#7407,.F.);
#9642=ORIENTED_EDGE('',*,*,#7408,.F.);
#9643=ORIENTED_EDGE('',*,*,#7407,.T.);
#9644=ORIENTED_EDGE('',*,*,#7409,.F.);
#9645=ORIENTED_EDGE('',*,*,#7410,.F.);
#9646=ORIENTED_EDGE('',*,*,#7411,.F.);
#9647=ORIENTED_EDGE('',*,*,#7410,.T.);
#9648=ORIENTED_EDGE('',*,*,#7412,.F.);
#9649=ORIENTED_EDGE('',*,*,#7413,.F.);
#9650=ORIENTED_EDGE('',*,*,#7414,.F.);
#9651=ORIENTED_EDGE('',*,*,#7413,.T.);
#9652=ORIENTED_EDGE('',*,*,#7415,.F.);
#9653=ORIENTED_EDGE('',*,*,#7416,.F.);
#9654=ORIENTED_EDGE('',*,*,#7417,.F.);
#9655=ORIENTED_EDGE('',*,*,#7416,.T.);
#9656=ORIENTED_EDGE('',*,*,#7418,.F.);
#9657=ORIENTED_EDGE('',*,*,#7419,.F.);
#9658=ORIENTED_EDGE('',*,*,#7420,.F.);
#9659=ORIENTED_EDGE('',*,*,#7419,.T.);
#9660=ORIENTED_EDGE('',*,*,#7421,.F.);
#9661=ORIENTED_EDGE('',*,*,#7422,.F.);
#9662=ORIENTED_EDGE('',*,*,#7423,.F.);
#9663=ORIENTED_EDGE('',*,*,#7422,.T.);
#9664=ORIENTED_EDGE('',*,*,#7424,.F.);
#9665=ORIENTED_EDGE('',*,*,#7425,.F.);
#9666=ORIENTED_EDGE('',*,*,#7426,.F.);
#9667=ORIENTED_EDGE('',*,*,#7425,.T.);
#9668=ORIENTED_EDGE('',*,*,#7427,.F.);
#9669=ORIENTED_EDGE('',*,*,#7428,.F.);
#9670=ORIENTED_EDGE('',*,*,#7429,.F.);
#9671=ORIENTED_EDGE('',*,*,#7428,.T.);
#9672=ORIENTED_EDGE('',*,*,#7430,.F.);
#9673=ORIENTED_EDGE('',*,*,#7372,.F.);
#9674=ORIENTED_EDGE('',*,*,#7431,.F.);
#9675=ORIENTED_EDGE('',*,*,#7432,.T.);
#9676=ORIENTED_EDGE('',*,*,#7433,.F.);
#9677=ORIENTED_EDGE('',*,*,#7434,.F.);
#9678=ORIENTED_EDGE('',*,*,#7435,.F.);
#9679=ORIENTED_EDGE('',*,*,#7434,.T.);
#9680=ORIENTED_EDGE('',*,*,#7436,.F.);
#9681=ORIENTED_EDGE('',*,*,#7437,.F.);
#9682=ORIENTED_EDGE('',*,*,#7438,.F.);
#9683=ORIENTED_EDGE('',*,*,#7437,.T.);
#9684=ORIENTED_EDGE('',*,*,#7439,.F.);
#9685=ORIENTED_EDGE('',*,*,#7440,.F.);
#9686=ORIENTED_EDGE('',*,*,#7441,.F.);
#9687=ORIENTED_EDGE('',*,*,#7440,.T.);
#9688=ORIENTED_EDGE('',*,*,#7442,.F.);
#9689=ORIENTED_EDGE('',*,*,#7443,.F.);
#9690=ORIENTED_EDGE('',*,*,#7444,.F.);
#9691=ORIENTED_EDGE('',*,*,#7443,.T.);
#9692=ORIENTED_EDGE('',*,*,#7445,.F.);
#9693=ORIENTED_EDGE('',*,*,#7446,.F.);
#9694=ORIENTED_EDGE('',*,*,#7447,.F.);
#9695=ORIENTED_EDGE('',*,*,#7446,.T.);
#9696=ORIENTED_EDGE('',*,*,#7448,.F.);
#9697=ORIENTED_EDGE('',*,*,#7449,.F.);
#9698=ORIENTED_EDGE('',*,*,#7450,.F.);
#9699=ORIENTED_EDGE('',*,*,#7449,.T.);
#9700=ORIENTED_EDGE('',*,*,#7451,.F.);
#9701=ORIENTED_EDGE('',*,*,#7452,.F.);
#9702=ORIENTED_EDGE('',*,*,#7453,.F.);
#9703=ORIENTED_EDGE('',*,*,#7452,.T.);
#9704=ORIENTED_EDGE('',*,*,#7454,.F.);
#9705=ORIENTED_EDGE('',*,*,#7455,.F.);
#9706=ORIENTED_EDGE('',*,*,#7456,.F.);
#9707=ORIENTED_EDGE('',*,*,#7455,.T.);
#9708=ORIENTED_EDGE('',*,*,#7457,.F.);
#9709=ORIENTED_EDGE('',*,*,#7458,.F.);
#9710=ORIENTED_EDGE('',*,*,#7459,.F.);
#9711=ORIENTED_EDGE('',*,*,#7458,.T.);
#9712=ORIENTED_EDGE('',*,*,#7460,.F.);
#9713=ORIENTED_EDGE('',*,*,#7461,.F.);
#9714=ORIENTED_EDGE('',*,*,#7462,.F.);
#9715=ORIENTED_EDGE('',*,*,#7461,.T.);
#9716=ORIENTED_EDGE('',*,*,#7463,.F.);
#9717=ORIENTED_EDGE('',*,*,#7464,.F.);
#9718=ORIENTED_EDGE('',*,*,#7465,.F.);
#9719=ORIENTED_EDGE('',*,*,#7464,.T.);
#9720=ORIENTED_EDGE('',*,*,#7466,.F.);
#9721=ORIENTED_EDGE('',*,*,#7467,.F.);
#9722=ORIENTED_EDGE('',*,*,#7468,.F.);
#9723=ORIENTED_EDGE('',*,*,#7467,.T.);
#9724=ORIENTED_EDGE('',*,*,#7469,.F.);
#9725=ORIENTED_EDGE('',*,*,#7470,.F.);
#9726=ORIENTED_EDGE('',*,*,#7471,.F.);
#9727=ORIENTED_EDGE('',*,*,#7470,.T.);
#9728=ORIENTED_EDGE('',*,*,#7472,.F.);
#9729=ORIENTED_EDGE('',*,*,#7473,.F.);
#9730=ORIENTED_EDGE('',*,*,#7474,.F.);
#9731=ORIENTED_EDGE('',*,*,#7473,.T.);
#9732=ORIENTED_EDGE('',*,*,#7475,.F.);
#9733=ORIENTED_EDGE('',*,*,#7476,.F.);
#9734=ORIENTED_EDGE('',*,*,#7477,.F.);
#9735=ORIENTED_EDGE('',*,*,#7476,.T.);
#9736=ORIENTED_EDGE('',*,*,#7478,.F.);
#9737=ORIENTED_EDGE('',*,*,#7479,.F.);
#9738=ORIENTED_EDGE('',*,*,#7480,.F.);
#9739=ORIENTED_EDGE('',*,*,#7479,.T.);
#9740=ORIENTED_EDGE('',*,*,#7481,.F.);
#9741=ORIENTED_EDGE('',*,*,#7482,.F.);
#9742=ORIENTED_EDGE('',*,*,#7483,.F.);
#9743=ORIENTED_EDGE('',*,*,#7482,.T.);
#9744=ORIENTED_EDGE('',*,*,#7484,.F.);
#9745=ORIENTED_EDGE('',*,*,#7485,.F.);
#9746=ORIENTED_EDGE('',*,*,#7486,.F.);
#9747=ORIENTED_EDGE('',*,*,#7485,.T.);
#9748=ORIENTED_EDGE('',*,*,#7487,.F.);
#9749=ORIENTED_EDGE('',*,*,#7488,.F.);
#9750=ORIENTED_EDGE('',*,*,#7489,.F.);
#9751=ORIENTED_EDGE('',*,*,#7488,.T.);
#9752=ORIENTED_EDGE('',*,*,#7490,.F.);
#9753=ORIENTED_EDGE('',*,*,#7432,.F.);
#9754=ORIENTED_EDGE('',*,*,#7491,.F.);
#9755=ORIENTED_EDGE('',*,*,#7492,.T.);
#9756=ORIENTED_EDGE('',*,*,#7493,.F.);
#9757=ORIENTED_EDGE('',*,*,#7494,.F.);
#9758=ORIENTED_EDGE('',*,*,#7495,.F.);
#9759=ORIENTED_EDGE('',*,*,#7494,.T.);
#9760=ORIENTED_EDGE('',*,*,#7496,.F.);
#9761=ORIENTED_EDGE('',*,*,#7497,.F.);
#9762=ORIENTED_EDGE('',*,*,#7498,.F.);
#9763=ORIENTED_EDGE('',*,*,#7497,.T.);
#9764=ORIENTED_EDGE('',*,*,#7499,.F.);
#9765=ORIENTED_EDGE('',*,*,#7500,.F.);
#9766=ORIENTED_EDGE('',*,*,#7501,.F.);
#9767=ORIENTED_EDGE('',*,*,#7500,.T.);
#9768=ORIENTED_EDGE('',*,*,#7502,.F.);
#9769=ORIENTED_EDGE('',*,*,#7503,.F.);
#9770=ORIENTED_EDGE('',*,*,#7504,.F.);
#9771=ORIENTED_EDGE('',*,*,#7503,.T.);
#9772=ORIENTED_EDGE('',*,*,#7505,.F.);
#9773=ORIENTED_EDGE('',*,*,#7506,.F.);
#9774=ORIENTED_EDGE('',*,*,#7507,.F.);
#9775=ORIENTED_EDGE('',*,*,#7506,.T.);
#9776=ORIENTED_EDGE('',*,*,#7508,.F.);
#9777=ORIENTED_EDGE('',*,*,#7509,.F.);
#9778=ORIENTED_EDGE('',*,*,#7510,.F.);
#9779=ORIENTED_EDGE('',*,*,#7509,.T.);
#9780=ORIENTED_EDGE('',*,*,#7511,.F.);
#9781=ORIENTED_EDGE('',*,*,#7512,.F.);
#9782=ORIENTED_EDGE('',*,*,#7513,.F.);
#9783=ORIENTED_EDGE('',*,*,#7512,.T.);
#9784=ORIENTED_EDGE('',*,*,#7514,.F.);
#9785=ORIENTED_EDGE('',*,*,#7515,.F.);
#9786=ORIENTED_EDGE('',*,*,#7516,.F.);
#9787=ORIENTED_EDGE('',*,*,#7515,.T.);
#9788=ORIENTED_EDGE('',*,*,#7517,.F.);
#9789=ORIENTED_EDGE('',*,*,#7518,.F.);
#9790=ORIENTED_EDGE('',*,*,#7519,.F.);
#9791=ORIENTED_EDGE('',*,*,#7518,.T.);
#9792=ORIENTED_EDGE('',*,*,#7520,.F.);
#9793=ORIENTED_EDGE('',*,*,#7521,.F.);
#9794=ORIENTED_EDGE('',*,*,#7522,.F.);
#9795=ORIENTED_EDGE('',*,*,#7521,.T.);
#9796=ORIENTED_EDGE('',*,*,#7523,.F.);
#9797=ORIENTED_EDGE('',*,*,#7524,.F.);
#9798=ORIENTED_EDGE('',*,*,#7525,.F.);
#9799=ORIENTED_EDGE('',*,*,#7524,.T.);
#9800=ORIENTED_EDGE('',*,*,#7526,.F.);
#9801=ORIENTED_EDGE('',*,*,#7527,.F.);
#9802=ORIENTED_EDGE('',*,*,#7528,.F.);
#9803=ORIENTED_EDGE('',*,*,#7527,.T.);
#9804=ORIENTED_EDGE('',*,*,#7529,.F.);
#9805=ORIENTED_EDGE('',*,*,#7530,.F.);
#9806=ORIENTED_EDGE('',*,*,#7531,.F.);
#9807=ORIENTED_EDGE('',*,*,#7530,.T.);
#9808=ORIENTED_EDGE('',*,*,#7532,.F.);
#9809=ORIENTED_EDGE('',*,*,#7533,.F.);
#9810=ORIENTED_EDGE('',*,*,#7534,.F.);
#9811=ORIENTED_EDGE('',*,*,#7533,.T.);
#9812=ORIENTED_EDGE('',*,*,#7535,.F.);
#9813=ORIENTED_EDGE('',*,*,#7536,.F.);
#9814=ORIENTED_EDGE('',*,*,#7537,.F.);
#9815=ORIENTED_EDGE('',*,*,#7536,.T.);
#9816=ORIENTED_EDGE('',*,*,#7538,.F.);
#9817=ORIENTED_EDGE('',*,*,#7539,.F.);
#9818=ORIENTED_EDGE('',*,*,#7540,.F.);
#9819=ORIENTED_EDGE('',*,*,#7539,.T.);
#9820=ORIENTED_EDGE('',*,*,#7541,.F.);
#9821=ORIENTED_EDGE('',*,*,#7542,.F.);
#9822=ORIENTED_EDGE('',*,*,#7543,.F.);
#9823=ORIENTED_EDGE('',*,*,#7542,.T.);
#9824=ORIENTED_EDGE('',*,*,#7544,.F.);
#9825=ORIENTED_EDGE('',*,*,#7545,.F.);
#9826=ORIENTED_EDGE('',*,*,#7546,.F.);
#9827=ORIENTED_EDGE('',*,*,#7545,.T.);
#9828=ORIENTED_EDGE('',*,*,#7547,.F.);
#9829=ORIENTED_EDGE('',*,*,#7548,.F.);
#9830=ORIENTED_EDGE('',*,*,#7549,.F.);
#9831=ORIENTED_EDGE('',*,*,#7548,.T.);
#9832=ORIENTED_EDGE('',*,*,#7550,.F.);
#9833=ORIENTED_EDGE('',*,*,#7492,.F.);
#9834=ORIENTED_EDGE('',*,*,#7551,.T.);
#9835=ORIENTED_EDGE('',*,*,#7552,.T.);
#9836=ORIENTED_EDGE('',*,*,#7553,.F.);
#9837=ORIENTED_EDGE('',*,*,#7554,.F.);
#9838=ORIENTED_EDGE('',*,*,#7555,.T.);
#9839=ORIENTED_EDGE('',*,*,#7554,.T.);
#9840=ORIENTED_EDGE('',*,*,#7556,.F.);
#9841=ORIENTED_EDGE('',*,*,#7557,.F.);
#9842=ORIENTED_EDGE('',*,*,#7558,.F.);
#9843=ORIENTED_EDGE('',*,*,#7557,.T.);
#9844=ORIENTED_EDGE('',*,*,#7559,.F.);
#9845=ORIENTED_EDGE('',*,*,#7560,.F.);
#9846=ORIENTED_EDGE('',*,*,#7561,.F.);
#9847=ORIENTED_EDGE('',*,*,#7560,.T.);
#9848=ORIENTED_EDGE('',*,*,#7562,.F.);
#9849=ORIENTED_EDGE('',*,*,#7563,.F.);
#9850=ORIENTED_EDGE('',*,*,#7564,.F.);
#9851=ORIENTED_EDGE('',*,*,#7563,.T.);
#9852=ORIENTED_EDGE('',*,*,#7565,.F.);
#9853=ORIENTED_EDGE('',*,*,#7566,.F.);
#9854=ORIENTED_EDGE('',*,*,#7567,.F.);
#9855=ORIENTED_EDGE('',*,*,#7566,.T.);
#9856=ORIENTED_EDGE('',*,*,#7568,.F.);
#9857=ORIENTED_EDGE('',*,*,#7569,.F.);
#9858=ORIENTED_EDGE('',*,*,#7570,.F.);
#9859=ORIENTED_EDGE('',*,*,#7569,.T.);
#9860=ORIENTED_EDGE('',*,*,#7571,.F.);
#9861=ORIENTED_EDGE('',*,*,#7572,.F.);
#9862=ORIENTED_EDGE('',*,*,#7573,.F.);
#9863=ORIENTED_EDGE('',*,*,#7572,.T.);
#9864=ORIENTED_EDGE('',*,*,#7574,.F.);
#9865=ORIENTED_EDGE('',*,*,#7575,.F.);
#9866=ORIENTED_EDGE('',*,*,#7576,.F.);
#9867=ORIENTED_EDGE('',*,*,#7575,.T.);
#9868=ORIENTED_EDGE('',*,*,#7577,.F.);
#9869=ORIENTED_EDGE('',*,*,#7578,.F.);
#9870=ORIENTED_EDGE('',*,*,#7579,.F.);
#9871=ORIENTED_EDGE('',*,*,#7578,.T.);
#9872=ORIENTED_EDGE('',*,*,#7580,.F.);
#9873=ORIENTED_EDGE('',*,*,#7581,.F.);
#9874=ORIENTED_EDGE('',*,*,#7582,.F.);
#9875=ORIENTED_EDGE('',*,*,#7581,.T.);
#9876=ORIENTED_EDGE('',*,*,#7583,.F.);
#9877=ORIENTED_EDGE('',*,*,#7584,.F.);
#9878=ORIENTED_EDGE('',*,*,#7585,.F.);
#9879=ORIENTED_EDGE('',*,*,#7584,.T.);
#9880=ORIENTED_EDGE('',*,*,#7586,.F.);
#9881=ORIENTED_EDGE('',*,*,#7587,.F.);
#9882=ORIENTED_EDGE('',*,*,#7588,.F.);
#9883=ORIENTED_EDGE('',*,*,#7587,.T.);
#9884=ORIENTED_EDGE('',*,*,#7589,.F.);
#9885=ORIENTED_EDGE('',*,*,#7590,.F.);
#9886=ORIENTED_EDGE('',*,*,#7591,.F.);
#9887=ORIENTED_EDGE('',*,*,#7590,.T.);
#9888=ORIENTED_EDGE('',*,*,#7592,.F.);
#9889=ORIENTED_EDGE('',*,*,#7593,.F.);
#9890=ORIENTED_EDGE('',*,*,#7594,.F.);
#9891=ORIENTED_EDGE('',*,*,#7593,.T.);
#9892=ORIENTED_EDGE('',*,*,#7595,.F.);
#9893=ORIENTED_EDGE('',*,*,#7596,.F.);
#9894=ORIENTED_EDGE('',*,*,#7597,.F.);
#9895=ORIENTED_EDGE('',*,*,#7596,.T.);
#9896=ORIENTED_EDGE('',*,*,#7598,.F.);
#9897=ORIENTED_EDGE('',*,*,#7599,.F.);
#9898=ORIENTED_EDGE('',*,*,#7600,.T.);
#9899=ORIENTED_EDGE('',*,*,#7599,.T.);
#9900=ORIENTED_EDGE('',*,*,#7601,.F.);
#9901=ORIENTED_EDGE('',*,*,#7552,.F.);
#9902=ORIENTED_EDGE('',*,*,#7601,.T.);
#9903=ORIENTED_EDGE('',*,*,#7598,.T.);
#9904=ORIENTED_EDGE('',*,*,#7595,.T.);
#9905=ORIENTED_EDGE('',*,*,#7592,.T.);
#9906=ORIENTED_EDGE('',*,*,#7589,.T.);
#9907=ORIENTED_EDGE('',*,*,#7586,.T.);
#9908=ORIENTED_EDGE('',*,*,#7583,.T.);
#9909=ORIENTED_EDGE('',*,*,#7580,.T.);
#9910=ORIENTED_EDGE('',*,*,#7577,.T.);
#9911=ORIENTED_EDGE('',*,*,#7574,.T.);
#9912=ORIENTED_EDGE('',*,*,#7571,.T.);
#9913=ORIENTED_EDGE('',*,*,#7568,.T.);
#9914=ORIENTED_EDGE('',*,*,#7565,.T.);
#9915=ORIENTED_EDGE('',*,*,#7562,.T.);
#9916=ORIENTED_EDGE('',*,*,#7559,.T.);
#9917=ORIENTED_EDGE('',*,*,#7556,.T.);
#9918=ORIENTED_EDGE('',*,*,#7553,.T.);
#9919=ORIENTED_EDGE('',*,*,#7550,.T.);
#9920=ORIENTED_EDGE('',*,*,#7547,.T.);
#9921=ORIENTED_EDGE('',*,*,#7544,.T.);
#9922=ORIENTED_EDGE('',*,*,#7541,.T.);
#9923=ORIENTED_EDGE('',*,*,#7538,.T.);
#9924=ORIENTED_EDGE('',*,*,#7535,.T.);
#9925=ORIENTED_EDGE('',*,*,#7532,.T.);
#9926=ORIENTED_EDGE('',*,*,#7529,.T.);
#9927=ORIENTED_EDGE('',*,*,#7526,.T.);
#9928=ORIENTED_EDGE('',*,*,#7523,.T.);
#9929=ORIENTED_EDGE('',*,*,#7520,.T.);
#9930=ORIENTED_EDGE('',*,*,#7517,.T.);
#9931=ORIENTED_EDGE('',*,*,#7514,.T.);
#9932=ORIENTED_EDGE('',*,*,#7511,.T.);
#9933=ORIENTED_EDGE('',*,*,#7508,.T.);
#9934=ORIENTED_EDGE('',*,*,#7505,.T.);
#9935=ORIENTED_EDGE('',*,*,#7502,.T.);
#9936=ORIENTED_EDGE('',*,*,#7499,.T.);
#9937=ORIENTED_EDGE('',*,*,#7496,.T.);
#9938=ORIENTED_EDGE('',*,*,#7493,.T.);
#9939=ORIENTED_EDGE('',*,*,#7490,.T.);
#9940=ORIENTED_EDGE('',*,*,#7487,.T.);
#9941=ORIENTED_EDGE('',*,*,#7484,.T.);
#9942=ORIENTED_EDGE('',*,*,#7481,.T.);
#9943=ORIENTED_EDGE('',*,*,#7478,.T.);
#9944=ORIENTED_EDGE('',*,*,#7475,.T.);
#9945=ORIENTED_EDGE('',*,*,#7472,.T.);
#9946=ORIENTED_EDGE('',*,*,#7469,.T.);
#9947=ORIENTED_EDGE('',*,*,#7466,.T.);
#9948=ORIENTED_EDGE('',*,*,#7463,.T.);
#9949=ORIENTED_EDGE('',*,*,#7460,.T.);
#9950=ORIENTED_EDGE('',*,*,#7457,.T.);
#9951=ORIENTED_EDGE('',*,*,#7454,.T.);
#9952=ORIENTED_EDGE('',*,*,#7451,.T.);
#9953=ORIENTED_EDGE('',*,*,#7448,.T.);
#9954=ORIENTED_EDGE('',*,*,#7445,.T.);
#9955=ORIENTED_EDGE('',*,*,#7442,.T.);
#9956=ORIENTED_EDGE('',*,*,#7439,.T.);
#9957=ORIENTED_EDGE('',*,*,#7436,.T.);
#9958=ORIENTED_EDGE('',*,*,#7433,.T.);
#9959=ORIENTED_EDGE('',*,*,#7430,.T.);
#9960=ORIENTED_EDGE('',*,*,#7427,.T.);
#9961=ORIENTED_EDGE('',*,*,#7424,.T.);
#9962=ORIENTED_EDGE('',*,*,#7421,.T.);
#9963=ORIENTED_EDGE('',*,*,#7418,.T.);
#9964=ORIENTED_EDGE('',*,*,#7415,.T.);
#9965=ORIENTED_EDGE('',*,*,#7412,.T.);
#9966=ORIENTED_EDGE('',*,*,#7409,.T.);
#9967=ORIENTED_EDGE('',*,*,#7406,.T.);
#9968=ORIENTED_EDGE('',*,*,#7403,.T.);
#9969=ORIENTED_EDGE('',*,*,#7400,.T.);
#9970=ORIENTED_EDGE('',*,*,#7397,.T.);
#9971=ORIENTED_EDGE('',*,*,#7394,.T.);
#9972=ORIENTED_EDGE('',*,*,#7391,.T.);
#9973=ORIENTED_EDGE('',*,*,#7388,.T.);
#9974=ORIENTED_EDGE('',*,*,#7385,.T.);
#9975=ORIENTED_EDGE('',*,*,#7382,.T.);
#9976=ORIENTED_EDGE('',*,*,#7379,.T.);
#9977=ORIENTED_EDGE('',*,*,#7376,.T.);
#9978=ORIENTED_EDGE('',*,*,#7373,.T.);
#9979=ORIENTED_EDGE('',*,*,#7370,.T.);
#9980=ORIENTED_EDGE('',*,*,#7367,.T.);
#9981=ORIENTED_EDGE('',*,*,#7364,.T.);
#9982=ORIENTED_EDGE('',*,*,#7361,.T.);
#9983=ORIENTED_EDGE('',*,*,#7358,.T.);
#9984=ORIENTED_EDGE('',*,*,#7355,.T.);
#9985=ORIENTED_EDGE('',*,*,#7352,.T.);
#9986=ORIENTED_EDGE('',*,*,#7349,.T.);
#9987=ORIENTED_EDGE('',*,*,#7346,.T.);
#9988=ORIENTED_EDGE('',*,*,#7343,.T.);
#9989=ORIENTED_EDGE('',*,*,#7340,.T.);
#9990=ORIENTED_EDGE('',*,*,#7337,.T.);
#9991=ORIENTED_EDGE('',*,*,#7334,.T.);
#9992=ORIENTED_EDGE('',*,*,#7331,.T.);
#9993=ORIENTED_EDGE('',*,*,#7328,.T.);
#9994=ORIENTED_EDGE('',*,*,#7325,.T.);
#9995=ORIENTED_EDGE('',*,*,#7322,.T.);
#9996=ORIENTED_EDGE('',*,*,#7319,.T.);
#9997=ORIENTED_EDGE('',*,*,#7316,.T.);
#9998=ORIENTED_EDGE('',*,*,#7313,.T.);
#9999=ORIENTED_EDGE('',*,*,#7310,.T.);
#10000=ORIENTED_EDGE('',*,*,#7307,.T.);
#10001=ORIENTED_EDGE('',*,*,#7304,.T.);
#10002=ORIENTED_EDGE('',*,*,#7301,.T.);
#10003=ORIENTED_EDGE('',*,*,#7298,.T.);
#10004=ORIENTED_EDGE('',*,*,#7295,.T.);
#10005=ORIENTED_EDGE('',*,*,#7292,.T.);
#10006=ORIENTED_EDGE('',*,*,#7289,.T.);
#10007=ORIENTED_EDGE('',*,*,#7286,.T.);
#10008=ORIENTED_EDGE('',*,*,#7283,.T.);
#10009=ORIENTED_EDGE('',*,*,#7280,.T.);
#10010=ORIENTED_EDGE('',*,*,#7277,.T.);
#10011=ORIENTED_EDGE('',*,*,#7274,.T.);
#10012=ORIENTED_EDGE('',*,*,#7271,.T.);
#10013=ORIENTED_EDGE('',*,*,#7268,.T.);
#10014=ORIENTED_EDGE('',*,*,#7265,.T.);
#10015=ORIENTED_EDGE('',*,*,#7262,.T.);
#10016=ORIENTED_EDGE('',*,*,#7259,.T.);
#10017=ORIENTED_EDGE('',*,*,#7256,.T.);
#10018=ORIENTED_EDGE('',*,*,#7253,.T.);
#10019=ORIENTED_EDGE('',*,*,#7250,.T.);
#10020=ORIENTED_EDGE('',*,*,#7247,.T.);
#10021=ORIENTED_EDGE('',*,*,#7244,.T.);
#10022=ORIENTED_EDGE('',*,*,#7241,.T.);
#10023=ORIENTED_EDGE('',*,*,#7238,.T.);
#10024=ORIENTED_EDGE('',*,*,#7235,.T.);
#10025=ORIENTED_EDGE('',*,*,#7232,.T.);
#10026=ORIENTED_EDGE('',*,*,#7229,.T.);
#10027=ORIENTED_EDGE('',*,*,#7226,.T.);
#10028=ORIENTED_EDGE('',*,*,#7223,.T.);
#10029=ORIENTED_EDGE('',*,*,#7220,.T.);
#10030=ORIENTED_EDGE('',*,*,#7217,.T.);
#10031=ORIENTED_EDGE('',*,*,#7214,.T.);
#10032=ORIENTED_EDGE('',*,*,#7211,.T.);
#10033=ORIENTED_EDGE('',*,*,#7208,.T.);
#10034=ORIENTED_EDGE('',*,*,#7205,.T.);
#10035=ORIENTED_EDGE('',*,*,#7202,.T.);
#10036=ORIENTED_EDGE('',*,*,#7199,.T.);
#10037=ORIENTED_EDGE('',*,*,#7196,.T.);
#10038=ORIENTED_EDGE('',*,*,#7193,.T.);
#10039=ORIENTED_EDGE('',*,*,#7190,.T.);
#10040=ORIENTED_EDGE('',*,*,#7187,.T.);
#10041=ORIENTED_EDGE('',*,*,#7184,.T.);
#10042=ORIENTED_EDGE('',*,*,#7181,.T.);
#10043=ORIENTED_EDGE('',*,*,#7178,.T.);
#10044=ORIENTED_EDGE('',*,*,#7175,.T.);
#10045=ORIENTED_EDGE('',*,*,#7172,.T.);
#10046=ORIENTED_EDGE('',*,*,#7169,.T.);
#10047=ORIENTED_EDGE('',*,*,#7166,.T.);
#10048=ORIENTED_EDGE('',*,*,#7163,.T.);
#10049=ORIENTED_EDGE('',*,*,#7160,.T.);
#10050=ORIENTED_EDGE('',*,*,#7157,.T.);
#10051=ORIENTED_EDGE('',*,*,#7154,.T.);
#10052=ORIENTED_EDGE('',*,*,#7151,.T.);
#10053=ORIENTED_EDGE('',*,*,#7148,.T.);
#10054=ORIENTED_EDGE('',*,*,#7145,.T.);
#10055=ORIENTED_EDGE('',*,*,#7142,.T.);
#10056=ORIENTED_EDGE('',*,*,#7139,.T.);
#10057=ORIENTED_EDGE('',*,*,#7136,.T.);
#10058=ORIENTED_EDGE('',*,*,#7133,.T.);
#10059=ORIENTED_EDGE('',*,*,#7130,.T.);
#10060=ORIENTED_EDGE('',*,*,#7127,.T.);
#10061=ORIENTED_EDGE('',*,*,#7124,.T.);
#10062=ORIENTED_EDGE('',*,*,#7121,.T.);
#10063=ORIENTED_EDGE('',*,*,#7118,.T.);
#10064=ORIENTED_EDGE('',*,*,#7115,.T.);
#10065=ORIENTED_EDGE('',*,*,#7112,.T.);
#10066=ORIENTED_EDGE('',*,*,#7109,.T.);
#10067=ORIENTED_EDGE('',*,*,#7106,.T.);
#10068=ORIENTED_EDGE('',*,*,#7103,.T.);
#10069=ORIENTED_EDGE('',*,*,#7100,.T.);
#10070=ORIENTED_EDGE('',*,*,#7097,.T.);
#10071=ORIENTED_EDGE('',*,*,#7094,.T.);
#10072=ORIENTED_EDGE('',*,*,#7091,.T.);
#10073=ORIENTED_EDGE('',*,*,#7088,.T.);
#10074=ORIENTED_EDGE('',*,*,#7085,.T.);
#10075=ORIENTED_EDGE('',*,*,#7082,.T.);
#10076=ORIENTED_EDGE('',*,*,#7079,.T.);
#10077=ORIENTED_EDGE('',*,*,#7076,.T.);
#10078=ORIENTED_EDGE('',*,*,#7073,.T.);
#10079=ORIENTED_EDGE('',*,*,#7070,.T.);
#10080=ORIENTED_EDGE('',*,*,#7067,.T.);
#10081=ORIENTED_EDGE('',*,*,#7064,.T.);
#10082=ORIENTED_EDGE('',*,*,#7061,.T.);
#10083=ORIENTED_EDGE('',*,*,#7058,.T.);
#10084=ORIENTED_EDGE('',*,*,#7055,.T.);
#10085=ORIENTED_EDGE('',*,*,#7052,.T.);
#10086=ORIENTED_EDGE('',*,*,#7049,.T.);
#10087=ORIENTED_EDGE('',*,*,#7046,.T.);
#10088=ORIENTED_EDGE('',*,*,#7043,.T.);
#10089=ORIENTED_EDGE('',*,*,#7040,.T.);
#10090=ORIENTED_EDGE('',*,*,#7037,.T.);
#10091=ORIENTED_EDGE('',*,*,#7034,.T.);
#10092=ORIENTED_EDGE('',*,*,#7031,.T.);
#10093=ORIENTED_EDGE('',*,*,#7028,.T.);
#10094=ORIENTED_EDGE('',*,*,#7025,.T.);
#10095=ORIENTED_EDGE('',*,*,#7022,.T.);
#10096=ORIENTED_EDGE('',*,*,#7019,.T.);
#10097=ORIENTED_EDGE('',*,*,#7016,.T.);
#10098=ORIENTED_EDGE('',*,*,#7013,.T.);
#10099=ORIENTED_EDGE('',*,*,#7010,.T.);
#10100=ORIENTED_EDGE('',*,*,#7007,.T.);
#10101=ORIENTED_EDGE('',*,*,#7004,.T.);
#10102=ORIENTED_EDGE('',*,*,#7001,.T.);
#10103=ORIENTED_EDGE('',*,*,#6998,.T.);
#10104=ORIENTED_EDGE('',*,*,#6995,.T.);
#10105=ORIENTED_EDGE('',*,*,#6992,.T.);
#10106=ORIENTED_EDGE('',*,*,#6989,.T.);
#10107=ORIENTED_EDGE('',*,*,#6986,.T.);
#10108=ORIENTED_EDGE('',*,*,#6983,.T.);
#10109=ORIENTED_EDGE('',*,*,#6980,.T.);
#10110=ORIENTED_EDGE('',*,*,#6977,.T.);
#10111=ORIENTED_EDGE('',*,*,#6974,.T.);
#10112=ORIENTED_EDGE('',*,*,#6971,.T.);
#10113=ORIENTED_EDGE('',*,*,#6968,.T.);
#10114=ORIENTED_EDGE('',*,*,#6965,.T.);
#10115=ORIENTED_EDGE('',*,*,#6962,.T.);
#10116=ORIENTED_EDGE('',*,*,#6959,.T.);
#10117=ORIENTED_EDGE('',*,*,#6956,.T.);
#10118=ORIENTED_EDGE('',*,*,#6953,.T.);
#10119=ORIENTED_EDGE('',*,*,#6950,.T.);
#10120=ORIENTED_EDGE('',*,*,#6947,.T.);
#10121=ORIENTED_EDGE('',*,*,#6944,.T.);
#10122=ORIENTED_EDGE('',*,*,#6941,.T.);
#10123=ORIENTED_EDGE('',*,*,#6938,.T.);
#10124=ORIENTED_EDGE('',*,*,#6935,.T.);
#10125=ORIENTED_EDGE('',*,*,#6932,.T.);
#10126=ORIENTED_EDGE('',*,*,#6929,.T.);
#10127=ORIENTED_EDGE('',*,*,#6926,.T.);
#10128=ORIENTED_EDGE('',*,*,#6923,.T.);
#10129=ORIENTED_EDGE('',*,*,#6920,.T.);
#10130=ORIENTED_EDGE('',*,*,#6917,.T.);
#10131=ORIENTED_EDGE('',*,*,#6914,.T.);
#10132=ORIENTED_EDGE('',*,*,#6911,.T.);
#10133=ORIENTED_EDGE('',*,*,#6908,.T.);
#10134=ORIENTED_EDGE('',*,*,#6905,.T.);
#10135=ORIENTED_EDGE('',*,*,#6902,.T.);
#10136=ORIENTED_EDGE('',*,*,#6899,.T.);
#10137=ORIENTED_EDGE('',*,*,#6896,.T.);
#10138=ORIENTED_EDGE('',*,*,#6893,.T.);
#10139=ORIENTED_EDGE('',*,*,#6890,.T.);
#10140=ORIENTED_EDGE('',*,*,#6887,.T.);
#10141=ORIENTED_EDGE('',*,*,#6884,.T.);
#10142=ORIENTED_EDGE('',*,*,#6881,.T.);
#10143=ORIENTED_EDGE('',*,*,#6878,.T.);
#10144=ORIENTED_EDGE('',*,*,#6875,.T.);
#10145=ORIENTED_EDGE('',*,*,#6872,.T.);
#10146=ORIENTED_EDGE('',*,*,#6869,.T.);
#10147=ORIENTED_EDGE('',*,*,#6866,.T.);
#10148=ORIENTED_EDGE('',*,*,#6863,.T.);
#10149=ORIENTED_EDGE('',*,*,#6860,.T.);
#10150=ORIENTED_EDGE('',*,*,#6857,.T.);
#10151=ORIENTED_EDGE('',*,*,#6854,.T.);
#10152=ORIENTED_EDGE('',*,*,#6851,.T.);
#10153=ORIENTED_EDGE('',*,*,#6848,.T.);
#10154=ORIENTED_EDGE('',*,*,#6845,.T.);
#10155=ORIENTED_EDGE('',*,*,#6842,.T.);
#10156=ORIENTED_EDGE('',*,*,#6839,.T.);
#10157=ORIENTED_EDGE('',*,*,#6836,.T.);
#10158=ORIENTED_EDGE('',*,*,#6833,.T.);
#10159=ORIENTED_EDGE('',*,*,#6830,.T.);
#10160=ORIENTED_EDGE('',*,*,#6827,.T.);
#10161=ORIENTED_EDGE('',*,*,#6824,.T.);
#10162=ORIENTED_EDGE('',*,*,#6821,.T.);
#10163=ORIENTED_EDGE('',*,*,#6818,.T.);
#10164=ORIENTED_EDGE('',*,*,#6815,.T.);
#10165=ORIENTED_EDGE('',*,*,#6812,.T.);
#10166=ORIENTED_EDGE('',*,*,#6809,.T.);
#10167=ORIENTED_EDGE('',*,*,#6806,.T.);
#10168=ORIENTED_EDGE('',*,*,#6803,.T.);
#10169=ORIENTED_EDGE('',*,*,#6800,.T.);
#10170=ORIENTED_EDGE('',*,*,#6797,.T.);
#10171=ORIENTED_EDGE('',*,*,#6794,.T.);
#10172=ORIENTED_EDGE('',*,*,#6791,.T.);
#10173=ORIENTED_EDGE('',*,*,#6788,.T.);
#10174=ORIENTED_EDGE('',*,*,#6785,.T.);
#10175=ORIENTED_EDGE('',*,*,#6782,.T.);
#10176=ORIENTED_EDGE('',*,*,#6779,.T.);
#10177=ORIENTED_EDGE('',*,*,#6776,.T.);
#10178=ORIENTED_EDGE('',*,*,#6773,.T.);
#10179=ORIENTED_EDGE('',*,*,#6770,.T.);
#10180=ORIENTED_EDGE('',*,*,#6767,.T.);
#10181=ORIENTED_EDGE('',*,*,#6764,.T.);
#10182=ORIENTED_EDGE('',*,*,#6761,.T.);
#10183=ORIENTED_EDGE('',*,*,#6758,.T.);
#10184=ORIENTED_EDGE('',*,*,#6755,.T.);
#10185=ORIENTED_EDGE('',*,*,#6752,.T.);
#10186=ORIENTED_EDGE('',*,*,#6749,.T.);
#10187=ORIENTED_EDGE('',*,*,#6746,.T.);
#10188=ORIENTED_EDGE('',*,*,#6743,.T.);
#10189=ORIENTED_EDGE('',*,*,#6740,.T.);
#10190=ORIENTED_EDGE('',*,*,#6737,.T.);
#10191=ORIENTED_EDGE('',*,*,#6734,.T.);
#10192=ORIENTED_EDGE('',*,*,#6731,.T.);
#10193=ORIENTED_EDGE('',*,*,#6728,.T.);
#10194=ORIENTED_EDGE('',*,*,#6725,.T.);
#10195=ORIENTED_EDGE('',*,*,#6722,.T.);
#10196=ORIENTED_EDGE('',*,*,#6719,.T.);
#10197=ORIENTED_EDGE('',*,*,#6716,.T.);
#10198=ORIENTED_EDGE('',*,*,#6713,.T.);
#10199=ORIENTED_EDGE('',*,*,#6710,.T.);
#10200=ORIENTED_EDGE('',*,*,#6707,.T.);
#10201=ORIENTED_EDGE('',*,*,#6704,.T.);
#10202=ORIENTED_EDGE('',*,*,#6701,.T.);
#10203=ORIENTED_EDGE('',*,*,#6698,.T.);
#10204=ORIENTED_EDGE('',*,*,#6695,.T.);
#10205=ORIENTED_EDGE('',*,*,#6692,.T.);
#10206=ORIENTED_EDGE('',*,*,#6689,.T.);
#10207=ORIENTED_EDGE('',*,*,#6686,.T.);
#10208=ORIENTED_EDGE('',*,*,#6683,.T.);
#10209=ORIENTED_EDGE('',*,*,#6680,.T.);
#10210=ORIENTED_EDGE('',*,*,#6677,.T.);
#10211=ORIENTED_EDGE('',*,*,#6674,.T.);
#10212=ORIENTED_EDGE('',*,*,#6671,.T.);
#10213=ORIENTED_EDGE('',*,*,#6668,.T.);
#10214=ORIENTED_EDGE('',*,*,#6665,.T.);
#10215=ORIENTED_EDGE('',*,*,#6662,.T.);
#10216=ORIENTED_EDGE('',*,*,#6659,.T.);
#10217=ORIENTED_EDGE('',*,*,#6656,.T.);
#10218=ORIENTED_EDGE('',*,*,#6653,.T.);
#10219=ORIENTED_EDGE('',*,*,#6650,.T.);
#10220=ORIENTED_EDGE('',*,*,#6647,.T.);
#10221=ORIENTED_EDGE('',*,*,#6644,.T.);
#10222=ORIENTED_EDGE('',*,*,#6641,.T.);
#10223=ORIENTED_EDGE('',*,*,#6638,.T.);
#10224=ORIENTED_EDGE('',*,*,#6635,.T.);
#10225=ORIENTED_EDGE('',*,*,#6632,.T.);
#10226=ORIENTED_EDGE('',*,*,#6629,.T.);
#10227=ORIENTED_EDGE('',*,*,#6626,.T.);
#10228=ORIENTED_EDGE('',*,*,#6623,.T.);
#10229=ORIENTED_EDGE('',*,*,#6620,.T.);
#10230=ORIENTED_EDGE('',*,*,#6617,.T.);
#10231=ORIENTED_EDGE('',*,*,#6614,.T.);
#10232=ORIENTED_EDGE('',*,*,#6611,.T.);
#10233=ORIENTED_EDGE('',*,*,#6608,.T.);
#10234=ORIENTED_EDGE('',*,*,#6605,.T.);
#10235=ORIENTED_EDGE('',*,*,#6602,.T.);
#10236=ORIENTED_EDGE('',*,*,#6599,.T.);
#10237=ORIENTED_EDGE('',*,*,#6596,.T.);
#10238=ORIENTED_EDGE('',*,*,#6593,.T.);
#10239=ORIENTED_EDGE('',*,*,#6590,.T.);
#10240=ORIENTED_EDGE('',*,*,#6587,.T.);
#10241=ORIENTED_EDGE('',*,*,#6584,.T.);
#10242=ORIENTED_EDGE('',*,*,#6581,.T.);
#10243=ORIENTED_EDGE('',*,*,#6578,.T.);
#10244=ORIENTED_EDGE('',*,*,#6575,.T.);
#10245=ORIENTED_EDGE('',*,*,#6572,.T.);
#10246=ORIENTED_EDGE('',*,*,#6569,.T.);
#10247=ORIENTED_EDGE('',*,*,#6566,.T.);
#10248=ORIENTED_EDGE('',*,*,#6563,.T.);
#10249=ORIENTED_EDGE('',*,*,#6560,.T.);
#10250=ORIENTED_EDGE('',*,*,#6557,.T.);
#10251=ORIENTED_EDGE('',*,*,#6554,.T.);
#10252=ORIENTED_EDGE('',*,*,#6551,.T.);
#10253=ORIENTED_EDGE('',*,*,#6548,.T.);
#10254=ORIENTED_EDGE('',*,*,#6545,.T.);
#10255=ORIENTED_EDGE('',*,*,#6542,.T.);
#10256=ORIENTED_EDGE('',*,*,#6539,.T.);
#10257=ORIENTED_EDGE('',*,*,#6536,.T.);
#10258=ORIENTED_EDGE('',*,*,#6533,.T.);
#10259=ORIENTED_EDGE('',*,*,#6530,.T.);
#10260=ORIENTED_EDGE('',*,*,#6527,.T.);
#10261=ORIENTED_EDGE('',*,*,#6524,.T.);
#10262=ORIENTED_EDGE('',*,*,#6521,.T.);
#10263=ORIENTED_EDGE('',*,*,#6518,.T.);
#10264=ORIENTED_EDGE('',*,*,#6515,.T.);
#10265=ORIENTED_EDGE('',*,*,#6512,.T.);
#10266=ORIENTED_EDGE('',*,*,#6509,.T.);
#10267=ORIENTED_EDGE('',*,*,#6506,.T.);
#10268=ORIENTED_EDGE('',*,*,#6503,.T.);
#10269=ORIENTED_EDGE('',*,*,#6500,.T.);
#10270=ORIENTED_EDGE('',*,*,#6497,.T.);
#10271=ORIENTED_EDGE('',*,*,#6494,.T.);
#10272=ORIENTED_EDGE('',*,*,#6491,.T.);
#10273=ORIENTED_EDGE('',*,*,#6488,.T.);
#10274=ORIENTED_EDGE('',*,*,#6485,.T.);
#10275=ORIENTED_EDGE('',*,*,#6482,.T.);
#10276=ORIENTED_EDGE('',*,*,#6479,.T.);
#10277=ORIENTED_EDGE('',*,*,#6476,.T.);
#10278=ORIENTED_EDGE('',*,*,#6473,.T.);
#10279=ORIENTED_EDGE('',*,*,#6470,.T.);
#10280=ORIENTED_EDGE('',*,*,#6467,.T.);
#10281=ORIENTED_EDGE('',*,*,#6464,.T.);
#10282=ORIENTED_EDGE('',*,*,#6461,.T.);
#10283=ORIENTED_EDGE('',*,*,#6458,.T.);
#10284=ORIENTED_EDGE('',*,*,#6455,.T.);
#10285=ORIENTED_EDGE('',*,*,#6452,.T.);
#10286=ORIENTED_EDGE('',*,*,#6449,.T.);
#10287=ORIENTED_EDGE('',*,*,#6446,.T.);
#10288=ORIENTED_EDGE('',*,*,#6443,.T.);
#10289=ORIENTED_EDGE('',*,*,#6440,.T.);
#10290=ORIENTED_EDGE('',*,*,#6437,.T.);
#10291=ORIENTED_EDGE('',*,*,#6434,.T.);
#10292=ORIENTED_EDGE('',*,*,#6431,.T.);
#10293=ORIENTED_EDGE('',*,*,#6428,.T.);
#10294=ORIENTED_EDGE('',*,*,#6425,.T.);
#10295=ORIENTED_EDGE('',*,*,#6422,.T.);
#10296=ORIENTED_EDGE('',*,*,#6419,.T.);
#10297=ORIENTED_EDGE('',*,*,#6416,.T.);
#10298=ORIENTED_EDGE('',*,*,#6413,.T.);
#10299=ORIENTED_EDGE('',*,*,#6410,.T.);
#10300=ORIENTED_EDGE('',*,*,#6407,.T.);
#10301=ORIENTED_EDGE('',*,*,#6404,.T.);
#10302=ORIENTED_EDGE('',*,*,#6401,.T.);
#10303=ORIENTED_EDGE('',*,*,#6398,.T.);
#10304=ORIENTED_EDGE('',*,*,#6395,.T.);
#10305=ORIENTED_EDGE('',*,*,#6392,.T.);
#10306=ORIENTED_EDGE('',*,*,#6389,.T.);
#10307=ORIENTED_EDGE('',*,*,#6386,.T.);
#10308=ORIENTED_EDGE('',*,*,#6383,.T.);
#10309=ORIENTED_EDGE('',*,*,#6380,.T.);
#10310=ORIENTED_EDGE('',*,*,#6377,.T.);
#10311=ORIENTED_EDGE('',*,*,#6374,.T.);
#10312=ORIENTED_EDGE('',*,*,#6371,.T.);
#10313=ORIENTED_EDGE('',*,*,#6368,.T.);
#10314=ORIENTED_EDGE('',*,*,#6365,.T.);
#10315=ORIENTED_EDGE('',*,*,#6362,.T.);
#10316=ORIENTED_EDGE('',*,*,#6359,.T.);
#10317=ORIENTED_EDGE('',*,*,#6356,.T.);
#10318=ORIENTED_EDGE('',*,*,#6353,.T.);
#10319=ORIENTED_EDGE('',*,*,#6350,.T.);
#10320=ORIENTED_EDGE('',*,*,#6347,.T.);
#10321=ORIENTED_EDGE('',*,*,#6344,.T.);
#10322=ORIENTED_EDGE('',*,*,#6341,.T.);
#10323=ORIENTED_EDGE('',*,*,#6338,.T.);
#10324=ORIENTED_EDGE('',*,*,#6335,.T.);
#10325=ORIENTED_EDGE('',*,*,#6332,.T.);
#10326=ORIENTED_EDGE('',*,*,#6329,.T.);
#10327=ORIENTED_EDGE('',*,*,#6326,.T.);
#10328=ORIENTED_EDGE('',*,*,#6323,.T.);
#10329=ORIENTED_EDGE('',*,*,#6320,.T.);
#10330=ORIENTED_EDGE('',*,*,#6317,.T.);
#10331=ORIENTED_EDGE('',*,*,#6314,.T.);
#10332=ORIENTED_EDGE('',*,*,#6311,.T.);
#10333=ORIENTED_EDGE('',*,*,#6308,.T.);
#10334=ORIENTED_EDGE('',*,*,#6305,.T.);
#10335=ORIENTED_EDGE('',*,*,#6302,.T.);
#10336=ORIENTED_EDGE('',*,*,#6299,.T.);
#10337=ORIENTED_EDGE('',*,*,#6296,.T.);
#10338=ORIENTED_EDGE('',*,*,#6293,.T.);
#10339=ORIENTED_EDGE('',*,*,#6290,.T.);
#10340=ORIENTED_EDGE('',*,*,#6287,.T.);
#10341=ORIENTED_EDGE('',*,*,#6284,.T.);
#10342=ORIENTED_EDGE('',*,*,#6281,.T.);
#10343=ORIENTED_EDGE('',*,*,#6278,.T.);
#10344=ORIENTED_EDGE('',*,*,#6275,.T.);
#10345=ORIENTED_EDGE('',*,*,#6272,.T.);
#10346=ORIENTED_EDGE('',*,*,#6269,.T.);
#10347=ORIENTED_EDGE('',*,*,#6266,.T.);
#10348=ORIENTED_EDGE('',*,*,#6263,.T.);
#10349=ORIENTED_EDGE('',*,*,#6260,.T.);
#10350=ORIENTED_EDGE('',*,*,#6257,.T.);
#10351=ORIENTED_EDGE('',*,*,#6254,.T.);
#10352=ORIENTED_EDGE('',*,*,#6251,.T.);
#10353=ORIENTED_EDGE('',*,*,#6248,.T.);
#10354=ORIENTED_EDGE('',*,*,#6245,.T.);
#10355=ORIENTED_EDGE('',*,*,#6242,.T.);
#10356=ORIENTED_EDGE('',*,*,#6239,.T.);
#10357=ORIENTED_EDGE('',*,*,#6236,.T.);
#10358=ORIENTED_EDGE('',*,*,#6233,.T.);
#10359=ORIENTED_EDGE('',*,*,#6230,.T.);
#10360=ORIENTED_EDGE('',*,*,#6227,.T.);
#10361=ORIENTED_EDGE('',*,*,#6224,.T.);
#10362=ORIENTED_EDGE('',*,*,#6221,.T.);
#10363=ORIENTED_EDGE('',*,*,#6218,.T.);
#10364=ORIENTED_EDGE('',*,*,#6215,.T.);
#10365=ORIENTED_EDGE('',*,*,#6212,.T.);
#10366=ORIENTED_EDGE('',*,*,#6209,.T.);
#10367=ORIENTED_EDGE('',*,*,#6206,.T.);
#10368=ORIENTED_EDGE('',*,*,#6203,.T.);
#10369=ORIENTED_EDGE('',*,*,#6200,.T.);
#10370=ORIENTED_EDGE('',*,*,#6197,.T.);
#10371=ORIENTED_EDGE('',*,*,#6194,.T.);
#10372=ORIENTED_EDGE('',*,*,#6191,.T.);
#10373=ORIENTED_EDGE('',*,*,#6188,.T.);
#10374=ORIENTED_EDGE('',*,*,#6185,.T.);
#10375=ORIENTED_EDGE('',*,*,#6182,.T.);
#10376=ORIENTED_EDGE('',*,*,#6179,.T.);
#10377=ORIENTED_EDGE('',*,*,#6176,.T.);
#10378=ORIENTED_EDGE('',*,*,#6173,.T.);
#10379=ORIENTED_EDGE('',*,*,#6170,.T.);
#10380=ORIENTED_EDGE('',*,*,#6167,.T.);
#10381=ORIENTED_EDGE('',*,*,#6164,.T.);
#10382=ORIENTED_EDGE('',*,*,#6161,.T.);
#10383=ORIENTED_EDGE('',*,*,#6158,.T.);
#10384=ORIENTED_EDGE('',*,*,#6155,.T.);
#10385=ORIENTED_EDGE('',*,*,#6152,.T.);
#10386=ORIENTED_EDGE('',*,*,#6149,.T.);
#10387=ORIENTED_EDGE('',*,*,#6146,.T.);
#10388=ORIENTED_EDGE('',*,*,#6143,.T.);
#10389=ORIENTED_EDGE('',*,*,#6140,.T.);
#10390=ORIENTED_EDGE('',*,*,#6137,.T.);
#10391=ORIENTED_EDGE('',*,*,#6134,.T.);
#10392=ORIENTED_EDGE('',*,*,#6131,.T.);
#10393=ORIENTED_EDGE('',*,*,#6128,.T.);
#10394=ORIENTED_EDGE('',*,*,#6125,.T.);
#10395=ORIENTED_EDGE('',*,*,#6122,.T.);
#10396=ORIENTED_EDGE('',*,*,#6119,.T.);
#10397=ORIENTED_EDGE('',*,*,#6116,.T.);
#10398=ORIENTED_EDGE('',*,*,#6113,.T.);
#10399=ORIENTED_EDGE('',*,*,#6110,.T.);
#10400=ORIENTED_EDGE('',*,*,#6107,.T.);
#10401=ORIENTED_EDGE('',*,*,#6104,.T.);
#10402=ORIENTED_EDGE('',*,*,#6101,.T.);
#10403=ORIENTED_EDGE('',*,*,#6098,.T.);
#10404=ORIENTED_EDGE('',*,*,#6095,.T.);
#10405=ORIENTED_EDGE('',*,*,#6092,.T.);
#10406=ORIENTED_EDGE('',*,*,#6089,.T.);
#10407=ORIENTED_EDGE('',*,*,#6086,.T.);
#10408=ORIENTED_EDGE('',*,*,#6083,.T.);
#10409=ORIENTED_EDGE('',*,*,#6080,.T.);
#10410=ORIENTED_EDGE('',*,*,#6077,.T.);
#10411=ORIENTED_EDGE('',*,*,#6074,.T.);
#10412=ORIENTED_EDGE('',*,*,#6071,.T.);
#10413=ORIENTED_EDGE('',*,*,#6068,.T.);
#10414=ORIENTED_EDGE('',*,*,#6065,.T.);
#10415=ORIENTED_EDGE('',*,*,#6062,.T.);
#10416=ORIENTED_EDGE('',*,*,#6059,.T.);
#10417=ORIENTED_EDGE('',*,*,#6056,.T.);
#10418=ORIENTED_EDGE('',*,*,#6053,.T.);
#10419=ORIENTED_EDGE('',*,*,#6050,.T.);
#10420=ORIENTED_EDGE('',*,*,#6047,.T.);
#10421=ORIENTED_EDGE('',*,*,#6044,.T.);
#10422=ORIENTED_EDGE('',*,*,#6041,.T.);
#10423=ORIENTED_EDGE('',*,*,#6038,.T.);
#10424=ORIENTED_EDGE('',*,*,#6035,.T.);
#10425=ORIENTED_EDGE('',*,*,#6032,.T.);
#10426=ORIENTED_EDGE('',*,*,#6029,.T.);
#10427=ORIENTED_EDGE('',*,*,#6026,.T.);
#10428=ORIENTED_EDGE('',*,*,#6023,.T.);
#10429=ORIENTED_EDGE('',*,*,#6020,.T.);
#10430=ORIENTED_EDGE('',*,*,#6017,.T.);
#10431=ORIENTED_EDGE('',*,*,#6014,.T.);
#10432=ORIENTED_EDGE('',*,*,#6011,.T.);
#10433=ORIENTED_EDGE('',*,*,#6008,.T.);
#10434=ORIENTED_EDGE('',*,*,#6005,.T.);
#10435=ORIENTED_EDGE('',*,*,#6002,.T.);
#10436=ORIENTED_EDGE('',*,*,#5999,.T.);
#10437=ORIENTED_EDGE('',*,*,#5996,.T.);
#10438=ORIENTED_EDGE('',*,*,#5993,.T.);
#10439=ORIENTED_EDGE('',*,*,#5990,.T.);
#10440=ORIENTED_EDGE('',*,*,#5987,.T.);
#10441=ORIENTED_EDGE('',*,*,#5984,.T.);
#10442=ORIENTED_EDGE('',*,*,#5981,.T.);
#10443=ORIENTED_EDGE('',*,*,#5978,.T.);
#10444=ORIENTED_EDGE('',*,*,#5975,.T.);
#10445=ORIENTED_EDGE('',*,*,#5972,.T.);
#10446=ORIENTED_EDGE('',*,*,#5969,.T.);
#10447=ORIENTED_EDGE('',*,*,#5966,.T.);
#10448=ORIENTED_EDGE('',*,*,#5963,.T.);
#10449=ORIENTED_EDGE('',*,*,#5960,.T.);
#10450=ORIENTED_EDGE('',*,*,#5957,.T.);
#10451=ORIENTED_EDGE('',*,*,#5954,.T.);
#10452=ORIENTED_EDGE('',*,*,#5951,.T.);
#10453=ORIENTED_EDGE('',*,*,#5948,.T.);
#10454=ORIENTED_EDGE('',*,*,#5945,.T.);
#10455=ORIENTED_EDGE('',*,*,#5942,.T.);
#10456=ORIENTED_EDGE('',*,*,#5939,.T.);
#10457=ORIENTED_EDGE('',*,*,#5936,.T.);
#10458=ORIENTED_EDGE('',*,*,#5933,.T.);
#10459=ORIENTED_EDGE('',*,*,#5930,.T.);
#10460=ORIENTED_EDGE('',*,*,#5927,.T.);
#10461=ORIENTED_EDGE('',*,*,#5924,.T.);
#10462=ORIENTED_EDGE('',*,*,#5921,.T.);
#10463=ORIENTED_EDGE('',*,*,#5918,.T.);
#10464=ORIENTED_EDGE('',*,*,#5915,.T.);
#10465=ORIENTED_EDGE('',*,*,#5912,.T.);
#10466=ORIENTED_EDGE('',*,*,#5909,.T.);
#10467=ORIENTED_EDGE('',*,*,#5906,.T.);
#10468=ORIENTED_EDGE('',*,*,#5903,.T.);
#10469=ORIENTED_EDGE('',*,*,#5900,.T.);
#10470=ORIENTED_EDGE('',*,*,#5897,.T.);
#10471=ORIENTED_EDGE('',*,*,#5894,.T.);
#10472=ORIENTED_EDGE('',*,*,#5891,.T.);
#10473=ORIENTED_EDGE('',*,*,#5888,.T.);
#10474=ORIENTED_EDGE('',*,*,#5885,.T.);
#10475=ORIENTED_EDGE('',*,*,#5882,.T.);
#10476=ORIENTED_EDGE('',*,*,#5879,.T.);
#10477=ORIENTED_EDGE('',*,*,#7600,.F.);
#10478=ORIENTED_EDGE('',*,*,#7551,.F.);
#10479=ORIENTED_EDGE('',*,*,#7555,.F.);
#10480=ORIENTED_EDGE('',*,*,#7558,.T.);
#10481=ORIENTED_EDGE('',*,*,#7561,.T.);
#10482=ORIENTED_EDGE('',*,*,#7564,.T.);
#10483=ORIENTED_EDGE('',*,*,#7567,.T.);
#10484=ORIENTED_EDGE('',*,*,#7570,.T.);
#10485=ORIENTED_EDGE('',*,*,#7573,.T.);
#10486=ORIENTED_EDGE('',*,*,#7576,.T.);
#10487=ORIENTED_EDGE('',*,*,#7579,.T.);
#10488=ORIENTED_EDGE('',*,*,#7582,.T.);
#10489=ORIENTED_EDGE('',*,*,#7585,.T.);
#10490=ORIENTED_EDGE('',*,*,#7588,.T.);
#10491=ORIENTED_EDGE('',*,*,#7591,.T.);
#10492=ORIENTED_EDGE('',*,*,#7594,.T.);
#10493=ORIENTED_EDGE('',*,*,#7597,.T.);
#10494=ORIENTED_EDGE('',*,*,#7549,.T.);
#10495=ORIENTED_EDGE('',*,*,#7491,.T.);
#10496=ORIENTED_EDGE('',*,*,#7495,.T.);
#10497=ORIENTED_EDGE('',*,*,#7498,.T.);
#10498=ORIENTED_EDGE('',*,*,#7501,.T.);
#10499=ORIENTED_EDGE('',*,*,#7504,.T.);
#10500=ORIENTED_EDGE('',*,*,#7507,.T.);
#10501=ORIENTED_EDGE('',*,*,#7510,.T.);
#10502=ORIENTED_EDGE('',*,*,#7513,.T.);
#10503=ORIENTED_EDGE('',*,*,#7516,.T.);
#10504=ORIENTED_EDGE('',*,*,#7519,.T.);
#10505=ORIENTED_EDGE('',*,*,#7522,.T.);
#10506=ORIENTED_EDGE('',*,*,#7525,.T.);
#10507=ORIENTED_EDGE('',*,*,#7528,.T.);
#10508=ORIENTED_EDGE('',*,*,#7531,.T.);
#10509=ORIENTED_EDGE('',*,*,#7534,.T.);
#10510=ORIENTED_EDGE('',*,*,#7537,.T.);
#10511=ORIENTED_EDGE('',*,*,#7540,.T.);
#10512=ORIENTED_EDGE('',*,*,#7543,.T.);
#10513=ORIENTED_EDGE('',*,*,#7546,.T.);
#10514=ORIENTED_EDGE('',*,*,#7489,.T.);
#10515=ORIENTED_EDGE('',*,*,#7431,.T.);
#10516=ORIENTED_EDGE('',*,*,#7435,.T.);
#10517=ORIENTED_EDGE('',*,*,#7438,.T.);
#10518=ORIENTED_EDGE('',*,*,#7441,.T.);
#10519=ORIENTED_EDGE('',*,*,#7444,.T.);
#10520=ORIENTED_EDGE('',*,*,#7447,.T.);
#10521=ORIENTED_EDGE('',*,*,#7450,.T.);
#10522=ORIENTED_EDGE('',*,*,#7453,.T.);
#10523=ORIENTED_EDGE('',*,*,#7456,.T.);
#10524=ORIENTED_EDGE('',*,*,#7459,.T.);
#10525=ORIENTED_EDGE('',*,*,#7462,.T.);
#10526=ORIENTED_EDGE('',*,*,#7465,.T.);
#10527=ORIENTED_EDGE('',*,*,#7468,.T.);
#10528=ORIENTED_EDGE('',*,*,#7471,.T.);
#10529=ORIENTED_EDGE('',*,*,#7474,.T.);
#10530=ORIENTED_EDGE('',*,*,#7477,.T.);
#10531=ORIENTED_EDGE('',*,*,#7480,.T.);
#10532=ORIENTED_EDGE('',*,*,#7483,.T.);
#10533=ORIENTED_EDGE('',*,*,#7486,.T.);
#10534=ORIENTED_EDGE('',*,*,#7429,.T.);
#10535=ORIENTED_EDGE('',*,*,#7371,.T.);
#10536=ORIENTED_EDGE('',*,*,#7375,.T.);
#10537=ORIENTED_EDGE('',*,*,#7378,.T.);
#10538=ORIENTED_EDGE('',*,*,#7381,.T.);
#10539=ORIENTED_EDGE('',*,*,#7384,.T.);
#10540=ORIENTED_EDGE('',*,*,#7387,.T.);
#10541=ORIENTED_EDGE('',*,*,#7390,.T.);
#10542=ORIENTED_EDGE('',*,*,#7393,.T.);
#10543=ORIENTED_EDGE('',*,*,#7396,.T.);
#10544=ORIENTED_EDGE('',*,*,#7399,.T.);
#10545=ORIENTED_EDGE('',*,*,#7402,.T.);
#10546=ORIENTED_EDGE('',*,*,#7405,.T.);
#10547=ORIENTED_EDGE('',*,*,#7408,.T.);
#10548=ORIENTED_EDGE('',*,*,#7411,.T.);
#10549=ORIENTED_EDGE('',*,*,#7414,.T.);
#10550=ORIENTED_EDGE('',*,*,#7417,.T.);
#10551=ORIENTED_EDGE('',*,*,#7420,.T.);
#10552=ORIENTED_EDGE('',*,*,#7423,.T.);
#10553=ORIENTED_EDGE('',*,*,#7426,.T.);
#10554=ORIENTED_EDGE('',*,*,#7369,.T.);
#10555=ORIENTED_EDGE('',*,*,#7311,.T.);
#10556=ORIENTED_EDGE('',*,*,#7315,.T.);
#10557=ORIENTED_EDGE('',*,*,#7318,.T.);
#10558=ORIENTED_EDGE('',*,*,#7321,.T.);
#10559=ORIENTED_EDGE('',*,*,#7324,.T.);
#10560=ORIENTED_EDGE('',*,*,#7327,.T.);
#10561=ORIENTED_EDGE('',*,*,#7330,.T.);
#10562=ORIENTED_EDGE('',*,*,#7333,.T.);
#10563=ORIENTED_EDGE('',*,*,#7336,.T.);
#10564=ORIENTED_EDGE('',*,*,#7339,.T.);
#10565=ORIENTED_EDGE('',*,*,#7342,.T.);
#10566=ORIENTED_EDGE('',*,*,#7345,.T.);
#10567=ORIENTED_EDGE('',*,*,#7348,.T.);
#10568=ORIENTED_EDGE('',*,*,#7351,.T.);
#10569=ORIENTED_EDGE('',*,*,#7354,.T.);
#10570=ORIENTED_EDGE('',*,*,#7357,.T.);
#10571=ORIENTED_EDGE('',*,*,#7360,.T.);
#10572=ORIENTED_EDGE('',*,*,#7363,.T.);
#10573=ORIENTED_EDGE('',*,*,#7366,.T.);
#10574=ORIENTED_EDGE('',*,*,#7309,.T.);
#10575=ORIENTED_EDGE('',*,*,#7251,.T.);
#10576=ORIENTED_EDGE('',*,*,#7255,.T.);
#10577=ORIENTED_EDGE('',*,*,#7258,.T.);
#10578=ORIENTED_EDGE('',*,*,#7261,.T.);
#10579=ORIENTED_EDGE('',*,*,#7264,.T.);
#10580=ORIENTED_EDGE('',*,*,#7267,.T.);
#10581=ORIENTED_EDGE('',*,*,#7270,.T.);
#10582=ORIENTED_EDGE('',*,*,#7273,.T.);
#10583=ORIENTED_EDGE('',*,*,#7276,.T.);
#10584=ORIENTED_EDGE('',*,*,#7279,.T.);
#10585=ORIENTED_EDGE('',*,*,#7282,.T.);
#10586=ORIENTED_EDGE('',*,*,#7285,.T.);
#10587=ORIENTED_EDGE('',*,*,#7288,.T.);
#10588=ORIENTED_EDGE('',*,*,#7291,.T.);
#10589=ORIENTED_EDGE('',*,*,#7294,.T.);
#10590=ORIENTED_EDGE('',*,*,#7297,.T.);
#10591=ORIENTED_EDGE('',*,*,#7300,.T.);
#10592=ORIENTED_EDGE('',*,*,#7303,.T.);
#10593=ORIENTED_EDGE('',*,*,#7306,.T.);
#10594=ORIENTED_EDGE('',*,*,#7249,.T.);
#10595=ORIENTED_EDGE('',*,*,#7191,.T.);
#10596=ORIENTED_EDGE('',*,*,#7195,.T.);
#10597=ORIENTED_EDGE('',*,*,#7198,.T.);
#10598=ORIENTED_EDGE('',*,*,#7201,.T.);
#10599=ORIENTED_EDGE('',*,*,#7204,.T.);
#10600=ORIENTED_EDGE('',*,*,#7207,.T.);
#10601=ORIENTED_EDGE('',*,*,#7210,.T.);
#10602=ORIENTED_EDGE('',*,*,#7213,.T.);
#10603=ORIENTED_EDGE('',*,*,#7216,.T.);
#10604=ORIENTED_EDGE('',*,*,#7219,.T.);
#10605=ORIENTED_EDGE('',*,*,#7222,.T.);
#10606=ORIENTED_EDGE('',*,*,#7225,.T.);
#10607=ORIENTED_EDGE('',*,*,#7228,.T.);
#10608=ORIENTED_EDGE('',*,*,#7231,.T.);
#10609=ORIENTED_EDGE('',*,*,#7234,.T.);
#10610=ORIENTED_EDGE('',*,*,#7237,.T.);
#10611=ORIENTED_EDGE('',*,*,#7240,.T.);
#10612=ORIENTED_EDGE('',*,*,#7243,.T.);
#10613=ORIENTED_EDGE('',*,*,#7246,.T.);
#10614=ORIENTED_EDGE('',*,*,#7189,.T.);
#10615=ORIENTED_EDGE('',*,*,#7131,.T.);
#10616=ORIENTED_EDGE('',*,*,#7135,.T.);
#10617=ORIENTED_EDGE('',*,*,#7138,.T.);
#10618=ORIENTED_EDGE('',*,*,#7141,.T.);
#10619=ORIENTED_EDGE('',*,*,#7144,.T.);
#10620=ORIENTED_EDGE('',*,*,#7147,.T.);
#10621=ORIENTED_EDGE('',*,*,#7150,.T.);
#10622=ORIENTED_EDGE('',*,*,#7153,.T.);
#10623=ORIENTED_EDGE('',*,*,#7156,.T.);
#10624=ORIENTED_EDGE('',*,*,#7159,.T.);
#10625=ORIENTED_EDGE('',*,*,#7162,.T.);
#10626=ORIENTED_EDGE('',*,*,#7165,.T.);
#10627=ORIENTED_EDGE('',*,*,#7168,.T.);
#10628=ORIENTED_EDGE('',*,*,#7171,.T.);
#10629=ORIENTED_EDGE('',*,*,#7174,.T.);
#10630=ORIENTED_EDGE('',*,*,#7177,.T.);
#10631=ORIENTED_EDGE('',*,*,#7180,.T.);
#10632=ORIENTED_EDGE('',*,*,#7183,.T.);
#10633=ORIENTED_EDGE('',*,*,#7186,.T.);
#10634=ORIENTED_EDGE('',*,*,#7129,.T.);
#10635=ORIENTED_EDGE('',*,*,#7071,.T.);
#10636=ORIENTED_EDGE('',*,*,#7075,.T.);
#10637=ORIENTED_EDGE('',*,*,#7078,.T.);
#10638=ORIENTED_EDGE('',*,*,#7081,.T.);
#10639=ORIENTED_EDGE('',*,*,#7084,.T.);
#10640=ORIENTED_EDGE('',*,*,#7087,.T.);
#10641=ORIENTED_EDGE('',*,*,#7090,.T.);
#10642=ORIENTED_EDGE('',*,*,#7093,.T.);
#10643=ORIENTED_EDGE('',*,*,#7096,.T.);
#10644=ORIENTED_EDGE('',*,*,#7099,.T.);
#10645=ORIENTED_EDGE('',*,*,#7102,.T.);
#10646=ORIENTED_EDGE('',*,*,#7105,.T.);
#10647=ORIENTED_EDGE('',*,*,#7108,.T.);
#10648=ORIENTED_EDGE('',*,*,#7111,.T.);
#10649=ORIENTED_EDGE('',*,*,#7114,.T.);
#10650=ORIENTED_EDGE('',*,*,#7117,.T.);
#10651=ORIENTED_EDGE('',*,*,#7120,.T.);
#10652=ORIENTED_EDGE('',*,*,#7123,.T.);
#10653=ORIENTED_EDGE('',*,*,#7126,.T.);
#10654=ORIENTED_EDGE('',*,*,#7069,.T.);
#10655=ORIENTED_EDGE('',*,*,#7011,.T.);
#10656=ORIENTED_EDGE('',*,*,#7015,.T.);
#10657=ORIENTED_EDGE('',*,*,#7018,.T.);
#10658=ORIENTED_EDGE('',*,*,#7021,.T.);
#10659=ORIENTED_EDGE('',*,*,#7024,.T.);
#10660=ORIENTED_EDGE('',*,*,#7027,.T.);
#10661=ORIENTED_EDGE('',*,*,#7030,.T.);
#10662=ORIENTED_EDGE('',*,*,#7033,.T.);
#10663=ORIENTED_EDGE('',*,*,#7036,.T.);
#10664=ORIENTED_EDGE('',*,*,#7039,.T.);
#10665=ORIENTED_EDGE('',*,*,#7042,.T.);
#10666=ORIENTED_EDGE('',*,*,#7045,.T.);
#10667=ORIENTED_EDGE('',*,*,#7048,.T.);
#10668=ORIENTED_EDGE('',*,*,#7051,.T.);
#10669=ORIENTED_EDGE('',*,*,#7054,.T.);
#10670=ORIENTED_EDGE('',*,*,#7057,.T.);
#10671=ORIENTED_EDGE('',*,*,#7060,.T.);
#10672=ORIENTED_EDGE('',*,*,#7063,.T.);
#10673=ORIENTED_EDGE('',*,*,#7066,.T.);
#10674=ORIENTED_EDGE('',*,*,#7009,.T.);
#10675=ORIENTED_EDGE('',*,*,#6951,.T.);
#10676=ORIENTED_EDGE('',*,*,#6955,.T.);
#10677=ORIENTED_EDGE('',*,*,#6958,.T.);
#10678=ORIENTED_EDGE('',*,*,#6961,.T.);
#10679=ORIENTED_EDGE('',*,*,#6964,.T.);
#10680=ORIENTED_EDGE('',*,*,#6967,.T.);
#10681=ORIENTED_EDGE('',*,*,#6970,.T.);
#10682=ORIENTED_EDGE('',*,*,#6973,.T.);
#10683=ORIENTED_EDGE('',*,*,#6976,.T.);
#10684=ORIENTED_EDGE('',*,*,#6979,.T.);
#10685=ORIENTED_EDGE('',*,*,#6982,.T.);
#10686=ORIENTED_EDGE('',*,*,#6985,.T.);
#10687=ORIENTED_EDGE('',*,*,#6988,.T.);
#10688=ORIENTED_EDGE('',*,*,#6991,.T.);
#10689=ORIENTED_EDGE('',*,*,#6994,.T.);
#10690=ORIENTED_EDGE('',*,*,#6997,.T.);
#10691=ORIENTED_EDGE('',*,*,#7000,.T.);
#10692=ORIENTED_EDGE('',*,*,#7003,.T.);
#10693=ORIENTED_EDGE('',*,*,#7006,.T.);
#10694=ORIENTED_EDGE('',*,*,#6949,.T.);
#10695=ORIENTED_EDGE('',*,*,#6891,.T.);
#10696=ORIENTED_EDGE('',*,*,#6895,.T.);
#10697=ORIENTED_EDGE('',*,*,#6898,.T.);
#10698=ORIENTED_EDGE('',*,*,#6901,.T.);
#10699=ORIENTED_EDGE('',*,*,#6904,.T.);
#10700=ORIENTED_EDGE('',*,*,#6907,.T.);
#10701=ORIENTED_EDGE('',*,*,#6910,.T.);
#10702=ORIENTED_EDGE('',*,*,#6913,.T.);
#10703=ORIENTED_EDGE('',*,*,#6916,.T.);
#10704=ORIENTED_EDGE('',*,*,#6919,.T.);
#10705=ORIENTED_EDGE('',*,*,#6922,.T.);
#10706=ORIENTED_EDGE('',*,*,#6925,.T.);
#10707=ORIENTED_EDGE('',*,*,#6928,.T.);
#10708=ORIENTED_EDGE('',*,*,#6931,.T.);
#10709=ORIENTED_EDGE('',*,*,#6934,.T.);
#10710=ORIENTED_EDGE('',*,*,#6937,.T.);
#10711=ORIENTED_EDGE('',*,*,#6940,.T.);
#10712=ORIENTED_EDGE('',*,*,#6943,.T.);
#10713=ORIENTED_EDGE('',*,*,#6946,.T.);
#10714=ORIENTED_EDGE('',*,*,#6889,.T.);
#10715=ORIENTED_EDGE('',*,*,#6831,.T.);
#10716=ORIENTED_EDGE('',*,*,#6835,.T.);
#10717=ORIENTED_EDGE('',*,*,#6838,.T.);
#10718=ORIENTED_EDGE('',*,*,#6841,.T.);
#10719=ORIENTED_EDGE('',*,*,#6844,.T.);
#10720=ORIENTED_EDGE('',*,*,#6847,.T.);
#10721=ORIENTED_EDGE('',*,*,#6850,.T.);
#10722=ORIENTED_EDGE('',*,*,#6853,.T.);
#10723=ORIENTED_EDGE('',*,*,#6856,.T.);
#10724=ORIENTED_EDGE('',*,*,#6859,.T.);
#10725=ORIENTED_EDGE('',*,*,#6862,.T.);
#10726=ORIENTED_EDGE('',*,*,#6865,.T.);
#10727=ORIENTED_EDGE('',*,*,#6868,.T.);
#10728=ORIENTED_EDGE('',*,*,#6871,.T.);
#10729=ORIENTED_EDGE('',*,*,#6874,.T.);
#10730=ORIENTED_EDGE('',*,*,#6877,.T.);
#10731=ORIENTED_EDGE('',*,*,#6880,.T.);
#10732=ORIENTED_EDGE('',*,*,#6883,.T.);
#10733=ORIENTED_EDGE('',*,*,#6886,.T.);
#10734=ORIENTED_EDGE('',*,*,#6829,.T.);
#10735=ORIENTED_EDGE('',*,*,#6771,.T.);
#10736=ORIENTED_EDGE('',*,*,#6775,.T.);
#10737=ORIENTED_EDGE('',*,*,#6778,.T.);
#10738=ORIENTED_EDGE('',*,*,#6781,.T.);
#10739=ORIENTED_EDGE('',*,*,#6784,.T.);
#10740=ORIENTED_EDGE('',*,*,#6787,.T.);
#10741=ORIENTED_EDGE('',*,*,#6790,.T.);
#10742=ORIENTED_EDGE('',*,*,#6793,.T.);
#10743=ORIENTED_EDGE('',*,*,#6796,.T.);
#10744=ORIENTED_EDGE('',*,*,#6799,.T.);
#10745=ORIENTED_EDGE('',*,*,#6802,.T.);
#10746=ORIENTED_EDGE('',*,*,#6805,.T.);
#10747=ORIENTED_EDGE('',*,*,#6808,.T.);
#10748=ORIENTED_EDGE('',*,*,#6811,.T.);
#10749=ORIENTED_EDGE('',*,*,#6814,.T.);
#10750=ORIENTED_EDGE('',*,*,#6817,.T.);
#10751=ORIENTED_EDGE('',*,*,#6820,.T.);
#10752=ORIENTED_EDGE('',*,*,#6823,.T.);
#10753=ORIENTED_EDGE('',*,*,#6826,.T.);
#10754=ORIENTED_EDGE('',*,*,#6769,.T.);
#10755=ORIENTED_EDGE('',*,*,#6711,.T.);
#10756=ORIENTED_EDGE('',*,*,#6715,.T.);
#10757=ORIENTED_EDGE('',*,*,#6718,.T.);
#10758=ORIENTED_EDGE('',*,*,#6721,.T.);
#10759=ORIENTED_EDGE('',*,*,#6724,.T.);
#10760=ORIENTED_EDGE('',*,*,#6727,.T.);
#10761=ORIENTED_EDGE('',*,*,#6730,.T.);
#10762=ORIENTED_EDGE('',*,*,#6733,.T.);
#10763=ORIENTED_EDGE('',*,*,#6736,.T.);
#10764=ORIENTED_EDGE('',*,*,#6739,.T.);
#10765=ORIENTED_EDGE('',*,*,#6742,.T.);
#10766=ORIENTED_EDGE('',*,*,#6745,.T.);
#10767=ORIENTED_EDGE('',*,*,#6748,.T.);
#10768=ORIENTED_EDGE('',*,*,#6751,.T.);
#10769=ORIENTED_EDGE('',*,*,#6754,.T.);
#10770=ORIENTED_EDGE('',*,*,#6757,.T.);
#10771=ORIENTED_EDGE('',*,*,#6760,.T.);
#10772=ORIENTED_EDGE('',*,*,#6763,.T.);
#10773=ORIENTED_EDGE('',*,*,#6766,.T.);
#10774=ORIENTED_EDGE('',*,*,#6709,.T.);
#10775=ORIENTED_EDGE('',*,*,#6651,.T.);
#10776=ORIENTED_EDGE('',*,*,#6655,.T.);
#10777=ORIENTED_EDGE('',*,*,#6658,.T.);
#10778=ORIENTED_EDGE('',*,*,#6661,.T.);
#10779=ORIENTED_EDGE('',*,*,#6664,.T.);
#10780=ORIENTED_EDGE('',*,*,#6667,.T.);
#10781=ORIENTED_EDGE('',*,*,#6670,.T.);
#10782=ORIENTED_EDGE('',*,*,#6673,.T.);
#10783=ORIENTED_EDGE('',*,*,#6676,.T.);
#10784=ORIENTED_EDGE('',*,*,#6679,.T.);
#10785=ORIENTED_EDGE('',*,*,#6682,.T.);
#10786=ORIENTED_EDGE('',*,*,#6685,.T.);
#10787=ORIENTED_EDGE('',*,*,#6688,.T.);
#10788=ORIENTED_EDGE('',*,*,#6691,.T.);
#10789=ORIENTED_EDGE('',*,*,#6694,.T.);
#10790=ORIENTED_EDGE('',*,*,#6697,.T.);
#10791=ORIENTED_EDGE('',*,*,#6700,.T.);
#10792=ORIENTED_EDGE('',*,*,#6703,.T.);
#10793=ORIENTED_EDGE('',*,*,#6706,.T.);
#10794=ORIENTED_EDGE('',*,*,#6649,.T.);
#10795=ORIENTED_EDGE('',*,*,#6591,.T.);
#10796=ORIENTED_EDGE('',*,*,#6595,.T.);
#10797=ORIENTED_EDGE('',*,*,#6598,.T.);
#10798=ORIENTED_EDGE('',*,*,#6601,.T.);
#10799=ORIENTED_EDGE('',*,*,#6604,.T.);
#10800=ORIENTED_EDGE('',*,*,#6607,.T.);
#10801=ORIENTED_EDGE('',*,*,#6610,.T.);
#10802=ORIENTED_EDGE('',*,*,#6613,.T.);
#10803=ORIENTED_EDGE('',*,*,#6616,.T.);
#10804=ORIENTED_EDGE('',*,*,#6619,.T.);
#10805=ORIENTED_EDGE('',*,*,#6622,.T.);
#10806=ORIENTED_EDGE('',*,*,#6625,.T.);
#10807=ORIENTED_EDGE('',*,*,#6628,.T.);
#10808=ORIENTED_EDGE('',*,*,#6631,.T.);
#10809=ORIENTED_EDGE('',*,*,#6634,.T.);
#10810=ORIENTED_EDGE('',*,*,#6637,.T.);
#10811=ORIENTED_EDGE('',*,*,#6640,.T.);
#10812=ORIENTED_EDGE('',*,*,#6643,.T.);
#10813=ORIENTED_EDGE('',*,*,#6646,.T.);
#10814=ORIENTED_EDGE('',*,*,#6589,.T.);
#10815=ORIENTED_EDGE('',*,*,#6531,.T.);
#10816=ORIENTED_EDGE('',*,*,#6535,.T.);
#10817=ORIENTED_EDGE('',*,*,#6538,.T.);
#10818=ORIENTED_EDGE('',*,*,#6541,.T.);
#10819=ORIENTED_EDGE('',*,*,#6544,.T.);
#10820=ORIENTED_EDGE('',*,*,#6547,.T.);
#10821=ORIENTED_EDGE('',*,*,#6550,.T.);
#10822=ORIENTED_EDGE('',*,*,#6553,.T.);
#10823=ORIENTED_EDGE('',*,*,#6556,.T.);
#10824=ORIENTED_EDGE('',*,*,#6559,.T.);
#10825=ORIENTED_EDGE('',*,*,#6562,.T.);
#10826=ORIENTED_EDGE('',*,*,#6565,.T.);
#10827=ORIENTED_EDGE('',*,*,#6568,.T.);
#10828=ORIENTED_EDGE('',*,*,#6571,.T.);
#10829=ORIENTED_EDGE('',*,*,#6574,.T.);
#10830=ORIENTED_EDGE('',*,*,#6577,.T.);
#10831=ORIENTED_EDGE('',*,*,#6580,.T.);
#10832=ORIENTED_EDGE('',*,*,#6583,.T.);
#10833=ORIENTED_EDGE('',*,*,#6586,.T.);
#10834=ORIENTED_EDGE('',*,*,#6529,.T.);
#10835=ORIENTED_EDGE('',*,*,#6471,.T.);
#10836=ORIENTED_EDGE('',*,*,#6475,.T.);
#10837=ORIENTED_EDGE('',*,*,#6478,.T.);
#10838=ORIENTED_EDGE('',*,*,#6481,.T.);
#10839=ORIENTED_EDGE('',*,*,#6484,.T.);
#10840=ORIENTED_EDGE('',*,*,#6487,.T.);
#10841=ORIENTED_EDGE('',*,*,#6490,.T.);
#10842=ORIENTED_EDGE('',*,*,#6493,.T.);
#10843=ORIENTED_EDGE('',*,*,#6496,.T.);
#10844=ORIENTED_EDGE('',*,*,#6499,.T.);
#10845=ORIENTED_EDGE('',*,*,#6502,.T.);
#10846=ORIENTED_EDGE('',*,*,#6505,.T.);
#10847=ORIENTED_EDGE('',*,*,#6508,.T.);
#10848=ORIENTED_EDGE('',*,*,#6511,.T.);
#10849=ORIENTED_EDGE('',*,*,#6514,.T.);
#10850=ORIENTED_EDGE('',*,*,#6517,.T.);
#10851=ORIENTED_EDGE('',*,*,#6520,.T.);
#10852=ORIENTED_EDGE('',*,*,#6523,.T.);
#10853=ORIENTED_EDGE('',*,*,#6526,.T.);
#10854=ORIENTED_EDGE('',*,*,#6469,.T.);
#10855=ORIENTED_EDGE('',*,*,#6411,.T.);
#10856=ORIENTED_EDGE('',*,*,#6415,.T.);
#10857=ORIENTED_EDGE('',*,*,#6418,.T.);
#10858=ORIENTED_EDGE('',*,*,#6421,.T.);
#10859=ORIENTED_EDGE('',*,*,#6424,.T.);
#10860=ORIENTED_EDGE('',*,*,#6427,.T.);
#10861=ORIENTED_EDGE('',*,*,#6430,.T.);
#10862=ORIENTED_EDGE('',*,*,#6433,.T.);
#10863=ORIENTED_EDGE('',*,*,#6436,.T.);
#10864=ORIENTED_EDGE('',*,*,#6439,.T.);
#10865=ORIENTED_EDGE('',*,*,#6442,.T.);
#10866=ORIENTED_EDGE('',*,*,#6445,.T.);
#10867=ORIENTED_EDGE('',*,*,#6448,.T.);
#10868=ORIENTED_EDGE('',*,*,#6451,.T.);
#10869=ORIENTED_EDGE('',*,*,#6454,.T.);
#10870=ORIENTED_EDGE('',*,*,#6457,.T.);
#10871=ORIENTED_EDGE('',*,*,#6460,.T.);
#10872=ORIENTED_EDGE('',*,*,#6463,.T.);
#10873=ORIENTED_EDGE('',*,*,#6466,.T.);
#10874=ORIENTED_EDGE('',*,*,#6409,.T.);
#10875=ORIENTED_EDGE('',*,*,#6351,.T.);
#10876=ORIENTED_EDGE('',*,*,#6355,.T.);
#10877=ORIENTED_EDGE('',*,*,#6358,.T.);
#10878=ORIENTED_EDGE('',*,*,#6361,.T.);
#10879=ORIENTED_EDGE('',*,*,#6364,.T.);
#10880=ORIENTED_EDGE('',*,*,#6367,.T.);
#10881=ORIENTED_EDGE('',*,*,#6370,.T.);
#10882=ORIENTED_EDGE('',*,*,#6373,.T.);
#10883=ORIENTED_EDGE('',*,*,#6376,.T.);
#10884=ORIENTED_EDGE('',*,*,#6379,.T.);
#10885=ORIENTED_EDGE('',*,*,#6382,.T.);
#10886=ORIENTED_EDGE('',*,*,#6385,.T.);
#10887=ORIENTED_EDGE('',*,*,#6388,.T.);
#10888=ORIENTED_EDGE('',*,*,#6391,.T.);
#10889=ORIENTED_EDGE('',*,*,#6394,.T.);
#10890=ORIENTED_EDGE('',*,*,#6397,.T.);
#10891=ORIENTED_EDGE('',*,*,#6400,.T.);
#10892=ORIENTED_EDGE('',*,*,#6403,.T.);
#10893=ORIENTED_EDGE('',*,*,#6406,.T.);
#10894=ORIENTED_EDGE('',*,*,#6349,.T.);
#10895=ORIENTED_EDGE('',*,*,#6291,.T.);
#10896=ORIENTED_EDGE('',*,*,#6295,.T.);
#10897=ORIENTED_EDGE('',*,*,#6298,.T.);
#10898=ORIENTED_EDGE('',*,*,#6301,.T.);
#10899=ORIENTED_EDGE('',*,*,#6304,.T.);
#10900=ORIENTED_EDGE('',*,*,#6307,.T.);
#10901=ORIENTED_EDGE('',*,*,#6310,.T.);
#10902=ORIENTED_EDGE('',*,*,#6313,.T.);
#10903=ORIENTED_EDGE('',*,*,#6316,.T.);
#10904=ORIENTED_EDGE('',*,*,#6319,.T.);
#10905=ORIENTED_EDGE('',*,*,#6322,.T.);
#10906=ORIENTED_EDGE('',*,*,#6325,.T.);
#10907=ORIENTED_EDGE('',*,*,#6328,.T.);
#10908=ORIENTED_EDGE('',*,*,#6331,.T.);
#10909=ORIENTED_EDGE('',*,*,#6334,.T.);
#10910=ORIENTED_EDGE('',*,*,#6337,.T.);
#10911=ORIENTED_EDGE('',*,*,#6340,.T.);
#10912=ORIENTED_EDGE('',*,*,#6343,.T.);
#10913=ORIENTED_EDGE('',*,*,#6346,.T.);
#10914=ORIENTED_EDGE('',*,*,#6289,.T.);
#10915=ORIENTED_EDGE('',*,*,#6231,.T.);
#10916=ORIENTED_EDGE('',*,*,#6235,.T.);
#10917=ORIENTED_EDGE('',*,*,#6238,.T.);
#10918=ORIENTED_EDGE('',*,*,#6241,.T.);
#10919=ORIENTED_EDGE('',*,*,#6244,.T.);
#10920=ORIENTED_EDGE('',*,*,#6247,.T.);
#10921=ORIENTED_EDGE('',*,*,#6250,.T.);
#10922=ORIENTED_EDGE('',*,*,#6253,.T.);
#10923=ORIENTED_EDGE('',*,*,#6256,.T.);
#10924=ORIENTED_EDGE('',*,*,#6259,.T.);
#10925=ORIENTED_EDGE('',*,*,#6262,.T.);
#10926=ORIENTED_EDGE('',*,*,#6265,.T.);
#10927=ORIENTED_EDGE('',*,*,#6268,.T.);
#10928=ORIENTED_EDGE('',*,*,#6271,.T.);
#10929=ORIENTED_EDGE('',*,*,#6274,.T.);
#10930=ORIENTED_EDGE('',*,*,#6277,.T.);
#10931=ORIENTED_EDGE('',*,*,#6280,.T.);
#10932=ORIENTED_EDGE('',*,*,#6283,.T.);
#10933=ORIENTED_EDGE('',*,*,#6286,.T.);
#10934=ORIENTED_EDGE('',*,*,#6229,.T.);
#10935=ORIENTED_EDGE('',*,*,#6171,.T.);
#10936=ORIENTED_EDGE('',*,*,#6175,.T.);
#10937=ORIENTED_EDGE('',*,*,#6178,.T.);
#10938=ORIENTED_EDGE('',*,*,#6181,.T.);
#10939=ORIENTED_EDGE('',*,*,#6184,.T.);
#10940=ORIENTED_EDGE('',*,*,#6187,.T.);
#10941=ORIENTED_EDGE('',*,*,#6190,.T.);
#10942=ORIENTED_EDGE('',*,*,#6193,.T.);
#10943=ORIENTED_EDGE('',*,*,#6196,.T.);
#10944=ORIENTED_EDGE('',*,*,#6199,.T.);
#10945=ORIENTED_EDGE('',*,*,#6202,.T.);
#10946=ORIENTED_EDGE('',*,*,#6205,.T.);
#10947=ORIENTED_EDGE('',*,*,#6208,.T.);
#10948=ORIENTED_EDGE('',*,*,#6211,.T.);
#10949=ORIENTED_EDGE('',*,*,#6214,.T.);
#10950=ORIENTED_EDGE('',*,*,#6217,.T.);
#10951=ORIENTED_EDGE('',*,*,#6220,.T.);
#10952=ORIENTED_EDGE('',*,*,#6223,.T.);
#10953=ORIENTED_EDGE('',*,*,#6226,.T.);
#10954=ORIENTED_EDGE('',*,*,#6169,.T.);
#10955=ORIENTED_EDGE('',*,*,#6111,.T.);
#10956=ORIENTED_EDGE('',*,*,#6115,.T.);
#10957=ORIENTED_EDGE('',*,*,#6118,.T.);
#10958=ORIENTED_EDGE('',*,*,#6121,.T.);
#10959=ORIENTED_EDGE('',*,*,#6124,.T.);
#10960=ORIENTED_EDGE('',*,*,#6127,.T.);
#10961=ORIENTED_EDGE('',*,*,#6130,.T.);
#10962=ORIENTED_EDGE('',*,*,#6133,.T.);
#10963=ORIENTED_EDGE('',*,*,#6136,.T.);
#10964=ORIENTED_EDGE('',*,*,#6139,.T.);
#10965=ORIENTED_EDGE('',*,*,#6142,.T.);
#10966=ORIENTED_EDGE('',*,*,#6145,.T.);
#10967=ORIENTED_EDGE('',*,*,#6148,.T.);
#10968=ORIENTED_EDGE('',*,*,#6151,.T.);
#10969=ORIENTED_EDGE('',*,*,#6154,.T.);
#10970=ORIENTED_EDGE('',*,*,#6157,.T.);
#10971=ORIENTED_EDGE('',*,*,#6160,.T.);
#10972=ORIENTED_EDGE('',*,*,#6163,.T.);
#10973=ORIENTED_EDGE('',*,*,#6166,.T.);
#10974=ORIENTED_EDGE('',*,*,#6109,.T.);
#10975=ORIENTED_EDGE('',*,*,#6051,.T.);
#10976=ORIENTED_EDGE('',*,*,#6055,.T.);
#10977=ORIENTED_EDGE('',*,*,#6058,.T.);
#10978=ORIENTED_EDGE('',*,*,#6061,.T.);
#10979=ORIENTED_EDGE('',*,*,#6064,.T.);
#10980=ORIENTED_EDGE('',*,*,#6067,.T.);
#10981=ORIENTED_EDGE('',*,*,#6070,.T.);
#10982=ORIENTED_EDGE('',*,*,#6073,.T.);
#10983=ORIENTED_EDGE('',*,*,#6076,.T.);
#10984=ORIENTED_EDGE('',*,*,#6079,.T.);
#10985=ORIENTED_EDGE('',*,*,#6082,.T.);
#10986=ORIENTED_EDGE('',*,*,#6085,.T.);
#10987=ORIENTED_EDGE('',*,*,#6088,.T.);
#10988=ORIENTED_EDGE('',*,*,#6091,.T.);
#10989=ORIENTED_EDGE('',*,*,#6094,.T.);
#10990=ORIENTED_EDGE('',*,*,#6097,.T.);
#10991=ORIENTED_EDGE('',*,*,#6100,.T.);
#10992=ORIENTED_EDGE('',*,*,#6103,.T.);
#10993=ORIENTED_EDGE('',*,*,#6106,.T.);
#10994=ORIENTED_EDGE('',*,*,#6049,.T.);
#10995=ORIENTED_EDGE('',*,*,#5991,.T.);
#10996=ORIENTED_EDGE('',*,*,#5995,.T.);
#10997=ORIENTED_EDGE('',*,*,#5998,.T.);
#10998=ORIENTED_EDGE('',*,*,#6001,.T.);
#10999=ORIENTED_EDGE('',*,*,#6004,.T.);
#11000=ORIENTED_EDGE('',*,*,#6007,.T.);
#11001=ORIENTED_EDGE('',*,*,#6010,.T.);
#11002=ORIENTED_EDGE('',*,*,#6013,.T.);
#11003=ORIENTED_EDGE('',*,*,#6016,.T.);
#11004=ORIENTED_EDGE('',*,*,#6019,.T.);
#11005=ORIENTED_EDGE('',*,*,#6022,.T.);
#11006=ORIENTED_EDGE('',*,*,#6025,.T.);
#11007=ORIENTED_EDGE('',*,*,#6028,.T.);
#11008=ORIENTED_EDGE('',*,*,#6031,.T.);
#11009=ORIENTED_EDGE('',*,*,#6034,.T.);
#11010=ORIENTED_EDGE('',*,*,#6037,.T.);
#11011=ORIENTED_EDGE('',*,*,#6040,.T.);
#11012=ORIENTED_EDGE('',*,*,#6043,.T.);
#11013=ORIENTED_EDGE('',*,*,#6046,.T.);
#11014=ORIENTED_EDGE('',*,*,#5989,.F.);
#11015=ORIENTED_EDGE('',*,*,#5877,.T.);
#11016=ORIENTED_EDGE('',*,*,#5881,.T.);
#11017=ORIENTED_EDGE('',*,*,#5884,.T.);
#11018=ORIENTED_EDGE('',*,*,#5887,.F.);
#11019=ORIENTED_EDGE('',*,*,#5890,.T.);
#11020=ORIENTED_EDGE('',*,*,#5893,.T.);
#11021=ORIENTED_EDGE('',*,*,#5896,.T.);
#11022=ORIENTED_EDGE('',*,*,#5899,.T.);
#11023=ORIENTED_EDGE('',*,*,#5902,.T.);
#11024=ORIENTED_EDGE('',*,*,#5905,.T.);
#11025=ORIENTED_EDGE('',*,*,#5908,.T.);
#11026=ORIENTED_EDGE('',*,*,#5911,.T.);
#11027=ORIENTED_EDGE('',*,*,#5914,.F.);
#11028=ORIENTED_EDGE('',*,*,#5917,.F.);
#11029=ORIENTED_EDGE('',*,*,#5920,.F.);
#11030=ORIENTED_EDGE('',*,*,#5923,.F.);
#11031=ORIENTED_EDGE('',*,*,#5926,.F.);
#11032=ORIENTED_EDGE('',*,*,#5929,.F.);
#11033=ORIENTED_EDGE('',*,*,#5932,.F.);
#11034=ORIENTED_EDGE('',*,*,#5935,.T.);
#11035=ORIENTED_EDGE('',*,*,#5938,.T.);
#11036=ORIENTED_EDGE('',*,*,#5941,.T.);
#11037=ORIENTED_EDGE('',*,*,#5944,.T.);
#11038=ORIENTED_EDGE('',*,*,#5947,.T.);
#11039=ORIENTED_EDGE('',*,*,#5950,.T.);
#11040=ORIENTED_EDGE('',*,*,#5953,.T.);
#11041=ORIENTED_EDGE('',*,*,#5956,.T.);
#11042=ORIENTED_EDGE('',*,*,#5959,.T.);
#11043=ORIENTED_EDGE('',*,*,#5962,.T.);
#11044=ORIENTED_EDGE('',*,*,#5965,.T.);
#11045=ORIENTED_EDGE('',*,*,#5968,.T.);
#11046=ORIENTED_EDGE('',*,*,#5971,.T.);
#11047=ORIENTED_EDGE('',*,*,#5974,.T.);
#11048=ORIENTED_EDGE('',*,*,#5977,.T.);
#11049=ORIENTED_EDGE('',*,*,#5980,.F.);
#11050=ORIENTED_EDGE('',*,*,#5983,.T.);
#11051=ORIENTED_EDGE('',*,*,#5986,.F.);
#11052=PLANE('',#12220);
#11053=PLANE('',#12221);
#11054=PLANE('',#12222);
#11055=PLANE('',#12223);
#11056=PLANE('',#12224);
#11057=PLANE('',#12225);
#11058=PLANE('',#12226);
#11059=PLANE('',#12227);
#11060=PLANE('',#12228);
#11061=PLANE('',#12229);
#11062=PLANE('',#12230);
#11063=PLANE('',#12231);
#11064=PLANE('',#12232);
#11065=PLANE('',#12233);
#11066=PLANE('',#12234);
#11067=PLANE('',#12235);
#11068=PLANE('',#12236);
#11069=PLANE('',#12237);
#11070=PLANE('',#12238);
#11071=PLANE('',#12239);
#11072=PLANE('',#12240);
#11073=PLANE('',#12241);
#11074=PLANE('',#12242);
#11075=PLANE('',#12243);
#11076=PLANE('',#12244);
#11077=PLANE('',#12245);
#11078=PLANE('',#12246);
#11079=PLANE('',#12247);
#11080=PLANE('',#12248);
#11081=PLANE('',#12249);
#11082=PLANE('',#12250);
#11083=PLANE('',#12251);
#11084=PLANE('',#12252);
#11085=PLANE('',#12253);
#11086=PLANE('',#12254);
#11087=PLANE('',#12255);
#11088=PLANE('',#12256);
#11089=PLANE('',#12257);
#11090=PLANE('',#12258);
#11091=PLANE('',#12259);
#11092=PLANE('',#12260);
#11093=PLANE('',#12261);
#11094=PLANE('',#12262);
#11095=PLANE('',#12263);
#11096=PLANE('',#12264);
#11097=PLANE('',#12265);
#11098=PLANE('',#12266);
#11099=PLANE('',#12267);
#11100=PLANE('',#12268);
#11101=PLANE('',#12269);
#11102=PLANE('',#12270);
#11103=PLANE('',#12271);
#11104=PLANE('',#12272);
#11105=PLANE('',#12273);
#11106=PLANE('',#12274);
#11107=PLANE('',#12275);
#11108=PLANE('',#12276);
#11109=PLANE('',#12277);
#11110=PLANE('',#12278);
#11111=PLANE('',#12279);
#11112=PLANE('',#12280);
#11113=PLANE('',#12281);
#11114=PLANE('',#12282);
#11115=PLANE('',#12283);
#11116=PLANE('',#12284);
#11117=PLANE('',#12285);
#11118=PLANE('',#12286);
#11119=PLANE('',#12287);
#11120=PLANE('',#12288);
#11121=PLANE('',#12289);
#11122=PLANE('',#12290);
#11123=PLANE('',#12291);
#11124=PLANE('',#12292);
#11125=PLANE('',#12293);
#11126=PLANE('',#12294);
#11127=PLANE('',#12295);
#11128=PLANE('',#12296);
#11129=PLANE('',#12297);
#11130=PLANE('',#12298);
#11131=PLANE('',#12299);
#11132=PLANE('',#12300);
#11133=PLANE('',#12301);
#11134=PLANE('',#12302);
#11135=PLANE('',#12303);
#11136=PLANE('',#12304);
#11137=PLANE('',#12305);
#11138=PLANE('',#12306);
#11139=PLANE('',#12307);
#11140=PLANE('',#12308);
#11141=PLANE('',#12309);
#11142=PLANE('',#12310);
#11143=PLANE('',#12311);
#11144=PLANE('',#12312);
#11145=PLANE('',#12313);
#11146=PLANE('',#12314);
#11147=PLANE('',#12315);
#11148=PLANE('',#12316);
#11149=PLANE('',#12317);
#11150=PLANE('',#12318);
#11151=PLANE('',#12319);
#11152=PLANE('',#12320);
#11153=PLANE('',#12321);
#11154=PLANE('',#12322);
#11155=PLANE('',#12323);
#11156=PLANE('',#12324);
#11157=PLANE('',#12325);
#11158=PLANE('',#12326);
#11159=PLANE('',#12327);
#11160=PLANE('',#12328);
#11161=PLANE('',#12329);
#11162=PLANE('',#12330);
#11163=PLANE('',#12331);
#11164=PLANE('',#12332);
#11165=PLANE('',#12333);
#11166=PLANE('',#12334);
#11167=PLANE('',#12335);
#11168=PLANE('',#12336);
#11169=PLANE('',#12337);
#11170=PLANE('',#12338);
#11171=PLANE('',#12339);
#11172=PLANE('',#12340);
#11173=PLANE('',#12341);
#11174=PLANE('',#12342);
#11175=PLANE('',#12343);
#11176=PLANE('',#12344);
#11177=PLANE('',#12345);
#11178=PLANE('',#12346);
#11179=PLANE('',#12347);
#11180=PLANE('',#12348);
#11181=PLANE('',#12349);
#11182=PLANE('',#12350);
#11183=PLANE('',#12351);
#11184=PLANE('',#12352);
#11185=PLANE('',#12353);
#11186=PLANE('',#12354);
#11187=PLANE('',#12355);
#11188=PLANE('',#12356);
#11189=PLANE('',#12357);
#11190=PLANE('',#12358);
#11191=PLANE('',#12359);
#11192=PLANE('',#12360);
#11193=PLANE('',#12361);
#11194=PLANE('',#12362);
#11195=PLANE('',#12363);
#11196=PLANE('',#12364);
#11197=PLANE('',#12365);
#11198=PLANE('',#12366);
#11199=PLANE('',#12367);
#11200=PLANE('',#12368);
#11201=PLANE('',#12369);
#11202=PLANE('',#12370);
#11203=PLANE('',#12371);
#11204=PLANE('',#12372);
#11205=PLANE('',#12373);
#11206=PLANE('',#12374);
#11207=PLANE('',#12375);
#11208=PLANE('',#12376);
#11209=PLANE('',#12377);
#11210=PLANE('',#12378);
#11211=PLANE('',#12379);
#11212=PLANE('',#12380);
#11213=PLANE('',#12381);
#11214=PLANE('',#12382);
#11215=PLANE('',#12383);
#11216=PLANE('',#12384);
#11217=PLANE('',#12385);
#11218=PLANE('',#12386);
#11219=PLANE('',#12387);
#11220=PLANE('',#12388);
#11221=PLANE('',#12389);
#11222=PLANE('',#12390);
#11223=PLANE('',#12391);
#11224=PLANE('',#12392);
#11225=PLANE('',#12393);
#11226=PLANE('',#12394);
#11227=PLANE('',#12395);
#11228=PLANE('',#12396);
#11229=PLANE('',#12397);
#11230=PLANE('',#12398);
#11231=PLANE('',#12399);
#11232=PLANE('',#12400);
#11233=PLANE('',#12401);
#11234=PLANE('',#12402);
#11235=PLANE('',#12403);
#11236=PLANE('',#12404);
#11237=PLANE('',#12405);
#11238=PLANE('',#12406);
#11239=PLANE('',#12407);
#11240=PLANE('',#12408);
#11241=PLANE('',#12409);
#11242=PLANE('',#12410);
#11243=PLANE('',#12411);
#11244=PLANE('',#12412);
#11245=PLANE('',#12413);
#11246=PLANE('',#12414);
#11247=PLANE('',#12415);
#11248=PLANE('',#12416);
#11249=PLANE('',#12417);
#11250=PLANE('',#12418);
#11251=PLANE('',#12419);
#11252=PLANE('',#12420);
#11253=PLANE('',#12421);
#11254=PLANE('',#12422);
#11255=PLANE('',#12423);
#11256=PLANE('',#12424);
#11257=PLANE('',#12425);
#11258=PLANE('',#12426);
#11259=PLANE('',#12427);
#11260=PLANE('',#12428);
#11261=PLANE('',#12429);
#11262=PLANE('',#12430);
#11263=PLANE('',#12431);
#11264=PLANE('',#12432);
#11265=PLANE('',#12433);
#11266=PLANE('',#12434);
#11267=PLANE('',#12435);
#11268=PLANE('',#12436);
#11269=PLANE('',#12437);
#11270=PLANE('',#12438);
#11271=PLANE('',#12439);
#11272=PLANE('',#12440);
#11273=PLANE('',#12441);
#11274=PLANE('',#12442);
#11275=PLANE('',#12443);
#11276=PLANE('',#12444);
#11277=PLANE('',#12445);
#11278=PLANE('',#12446);
#11279=PLANE('',#12447);
#11280=PLANE('',#12448);
#11281=PLANE('',#12449);
#11282=PLANE('',#12450);
#11283=PLANE('',#12451);
#11284=PLANE('',#12452);
#11285=PLANE('',#12453);
#11286=PLANE('',#12454);
#11287=PLANE('',#12455);
#11288=PLANE('',#12456);
#11289=PLANE('',#12457);
#11290=PLANE('',#12458);
#11291=PLANE('',#12459);
#11292=PLANE('',#12460);
#11293=PLANE('',#12461);
#11294=PLANE('',#12462);
#11295=PLANE('',#12463);
#11296=PLANE('',#12464);
#11297=PLANE('',#12465);
#11298=PLANE('',#12466);
#11299=PLANE('',#12467);
#11300=PLANE('',#12468);
#11301=PLANE('',#12469);
#11302=PLANE('',#12470);
#11303=PLANE('',#12471);
#11304=PLANE('',#12472);
#11305=PLANE('',#12473);
#11306=PLANE('',#12474);
#11307=PLANE('',#12475);
#11308=PLANE('',#12476);
#11309=PLANE('',#12477);
#11310=PLANE('',#12478);
#11311=PLANE('',#12479);
#11312=PLANE('',#12480);
#11313=PLANE('',#12481);
#11314=PLANE('',#12482);
#11315=PLANE('',#12483);
#11316=PLANE('',#12484);
#11317=PLANE('',#12485);
#11318=PLANE('',#12486);
#11319=PLANE('',#12487);
#11320=PLANE('',#12488);
#11321=PLANE('',#12489);
#11322=PLANE('',#12490);
#11323=PLANE('',#12491);
#11324=PLANE('',#12492);
#11325=PLANE('',#12493);
#11326=PLANE('',#12494);
#11327=PLANE('',#12495);
#11328=PLANE('',#12496);
#11329=PLANE('',#12497);
#11330=PLANE('',#12498);
#11331=PLANE('',#12499);
#11332=PLANE('',#12500);
#11333=PLANE('',#12501);
#11334=PLANE('',#12502);
#11335=PLANE('',#12503);
#11336=PLANE('',#12504);
#11337=PLANE('',#12505);
#11338=PLANE('',#12506);
#11339=PLANE('',#12507);
#11340=PLANE('',#12508);
#11341=PLANE('',#12509);
#11342=PLANE('',#12510);
#11343=PLANE('',#12511);
#11344=PLANE('',#12512);
#11345=PLANE('',#12513);
#11346=PLANE('',#12514);
#11347=PLANE('',#12515);
#11348=PLANE('',#12516);
#11349=PLANE('',#12517);
#11350=PLANE('',#12518);
#11351=PLANE('',#12519);
#11352=PLANE('',#12520);
#11353=PLANE('',#12521);
#11354=PLANE('',#12522);
#11355=PLANE('',#12523);
#11356=PLANE('',#12524);
#11357=PLANE('',#12525);
#11358=PLANE('',#12526);
#11359=PLANE('',#12527);
#11360=PLANE('',#12528);
#11361=PLANE('',#12529);
#11362=PLANE('',#12530);
#11363=PLANE('',#12531);
#11364=PLANE('',#12532);
#11365=PLANE('',#12533);
#11366=PLANE('',#12534);
#11367=PLANE('',#12535);
#11368=PLANE('',#12536);
#11369=PLANE('',#12537);
#11370=PLANE('',#12538);
#11371=PLANE('',#12539);
#11372=PLANE('',#12540);
#11373=PLANE('',#12541);
#11374=PLANE('',#12542);
#11375=PLANE('',#12543);
#11376=PLANE('',#12544);
#11377=PLANE('',#12545);
#11378=PLANE('',#12546);
#11379=PLANE('',#12547);
#11380=PLANE('',#12548);
#11381=PLANE('',#12549);
#11382=PLANE('',#12550);
#11383=PLANE('',#12551);
#11384=PLANE('',#12552);
#11385=PLANE('',#12553);
#11386=PLANE('',#12554);
#11387=PLANE('',#12555);
#11388=PLANE('',#12556);
#11389=PLANE('',#12557);
#11390=PLANE('',#12558);
#11391=PLANE('',#12559);
#11392=PLANE('',#12560);
#11393=PLANE('',#12561);
#11394=PLANE('',#12562);
#11395=PLANE('',#12563);
#11396=PLANE('',#12564);
#11397=PLANE('',#12565);
#11398=PLANE('',#12566);
#11399=PLANE('',#12567);
#11400=PLANE('',#12568);
#11401=PLANE('',#12569);
#11402=PLANE('',#12570);
#11403=PLANE('',#12571);
#11404=PLANE('',#12572);
#11405=PLANE('',#12573);
#11406=PLANE('',#12574);
#11407=PLANE('',#12575);
#11408=PLANE('',#12576);
#11409=PLANE('',#12577);
#11410=PLANE('',#12578);
#11411=PLANE('',#12579);
#11412=PLANE('',#12580);
#11413=PLANE('',#12581);
#11414=PLANE('',#12582);
#11415=PLANE('',#12583);
#11416=PLANE('',#12584);
#11417=PLANE('',#12585);
#11418=PLANE('',#12586);
#11419=PLANE('',#12587);
#11420=PLANE('',#12588);
#11421=PLANE('',#12589);
#11422=PLANE('',#12590);
#11423=PLANE('',#12591);
#11424=PLANE('',#12592);
#11425=PLANE('',#12593);
#11426=PLANE('',#12594);
#11427=PLANE('',#12595);
#11428=PLANE('',#12596);
#11429=PLANE('',#12597);
#11430=PLANE('',#12598);
#11431=PLANE('',#12599);
#11432=PLANE('',#12600);
#11433=PLANE('',#12601);
#11434=PLANE('',#12602);
#11435=PLANE('',#12603);
#11436=PLANE('',#12604);
#11437=PLANE('',#12605);
#11438=PLANE('',#12606);
#11439=PLANE('',#12607);
#11440=PLANE('',#12608);
#11441=PLANE('',#12609);
#11442=PLANE('',#12610);
#11443=PLANE('',#12611);
#11444=PLANE('',#12612);
#11445=PLANE('',#12613);
#11446=PLANE('',#12614);
#11447=PLANE('',#12615);
#11448=PLANE('',#12616);
#11449=PLANE('',#12617);
#11450=PLANE('',#12618);
#11451=PLANE('',#12619);
#11452=PLANE('',#12620);
#11453=PLANE('',#12621);
#11454=PLANE('',#12622);
#11455=PLANE('',#12623);
#11456=PLANE('',#12624);
#11457=PLANE('',#12625);
#11458=PLANE('',#12626);
#11459=PLANE('',#12627);
#11460=PLANE('',#12628);
#11461=PLANE('',#12629);
#11462=PLANE('',#12630);
#11463=PLANE('',#12631);
#11464=PLANE('',#12632);
#11465=PLANE('',#12633);
#11466=PLANE('',#12634);
#11467=PLANE('',#12635);
#11468=PLANE('',#12636);
#11469=PLANE('',#12637);
#11470=PLANE('',#12638);
#11471=PLANE('',#12639);
#11472=PLANE('',#12640);
#11473=PLANE('',#12641);
#11474=PLANE('',#12642);
#11475=PLANE('',#12643);
#11476=PLANE('',#12644);
#11477=PLANE('',#12645);
#11478=PLANE('',#12646);
#11479=PLANE('',#12647);
#11480=PLANE('',#12648);
#11481=PLANE('',#12649);
#11482=PLANE('',#12650);
#11483=PLANE('',#12651);
#11484=PLANE('',#12652);
#11485=PLANE('',#12653);
#11486=PLANE('',#12654);
#11487=PLANE('',#12655);
#11488=PLANE('',#12656);
#11489=PLANE('',#12657);
#11490=PLANE('',#12658);
#11491=PLANE('',#12659);
#11492=PLANE('',#12660);
#11493=PLANE('',#12661);
#11494=PLANE('',#12662);
#11495=PLANE('',#12663);
#11496=PLANE('',#12664);
#11497=PLANE('',#12665);
#11498=PLANE('',#12666);
#11499=PLANE('',#12667);
#11500=PLANE('',#12668);
#11501=PLANE('',#12669);
#11502=PLANE('',#12670);
#11503=PLANE('',#12671);
#11504=PLANE('',#12672);
#11505=PLANE('',#12673);
#11506=PLANE('',#12674);
#11507=PLANE('',#12675);
#11508=PLANE('',#12676);
#11509=PLANE('',#12677);
#11510=PLANE('',#12678);
#11511=PLANE('',#12679);
#11512=PLANE('',#12680);
#11513=PLANE('',#12681);
#11514=PLANE('',#12682);
#11515=PLANE('',#12683);
#11516=PLANE('',#12684);
#11517=PLANE('',#12685);
#11518=PLANE('',#12686);
#11519=PLANE('',#12687);
#11520=PLANE('',#12688);
#11521=PLANE('',#12689);
#11522=PLANE('',#12690);
#11523=PLANE('',#12691);
#11524=PLANE('',#12692);
#11525=PLANE('',#12693);
#11526=PLANE('',#12694);
#11527=PLANE('',#12695);
#11528=PLANE('',#12696);
#11529=PLANE('',#12697);
#11530=PLANE('',#12698);
#11531=PLANE('',#12699);
#11532=PLANE('',#12700);
#11533=PLANE('',#12701);
#11534=PLANE('',#12702);
#11535=PLANE('',#12703);
#11536=PLANE('',#12704);
#11537=PLANE('',#12705);
#11538=PLANE('',#12706);
#11539=PLANE('',#12707);
#11540=PLANE('',#12708);
#11541=PLANE('',#12709);
#11542=PLANE('',#12710);
#11543=PLANE('',#12711);
#11544=PLANE('',#12712);
#11545=PLANE('',#12713);
#11546=PLANE('',#12714);
#11547=PLANE('',#12715);
#11548=PLANE('',#12716);
#11549=PLANE('',#12717);
#11550=PLANE('',#12718);
#11551=PLANE('',#12719);
#11552=PLANE('',#12720);
#11553=PLANE('',#12721);
#11554=PLANE('',#12722);
#11555=PLANE('',#12723);
#11556=PLANE('',#12724);
#11557=PLANE('',#12725);
#11558=PLANE('',#12726);
#11559=PLANE('',#12727);
#11560=PLANE('',#12728);
#11561=PLANE('',#12729);
#11562=PLANE('',#12730);
#11563=PLANE('',#12731);
#11564=PLANE('',#12732);
#11565=PLANE('',#12733);
#11566=PLANE('',#12734);
#11567=PLANE('',#12735);
#11568=PLANE('',#12736);
#11569=PLANE('',#12737);
#11570=PLANE('',#12738);
#11571=PLANE('',#12739);
#11572=PLANE('',#12740);
#11573=PLANE('',#12741);
#11574=PLANE('',#12742);
#11575=PLANE('',#12743);
#11576=PLANE('',#12744);
#11577=PLANE('',#12745);
#11578=PLANE('',#12746);
#11579=PLANE('',#12747);
#11580=PLANE('',#12748);
#11581=PLANE('',#12749);
#11582=PLANE('',#12750);
#11583=PLANE('',#12751);
#11584=PLANE('',#12752);
#11585=PLANE('',#12753);
#11586=PLANE('',#12754);
#11587=PLANE('',#12755);
#11588=PLANE('',#12756);
#11589=PLANE('',#12757);
#11590=PLANE('',#12758);
#11591=PLANE('',#12759);
#11592=PLANE('',#12760);
#11593=PLANE('',#12761);
#11594=PLANE('',#12762);
#11595=PLANE('',#12763);
#11596=PLANE('',#12764);
#11597=PLANE('',#12765);
#11598=PLANE('',#12766);
#11599=PLANE('',#12767);
#11600=PLANE('',#12768);
#11601=PLANE('',#12769);
#11602=PLANE('',#12770);
#11603=PLANE('',#12771);
#11604=PLANE('',#12772);
#11605=PLANE('',#12773);
#11606=PLANE('',#12774);
#11607=PLANE('',#12775);
#11608=PLANE('',#12776);
#11609=PLANE('',#12777);
#11610=PLANE('',#12778);
#11611=PLANE('',#12779);
#11612=PLANE('',#12780);
#11613=PLANE('',#12781);
#11614=PLANE('',#12782);
#11615=PLANE('',#12783);
#11616=PLANE('',#12784);
#11617=PLANE('',#12785);
#11618=PLANE('',#12786);
#11619=PLANE('',#12787);
#11620=PLANE('',#12788);
#11621=PLANE('',#12789);
#11622=PLANE('',#12790);
#11623=PLANE('',#12791);
#11624=PLANE('',#12792);
#11625=PLANE('',#12793);
#11626=PLANE('',#12794);
#11627=PLANE('',#12795);
#11628=PLANE('',#12796);
#11629=ADVANCED_FACE('',(#69),#11052,.T.);
#11630=ADVANCED_FACE('',(#70),#11053,.T.);
#11631=ADVANCED_FACE('',(#71),#11054,.T.);
#11632=ADVANCED_FACE('',(#72),#11055,.T.);
#11633=ADVANCED_FACE('',(#73),#11056,.T.);
#11634=ADVANCED_FACE('',(#74),#11057,.T.);
#11635=ADVANCED_FACE('',(#75),#11058,.T.);
#11636=ADVANCED_FACE('',(#76),#11059,.T.);
#11637=ADVANCED_FACE('',(#77),#11060,.T.);
#11638=ADVANCED_FACE('',(#78),#11061,.T.);
#11639=ADVANCED_FACE('',(#79),#11062,.T.);
#11640=ADVANCED_FACE('',(#80),#11063,.T.);
#11641=ADVANCED_FACE('',(#81),#11064,.T.);
#11642=ADVANCED_FACE('',(#82),#11065,.T.);
#11643=ADVANCED_FACE('',(#83),#11066,.T.);
#11644=ADVANCED_FACE('',(#84),#11067,.T.);
#11645=ADVANCED_FACE('',(#85),#11068,.T.);
#11646=ADVANCED_FACE('',(#86),#11069,.T.);
#11647=ADVANCED_FACE('',(#87),#11070,.T.);
#11648=ADVANCED_FACE('',(#88),#11071,.T.);
#11649=ADVANCED_FACE('',(#89),#11072,.T.);
#11650=ADVANCED_FACE('',(#90),#11073,.T.);
#11651=ADVANCED_FACE('',(#91),#11074,.T.);
#11652=ADVANCED_FACE('',(#92),#11075,.T.);
#11653=ADVANCED_FACE('',(#93),#11076,.T.);
#11654=ADVANCED_FACE('',(#94),#11077,.T.);
#11655=ADVANCED_FACE('',(#95),#11078,.T.);
#11656=ADVANCED_FACE('',(#96),#11079,.T.);
#11657=ADVANCED_FACE('',(#97),#11080,.T.);
#11658=ADVANCED_FACE('',(#98),#11081,.T.);
#11659=ADVANCED_FACE('',(#99),#11082,.T.);
#11660=ADVANCED_FACE('',(#100),#11083,.T.);
#11661=ADVANCED_FACE('',(#101),#11084,.T.);
#11662=ADVANCED_FACE('',(#102),#11085,.T.);
#11663=ADVANCED_FACE('',(#103),#11086,.T.);
#11664=ADVANCED_FACE('',(#104),#11087,.T.);
#11665=ADVANCED_FACE('',(#105),#11088,.T.);
#11666=ADVANCED_FACE('',(#106),#11089,.T.);
#11667=ADVANCED_FACE('',(#107),#11090,.T.);
#11668=ADVANCED_FACE('',(#108),#11091,.T.);
#11669=ADVANCED_FACE('',(#109),#11092,.T.);
#11670=ADVANCED_FACE('',(#110),#11093,.T.);
#11671=ADVANCED_FACE('',(#111),#11094,.T.);
#11672=ADVANCED_FACE('',(#112),#11095,.T.);
#11673=ADVANCED_FACE('',(#113),#11096,.T.);
#11674=ADVANCED_FACE('',(#114),#11097,.T.);
#11675=ADVANCED_FACE('',(#115),#11098,.T.);
#11676=ADVANCED_FACE('',(#116),#11099,.T.);
#11677=ADVANCED_FACE('',(#117),#11100,.T.);
#11678=ADVANCED_FACE('',(#118),#11101,.T.);
#11679=ADVANCED_FACE('',(#119),#11102,.T.);
#11680=ADVANCED_FACE('',(#120),#11103,.T.);
#11681=ADVANCED_FACE('',(#121),#11104,.T.);
#11682=ADVANCED_FACE('',(#122),#11105,.T.);
#11683=ADVANCED_FACE('',(#123),#11106,.T.);
#11684=ADVANCED_FACE('',(#124),#11107,.T.);
#11685=ADVANCED_FACE('',(#125),#11108,.T.);
#11686=ADVANCED_FACE('',(#126),#11109,.T.);
#11687=ADVANCED_FACE('',(#127),#11110,.T.);
#11688=ADVANCED_FACE('',(#128),#11111,.T.);
#11689=ADVANCED_FACE('',(#129),#11112,.T.);
#11690=ADVANCED_FACE('',(#130),#11113,.T.);
#11691=ADVANCED_FACE('',(#131),#11114,.T.);
#11692=ADVANCED_FACE('',(#132),#11115,.T.);
#11693=ADVANCED_FACE('',(#133),#11116,.T.);
#11694=ADVANCED_FACE('',(#134),#11117,.T.);
#11695=ADVANCED_FACE('',(#135),#11118,.T.);
#11696=ADVANCED_FACE('',(#136),#11119,.T.);
#11697=ADVANCED_FACE('',(#137),#11120,.T.);
#11698=ADVANCED_FACE('',(#138),#11121,.T.);
#11699=ADVANCED_FACE('',(#139),#11122,.T.);
#11700=ADVANCED_FACE('',(#140),#11123,.T.);
#11701=ADVANCED_FACE('',(#141),#11124,.T.);
#11702=ADVANCED_FACE('',(#142),#11125,.T.);
#11703=ADVANCED_FACE('',(#143),#11126,.T.);
#11704=ADVANCED_FACE('',(#144),#11127,.T.);
#11705=ADVANCED_FACE('',(#145),#11128,.T.);
#11706=ADVANCED_FACE('',(#146),#11129,.T.);
#11707=ADVANCED_FACE('',(#147),#11130,.T.);
#11708=ADVANCED_FACE('',(#148),#11131,.T.);
#11709=ADVANCED_FACE('',(#149),#11132,.T.);
#11710=ADVANCED_FACE('',(#150),#11133,.T.);
#11711=ADVANCED_FACE('',(#151),#11134,.T.);
#11712=ADVANCED_FACE('',(#152),#11135,.T.);
#11713=ADVANCED_FACE('',(#153),#11136,.T.);
#11714=ADVANCED_FACE('',(#154),#11137,.T.);
#11715=ADVANCED_FACE('',(#155),#11138,.T.);
#11716=ADVANCED_FACE('',(#156),#11139,.T.);
#11717=ADVANCED_FACE('',(#157),#11140,.T.);
#11718=ADVANCED_FACE('',(#158),#11141,.T.);
#11719=ADVANCED_FACE('',(#159),#11142,.T.);
#11720=ADVANCED_FACE('',(#160),#11143,.T.);
#11721=ADVANCED_FACE('',(#161),#11144,.T.);
#11722=ADVANCED_FACE('',(#162),#11145,.T.);
#11723=ADVANCED_FACE('',(#163),#11146,.T.);
#11724=ADVANCED_FACE('',(#164),#11147,.T.);
#11725=ADVANCED_FACE('',(#165),#11148,.T.);
#11726=ADVANCED_FACE('',(#166),#11149,.T.);
#11727=ADVANCED_FACE('',(#167),#11150,.T.);
#11728=ADVANCED_FACE('',(#168),#11151,.T.);
#11729=ADVANCED_FACE('',(#169),#11152,.T.);
#11730=ADVANCED_FACE('',(#170),#11153,.T.);
#11731=ADVANCED_FACE('',(#171),#11154,.T.);
#11732=ADVANCED_FACE('',(#172),#11155,.T.);
#11733=ADVANCED_FACE('',(#173),#11156,.T.);
#11734=ADVANCED_FACE('',(#174),#11157,.T.);
#11735=ADVANCED_FACE('',(#175),#11158,.T.);
#11736=ADVANCED_FACE('',(#176),#11159,.T.);
#11737=ADVANCED_FACE('',(#177),#11160,.T.);
#11738=ADVANCED_FACE('',(#178),#11161,.T.);
#11739=ADVANCED_FACE('',(#179),#11162,.T.);
#11740=ADVANCED_FACE('',(#180),#11163,.T.);
#11741=ADVANCED_FACE('',(#181),#11164,.T.);
#11742=ADVANCED_FACE('',(#182),#11165,.T.);
#11743=ADVANCED_FACE('',(#183),#11166,.T.);
#11744=ADVANCED_FACE('',(#184),#11167,.T.);
#11745=ADVANCED_FACE('',(#185),#11168,.T.);
#11746=ADVANCED_FACE('',(#186),#11169,.T.);
#11747=ADVANCED_FACE('',(#187),#11170,.T.);
#11748=ADVANCED_FACE('',(#188),#11171,.T.);
#11749=ADVANCED_FACE('',(#189),#11172,.T.);
#11750=ADVANCED_FACE('',(#190),#11173,.T.);
#11751=ADVANCED_FACE('',(#191),#11174,.T.);
#11752=ADVANCED_FACE('',(#192),#11175,.T.);
#11753=ADVANCED_FACE('',(#193),#11176,.T.);
#11754=ADVANCED_FACE('',(#194),#11177,.T.);
#11755=ADVANCED_FACE('',(#195),#11178,.T.);
#11756=ADVANCED_FACE('',(#196),#11179,.T.);
#11757=ADVANCED_FACE('',(#197),#11180,.T.);
#11758=ADVANCED_FACE('',(#198),#11181,.T.);
#11759=ADVANCED_FACE('',(#199),#11182,.T.);
#11760=ADVANCED_FACE('',(#200),#11183,.T.);
#11761=ADVANCED_FACE('',(#201),#11184,.T.);
#11762=ADVANCED_FACE('',(#202),#11185,.T.);
#11763=ADVANCED_FACE('',(#203),#11186,.T.);
#11764=ADVANCED_FACE('',(#204),#11187,.T.);
#11765=ADVANCED_FACE('',(#205),#11188,.T.);
#11766=ADVANCED_FACE('',(#206),#11189,.T.);
#11767=ADVANCED_FACE('',(#207),#11190,.T.);
#11768=ADVANCED_FACE('',(#208),#11191,.T.);
#11769=ADVANCED_FACE('',(#209),#11192,.T.);
#11770=ADVANCED_FACE('',(#210),#11193,.T.);
#11771=ADVANCED_FACE('',(#211),#11194,.T.);
#11772=ADVANCED_FACE('',(#212),#11195,.T.);
#11773=ADVANCED_FACE('',(#213),#11196,.T.);
#11774=ADVANCED_FACE('',(#214),#11197,.T.);
#11775=ADVANCED_FACE('',(#215),#11198,.T.);
#11776=ADVANCED_FACE('',(#216),#11199,.T.);
#11777=ADVANCED_FACE('',(#217),#11200,.T.);
#11778=ADVANCED_FACE('',(#218),#11201,.T.);
#11779=ADVANCED_FACE('',(#219),#11202,.T.);
#11780=ADVANCED_FACE('',(#220),#11203,.T.);
#11781=ADVANCED_FACE('',(#221),#11204,.T.);
#11782=ADVANCED_FACE('',(#222),#11205,.T.);
#11783=ADVANCED_FACE('',(#223),#11206,.T.);
#11784=ADVANCED_FACE('',(#224),#11207,.T.);
#11785=ADVANCED_FACE('',(#225),#11208,.T.);
#11786=ADVANCED_FACE('',(#226),#11209,.T.);
#11787=ADVANCED_FACE('',(#227),#11210,.T.);
#11788=ADVANCED_FACE('',(#228),#11211,.T.);
#11789=ADVANCED_FACE('',(#229),#11212,.T.);
#11790=ADVANCED_FACE('',(#230),#11213,.T.);
#11791=ADVANCED_FACE('',(#231),#11214,.T.);
#11792=ADVANCED_FACE('',(#232),#11215,.T.);
#11793=ADVANCED_FACE('',(#233),#11216,.T.);
#11794=ADVANCED_FACE('',(#234),#11217,.T.);
#11795=ADVANCED_FACE('',(#235),#11218,.T.);
#11796=ADVANCED_FACE('',(#236),#11219,.T.);
#11797=ADVANCED_FACE('',(#237),#11220,.T.);
#11798=ADVANCED_FACE('',(#238),#11221,.T.);
#11799=ADVANCED_FACE('',(#239),#11222,.T.);
#11800=ADVANCED_FACE('',(#240),#11223,.T.);
#11801=ADVANCED_FACE('',(#241),#11224,.T.);
#11802=ADVANCED_FACE('',(#242),#11225,.T.);
#11803=ADVANCED_FACE('',(#243),#11226,.T.);
#11804=ADVANCED_FACE('',(#244),#11227,.T.);
#11805=ADVANCED_FACE('',(#245),#11228,.T.);
#11806=ADVANCED_FACE('',(#246),#11229,.T.);
#11807=ADVANCED_FACE('',(#247),#11230,.T.);
#11808=ADVANCED_FACE('',(#248),#11231,.T.);
#11809=ADVANCED_FACE('',(#249),#11232,.T.);
#11810=ADVANCED_FACE('',(#250),#11233,.T.);
#11811=ADVANCED_FACE('',(#251),#11234,.T.);
#11812=ADVANCED_FACE('',(#252),#11235,.T.);
#11813=ADVANCED_FACE('',(#253),#11236,.T.);
#11814=ADVANCED_FACE('',(#254),#11237,.T.);
#11815=ADVANCED_FACE('',(#255),#11238,.T.);
#11816=ADVANCED_FACE('',(#256),#11239,.T.);
#11817=ADVANCED_FACE('',(#257),#11240,.T.);
#11818=ADVANCED_FACE('',(#258),#11241,.T.);
#11819=ADVANCED_FACE('',(#259),#11242,.T.);
#11820=ADVANCED_FACE('',(#260),#11243,.T.);
#11821=ADVANCED_FACE('',(#261),#11244,.T.);
#11822=ADVANCED_FACE('',(#262),#11245,.T.);
#11823=ADVANCED_FACE('',(#263),#11246,.T.);
#11824=ADVANCED_FACE('',(#264),#11247,.T.);
#11825=ADVANCED_FACE('',(#265),#11248,.T.);
#11826=ADVANCED_FACE('',(#266),#11249,.T.);
#11827=ADVANCED_FACE('',(#267),#11250,.T.);
#11828=ADVANCED_FACE('',(#268),#11251,.T.);
#11829=ADVANCED_FACE('',(#269),#11252,.T.);
#11830=ADVANCED_FACE('',(#270),#11253,.T.);
#11831=ADVANCED_FACE('',(#271),#11254,.T.);
#11832=ADVANCED_FACE('',(#272),#11255,.T.);
#11833=ADVANCED_FACE('',(#273),#11256,.T.);
#11834=ADVANCED_FACE('',(#274),#11257,.T.);
#11835=ADVANCED_FACE('',(#275),#11258,.T.);
#11836=ADVANCED_FACE('',(#276),#11259,.T.);
#11837=ADVANCED_FACE('',(#277),#11260,.T.);
#11838=ADVANCED_FACE('',(#278),#11261,.T.);
#11839=ADVANCED_FACE('',(#279),#11262,.T.);
#11840=ADVANCED_FACE('',(#280),#11263,.T.);
#11841=ADVANCED_FACE('',(#281),#11264,.T.);
#11842=ADVANCED_FACE('',(#282),#11265,.T.);
#11843=ADVANCED_FACE('',(#283),#11266,.T.);
#11844=ADVANCED_FACE('',(#284),#11267,.T.);
#11845=ADVANCED_FACE('',(#285),#11268,.T.);
#11846=ADVANCED_FACE('',(#286),#11269,.T.);
#11847=ADVANCED_FACE('',(#287),#11270,.T.);
#11848=ADVANCED_FACE('',(#288),#11271,.T.);
#11849=ADVANCED_FACE('',(#289),#11272,.T.);
#11850=ADVANCED_FACE('',(#290),#11273,.T.);
#11851=ADVANCED_FACE('',(#291),#11274,.T.);
#11852=ADVANCED_FACE('',(#292),#11275,.T.);
#11853=ADVANCED_FACE('',(#293),#11276,.T.);
#11854=ADVANCED_FACE('',(#294),#11277,.T.);
#11855=ADVANCED_FACE('',(#295),#11278,.T.);
#11856=ADVANCED_FACE('',(#296),#11279,.T.);
#11857=ADVANCED_FACE('',(#297),#11280,.T.);
#11858=ADVANCED_FACE('',(#298),#11281,.T.);
#11859=ADVANCED_FACE('',(#299),#11282,.T.);
#11860=ADVANCED_FACE('',(#300),#11283,.T.);
#11861=ADVANCED_FACE('',(#301),#11284,.T.);
#11862=ADVANCED_FACE('',(#302),#11285,.T.);
#11863=ADVANCED_FACE('',(#303),#11286,.T.);
#11864=ADVANCED_FACE('',(#304),#11287,.T.);
#11865=ADVANCED_FACE('',(#305),#11288,.T.);
#11866=ADVANCED_FACE('',(#306),#11289,.T.);
#11867=ADVANCED_FACE('',(#307),#11290,.T.);
#11868=ADVANCED_FACE('',(#308),#11291,.T.);
#11869=ADVANCED_FACE('',(#309),#11292,.T.);
#11870=ADVANCED_FACE('',(#310),#11293,.T.);
#11871=ADVANCED_FACE('',(#311),#11294,.T.);
#11872=ADVANCED_FACE('',(#312),#11295,.T.);
#11873=ADVANCED_FACE('',(#313),#11296,.T.);
#11874=ADVANCED_FACE('',(#314),#11297,.T.);
#11875=ADVANCED_FACE('',(#315),#11298,.T.);
#11876=ADVANCED_FACE('',(#316),#11299,.T.);
#11877=ADVANCED_FACE('',(#317),#11300,.T.);
#11878=ADVANCED_FACE('',(#318),#11301,.T.);
#11879=ADVANCED_FACE('',(#319),#11302,.T.);
#11880=ADVANCED_FACE('',(#320),#11303,.T.);
#11881=ADVANCED_FACE('',(#321),#11304,.T.);
#11882=ADVANCED_FACE('',(#322),#11305,.T.);
#11883=ADVANCED_FACE('',(#323),#11306,.T.);
#11884=ADVANCED_FACE('',(#324),#11307,.T.);
#11885=ADVANCED_FACE('',(#325),#11308,.T.);
#11886=ADVANCED_FACE('',(#326),#11309,.T.);
#11887=ADVANCED_FACE('',(#327),#11310,.T.);
#11888=ADVANCED_FACE('',(#328),#11311,.T.);
#11889=ADVANCED_FACE('',(#329),#11312,.T.);
#11890=ADVANCED_FACE('',(#330),#11313,.T.);
#11891=ADVANCED_FACE('',(#331),#11314,.T.);
#11892=ADVANCED_FACE('',(#332),#11315,.T.);
#11893=ADVANCED_FACE('',(#333),#11316,.T.);
#11894=ADVANCED_FACE('',(#334),#11317,.T.);
#11895=ADVANCED_FACE('',(#335),#11318,.T.);
#11896=ADVANCED_FACE('',(#336),#11319,.T.);
#11897=ADVANCED_FACE('',(#337),#11320,.T.);
#11898=ADVANCED_FACE('',(#338),#11321,.T.);
#11899=ADVANCED_FACE('',(#339),#11322,.T.);
#11900=ADVANCED_FACE('',(#340),#11323,.T.);
#11901=ADVANCED_FACE('',(#341),#11324,.T.);
#11902=ADVANCED_FACE('',(#342),#11325,.T.);
#11903=ADVANCED_FACE('',(#343),#11326,.T.);
#11904=ADVANCED_FACE('',(#344),#11327,.T.);
#11905=ADVANCED_FACE('',(#345),#11328,.T.);
#11906=ADVANCED_FACE('',(#346),#11329,.T.);
#11907=ADVANCED_FACE('',(#347),#11330,.T.);
#11908=ADVANCED_FACE('',(#348),#11331,.T.);
#11909=ADVANCED_FACE('',(#349),#11332,.T.);
#11910=ADVANCED_FACE('',(#350),#11333,.T.);
#11911=ADVANCED_FACE('',(#351),#11334,.T.);
#11912=ADVANCED_FACE('',(#352),#11335,.T.);
#11913=ADVANCED_FACE('',(#353),#11336,.T.);
#11914=ADVANCED_FACE('',(#354),#11337,.T.);
#11915=ADVANCED_FACE('',(#355),#11338,.T.);
#11916=ADVANCED_FACE('',(#356),#11339,.T.);
#11917=ADVANCED_FACE('',(#357),#11340,.T.);
#11918=ADVANCED_FACE('',(#358),#11341,.T.);
#11919=ADVANCED_FACE('',(#359),#11342,.T.);
#11920=ADVANCED_FACE('',(#360),#11343,.T.);
#11921=ADVANCED_FACE('',(#361),#11344,.T.);
#11922=ADVANCED_FACE('',(#362),#11345,.T.);
#11923=ADVANCED_FACE('',(#363),#11346,.T.);
#11924=ADVANCED_FACE('',(#364),#11347,.T.);
#11925=ADVANCED_FACE('',(#365),#11348,.T.);
#11926=ADVANCED_FACE('',(#366),#11349,.T.);
#11927=ADVANCED_FACE('',(#367),#11350,.T.);
#11928=ADVANCED_FACE('',(#368),#11351,.T.);
#11929=ADVANCED_FACE('',(#369),#11352,.T.);
#11930=ADVANCED_FACE('',(#370),#11353,.T.);
#11931=ADVANCED_FACE('',(#371),#11354,.T.);
#11932=ADVANCED_FACE('',(#372),#11355,.T.);
#11933=ADVANCED_FACE('',(#373),#11356,.T.);
#11934=ADVANCED_FACE('',(#374),#11357,.T.);
#11935=ADVANCED_FACE('',(#375),#11358,.T.);
#11936=ADVANCED_FACE('',(#376),#11359,.T.);
#11937=ADVANCED_FACE('',(#377),#11360,.T.);
#11938=ADVANCED_FACE('',(#378),#11361,.T.);
#11939=ADVANCED_FACE('',(#379),#11362,.T.);
#11940=ADVANCED_FACE('',(#380),#11363,.T.);
#11941=ADVANCED_FACE('',(#381),#11364,.T.);
#11942=ADVANCED_FACE('',(#382),#11365,.T.);
#11943=ADVANCED_FACE('',(#383),#11366,.T.);
#11944=ADVANCED_FACE('',(#384),#11367,.T.);
#11945=ADVANCED_FACE('',(#385),#11368,.T.);
#11946=ADVANCED_FACE('',(#386),#11369,.T.);
#11947=ADVANCED_FACE('',(#387),#11370,.T.);
#11948=ADVANCED_FACE('',(#388),#11371,.T.);
#11949=ADVANCED_FACE('',(#389),#11372,.T.);
#11950=ADVANCED_FACE('',(#390),#11373,.T.);
#11951=ADVANCED_FACE('',(#391),#11374,.T.);
#11952=ADVANCED_FACE('',(#392),#11375,.T.);
#11953=ADVANCED_FACE('',(#393),#11376,.T.);
#11954=ADVANCED_FACE('',(#394),#11377,.T.);
#11955=ADVANCED_FACE('',(#395),#11378,.T.);
#11956=ADVANCED_FACE('',(#396),#11379,.T.);
#11957=ADVANCED_FACE('',(#397),#11380,.T.);
#11958=ADVANCED_FACE('',(#398),#11381,.T.);
#11959=ADVANCED_FACE('',(#399),#11382,.T.);
#11960=ADVANCED_FACE('',(#400),#11383,.T.);
#11961=ADVANCED_FACE('',(#401),#11384,.T.);
#11962=ADVANCED_FACE('',(#402),#11385,.T.);
#11963=ADVANCED_FACE('',(#403),#11386,.T.);
#11964=ADVANCED_FACE('',(#404),#11387,.T.);
#11965=ADVANCED_FACE('',(#405),#11388,.T.);
#11966=ADVANCED_FACE('',(#406),#11389,.T.);
#11967=ADVANCED_FACE('',(#407),#11390,.T.);
#11968=ADVANCED_FACE('',(#408),#11391,.T.);
#11969=ADVANCED_FACE('',(#409),#11392,.T.);
#11970=ADVANCED_FACE('',(#410),#11393,.T.);
#11971=ADVANCED_FACE('',(#411),#11394,.T.);
#11972=ADVANCED_FACE('',(#412),#11395,.T.);
#11973=ADVANCED_FACE('',(#413),#11396,.T.);
#11974=ADVANCED_FACE('',(#414),#11397,.T.);
#11975=ADVANCED_FACE('',(#415),#11398,.T.);
#11976=ADVANCED_FACE('',(#416),#11399,.T.);
#11977=ADVANCED_FACE('',(#417),#11400,.T.);
#11978=ADVANCED_FACE('',(#418),#11401,.T.);
#11979=ADVANCED_FACE('',(#419),#11402,.T.);
#11980=ADVANCED_FACE('',(#420),#11403,.T.);
#11981=ADVANCED_FACE('',(#421),#11404,.T.);
#11982=ADVANCED_FACE('',(#422),#11405,.T.);
#11983=ADVANCED_FACE('',(#423),#11406,.T.);
#11984=ADVANCED_FACE('',(#424),#11407,.T.);
#11985=ADVANCED_FACE('',(#425),#11408,.T.);
#11986=ADVANCED_FACE('',(#426),#11409,.T.);
#11987=ADVANCED_FACE('',(#427),#11410,.T.);
#11988=ADVANCED_FACE('',(#428),#11411,.T.);
#11989=ADVANCED_FACE('',(#429),#11412,.T.);
#11990=ADVANCED_FACE('',(#430),#11413,.T.);
#11991=ADVANCED_FACE('',(#431),#11414,.T.);
#11992=ADVANCED_FACE('',(#432),#11415,.T.);
#11993=ADVANCED_FACE('',(#433),#11416,.T.);
#11994=ADVANCED_FACE('',(#434),#11417,.T.);
#11995=ADVANCED_FACE('',(#435),#11418,.T.);
#11996=ADVANCED_FACE('',(#436),#11419,.T.);
#11997=ADVANCED_FACE('',(#437),#11420,.T.);
#11998=ADVANCED_FACE('',(#438),#11421,.T.);
#11999=ADVANCED_FACE('',(#439),#11422,.T.);
#12000=ADVANCED_FACE('',(#440),#11423,.T.);
#12001=ADVANCED_FACE('',(#441),#11424,.T.);
#12002=ADVANCED_FACE('',(#442),#11425,.T.);
#12003=ADVANCED_FACE('',(#443),#11426,.T.);
#12004=ADVANCED_FACE('',(#444),#11427,.T.);
#12005=ADVANCED_FACE('',(#445),#11428,.T.);
#12006=ADVANCED_FACE('',(#446),#11429,.T.);
#12007=ADVANCED_FACE('',(#447),#11430,.T.);
#12008=ADVANCED_FACE('',(#448),#11431,.T.);
#12009=ADVANCED_FACE('',(#449),#11432,.T.);
#12010=ADVANCED_FACE('',(#450),#11433,.T.);
#12011=ADVANCED_FACE('',(#451),#11434,.T.);
#12012=ADVANCED_FACE('',(#452),#11435,.T.);
#12013=ADVANCED_FACE('',(#453),#11436,.T.);
#12014=ADVANCED_FACE('',(#454),#11437,.T.);
#12015=ADVANCED_FACE('',(#455),#11438,.T.);
#12016=ADVANCED_FACE('',(#456),#11439,.T.);
#12017=ADVANCED_FACE('',(#457),#11440,.T.);
#12018=ADVANCED_FACE('',(#458),#11441,.T.);
#12019=ADVANCED_FACE('',(#459),#11442,.T.);
#12020=ADVANCED_FACE('',(#460),#11443,.T.);
#12021=ADVANCED_FACE('',(#461),#11444,.T.);
#12022=ADVANCED_FACE('',(#462),#11445,.T.);
#12023=ADVANCED_FACE('',(#463),#11446,.T.);
#12024=ADVANCED_FACE('',(#464),#11447,.T.);
#12025=ADVANCED_FACE('',(#465),#11448,.T.);
#12026=ADVANCED_FACE('',(#466),#11449,.T.);
#12027=ADVANCED_FACE('',(#467),#11450,.T.);
#12028=ADVANCED_FACE('',(#468),#11451,.T.);
#12029=ADVANCED_FACE('',(#469),#11452,.T.);
#12030=ADVANCED_FACE('',(#470),#11453,.T.);
#12031=ADVANCED_FACE('',(#471),#11454,.T.);
#12032=ADVANCED_FACE('',(#472),#11455,.T.);
#12033=ADVANCED_FACE('',(#473),#11456,.T.);
#12034=ADVANCED_FACE('',(#474),#11457,.T.);
#12035=ADVANCED_FACE('',(#475),#11458,.T.);
#12036=ADVANCED_FACE('',(#476),#11459,.T.);
#12037=ADVANCED_FACE('',(#477),#11460,.T.);
#12038=ADVANCED_FACE('',(#478),#11461,.T.);
#12039=ADVANCED_FACE('',(#479),#11462,.T.);
#12040=ADVANCED_FACE('',(#480),#11463,.T.);
#12041=ADVANCED_FACE('',(#481),#11464,.T.);
#12042=ADVANCED_FACE('',(#482),#11465,.T.);
#12043=ADVANCED_FACE('',(#483),#11466,.T.);
#12044=ADVANCED_FACE('',(#484),#11467,.T.);
#12045=ADVANCED_FACE('',(#485),#11468,.T.);
#12046=ADVANCED_FACE('',(#486),#11469,.T.);
#12047=ADVANCED_FACE('',(#487),#11470,.T.);
#12048=ADVANCED_FACE('',(#488),#11471,.T.);
#12049=ADVANCED_FACE('',(#489),#11472,.T.);
#12050=ADVANCED_FACE('',(#490),#11473,.T.);
#12051=ADVANCED_FACE('',(#491),#11474,.T.);
#12052=ADVANCED_FACE('',(#492),#11475,.T.);
#12053=ADVANCED_FACE('',(#493),#11476,.T.);
#12054=ADVANCED_FACE('',(#494),#11477,.T.);
#12055=ADVANCED_FACE('',(#495),#11478,.T.);
#12056=ADVANCED_FACE('',(#496),#11479,.T.);
#12057=ADVANCED_FACE('',(#497),#11480,.T.);
#12058=ADVANCED_FACE('',(#498),#11481,.T.);
#12059=ADVANCED_FACE('',(#499),#11482,.T.);
#12060=ADVANCED_FACE('',(#500),#11483,.T.);
#12061=ADVANCED_FACE('',(#501),#11484,.T.);
#12062=ADVANCED_FACE('',(#502),#11485,.T.);
#12063=ADVANCED_FACE('',(#503),#11486,.T.);
#12064=ADVANCED_FACE('',(#504),#11487,.T.);
#12065=ADVANCED_FACE('',(#505),#11488,.T.);
#12066=ADVANCED_FACE('',(#506),#11489,.T.);
#12067=ADVANCED_FACE('',(#507),#11490,.T.);
#12068=ADVANCED_FACE('',(#508),#11491,.T.);
#12069=ADVANCED_FACE('',(#509),#11492,.T.);
#12070=ADVANCED_FACE('',(#510),#11493,.T.);
#12071=ADVANCED_FACE('',(#511),#11494,.T.);
#12072=ADVANCED_FACE('',(#512),#11495,.T.);
#12073=ADVANCED_FACE('',(#513),#11496,.T.);
#12074=ADVANCED_FACE('',(#514),#11497,.T.);
#12075=ADVANCED_FACE('',(#515),#11498,.T.);
#12076=ADVANCED_FACE('',(#516),#11499,.T.);
#12077=ADVANCED_FACE('',(#517),#11500,.T.);
#12078=ADVANCED_FACE('',(#518),#11501,.T.);
#12079=ADVANCED_FACE('',(#519),#11502,.T.);
#12080=ADVANCED_FACE('',(#520),#11503,.T.);
#12081=ADVANCED_FACE('',(#521),#11504,.T.);
#12082=ADVANCED_FACE('',(#522),#11505,.T.);
#12083=ADVANCED_FACE('',(#523),#11506,.T.);
#12084=ADVANCED_FACE('',(#524),#11507,.T.);
#12085=ADVANCED_FACE('',(#525),#11508,.T.);
#12086=ADVANCED_FACE('',(#526),#11509,.T.);
#12087=ADVANCED_FACE('',(#527),#11510,.T.);
#12088=ADVANCED_FACE('',(#528),#11511,.T.);
#12089=ADVANCED_FACE('',(#529),#11512,.T.);
#12090=ADVANCED_FACE('',(#530),#11513,.T.);
#12091=ADVANCED_FACE('',(#531),#11514,.T.);
#12092=ADVANCED_FACE('',(#532),#11515,.T.);
#12093=ADVANCED_FACE('',(#533),#11516,.T.);
#12094=ADVANCED_FACE('',(#534),#11517,.T.);
#12095=ADVANCED_FACE('',(#535),#11518,.T.);
#12096=ADVANCED_FACE('',(#536),#11519,.T.);
#12097=ADVANCED_FACE('',(#537),#11520,.T.);
#12098=ADVANCED_FACE('',(#538),#11521,.T.);
#12099=ADVANCED_FACE('',(#539),#11522,.T.);
#12100=ADVANCED_FACE('',(#540),#11523,.T.);
#12101=ADVANCED_FACE('',(#541),#11524,.T.);
#12102=ADVANCED_FACE('',(#542),#11525,.T.);
#12103=ADVANCED_FACE('',(#543),#11526,.T.);
#12104=ADVANCED_FACE('',(#544),#11527,.T.);
#12105=ADVANCED_FACE('',(#545),#11528,.T.);
#12106=ADVANCED_FACE('',(#546),#11529,.T.);
#12107=ADVANCED_FACE('',(#547),#11530,.T.);
#12108=ADVANCED_FACE('',(#548),#11531,.T.);
#12109=ADVANCED_FACE('',(#549),#11532,.T.);
#12110=ADVANCED_FACE('',(#550),#11533,.T.);
#12111=ADVANCED_FACE('',(#551),#11534,.T.);
#12112=ADVANCED_FACE('',(#552),#11535,.T.);
#12113=ADVANCED_FACE('',(#553),#11536,.T.);
#12114=ADVANCED_FACE('',(#554),#11537,.T.);
#12115=ADVANCED_FACE('',(#555),#11538,.T.);
#12116=ADVANCED_FACE('',(#556),#11539,.T.);
#12117=ADVANCED_FACE('',(#557),#11540,.T.);
#12118=ADVANCED_FACE('',(#558),#11541,.T.);
#12119=ADVANCED_FACE('',(#559),#11542,.T.);
#12120=ADVANCED_FACE('',(#560),#11543,.T.);
#12121=ADVANCED_FACE('',(#561),#11544,.T.);
#12122=ADVANCED_FACE('',(#562),#11545,.T.);
#12123=ADVANCED_FACE('',(#563),#11546,.T.);
#12124=ADVANCED_FACE('',(#564),#11547,.T.);
#12125=ADVANCED_FACE('',(#565),#11548,.T.);
#12126=ADVANCED_FACE('',(#566),#11549,.T.);
#12127=ADVANCED_FACE('',(#567),#11550,.T.);
#12128=ADVANCED_FACE('',(#568),#11551,.T.);
#12129=ADVANCED_FACE('',(#569),#11552,.T.);
#12130=ADVANCED_FACE('',(#570),#11553,.T.);
#12131=ADVANCED_FACE('',(#571),#11554,.T.);
#12132=ADVANCED_FACE('',(#572),#11555,.T.);
#12133=ADVANCED_FACE('',(#573),#11556,.T.);
#12134=ADVANCED_FACE('',(#574),#11557,.T.);
#12135=ADVANCED_FACE('',(#575),#11558,.T.);
#12136=ADVANCED_FACE('',(#576),#11559,.T.);
#12137=ADVANCED_FACE('',(#577),#11560,.T.);
#12138=ADVANCED_FACE('',(#578),#11561,.T.);
#12139=ADVANCED_FACE('',(#579),#11562,.T.);
#12140=ADVANCED_FACE('',(#580),#11563,.T.);
#12141=ADVANCED_FACE('',(#581),#11564,.T.);
#12142=ADVANCED_FACE('',(#582),#11565,.T.);
#12143=ADVANCED_FACE('',(#583),#11566,.T.);
#12144=ADVANCED_FACE('',(#584),#11567,.T.);
#12145=ADVANCED_FACE('',(#585),#11568,.T.);
#12146=ADVANCED_FACE('',(#586),#11569,.T.);
#12147=ADVANCED_FACE('',(#587),#11570,.T.);
#12148=ADVANCED_FACE('',(#588),#11571,.T.);
#12149=ADVANCED_FACE('',(#589),#11572,.T.);
#12150=ADVANCED_FACE('',(#590),#11573,.T.);
#12151=ADVANCED_FACE('',(#591),#11574,.T.);
#12152=ADVANCED_FACE('',(#592),#11575,.T.);
#12153=ADVANCED_FACE('',(#593),#11576,.T.);
#12154=ADVANCED_FACE('',(#594),#11577,.T.);
#12155=ADVANCED_FACE('',(#595),#11578,.T.);
#12156=ADVANCED_FACE('',(#596),#11579,.T.);
#12157=ADVANCED_FACE('',(#597),#11580,.T.);
#12158=ADVANCED_FACE('',(#598),#11581,.T.);
#12159=ADVANCED_FACE('',(#599),#11582,.T.);
#12160=ADVANCED_FACE('',(#600),#11583,.T.);
#12161=ADVANCED_FACE('',(#601),#11584,.T.);
#12162=ADVANCED_FACE('',(#602),#11585,.T.);
#12163=ADVANCED_FACE('',(#603),#11586,.T.);
#12164=ADVANCED_FACE('',(#604),#11587,.T.);
#12165=ADVANCED_FACE('',(#605),#11588,.T.);
#12166=ADVANCED_FACE('',(#606),#11589,.T.);
#12167=ADVANCED_FACE('',(#607),#11590,.T.);
#12168=ADVANCED_FACE('',(#608),#11591,.T.);
#12169=ADVANCED_FACE('',(#609),#11592,.T.);
#12170=ADVANCED_FACE('',(#610),#11593,.T.);
#12171=ADVANCED_FACE('',(#611),#11594,.T.);
#12172=ADVANCED_FACE('',(#612),#11595,.T.);
#12173=ADVANCED_FACE('',(#613),#11596,.T.);
#12174=ADVANCED_FACE('',(#614),#11597,.T.);
#12175=ADVANCED_FACE('',(#615),#11598,.T.);
#12176=ADVANCED_FACE('',(#616),#11599,.T.);
#12177=ADVANCED_FACE('',(#617),#11600,.T.);
#12178=ADVANCED_FACE('',(#618),#11601,.T.);
#12179=ADVANCED_FACE('',(#619),#11602,.T.);
#12180=ADVANCED_FACE('',(#620),#11603,.T.);
#12181=ADVANCED_FACE('',(#621),#11604,.T.);
#12182=ADVANCED_FACE('',(#622),#11605,.T.);
#12183=ADVANCED_FACE('',(#623),#11606,.T.);
#12184=ADVANCED_FACE('',(#624),#11607,.T.);
#12185=ADVANCED_FACE('',(#625),#11608,.T.);
#12186=ADVANCED_FACE('',(#626),#11609,.T.);
#12187=ADVANCED_FACE('',(#627),#11610,.T.);
#12188=ADVANCED_FACE('',(#628),#11611,.T.);
#12189=ADVANCED_FACE('',(#629),#11612,.T.);
#12190=ADVANCED_FACE('',(#630),#11613,.T.);
#12191=ADVANCED_FACE('',(#631),#11614,.T.);
#12192=ADVANCED_FACE('',(#632),#11615,.T.);
#12193=ADVANCED_FACE('',(#633),#11616,.T.);
#12194=ADVANCED_FACE('',(#634),#11617,.T.);
#12195=ADVANCED_FACE('',(#635),#11618,.T.);
#12196=ADVANCED_FACE('',(#636),#11619,.T.);
#12197=ADVANCED_FACE('',(#637),#11620,.T.);
#12198=ADVANCED_FACE('',(#638),#11621,.T.);
#12199=ADVANCED_FACE('',(#639),#11622,.T.);
#12200=ADVANCED_FACE('',(#640),#11623,.T.);
#12201=ADVANCED_FACE('',(#641),#11624,.T.);
#12202=ADVANCED_FACE('',(#642),#11625,.T.);
#12203=ADVANCED_FACE('',(#643),#11626,.T.);
#12204=ADVANCED_FACE('',(#644,#15,#16,#17,#18,#19,#20,#21,#22,#23,#24,#25,
#26,#27,#28,#29,#30,#31,#32,#33,#34,#35,#36,#37,#38,#39,#40,#41),#11627,
 .T.);
#12205=ADVANCED_FACE('',(#645,#42,#43,#44,#45,#46,#47,#48,#49,#50,#51,#52,
#53,#54,#55,#56,#57,#58,#59,#60,#61,#62,#63,#64,#65,#66,#67,#68),#11628,
 .F.);
#12206=CLOSED_SHELL('',(#11629,#11630,#11631,#11632,#11633,#11634,#11635,
#11636,#11637,#11638,#11639,#11640,#11641,#11642,#11643,#11644,#11645,#11646,
#11647,#11648,#11649,#11650,#11651,#11652,#11653,#11654,#11655,#11656,#11657,
#11658,#11659,#11660,#11661,#11662,#11663,#11664,#11665,#11666,#11667,#11668,
#11669,#11670,#11671,#11672,#11673,#11674,#11675,#11676,#11677,#11678,#11679,
#11680,#11681,#11682,#11683,#11684,#11685,#11686,#11687,#11688,#11689,#11690,
#11691,#11692,#11693,#11694,#11695,#11696,#11697,#11698,#11699,#11700,#11701,
#11702,#11703,#11704,#11705,#11706,#11707,#11708,#11709,#11710,#11711,#11712,
#11713,#11714,#11715,#11716,#11717,#11718,#11719,#11720,#11721,#11722,#11723,
#11724,#11725,#11726,#11727,#11728,#11729,#11730,#11731,#11732,#11733,#11734,
#11735,#11736,#11737,#11738,#11739,#11740,#11741,#11742,#11743,#11744,#11745,
#11746,#11747,#11748,#11749,#11750,#11751,#11752,#11753,#11754,#11755,#11756,
#11757,#11758,#11759,#11760,#11761,#11762,#11763,#11764,#11765,#11766,#11767,
#11768,#11769,#11770,#11771,#11772,#11773,#11774,#11775,#11776,#11777,#11778,
#11779,#11780,#11781,#11782,#11783,#11784,#11785,#11786,#11787,#11788,#11789,
#11790,#11791,#11792,#11793,#11794,#11795,#11796,#11797,#11798,#11799,#11800,
#11801,#11802,#11803,#11804,#11805,#11806,#11807,#11808,#11809,#11810,#11811,
#11812,#11813,#11814,#11815,#11816,#11817,#11818,#11819,#11820,#11821,#11822,
#11823,#11824,#11825,#11826,#11827,#11828,#11829,#11830,#11831,#11832,#11833,
#11834,#11835,#11836,#11837,#11838,#11839,#11840,#11841,#11842,#11843,#11844,
#11845,#11846,#11847,#11848,#11849,#11850,#11851,#11852,#11853,#11854,#11855,
#11856,#11857,#11858,#11859,#11860,#11861,#11862,#11863,#11864,#11865,#11866,
#11867,#11868,#11869,#11870,#11871,#11872,#11873,#11874,#11875,#11876,#11877,
#11878,#11879,#11880,#11881,#11882,#11883,#11884,#11885,#11886,#11887,#11888,
#11889,#11890,#11891,#11892,#11893,#11894,#11895,#11896,#11897,#11898,#11899,
#11900,#11901,#11902,#11903,#11904,#11905,#11906,#11907,#11908,#11909,#11910,
#11911,#11912,#11913,#11914,#11915,#11916,#11917,#11918,#11919,#11920,#11921,
#11922,#11923,#11924,#11925,#11926,#11927,#11928,#11929,#11930,#11931,#11932,
#11933,#11934,#11935,#11936,#11937,#11938,#11939,#11940,#11941,#11942,#11943,
#11944,#11945,#11946,#11947,#11948,#11949,#11950,#11951,#11952,#11953,#11954,
#11955,#11956,#11957,#11958,#11959,#11960,#11961,#11962,#11963,#11964,#11965,
#11966,#11967,#11968,#11969,#11970,#11971,#11972,#11973,#11974,#11975,#11976,
#11977,#11978,#11979,#11980,#11981,#11982,#11983,#11984,#11985,#11986,#11987,
#11988,#11989,#11990,#11991,#11992,#11993,#11994,#11995,#11996,#11997,#11998,
#11999,#12000,#12001,#12002,#12003,#12004,#12005,#12006,#12007,#12008,#12009,
#12010,#12011,#12012,#12013,#12014,#12015,#12016,#12017,#12018,#12019,#12020,
#12021,#12022,#12023,#12024,#12025,#12026,#12027,#12028,#12029,#12030,#12031,
#12032,#12033,#12034,#12035,#12036,#12037,#12038,#12039,#12040,#12041,#12042,
#12043,#12044,#12045,#12046,#12047,#12048,#12049,#12050,#12051,#12052,#12053,
#12054,#12055,#12056,#12057,#12058,#12059,#12060,#12061,#12062,#12063,#12064,
#12065,#12066,#12067,#12068,#12069,#12070,#12071,#12072,#12073,#12074,#12075,
#12076,#12077,#12078,#12079,#12080,#12081,#12082,#12083,#12084,#12085,#12086,
#12087,#12088,#12089,#12090,#12091,#12092,#12093,#12094,#12095,#12096,#12097,
#12098,#12099,#12100,#12101,#12102,#12103,#12104,#12105,#12106,#12107,#12108,
#12109,#12110,#12111,#12112,#12113,#12114,#12115,#12116,#12117,#12118,#12119,
#12120,#12121,#12122,#12123,#12124,#12125,#12126,#12127,#12128,#12129,#12130,
#12131,#12132,#12133,#12134,#12135,#12136,#12137,#12138,#12139,#12140,#12141,
#12142,#12143,#12144,#12145,#12146,#12147,#12148,#12149,#12150,#12151,#12152,
#12153,#12154,#12155,#12156,#12157,#12158,#12159,#12160,#12161,#12162,#12163,
#12164,#12165,#12166,#12167,#12168,#12169,#12170,#12171,#12172,#12173,#12174,
#12175,#12176,#12177,#12178,#12179,#12180,#12181,#12182,#12183,#12184,#12185,
#12186,#12187,#12188,#12189,#12190,#12191,#12192,#12193,#12194,#12195,#12196,
#12197,#12198,#12199,#12200,#12201,#12202,#12203,#12204,#12205));
#12207=DERIVED_UNIT_ELEMENT(#12209,1.);
#12208=DERIVED_UNIT_ELEMENT(#19136,-3.);
#12209=(
MASS_UNIT()
NAMED_UNIT(*)
SI_UNIT(.KILO.,.GRAM.)
);
#12210=DERIVED_UNIT((#12207,#12208));
#12211=MEASURE_REPRESENTATION_ITEM('density measure',
POSITIVE_RATIO_MEASURE(7850.),#12210);
#12212=PROPERTY_DEFINITION_REPRESENTATION(#12217,#12214);
#12213=PROPERTY_DEFINITION_REPRESENTATION(#12218,#12215);
#12214=REPRESENTATION('material name',(#12216),#19133);
#12215=REPRESENTATION('density',(#12211),#19133);
#12216=DESCRIPTIVE_REPRESENTATION_ITEM('Steel','Steel');
#12217=PROPERTY_DEFINITION('material property','material name',#19143);
#12218=PROPERTY_DEFINITION('material property','density of part',#19143);
#12219=AXIS2_PLACEMENT_3D('',#15678,#12797,#12798);
#12220=AXIS2_PLACEMENT_3D('',#15679,#12799,#12800);
#12221=AXIS2_PLACEMENT_3D('',#15688,#12805,#12806);
#12222=AXIS2_PLACEMENT_3D('',#15694,#12810,#12811);
#12223=AXIS2_PLACEMENT_3D('',#15700,#12815,#12816);
#12224=AXIS2_PLACEMENT_3D('',#15706,#12820,#12821);
#12225=AXIS2_PLACEMENT_3D('',#15712,#12825,#12826);
#12226=AXIS2_PLACEMENT_3D('',#15718,#12830,#12831);
#12227=AXIS2_PLACEMENT_3D('',#15724,#12835,#12836);
#12228=AXIS2_PLACEMENT_3D('',#15730,#12840,#12841);
#12229=AXIS2_PLACEMENT_3D('',#15736,#12845,#12846);
#12230=AXIS2_PLACEMENT_3D('',#15742,#12850,#12851);
#12231=AXIS2_PLACEMENT_3D('',#15748,#12855,#12856);
#12232=AXIS2_PLACEMENT_3D('',#15754,#12860,#12861);
#12233=AXIS2_PLACEMENT_3D('',#15760,#12865,#12866);
#12234=AXIS2_PLACEMENT_3D('',#15766,#12870,#12871);
#12235=AXIS2_PLACEMENT_3D('',#15772,#12875,#12876);
#12236=AXIS2_PLACEMENT_3D('',#15778,#12880,#12881);
#12237=AXIS2_PLACEMENT_3D('',#15784,#12885,#12886);
#12238=AXIS2_PLACEMENT_3D('',#15790,#12890,#12891);
#12239=AXIS2_PLACEMENT_3D('',#15796,#12895,#12896);
#12240=AXIS2_PLACEMENT_3D('',#15802,#12900,#12901);
#12241=AXIS2_PLACEMENT_3D('',#15808,#12905,#12906);
#12242=AXIS2_PLACEMENT_3D('',#15814,#12910,#12911);
#12243=AXIS2_PLACEMENT_3D('',#15820,#12915,#12916);
#12244=AXIS2_PLACEMENT_3D('',#15826,#12920,#12921);
#12245=AXIS2_PLACEMENT_3D('',#15832,#12925,#12926);
#12246=AXIS2_PLACEMENT_3D('',#15838,#12930,#12931);
#12247=AXIS2_PLACEMENT_3D('',#15844,#12935,#12936);
#12248=AXIS2_PLACEMENT_3D('',#15850,#12940,#12941);
#12249=AXIS2_PLACEMENT_3D('',#15856,#12945,#12946);
#12250=AXIS2_PLACEMENT_3D('',#15862,#12950,#12951);
#12251=AXIS2_PLACEMENT_3D('',#15868,#12955,#12956);
#12252=AXIS2_PLACEMENT_3D('',#15874,#12960,#12961);
#12253=AXIS2_PLACEMENT_3D('',#15880,#12965,#12966);
#12254=AXIS2_PLACEMENT_3D('',#15886,#12970,#12971);
#12255=AXIS2_PLACEMENT_3D('',#15892,#12975,#12976);
#12256=AXIS2_PLACEMENT_3D('',#15898,#12980,#12981);
#12257=AXIS2_PLACEMENT_3D('',#15904,#12985,#12986);
#12258=AXIS2_PLACEMENT_3D('',#15907,#12989,#12990);
#12259=AXIS2_PLACEMENT_3D('',#15916,#12995,#12996);
#12260=AXIS2_PLACEMENT_3D('',#15922,#13000,#13001);
#12261=AXIS2_PLACEMENT_3D('',#15928,#13005,#13006);
#12262=AXIS2_PLACEMENT_3D('',#15934,#13010,#13011);
#12263=AXIS2_PLACEMENT_3D('',#15940,#13015,#13016);
#12264=AXIS2_PLACEMENT_3D('',#15946,#13020,#13021);
#12265=AXIS2_PLACEMENT_3D('',#15952,#13025,#13026);
#12266=AXIS2_PLACEMENT_3D('',#15958,#13030,#13031);
#12267=AXIS2_PLACEMENT_3D('',#15964,#13035,#13036);
#12268=AXIS2_PLACEMENT_3D('',#15970,#13040,#13041);
#12269=AXIS2_PLACEMENT_3D('',#15976,#13045,#13046);
#12270=AXIS2_PLACEMENT_3D('',#15982,#13050,#13051);
#12271=AXIS2_PLACEMENT_3D('',#15988,#13055,#13056);
#12272=AXIS2_PLACEMENT_3D('',#15994,#13060,#13061);
#12273=AXIS2_PLACEMENT_3D('',#16000,#13065,#13066);
#12274=AXIS2_PLACEMENT_3D('',#16006,#13070,#13071);
#12275=AXIS2_PLACEMENT_3D('',#16012,#13075,#13076);
#12276=AXIS2_PLACEMENT_3D('',#16018,#13080,#13081);
#12277=AXIS2_PLACEMENT_3D('',#16024,#13085,#13086);
#12278=AXIS2_PLACEMENT_3D('',#16027,#13089,#13090);
#12279=AXIS2_PLACEMENT_3D('',#16036,#13095,#13096);
#12280=AXIS2_PLACEMENT_3D('',#16042,#13100,#13101);
#12281=AXIS2_PLACEMENT_3D('',#16048,#13105,#13106);
#12282=AXIS2_PLACEMENT_3D('',#16054,#13110,#13111);
#12283=AXIS2_PLACEMENT_3D('',#16060,#13115,#13116);
#12284=AXIS2_PLACEMENT_3D('',#16066,#13120,#13121);
#12285=AXIS2_PLACEMENT_3D('',#16072,#13125,#13126);
#12286=AXIS2_PLACEMENT_3D('',#16078,#13130,#13131);
#12287=AXIS2_PLACEMENT_3D('',#16084,#13135,#13136);
#12288=AXIS2_PLACEMENT_3D('',#16090,#13140,#13141);
#12289=AXIS2_PLACEMENT_3D('',#16096,#13145,#13146);
#12290=AXIS2_PLACEMENT_3D('',#16102,#13150,#13151);
#12291=AXIS2_PLACEMENT_3D('',#16108,#13155,#13156);
#12292=AXIS2_PLACEMENT_3D('',#16114,#13160,#13161);
#12293=AXIS2_PLACEMENT_3D('',#16120,#13165,#13166);
#12294=AXIS2_PLACEMENT_3D('',#16126,#13170,#13171);
#12295=AXIS2_PLACEMENT_3D('',#16132,#13175,#13176);
#12296=AXIS2_PLACEMENT_3D('',#16138,#13180,#13181);
#12297=AXIS2_PLACEMENT_3D('',#16144,#13185,#13186);
#12298=AXIS2_PLACEMENT_3D('',#16147,#13189,#13190);
#12299=AXIS2_PLACEMENT_3D('',#16156,#13195,#13196);
#12300=AXIS2_PLACEMENT_3D('',#16162,#13200,#13201);
#12301=AXIS2_PLACEMENT_3D('',#16168,#13205,#13206);
#12302=AXIS2_PLACEMENT_3D('',#16174,#13210,#13211);
#12303=AXIS2_PLACEMENT_3D('',#16180,#13215,#13216);
#12304=AXIS2_PLACEMENT_3D('',#16186,#13220,#13221);
#12305=AXIS2_PLACEMENT_3D('',#16192,#13225,#13226);
#12306=AXIS2_PLACEMENT_3D('',#16198,#13230,#13231);
#12307=AXIS2_PLACEMENT_3D('',#16204,#13235,#13236);
#12308=AXIS2_PLACEMENT_3D('',#16210,#13240,#13241);
#12309=AXIS2_PLACEMENT_3D('',#16216,#13245,#13246);
#12310=AXIS2_PLACEMENT_3D('',#16222,#13250,#13251);
#12311=AXIS2_PLACEMENT_3D('',#16228,#13255,#13256);
#12312=AXIS2_PLACEMENT_3D('',#16234,#13260,#13261);
#12313=AXIS2_PLACEMENT_3D('',#16240,#13265,#13266);
#12314=AXIS2_PLACEMENT_3D('',#16246,#13270,#13271);
#12315=AXIS2_PLACEMENT_3D('',#16252,#13275,#13276);
#12316=AXIS2_PLACEMENT_3D('',#16258,#13280,#13281);
#12317=AXIS2_PLACEMENT_3D('',#16264,#13285,#13286);
#12318=AXIS2_PLACEMENT_3D('',#16267,#13289,#13290);
#12319=AXIS2_PLACEMENT_3D('',#16276,#13295,#13296);
#12320=AXIS2_PLACEMENT_3D('',#16282,#13300,#13301);
#12321=AXIS2_PLACEMENT_3D('',#16288,#13305,#13306);
#12322=AXIS2_PLACEMENT_3D('',#16294,#13310,#13311);
#12323=AXIS2_PLACEMENT_3D('',#16300,#13315,#13316);
#12324=AXIS2_PLACEMENT_3D('',#16306,#13320,#13321);
#12325=AXIS2_PLACEMENT_3D('',#16312,#13325,#13326);
#12326=AXIS2_PLACEMENT_3D('',#16318,#13330,#13331);
#12327=AXIS2_PLACEMENT_3D('',#16324,#13335,#13336);
#12328=AXIS2_PLACEMENT_3D('',#16330,#13340,#13341);
#12329=AXIS2_PLACEMENT_3D('',#16336,#13345,#13346);
#12330=AXIS2_PLACEMENT_3D('',#16342,#13350,#13351);
#12331=AXIS2_PLACEMENT_3D('',#16348,#13355,#13356);
#12332=AXIS2_PLACEMENT_3D('',#16354,#13360,#13361);
#12333=AXIS2_PLACEMENT_3D('',#16360,#13365,#13366);
#12334=AXIS2_PLACEMENT_3D('',#16366,#13370,#13371);
#12335=AXIS2_PLACEMENT_3D('',#16372,#13375,#13376);
#12336=AXIS2_PLACEMENT_3D('',#16378,#13380,#13381);
#12337=AXIS2_PLACEMENT_3D('',#16384,#13385,#13386);
#12338=AXIS2_PLACEMENT_3D('',#16387,#13389,#13390);
#12339=AXIS2_PLACEMENT_3D('',#16396,#13395,#13396);
#12340=AXIS2_PLACEMENT_3D('',#16402,#13400,#13401);
#12341=AXIS2_PLACEMENT_3D('',#16408,#13405,#13406);
#12342=AXIS2_PLACEMENT_3D('',#16414,#13410,#13411);
#12343=AXIS2_PLACEMENT_3D('',#16420,#13415,#13416);
#12344=AXIS2_PLACEMENT_3D('',#16426,#13420,#13421);
#12345=AXIS2_PLACEMENT_3D('',#16432,#13425,#13426);
#12346=AXIS2_PLACEMENT_3D('',#16438,#13430,#13431);
#12347=AXIS2_PLACEMENT_3D('',#16444,#13435,#13436);
#12348=AXIS2_PLACEMENT_3D('',#16450,#13440,#13441);
#12349=AXIS2_PLACEMENT_3D('',#16456,#13445,#13446);
#12350=AXIS2_PLACEMENT_3D('',#16462,#13450,#13451);
#12351=AXIS2_PLACEMENT_3D('',#16468,#13455,#13456);
#12352=AXIS2_PLACEMENT_3D('',#16474,#13460,#13461);
#12353=AXIS2_PLACEMENT_3D('',#16480,#13465,#13466);
#12354=AXIS2_PLACEMENT_3D('',#16486,#13470,#13471);
#12355=AXIS2_PLACEMENT_3D('',#16492,#13475,#13476);
#12356=AXIS2_PLACEMENT_3D('',#16498,#13480,#13481);
#12357=AXIS2_PLACEMENT_3D('',#16504,#13485,#13486);
#12358=AXIS2_PLACEMENT_3D('',#16507,#13489,#13490);
#12359=AXIS2_PLACEMENT_3D('',#16516,#13495,#13496);
#12360=AXIS2_PLACEMENT_3D('',#16522,#13500,#13501);
#12361=AXIS2_PLACEMENT_3D('',#16528,#13505,#13506);
#12362=AXIS2_PLACEMENT_3D('',#16534,#13510,#13511);
#12363=AXIS2_PLACEMENT_3D('',#16540,#13515,#13516);
#12364=AXIS2_PLACEMENT_3D('',#16546,#13520,#13521);
#12365=AXIS2_PLACEMENT_3D('',#16552,#13525,#13526);
#12366=AXIS2_PLACEMENT_3D('',#16558,#13530,#13531);
#12367=AXIS2_PLACEMENT_3D('',#16564,#13535,#13536);
#12368=AXIS2_PLACEMENT_3D('',#16570,#13540,#13541);
#12369=AXIS2_PLACEMENT_3D('',#16576,#13545,#13546);
#12370=AXIS2_PLACEMENT_3D('',#16582,#13550,#13551);
#12371=AXIS2_PLACEMENT_3D('',#16588,#13555,#13556);
#12372=AXIS2_PLACEMENT_3D('',#16594,#13560,#13561);
#12373=AXIS2_PLACEMENT_3D('',#16600,#13565,#13566);
#12374=AXIS2_PLACEMENT_3D('',#16606,#13570,#13571);
#12375=AXIS2_PLACEMENT_3D('',#16612,#13575,#13576);
#12376=AXIS2_PLACEMENT_3D('',#16618,#13580,#13581);
#12377=AXIS2_PLACEMENT_3D('',#16624,#13585,#13586);
#12378=AXIS2_PLACEMENT_3D('',#16627,#13589,#13590);
#12379=AXIS2_PLACEMENT_3D('',#16636,#13595,#13596);
#12380=AXIS2_PLACEMENT_3D('',#16642,#13600,#13601);
#12381=AXIS2_PLACEMENT_3D('',#16648,#13605,#13606);
#12382=AXIS2_PLACEMENT_3D('',#16654,#13610,#13611);
#12383=AXIS2_PLACEMENT_3D('',#16660,#13615,#13616);
#12384=AXIS2_PLACEMENT_3D('',#16666,#13620,#13621);
#12385=AXIS2_PLACEMENT_3D('',#16672,#13625,#13626);
#12386=AXIS2_PLACEMENT_3D('',#16678,#13630,#13631);
#12387=AXIS2_PLACEMENT_3D('',#16684,#13635,#13636);
#12388=AXIS2_PLACEMENT_3D('',#16690,#13640,#13641);
#12389=AXIS2_PLACEMENT_3D('',#16696,#13645,#13646);
#12390=AXIS2_PLACEMENT_3D('',#16702,#13650,#13651);
#12391=AXIS2_PLACEMENT_3D('',#16708,#13655,#13656);
#12392=AXIS2_PLACEMENT_3D('',#16714,#13660,#13661);
#12393=AXIS2_PLACEMENT_3D('',#16720,#13665,#13666);
#12394=AXIS2_PLACEMENT_3D('',#16726,#13670,#13671);
#12395=AXIS2_PLACEMENT_3D('',#16732,#13675,#13676);
#12396=AXIS2_PLACEMENT_3D('',#16738,#13680,#13681);
#12397=AXIS2_PLACEMENT_3D('',#16744,#13685,#13686);
#12398=AXIS2_PLACEMENT_3D('',#16747,#13689,#13690);
#12399=AXIS2_PLACEMENT_3D('',#16756,#13695,#13696);
#12400=AXIS2_PLACEMENT_3D('',#16762,#13700,#13701);
#12401=AXIS2_PLACEMENT_3D('',#16768,#13705,#13706);
#12402=AXIS2_PLACEMENT_3D('',#16774,#13710,#13711);
#12403=AXIS2_PLACEMENT_3D('',#16780,#13715,#13716);
#12404=AXIS2_PLACEMENT_3D('',#16786,#13720,#13721);
#12405=AXIS2_PLACEMENT_3D('',#16792,#13725,#13726);
#12406=AXIS2_PLACEMENT_3D('',#16798,#13730,#13731);
#12407=AXIS2_PLACEMENT_3D('',#16804,#13735,#13736);
#12408=AXIS2_PLACEMENT_3D('',#16810,#13740,#13741);
#12409=AXIS2_PLACEMENT_3D('',#16816,#13745,#13746);
#12410=AXIS2_PLACEMENT_3D('',#16822,#13750,#13751);
#12411=AXIS2_PLACEMENT_3D('',#16828,#13755,#13756);
#12412=AXIS2_PLACEMENT_3D('',#16834,#13760,#13761);
#12413=AXIS2_PLACEMENT_3D('',#16840,#13765,#13766);
#12414=AXIS2_PLACEMENT_3D('',#16846,#13770,#13771);
#12415=AXIS2_PLACEMENT_3D('',#16852,#13775,#13776);
#12416=AXIS2_PLACEMENT_3D('',#16858,#13780,#13781);
#12417=AXIS2_PLACEMENT_3D('',#16864,#13785,#13786);
#12418=AXIS2_PLACEMENT_3D('',#16867,#13789,#13790);
#12419=AXIS2_PLACEMENT_3D('',#16876,#13795,#13796);
#12420=AXIS2_PLACEMENT_3D('',#16882,#13800,#13801);
#12421=AXIS2_PLACEMENT_3D('',#16888,#13805,#13806);
#12422=AXIS2_PLACEMENT_3D('',#16894,#13810,#13811);
#12423=AXIS2_PLACEMENT_3D('',#16900,#13815,#13816);
#12424=AXIS2_PLACEMENT_3D('',#16906,#13820,#13821);
#12425=AXIS2_PLACEMENT_3D('',#16912,#13825,#13826);
#12426=AXIS2_PLACEMENT_3D('',#16918,#13830,#13831);
#12427=AXIS2_PLACEMENT_3D('',#16924,#13835,#13836);
#12428=AXIS2_PLACEMENT_3D('',#16930,#13840,#13841);
#12429=AXIS2_PLACEMENT_3D('',#16936,#13845,#13846);
#12430=AXIS2_PLACEMENT_3D('',#16942,#13850,#13851);
#12431=AXIS2_PLACEMENT_3D('',#16948,#13855,#13856);
#12432=AXIS2_PLACEMENT_3D('',#16954,#13860,#13861);
#12433=AXIS2_PLACEMENT_3D('',#16960,#13865,#13866);
#12434=AXIS2_PLACEMENT_3D('',#16966,#13870,#13871);
#12435=AXIS2_PLACEMENT_3D('',#16972,#13875,#13876);
#12436=AXIS2_PLACEMENT_3D('',#16978,#13880,#13881);
#12437=AXIS2_PLACEMENT_3D('',#16984,#13885,#13886);
#12438=AXIS2_PLACEMENT_3D('',#16987,#13889,#13890);
#12439=AXIS2_PLACEMENT_3D('',#16996,#13895,#13896);
#12440=AXIS2_PLACEMENT_3D('',#17002,#13900,#13901);
#12441=AXIS2_PLACEMENT_3D('',#17008,#13905,#13906);
#12442=AXIS2_PLACEMENT_3D('',#17014,#13910,#13911);
#12443=AXIS2_PLACEMENT_3D('',#17020,#13915,#13916);
#12444=AXIS2_PLACEMENT_3D('',#17026,#13920,#13921);
#12445=AXIS2_PLACEMENT_3D('',#17032,#13925,#13926);
#12446=AXIS2_PLACEMENT_3D('',#17038,#13930,#13931);
#12447=AXIS2_PLACEMENT_3D('',#17044,#13935,#13936);
#12448=AXIS2_PLACEMENT_3D('',#17050,#13940,#13941);
#12449=AXIS2_PLACEMENT_3D('',#17056,#13945,#13946);
#12450=AXIS2_PLACEMENT_3D('',#17062,#13950,#13951);
#12451=AXIS2_PLACEMENT_3D('',#17068,#13955,#13956);
#12452=AXIS2_PLACEMENT_3D('',#17074,#13960,#13961);
#12453=AXIS2_PLACEMENT_3D('',#17080,#13965,#13966);
#12454=AXIS2_PLACEMENT_3D('',#17086,#13970,#13971);
#12455=AXIS2_PLACEMENT_3D('',#17092,#13975,#13976);
#12456=AXIS2_PLACEMENT_3D('',#17098,#13980,#13981);
#12457=AXIS2_PLACEMENT_3D('',#17104,#13985,#13986);
#12458=AXIS2_PLACEMENT_3D('',#17107,#13989,#13990);
#12459=AXIS2_PLACEMENT_3D('',#17116,#13995,#13996);
#12460=AXIS2_PLACEMENT_3D('',#17122,#14000,#14001);
#12461=AXIS2_PLACEMENT_3D('',#17128,#14005,#14006);
#12462=AXIS2_PLACEMENT_3D('',#17134,#14010,#14011);
#12463=AXIS2_PLACEMENT_3D('',#17140,#14015,#14016);
#12464=AXIS2_PLACEMENT_3D('',#17146,#14020,#14021);
#12465=AXIS2_PLACEMENT_3D('',#17152,#14025,#14026);
#12466=AXIS2_PLACEMENT_3D('',#17158,#14030,#14031);
#12467=AXIS2_PLACEMENT_3D('',#17164,#14035,#14036);
#12468=AXIS2_PLACEMENT_3D('',#17170,#14040,#14041);
#12469=AXIS2_PLACEMENT_3D('',#17176,#14045,#14046);
#12470=AXIS2_PLACEMENT_3D('',#17182,#14050,#14051);
#12471=AXIS2_PLACEMENT_3D('',#17188,#14055,#14056);
#12472=AXIS2_PLACEMENT_3D('',#17194,#14060,#14061);
#12473=AXIS2_PLACEMENT_3D('',#17200,#14065,#14066);
#12474=AXIS2_PLACEMENT_3D('',#17206,#14070,#14071);
#12475=AXIS2_PLACEMENT_3D('',#17212,#14075,#14076);
#12476=AXIS2_PLACEMENT_3D('',#17218,#14080,#14081);
#12477=AXIS2_PLACEMENT_3D('',#17224,#14085,#14086);
#12478=AXIS2_PLACEMENT_3D('',#17227,#14089,#14090);
#12479=AXIS2_PLACEMENT_3D('',#17236,#14095,#14096);
#12480=AXIS2_PLACEMENT_3D('',#17242,#14100,#14101);
#12481=AXIS2_PLACEMENT_3D('',#17248,#14105,#14106);
#12482=AXIS2_PLACEMENT_3D('',#17254,#14110,#14111);
#12483=AXIS2_PLACEMENT_3D('',#17260,#14115,#14116);
#12484=AXIS2_PLACEMENT_3D('',#17266,#14120,#14121);
#12485=AXIS2_PLACEMENT_3D('',#17272,#14125,#14126);
#12486=AXIS2_PLACEMENT_3D('',#17278,#14130,#14131);
#12487=AXIS2_PLACEMENT_3D('',#17284,#14135,#14136);
#12488=AXIS2_PLACEMENT_3D('',#17290,#14140,#14141);
#12489=AXIS2_PLACEMENT_3D('',#17296,#14145,#14146);
#12490=AXIS2_PLACEMENT_3D('',#17302,#14150,#14151);
#12491=AXIS2_PLACEMENT_3D('',#17308,#14155,#14156);
#12492=AXIS2_PLACEMENT_3D('',#17314,#14160,#14161);
#12493=AXIS2_PLACEMENT_3D('',#17320,#14165,#14166);
#12494=AXIS2_PLACEMENT_3D('',#17326,#14170,#14171);
#12495=AXIS2_PLACEMENT_3D('',#17332,#14175,#14176);
#12496=AXIS2_PLACEMENT_3D('',#17338,#14180,#14181);
#12497=AXIS2_PLACEMENT_3D('',#17344,#14185,#14186);
#12498=AXIS2_PLACEMENT_3D('',#17347,#14189,#14190);
#12499=AXIS2_PLACEMENT_3D('',#17356,#14195,#14196);
#12500=AXIS2_PLACEMENT_3D('',#17362,#14200,#14201);
#12501=AXIS2_PLACEMENT_3D('',#17368,#14205,#14206);
#12502=AXIS2_PLACEMENT_3D('',#17374,#14210,#14211);
#12503=AXIS2_PLACEMENT_3D('',#17380,#14215,#14216);
#12504=AXIS2_PLACEMENT_3D('',#17386,#14220,#14221);
#12505=AXIS2_PLACEMENT_3D('',#17392,#14225,#14226);
#12506=AXIS2_PLACEMENT_3D('',#17398,#14230,#14231);
#12507=AXIS2_PLACEMENT_3D('',#17404,#14235,#14236);
#12508=AXIS2_PLACEMENT_3D('',#17410,#14240,#14241);
#12509=AXIS2_PLACEMENT_3D('',#17416,#14245,#14246);
#12510=AXIS2_PLACEMENT_3D('',#17422,#14250,#14251);
#12511=AXIS2_PLACEMENT_3D('',#17428,#14255,#14256);
#12512=AXIS2_PLACEMENT_3D('',#17434,#14260,#14261);
#12513=AXIS2_PLACEMENT_3D('',#17440,#14265,#14266);
#12514=AXIS2_PLACEMENT_3D('',#17446,#14270,#14271);
#12515=AXIS2_PLACEMENT_3D('',#17452,#14275,#14276);
#12516=AXIS2_PLACEMENT_3D('',#17458,#14280,#14281);
#12517=AXIS2_PLACEMENT_3D('',#17464,#14285,#14286);
#12518=AXIS2_PLACEMENT_3D('',#17467,#14289,#14290);
#12519=AXIS2_PLACEMENT_3D('',#17476,#14295,#14296);
#12520=AXIS2_PLACEMENT_3D('',#17482,#14300,#14301);
#12521=AXIS2_PLACEMENT_3D('',#17488,#14305,#14306);
#12522=AXIS2_PLACEMENT_3D('',#17494,#14310,#14311);
#12523=AXIS2_PLACEMENT_3D('',#17500,#14315,#14316);
#12524=AXIS2_PLACEMENT_3D('',#17506,#14320,#14321);
#12525=AXIS2_PLACEMENT_3D('',#17512,#14325,#14326);
#12526=AXIS2_PLACEMENT_3D('',#17518,#14330,#14331);
#12527=AXIS2_PLACEMENT_3D('',#17524,#14335,#14336);
#12528=AXIS2_PLACEMENT_3D('',#17530,#14340,#14341);
#12529=AXIS2_PLACEMENT_3D('',#17536,#14345,#14346);
#12530=AXIS2_PLACEMENT_3D('',#17542,#14350,#14351);
#12531=AXIS2_PLACEMENT_3D('',#17548,#14355,#14356);
#12532=AXIS2_PLACEMENT_3D('',#17554,#14360,#14361);
#12533=AXIS2_PLACEMENT_3D('',#17560,#14365,#14366);
#12534=AXIS2_PLACEMENT_3D('',#17566,#14370,#14371);
#12535=AXIS2_PLACEMENT_3D('',#17572,#14375,#14376);
#12536=AXIS2_PLACEMENT_3D('',#17578,#14380,#14381);
#12537=AXIS2_PLACEMENT_3D('',#17584,#14385,#14386);
#12538=AXIS2_PLACEMENT_3D('',#17587,#14389,#14390);
#12539=AXIS2_PLACEMENT_3D('',#17596,#14395,#14396);
#12540=AXIS2_PLACEMENT_3D('',#17602,#14400,#14401);
#12541=AXIS2_PLACEMENT_3D('',#17608,#14405,#14406);
#12542=AXIS2_PLACEMENT_3D('',#17614,#14410,#14411);
#12543=AXIS2_PLACEMENT_3D('',#17620,#14415,#14416);
#12544=AXIS2_PLACEMENT_3D('',#17626,#14420,#14421);
#12545=AXIS2_PLACEMENT_3D('',#17632,#14425,#14426);
#12546=AXIS2_PLACEMENT_3D('',#17638,#14430,#14431);
#12547=AXIS2_PLACEMENT_3D('',#17644,#14435,#14436);
#12548=AXIS2_PLACEMENT_3D('',#17650,#14440,#14441);
#12549=AXIS2_PLACEMENT_3D('',#17656,#14445,#14446);
#12550=AXIS2_PLACEMENT_3D('',#17662,#14450,#14451);
#12551=AXIS2_PLACEMENT_3D('',#17668,#14455,#14456);
#12552=AXIS2_PLACEMENT_3D('',#17674,#14460,#14461);
#12553=AXIS2_PLACEMENT_3D('',#17680,#14465,#14466);
#12554=AXIS2_PLACEMENT_3D('',#17686,#14470,#14471);
#12555=AXIS2_PLACEMENT_3D('',#17692,#14475,#14476);
#12556=AXIS2_PLACEMENT_3D('',#17698,#14480,#14481);
#12557=AXIS2_PLACEMENT_3D('',#17704,#14485,#14486);
#12558=AXIS2_PLACEMENT_3D('',#17707,#14489,#14490);
#12559=AXIS2_PLACEMENT_3D('',#17716,#14495,#14496);
#12560=AXIS2_PLACEMENT_3D('',#17722,#14500,#14501);
#12561=AXIS2_PLACEMENT_3D('',#17728,#14505,#14506);
#12562=AXIS2_PLACEMENT_3D('',#17734,#14510,#14511);
#12563=AXIS2_PLACEMENT_3D('',#17740,#14515,#14516);
#12564=AXIS2_PLACEMENT_3D('',#17746,#14520,#14521);
#12565=AXIS2_PLACEMENT_3D('',#17752,#14525,#14526);
#12566=AXIS2_PLACEMENT_3D('',#17758,#14530,#14531);
#12567=AXIS2_PLACEMENT_3D('',#17764,#14535,#14536);
#12568=AXIS2_PLACEMENT_3D('',#17770,#14540,#14541);
#12569=AXIS2_PLACEMENT_3D('',#17776,#14545,#14546);
#12570=AXIS2_PLACEMENT_3D('',#17782,#14550,#14551);
#12571=AXIS2_PLACEMENT_3D('',#17788,#14555,#14556);
#12572=AXIS2_PLACEMENT_3D('',#17794,#14560,#14561);
#12573=AXIS2_PLACEMENT_3D('',#17800,#14565,#14566);
#12574=AXIS2_PLACEMENT_3D('',#17806,#14570,#14571);
#12575=AXIS2_PLACEMENT_3D('',#17812,#14575,#14576);
#12576=AXIS2_PLACEMENT_3D('',#17818,#14580,#14581);
#12577=AXIS2_PLACEMENT_3D('',#17824,#14585,#14586);
#12578=AXIS2_PLACEMENT_3D('',#17827,#14589,#14590);
#12579=AXIS2_PLACEMENT_3D('',#17836,#14595,#14596);
#12580=AXIS2_PLACEMENT_3D('',#17842,#14600,#14601);
#12581=AXIS2_PLACEMENT_3D('',#17848,#14605,#14606);
#12582=AXIS2_PLACEMENT_3D('',#17854,#14610,#14611);
#12583=AXIS2_PLACEMENT_3D('',#17860,#14615,#14616);
#12584=AXIS2_PLACEMENT_3D('',#17866,#14620,#14621);
#12585=AXIS2_PLACEMENT_3D('',#17872,#14625,#14626);
#12586=AXIS2_PLACEMENT_3D('',#17878,#14630,#14631);
#12587=AXIS2_PLACEMENT_3D('',#17884,#14635,#14636);
#12588=AXIS2_PLACEMENT_3D('',#17890,#14640,#14641);
#12589=AXIS2_PLACEMENT_3D('',#17896,#14645,#14646);
#12590=AXIS2_PLACEMENT_3D('',#17902,#14650,#14651);
#12591=AXIS2_PLACEMENT_3D('',#17908,#14655,#14656);
#12592=AXIS2_PLACEMENT_3D('',#17914,#14660,#14661);
#12593=AXIS2_PLACEMENT_3D('',#17920,#14665,#14666);
#12594=AXIS2_PLACEMENT_3D('',#17926,#14670,#14671);
#12595=AXIS2_PLACEMENT_3D('',#17932,#14675,#14676);
#12596=AXIS2_PLACEMENT_3D('',#17938,#14680,#14681);
#12597=AXIS2_PLACEMENT_3D('',#17944,#14685,#14686);
#12598=AXIS2_PLACEMENT_3D('',#17947,#14689,#14690);
#12599=AXIS2_PLACEMENT_3D('',#17956,#14695,#14696);
#12600=AXIS2_PLACEMENT_3D('',#17962,#14700,#14701);
#12601=AXIS2_PLACEMENT_3D('',#17968,#14705,#14706);
#12602=AXIS2_PLACEMENT_3D('',#17974,#14710,#14711);
#12603=AXIS2_PLACEMENT_3D('',#17980,#14715,#14716);
#12604=AXIS2_PLACEMENT_3D('',#17986,#14720,#14721);
#12605=AXIS2_PLACEMENT_3D('',#17992,#14725,#14726);
#12606=AXIS2_PLACEMENT_3D('',#17998,#14730,#14731);
#12607=AXIS2_PLACEMENT_3D('',#18004,#14735,#14736);
#12608=AXIS2_PLACEMENT_3D('',#18010,#14740,#14741);
#12609=AXIS2_PLACEMENT_3D('',#18016,#14745,#14746);
#12610=AXIS2_PLACEMENT_3D('',#18022,#14750,#14751);
#12611=AXIS2_PLACEMENT_3D('',#18028,#14755,#14756);
#12612=AXIS2_PLACEMENT_3D('',#18034,#14760,#14761);
#12613=AXIS2_PLACEMENT_3D('',#18040,#14765,#14766);
#12614=AXIS2_PLACEMENT_3D('',#18046,#14770,#14771);
#12615=AXIS2_PLACEMENT_3D('',#18052,#14775,#14776);
#12616=AXIS2_PLACEMENT_3D('',#18058,#14780,#14781);
#12617=AXIS2_PLACEMENT_3D('',#18064,#14785,#14786);
#12618=AXIS2_PLACEMENT_3D('',#18067,#14789,#14790);
#12619=AXIS2_PLACEMENT_3D('',#18076,#14795,#14796);
#12620=AXIS2_PLACEMENT_3D('',#18082,#14800,#14801);
#12621=AXIS2_PLACEMENT_3D('',#18088,#14805,#14806);
#12622=AXIS2_PLACEMENT_3D('',#18094,#14810,#14811);
#12623=AXIS2_PLACEMENT_3D('',#18100,#14815,#14816);
#12624=AXIS2_PLACEMENT_3D('',#18106,#14820,#14821);
#12625=AXIS2_PLACEMENT_3D('',#18112,#14825,#14826);
#12626=AXIS2_PLACEMENT_3D('',#18118,#14830,#14831);
#12627=AXIS2_PLACEMENT_3D('',#18124,#14835,#14836);
#12628=AXIS2_PLACEMENT_3D('',#18130,#14840,#14841);
#12629=AXIS2_PLACEMENT_3D('',#18136,#14845,#14846);
#12630=AXIS2_PLACEMENT_3D('',#18142,#14850,#14851);
#12631=AXIS2_PLACEMENT_3D('',#18148,#14855,#14856);
#12632=AXIS2_PLACEMENT_3D('',#18154,#14860,#14861);
#12633=AXIS2_PLACEMENT_3D('',#18160,#14865,#14866);
#12634=AXIS2_PLACEMENT_3D('',#18166,#14870,#14871);
#12635=AXIS2_PLACEMENT_3D('',#18172,#14875,#14876);
#12636=AXIS2_PLACEMENT_3D('',#18178,#14880,#14881);
#12637=AXIS2_PLACEMENT_3D('',#18184,#14885,#14886);
#12638=AXIS2_PLACEMENT_3D('',#18187,#14889,#14890);
#12639=AXIS2_PLACEMENT_3D('',#18196,#14895,#14896);
#12640=AXIS2_PLACEMENT_3D('',#18202,#14900,#14901);
#12641=AXIS2_PLACEMENT_3D('',#18208,#14905,#14906);
#12642=AXIS2_PLACEMENT_3D('',#18214,#14910,#14911);
#12643=AXIS2_PLACEMENT_3D('',#18220,#14915,#14916);
#12644=AXIS2_PLACEMENT_3D('',#18226,#14920,#14921);
#12645=AXIS2_PLACEMENT_3D('',#18232,#14925,#14926);
#12646=AXIS2_PLACEMENT_3D('',#18238,#14930,#14931);
#12647=AXIS2_PLACEMENT_3D('',#18244,#14935,#14936);
#12648=AXIS2_PLACEMENT_3D('',#18250,#14940,#14941);
#12649=AXIS2_PLACEMENT_3D('',#18256,#14945,#14946);
#12650=AXIS2_PLACEMENT_3D('',#18262,#14950,#14951);
#12651=AXIS2_PLACEMENT_3D('',#18268,#14955,#14956);
#12652=AXIS2_PLACEMENT_3D('',#18274,#14960,#14961);
#12653=AXIS2_PLACEMENT_3D('',#18280,#14965,#14966);
#12654=AXIS2_PLACEMENT_3D('',#18286,#14970,#14971);
#12655=AXIS2_PLACEMENT_3D('',#18292,#14975,#14976);
#12656=AXIS2_PLACEMENT_3D('',#18298,#14980,#14981);
#12657=AXIS2_PLACEMENT_3D('',#18304,#14985,#14986);
#12658=AXIS2_PLACEMENT_3D('',#18307,#14989,#14990);
#12659=AXIS2_PLACEMENT_3D('',#18316,#14995,#14996);
#12660=AXIS2_PLACEMENT_3D('',#18322,#15000,#15001);
#12661=AXIS2_PLACEMENT_3D('',#18328,#15005,#15006);
#12662=AXIS2_PLACEMENT_3D('',#18334,#15010,#15011);
#12663=AXIS2_PLACEMENT_3D('',#18340,#15015,#15016);
#12664=AXIS2_PLACEMENT_3D('',#18346,#15020,#15021);
#12665=AXIS2_PLACEMENT_3D('',#18352,#15025,#15026);
#12666=AXIS2_PLACEMENT_3D('',#18358,#15030,#15031);
#12667=AXIS2_PLACEMENT_3D('',#18364,#15035,#15036);
#12668=AXIS2_PLACEMENT_3D('',#18370,#15040,#15041);
#12669=AXIS2_PLACEMENT_3D('',#18376,#15045,#15046);
#12670=AXIS2_PLACEMENT_3D('',#18382,#15050,#15051);
#12671=AXIS2_PLACEMENT_3D('',#18388,#15055,#15056);
#12672=AXIS2_PLACEMENT_3D('',#18394,#15060,#15061);
#12673=AXIS2_PLACEMENT_3D('',#18400,#15065,#15066);
#12674=AXIS2_PLACEMENT_3D('',#18406,#15070,#15071);
#12675=AXIS2_PLACEMENT_3D('',#18412,#15075,#15076);
#12676=AXIS2_PLACEMENT_3D('',#18418,#15080,#15081);
#12677=AXIS2_PLACEMENT_3D('',#18424,#15085,#15086);
#12678=AXIS2_PLACEMENT_3D('',#18427,#15089,#15090);
#12679=AXIS2_PLACEMENT_3D('',#18436,#15095,#15096);
#12680=AXIS2_PLACEMENT_3D('',#18442,#15100,#15101);
#12681=AXIS2_PLACEMENT_3D('',#18448,#15105,#15106);
#12682=AXIS2_PLACEMENT_3D('',#18454,#15110,#15111);
#12683=AXIS2_PLACEMENT_3D('',#18460,#15115,#15116);
#12684=AXIS2_PLACEMENT_3D('',#18466,#15120,#15121);
#12685=AXIS2_PLACEMENT_3D('',#18472,#15125,#15126);
#12686=AXIS2_PLACEMENT_3D('',#18478,#15130,#15131);
#12687=AXIS2_PLACEMENT_3D('',#18484,#15135,#15136);
#12688=AXIS2_PLACEMENT_3D('',#18490,#15140,#15141);
#12689=AXIS2_PLACEMENT_3D('',#18496,#15145,#15146);
#12690=AXIS2_PLACEMENT_3D('',#18502,#15150,#15151);
#12691=AXIS2_PLACEMENT_3D('',#18508,#15155,#15156);
#12692=AXIS2_PLACEMENT_3D('',#18514,#15160,#15161);
#12693=AXIS2_PLACEMENT_3D('',#18520,#15165,#15166);
#12694=AXIS2_PLACEMENT_3D('',#18526,#15170,#15171);
#12695=AXIS2_PLACEMENT_3D('',#18532,#15175,#15176);
#12696=AXIS2_PLACEMENT_3D('',#18538,#15180,#15181);
#12697=AXIS2_PLACEMENT_3D('',#18544,#15185,#15186);
#12698=AXIS2_PLACEMENT_3D('',#18547,#15189,#15190);
#12699=AXIS2_PLACEMENT_3D('',#18556,#15195,#15196);
#12700=AXIS2_PLACEMENT_3D('',#18562,#15200,#15201);
#12701=AXIS2_PLACEMENT_3D('',#18568,#15205,#15206);
#12702=AXIS2_PLACEMENT_3D('',#18574,#15210,#15211);
#12703=AXIS2_PLACEMENT_3D('',#18580,#15215,#15216);
#12704=AXIS2_PLACEMENT_3D('',#18586,#15220,#15221);
#12705=AXIS2_PLACEMENT_3D('',#18592,#15225,#15226);
#12706=AXIS2_PLACEMENT_3D('',#18598,#15230,#15231);
#12707=AXIS2_PLACEMENT_3D('',#18604,#15235,#15236);
#12708=AXIS2_PLACEMENT_3D('',#18610,#15240,#15241);
#12709=AXIS2_PLACEMENT_3D('',#18616,#15245,#15246);
#12710=AXIS2_PLACEMENT_3D('',#18622,#15250,#15251);
#12711=AXIS2_PLACEMENT_3D('',#18628,#15255,#15256);
#12712=AXIS2_PLACEMENT_3D('',#18634,#15260,#15261);
#12713=AXIS2_PLACEMENT_3D('',#18640,#15265,#15266);
#12714=AXIS2_PLACEMENT_3D('',#18646,#15270,#15271);
#12715=AXIS2_PLACEMENT_3D('',#18652,#15275,#15276);
#12716=AXIS2_PLACEMENT_3D('',#18658,#15280,#15281);
#12717=AXIS2_PLACEMENT_3D('',#18664,#15285,#15286);
#12718=AXIS2_PLACEMENT_3D('',#18667,#15289,#15290);
#12719=AXIS2_PLACEMENT_3D('',#18676,#15295,#15296);
#12720=AXIS2_PLACEMENT_3D('',#18682,#15300,#15301);
#12721=AXIS2_PLACEMENT_3D('',#18688,#15305,#15306);
#12722=AXIS2_PLACEMENT_3D('',#18694,#15310,#15311);
#12723=AXIS2_PLACEMENT_3D('',#18700,#15315,#15316);
#12724=AXIS2_PLACEMENT_3D('',#18706,#15320,#15321);
#12725=AXIS2_PLACEMENT_3D('',#18712,#15325,#15326);
#12726=AXIS2_PLACEMENT_3D('',#18718,#15330,#15331);
#12727=AXIS2_PLACEMENT_3D('',#18724,#15335,#15336);
#12728=AXIS2_PLACEMENT_3D('',#18730,#15340,#15341);
#12729=AXIS2_PLACEMENT_3D('',#18736,#15345,#15346);
#12730=AXIS2_PLACEMENT_3D('',#18742,#15350,#15351);
#12731=AXIS2_PLACEMENT_3D('',#18748,#15355,#15356);
#12732=AXIS2_PLACEMENT_3D('',#18754,#15360,#15361);
#12733=AXIS2_PLACEMENT_3D('',#18760,#15365,#15366);
#12734=AXIS2_PLACEMENT_3D('',#18766,#15370,#15371);
#12735=AXIS2_PLACEMENT_3D('',#18772,#15375,#15376);
#12736=AXIS2_PLACEMENT_3D('',#18778,#15380,#15381);
#12737=AXIS2_PLACEMENT_3D('',#18784,#15385,#15386);
#12738=AXIS2_PLACEMENT_3D('',#18787,#15389,#15390);
#12739=AXIS2_PLACEMENT_3D('',#18796,#15395,#15396);
#12740=AXIS2_PLACEMENT_3D('',#18802,#15400,#15401);
#12741=AXIS2_PLACEMENT_3D('',#18808,#15405,#15406);
#12742=AXIS2_PLACEMENT_3D('',#18814,#15410,#15411);
#12743=AXIS2_PLACEMENT_3D('',#18820,#15415,#15416);
#12744=AXIS2_PLACEMENT_3D('',#18826,#15420,#15421);
#12745=AXIS2_PLACEMENT_3D('',#18832,#15425,#15426);
#12746=AXIS2_PLACEMENT_3D('',#18838,#15430,#15431);
#12747=AXIS2_PLACEMENT_3D('',#18844,#15435,#15436);
#12748=AXIS2_PLACEMENT_3D('',#18850,#15440,#15441);
#12749=AXIS2_PLACEMENT_3D('',#18856,#15445,#15446);
#12750=AXIS2_PLACEMENT_3D('',#18862,#15450,#15451);
#12751=AXIS2_PLACEMENT_3D('',#18868,#15455,#15456);
#12752=AXIS2_PLACEMENT_3D('',#18874,#15460,#15461);
#12753=AXIS2_PLACEMENT_3D('',#18880,#15465,#15466);
#12754=AXIS2_PLACEMENT_3D('',#18886,#15470,#15471);
#12755=AXIS2_PLACEMENT_3D('',#18892,#15475,#15476);
#12756=AXIS2_PLACEMENT_3D('',#18898,#15480,#15481);
#12757=AXIS2_PLACEMENT_3D('',#18904,#15485,#15486);
#12758=AXIS2_PLACEMENT_3D('',#18907,#15489,#15490);
#12759=AXIS2_PLACEMENT_3D('',#18916,#15495,#15496);
#12760=AXIS2_PLACEMENT_3D('',#18922,#15500,#15501);
#12761=AXIS2_PLACEMENT_3D('',#18928,#15505,#15506);
#12762=AXIS2_PLACEMENT_3D('',#18934,#15510,#15511);
#12763=AXIS2_PLACEMENT_3D('',#18940,#15515,#15516);
#12764=AXIS2_PLACEMENT_3D('',#18946,#15520,#15521);
#12765=AXIS2_PLACEMENT_3D('',#18952,#15525,#15526);
#12766=AXIS2_PLACEMENT_3D('',#18958,#15530,#15531);
#12767=AXIS2_PLACEMENT_3D('',#18964,#15535,#15536);
#12768=AXIS2_PLACEMENT_3D('',#18970,#15540,#15541);
#12769=AXIS2_PLACEMENT_3D('',#18976,#15545,#15546);
#12770=AXIS2_PLACEMENT_3D('',#18982,#15550,#15551);
#12771=AXIS2_PLACEMENT_3D('',#18988,#15555,#15556);
#12772=AXIS2_PLACEMENT_3D('',#18994,#15560,#15561);
#12773=AXIS2_PLACEMENT_3D('',#19000,#15565,#15566);
#12774=AXIS2_PLACEMENT_3D('',#19006,#15570,#15571);
#12775=AXIS2_PLACEMENT_3D('',#19012,#15575,#15576);
#12776=AXIS2_PLACEMENT_3D('',#19018,#15580,#15581);
#12777=AXIS2_PLACEMENT_3D('',#19024,#15585,#15586);
#12778=AXIS2_PLACEMENT_3D('',#19027,#15589,#15590);
#12779=AXIS2_PLACEMENT_3D('',#19036,#15595,#15596);
#12780=AXIS2_PLACEMENT_3D('',#19042,#15600,#15601);
#12781=AXIS2_PLACEMENT_3D('',#19048,#15605,#15606);
#12782=AXIS2_PLACEMENT_3D('',#19054,#15610,#15611);
#12783=AXIS2_PLACEMENT_3D('',#19060,#15615,#15616);
#12784=AXIS2_PLACEMENT_3D('',#19066,#15620,#15621);
#12785=AXIS2_PLACEMENT_3D('',#19072,#15625,#15626);
#12786=AXIS2_PLACEMENT_3D('',#19078,#15630,#15631);
#12787=AXIS2_PLACEMENT_3D('',#19084,#15635,#15636);
#12788=AXIS2_PLACEMENT_3D('',#19090,#15640,#15641);
#12789=AXIS2_PLACEMENT_3D('',#19096,#15645,#15646);
#12790=AXIS2_PLACEMENT_3D('',#19102,#15650,#15651);
#12791=AXIS2_PLACEMENT_3D('',#19108,#15655,#15656);
#12792=AXIS2_PLACEMENT_3D('',#19114,#15660,#15661);
#12793=AXIS2_PLACEMENT_3D('',#19120,#15665,#15666);
#12794=AXIS2_PLACEMENT_3D('',#19126,#15670,#15671);
#12795=AXIS2_PLACEMENT_3D('',#19129,#15674,#15675);
#12796=AXIS2_PLACEMENT_3D('',#19130,#15676,#15677);
#12797=DIRECTION('axis',(0.,0.,1.));
#12798=DIRECTION('refdir',(1.,0.,0.));
#12799=DIRECTION('center_axis',(0.,1.,0.));
#12800=DIRECTION('ref_axis',(-1.,0.,0.));
#12801=DIRECTION('',(1.,0.,0.));
#12802=DIRECTION('',(0.,0.,1.));
#12803=DIRECTION('',(-1.,0.,0.));
#12804=DIRECTION('',(0.,0.,1.));
#12805=DIRECTION('center_axis',(1.,0.,0.));
#12806=DIRECTION('ref_axis',(0.,1.,0.));
#12807=DIRECTION('',(0.,-1.,0.));
#12808=DIRECTION('',(0.,1.,0.));
#12809=DIRECTION('',(0.,0.,1.));
#12810=DIRECTION('center_axis',(0.,1.,0.));
#12811=DIRECTION('ref_axis',(-1.,0.,0.));
#12812=DIRECTION('',(1.,0.,0.));
#12813=DIRECTION('',(-1.,0.,0.));
#12814=DIRECTION('',(0.,0.,1.));
#12815=DIRECTION('center_axis',(-1.,0.,0.));
#12816=DIRECTION('ref_axis',(0.,-1.,0.));
#12817=DIRECTION('',(0.,-1.,0.));
#12818=DIRECTION('',(0.,-1.,0.));
#12819=DIRECTION('',(0.,0.,1.));
#12820=DIRECTION('center_axis',(0.,1.,0.));
#12821=DIRECTION('ref_axis',(-1.,0.,0.));
#12822=DIRECTION('',(1.,0.,0.));
#12823=DIRECTION('',(-1.,0.,0.));
#12824=DIRECTION('',(0.,0.,1.));
#12825=DIRECTION('center_axis',(1.,0.,0.));
#12826=DIRECTION('ref_axis',(0.,1.,0.));
#12827=DIRECTION('',(0.,-1.,0.));
#12828=DIRECTION('',(0.,1.,0.));
#12829=DIRECTION('',(0.,0.,1.));
#12830=DIRECTION('center_axis',(0.,1.,0.));
#12831=DIRECTION('ref_axis',(-1.,0.,0.));
#12832=DIRECTION('',(1.,0.,0.));
#12833=DIRECTION('',(-1.,0.,0.));
#12834=DIRECTION('',(0.,0.,1.));
#12835=DIRECTION('center_axis',(-1.,0.,0.));
#12836=DIRECTION('ref_axis',(0.,-1.,0.));
#12837=DIRECTION('',(0.,1.,0.));
#12838=DIRECTION('',(0.,-1.,0.));
#12839=DIRECTION('',(0.,0.,1.));
#12840=DIRECTION('center_axis',(1.34409567145901E-15,1.,0.));
#12841=DIRECTION('ref_axis',(-1.,1.34409567145901E-15,0.));
#12842=DIRECTION('',(1.,-1.34409567145901E-15,0.));
#12843=DIRECTION('',(-1.,1.34409567145901E-15,0.));
#12844=DIRECTION('',(0.,0.,1.));
#12845=DIRECTION('center_axis',(-1.,0.,0.));
#12846=DIRECTION('ref_axis',(0.,-1.,0.));
#12847=DIRECTION('',(0.,1.,0.));
#12848=DIRECTION('',(0.,-1.,0.));
#12849=DIRECTION('',(0.,0.,1.));
#12850=DIRECTION('center_axis',(0.,-1.,0.));
#12851=DIRECTION('ref_axis',(1.,0.,0.));
#12852=DIRECTION('',(-1.,0.,0.));
#12853=DIRECTION('',(1.,0.,0.));
#12854=DIRECTION('',(0.,0.,1.));
#12855=DIRECTION('center_axis',(-1.,0.,0.));
#12856=DIRECTION('ref_axis',(0.,-1.,0.));
#12857=DIRECTION('',(0.,1.,0.));
#12858=DIRECTION('',(0.,-1.,0.));
#12859=DIRECTION('',(0.,0.,1.));
#12860=DIRECTION('center_axis',(-0.99999185478948,-0.00403613115429105,
0.));
#12861=DIRECTION('ref_axis',(0.00403613115429105,-0.99999185478948,0.));
#12862=DIRECTION('',(0.00403613115429105,-0.99999185478948,0.));
#12863=DIRECTION('',(0.00403613115429105,-0.99999185478948,0.));
#12864=DIRECTION('',(0.,0.,1.));
#12865=DIRECTION('center_axis',(0.,-1.,0.));
#12866=DIRECTION('ref_axis',(1.,0.,0.));
#12867=DIRECTION('',(1.,0.,0.));
#12868=DIRECTION('',(1.,0.,0.));
#12869=DIRECTION('',(0.,0.,1.));
#12870=DIRECTION('center_axis',(-1.,0.,0.));
#12871=DIRECTION('ref_axis',(0.,-1.,0.));
#12872=DIRECTION('',(0.,-1.,0.));
#12873=DIRECTION('',(0.,-1.,0.));
#12874=DIRECTION('',(0.,0.,1.));
#12875=DIRECTION('center_axis',(0.,-1.,0.));
#12876=DIRECTION('ref_axis',(1.,0.,0.));
#12877=DIRECTION('',(1.,0.,0.));
#12878=DIRECTION('',(1.,0.,0.));
#12879=DIRECTION('',(0.,0.,1.));
#12880=DIRECTION('center_axis',(1.,0.,0.));
#12881=DIRECTION('ref_axis',(0.,1.,0.));
#12882=DIRECTION('',(0.,1.,0.));
#12883=DIRECTION('',(0.,1.,0.));
#12884=DIRECTION('',(0.,0.,1.));
#12885=DIRECTION('center_axis',(0.,-1.,0.));
#12886=DIRECTION('ref_axis',(1.,0.,0.));
#12887=DIRECTION('',(1.,0.,0.));
#12888=DIRECTION('',(1.,0.,0.));
#12889=DIRECTION('',(0.,0.,1.));
#12890=DIRECTION('center_axis',(1.,0.,0.));
#12891=DIRECTION('ref_axis',(0.,1.,0.));
#12892=DIRECTION('',(0.,1.,0.));
#12893=DIRECTION('',(0.,1.,0.));
#12894=DIRECTION('',(0.,0.,1.));
#12895=DIRECTION('center_axis',(0.,-1.,0.));
#12896=DIRECTION('ref_axis',(1.,0.,0.));
#12897=DIRECTION('',(-1.,0.,0.));
#12898=DIRECTION('',(1.,0.,0.));
#12899=DIRECTION('',(0.,0.,1.));
#12900=DIRECTION('center_axis',(-1.,0.,0.));
#12901=DIRECTION('ref_axis',(0.,-1.,0.));
#12902=DIRECTION('',(0.,1.,0.));
#12903=DIRECTION('',(0.,-1.,0.));
#12904=DIRECTION('',(0.,0.,1.));
#12905=DIRECTION('center_axis',(0.,-1.,0.));
#12906=DIRECTION('ref_axis',(1.,0.,0.));
#12907=DIRECTION('',(-1.,0.,0.));
#12908=DIRECTION('',(1.,0.,0.));
#12909=DIRECTION('',(0.,0.,1.));
#12910=DIRECTION('center_axis',(1.,0.,0.));
#12911=DIRECTION('ref_axis',(0.,1.,0.));
#12912=DIRECTION('',(0.,-1.,0.));
#12913=DIRECTION('',(0.,1.,0.));
#12914=DIRECTION('',(0.,0.,1.));
#12915=DIRECTION('center_axis',(0.,-1.,0.));
#12916=DIRECTION('ref_axis',(1.,0.,0.));
#12917=DIRECTION('',(-1.,0.,0.));
#12918=DIRECTION('',(1.,0.,0.));
#12919=DIRECTION('',(0.,0.,1.));
#12920=DIRECTION('center_axis',(-1.,0.,0.));
#12921=DIRECTION('ref_axis',(0.,-1.,0.));
#12922=DIRECTION('',(0.,1.,0.));
#12923=DIRECTION('',(0.,-1.,0.));
#12924=DIRECTION('',(0.,0.,1.));
#12925=DIRECTION('center_axis',(0.,-1.,0.));
#12926=DIRECTION('ref_axis',(1.,0.,0.));
#12927=DIRECTION('',(-1.,0.,0.));
#12928=DIRECTION('',(1.,0.,0.));
#12929=DIRECTION('',(0.,0.,1.));
#12930=DIRECTION('center_axis',(-1.,0.,0.));
#12931=DIRECTION('ref_axis',(0.,-1.,0.));
#12932=DIRECTION('',(0.,1.,0.));
#12933=DIRECTION('',(0.,-1.,0.));
#12934=DIRECTION('',(0.,0.,1.));
#12935=DIRECTION('center_axis',(0.,-1.,0.));
#12936=DIRECTION('ref_axis',(1.,0.,0.));
#12937=DIRECTION('',(-1.,0.,0.));
#12938=DIRECTION('',(1.,0.,0.));
#12939=DIRECTION('',(0.,0.,1.));
#12940=DIRECTION('center_axis',(1.,0.,0.));
#12941=DIRECTION('ref_axis',(0.,1.,0.));
#12942=DIRECTION('',(0.,-1.,0.));
#12943=DIRECTION('',(0.,1.,0.));
#12944=DIRECTION('',(0.,0.,1.));
#12945=DIRECTION('center_axis',(0.,-1.,0.));
#12946=DIRECTION('ref_axis',(1.,0.,0.));
#12947=DIRECTION('',(-1.,0.,0.));
#12948=DIRECTION('',(1.,0.,0.));
#12949=DIRECTION('',(0.,0.,1.));
#12950=DIRECTION('center_axis',(0.99999905840349,-0.00137229447794225,0.));
#12951=DIRECTION('ref_axis',(0.00137229447794225,0.99999905840349,0.));
#12952=DIRECTION('',(-0.00137229447794225,-0.99999905840349,0.));
#12953=DIRECTION('',(0.00137229447794225,0.99999905840349,0.));
#12954=DIRECTION('',(0.,0.,1.));
#12955=DIRECTION('center_axis',(1.,0.,0.));
#12956=DIRECTION('ref_axis',(0.,1.,0.));
#12957=DIRECTION('',(0.,-1.,0.));
#12958=DIRECTION('',(0.,1.,0.));
#12959=DIRECTION('',(0.,0.,1.));
#12960=DIRECTION('center_axis',(0.,-1.,0.));
#12961=DIRECTION('ref_axis',(1.,0.,0.));
#12962=DIRECTION('',(-1.,0.,0.));
#12963=DIRECTION('',(1.,0.,0.));
#12964=DIRECTION('',(0.,0.,1.));
#12965=DIRECTION('center_axis',(1.,0.,0.));
#12966=DIRECTION('ref_axis',(0.,1.,0.));
#12967=DIRECTION('',(0.,-1.,0.));
#12968=DIRECTION('',(0.,1.,0.));
#12969=DIRECTION('',(0.,0.,1.));
#12970=DIRECTION('center_axis',(0.,1.,0.));
#12971=DIRECTION('ref_axis',(-1.,0.,0.));
#12972=DIRECTION('',(-1.,0.,0.));
#12973=DIRECTION('',(-1.,0.,0.));
#12974=DIRECTION('',(0.,0.,1.));
#12975=DIRECTION('center_axis',(1.,0.,0.));
#12976=DIRECTION('ref_axis',(0.,1.,0.));
#12977=DIRECTION('',(0.,-1.,0.));
#12978=DIRECTION('',(0.,1.,0.));
#12979=DIRECTION('',(0.,0.,1.));
#12980=DIRECTION('center_axis',(0.,1.,0.));
#12981=DIRECTION('ref_axis',(-1.,0.,0.));
#12982=DIRECTION('',(-1.,0.,0.));
#12983=DIRECTION('',(-1.,0.,0.));
#12984=DIRECTION('',(0.,0.,1.));
#12985=DIRECTION('center_axis',(-1.,0.,0.));
#12986=DIRECTION('ref_axis',(0.,-1.,0.));
#12987=DIRECTION('',(0.,-1.,0.));
#12988=DIRECTION('',(0.,-1.,0.));
#12989=DIRECTION('center_axis',(1.,0.,0.));
#12990=DIRECTION('ref_axis',(0.,1.,0.));
#12991=DIRECTION('',(0.,-1.,0.));
#12992=DIRECTION('',(0.,0.,1.));
#12993=DIRECTION('',(0.,1.,0.));
#12994=DIRECTION('',(0.,0.,1.));
#12995=DIRECTION('center_axis',(0.,1.,0.));
#12996=DIRECTION('ref_axis',(-1.,0.,0.));
#12997=DIRECTION('',(1.,0.,0.));
#12998=DIRECTION('',(-1.,0.,0.));
#12999=DIRECTION('',(0.,0.,1.));
#13000=DIRECTION('center_axis',(1.,0.,0.));
#13001=DIRECTION('ref_axis',(0.,1.,0.));
#13002=DIRECTION('',(0.,-1.,0.));
#13003=DIRECTION('',(0.,1.,0.));
#13004=DIRECTION('',(0.,0.,1.));
#13005=DIRECTION('center_axis',(0.,-1.,0.));
#13006=DIRECTION('ref_axis',(1.,0.,0.));
#13007=DIRECTION('',(-1.,0.,0.));
#13008=DIRECTION('',(1.,0.,0.));
#13009=DIRECTION('',(0.,0.,1.));
#13010=DIRECTION('center_axis',(1.,0.,0.));
#13011=DIRECTION('ref_axis',(0.,1.,0.));
#13012=DIRECTION('',(0.,-1.,0.));
#13013=DIRECTION('',(0.,1.,0.));
#13014=DIRECTION('',(0.,0.,1.));
#13015=DIRECTION('center_axis',(0.,1.,0.));
#13016=DIRECTION('ref_axis',(-1.,0.,0.));
#13017=DIRECTION('',(1.,0.,0.));
#13018=DIRECTION('',(-1.,0.,0.));
#13019=DIRECTION('',(0.,0.,1.));
#13020=DIRECTION('center_axis',(1.,0.,0.));
#13021=DIRECTION('ref_axis',(0.,1.,0.));
#13022=DIRECTION('',(0.,-1.,0.));
#13023=DIRECTION('',(0.,1.,0.));
#13024=DIRECTION('',(0.,0.,1.));
#13025=DIRECTION('center_axis',(0.,1.,0.));
#13026=DIRECTION('ref_axis',(-1.,0.,0.));
#13027=DIRECTION('',(1.,0.,0.));
#13028=DIRECTION('',(-1.,0.,0.));
#13029=DIRECTION('',(0.,0.,1.));
#13030=DIRECTION('center_axis',(-1.,0.,0.));
#13031=DIRECTION('ref_axis',(0.,-1.,0.));
#13032=DIRECTION('',(0.,1.,0.));
#13033=DIRECTION('',(0.,-1.,0.));
#13034=DIRECTION('',(0.,0.,1.));
#13035=DIRECTION('center_axis',(0.,1.,0.));
#13036=DIRECTION('ref_axis',(-1.,0.,0.));
#13037=DIRECTION('',(1.,0.,0.));
#13038=DIRECTION('',(-1.,0.,0.));
#13039=DIRECTION('',(0.,0.,1.));
#13040=DIRECTION('center_axis',(-1.,0.,0.));
#13041=DIRECTION('ref_axis',(0.,-1.,0.));
#13042=DIRECTION('',(0.,1.,0.));
#13043=DIRECTION('',(0.,-1.,0.));
#13044=DIRECTION('',(0.,0.,1.));
#13045=DIRECTION('center_axis',(0.,-1.,0.));
#13046=DIRECTION('ref_axis',(1.,0.,0.));
#13047=DIRECTION('',(-1.,0.,0.));
#13048=DIRECTION('',(1.,0.,0.));
#13049=DIRECTION('',(0.,0.,1.));
#13050=DIRECTION('center_axis',(-1.,0.,0.));
#13051=DIRECTION('ref_axis',(0.,-1.,0.));
#13052=DIRECTION('',(0.,1.,0.));
#13053=DIRECTION('',(0.,-1.,0.));
#13054=DIRECTION('',(0.,0.,1.));
#13055=DIRECTION('center_axis',(0.,1.,0.));
#13056=DIRECTION('ref_axis',(-1.,0.,0.));
#13057=DIRECTION('',(1.,0.,0.));
#13058=DIRECTION('',(-1.,0.,0.));
#13059=DIRECTION('',(0.,0.,1.));
#13060=DIRECTION('center_axis',(-1.,0.,0.));
#13061=DIRECTION('ref_axis',(0.,-1.,0.));
#13062=DIRECTION('',(0.,1.,0.));
#13063=DIRECTION('',(0.,-1.,0.));
#13064=DIRECTION('',(0.,0.,1.));
#13065=DIRECTION('center_axis',(0.,-1.,0.));
#13066=DIRECTION('ref_axis',(1.,0.,0.));
#13067=DIRECTION('',(-1.,0.,0.));
#13068=DIRECTION('',(1.,0.,0.));
#13069=DIRECTION('',(0.,0.,1.));
#13070=DIRECTION('center_axis',(-1.,0.,0.));
#13071=DIRECTION('ref_axis',(0.,-1.,0.));
#13072=DIRECTION('',(0.,1.,0.));
#13073=DIRECTION('',(0.,-1.,0.));
#13074=DIRECTION('',(0.,0.,1.));
#13075=DIRECTION('center_axis',(0.,-1.,0.));
#13076=DIRECTION('ref_axis',(1.,0.,0.));
#13077=DIRECTION('',(-1.,0.,0.));
#13078=DIRECTION('',(1.,0.,0.));
#13079=DIRECTION('',(0.,0.,1.));
#13080=DIRECTION('center_axis',(1.,0.,0.));
#13081=DIRECTION('ref_axis',(0.,1.,0.));
#13082=DIRECTION('',(0.,-1.,0.));
#13083=DIRECTION('',(0.,1.,0.));
#13084=DIRECTION('',(0.,0.,1.));
#13085=DIRECTION('center_axis',(0.,-1.,0.));
#13086=DIRECTION('ref_axis',(1.,0.,0.));
#13087=DIRECTION('',(-1.,0.,0.));
#13088=DIRECTION('',(1.,0.,0.));
#13089=DIRECTION('center_axis',(1.,0.,0.));
#13090=DIRECTION('ref_axis',(0.,1.,0.));
#13091=DIRECTION('',(0.,-1.,0.));
#13092=DIRECTION('',(0.,0.,1.));
#13093=DIRECTION('',(0.,1.,0.));
#13094=DIRECTION('',(0.,0.,1.));
#13095=DIRECTION('center_axis',(0.,1.,0.));
#13096=DIRECTION('ref_axis',(-1.,0.,0.));
#13097=DIRECTION('',(1.,0.,0.));
#13098=DIRECTION('',(-1.,0.,0.));
#13099=DIRECTION('',(0.,0.,1.));
#13100=DIRECTION('center_axis',(-1.,0.,0.));
#13101=DIRECTION('ref_axis',(0.,-1.,0.));
#13102=DIRECTION('',(0.,1.,0.));
#13103=DIRECTION('',(0.,-1.,0.));
#13104=DIRECTION('',(0.,0.,1.));
#13105=DIRECTION('center_axis',(0.,1.,0.));
#13106=DIRECTION('ref_axis',(-1.,0.,0.));
#13107=DIRECTION('',(1.,0.,0.));
#13108=DIRECTION('',(-1.,0.,0.));
#13109=DIRECTION('',(0.,0.,1.));
#13110=DIRECTION('center_axis',(-1.,0.,0.));
#13111=DIRECTION('ref_axis',(0.,-1.,0.));
#13112=DIRECTION('',(0.,1.,0.));
#13113=DIRECTION('',(0.,-1.,0.));
#13114=DIRECTION('',(0.,0.,1.));
#13115=DIRECTION('center_axis',(0.,-1.,0.));
#13116=DIRECTION('ref_axis',(1.,0.,0.));
#13117=DIRECTION('',(-1.,0.,0.));
#13118=DIRECTION('',(1.,0.,0.));
#13119=DIRECTION('',(0.,0.,1.));
#13120=DIRECTION('center_axis',(-1.,0.,0.));
#13121=DIRECTION('ref_axis',(0.,-1.,0.));
#13122=DIRECTION('',(0.,1.,0.));
#13123=DIRECTION('',(0.,-1.,0.));
#13124=DIRECTION('',(0.,0.,1.));
#13125=DIRECTION('center_axis',(0.,1.,0.));
#13126=DIRECTION('ref_axis',(-1.,0.,0.));
#13127=DIRECTION('',(1.,0.,0.));
#13128=DIRECTION('',(-1.,0.,0.));
#13129=DIRECTION('',(0.,0.,1.));
#13130=DIRECTION('center_axis',(-1.,0.,0.));
#13131=DIRECTION('ref_axis',(0.,-1.,0.));
#13132=DIRECTION('',(0.,1.,0.));
#13133=DIRECTION('',(0.,-1.,0.));
#13134=DIRECTION('',(0.,0.,1.));
#13135=DIRECTION('center_axis',(0.,-1.,0.));
#13136=DIRECTION('ref_axis',(1.,0.,0.));
#13137=DIRECTION('',(-1.,0.,0.));
#13138=DIRECTION('',(1.,0.,0.));
#13139=DIRECTION('',(0.,0.,1.));
#13140=DIRECTION('center_axis',(-1.,0.,0.));
#13141=DIRECTION('ref_axis',(0.,-1.,0.));
#13142=DIRECTION('',(0.,1.,0.));
#13143=DIRECTION('',(0.,-1.,0.));
#13144=DIRECTION('',(0.,0.,1.));
#13145=DIRECTION('center_axis',(0.,-1.,0.));
#13146=DIRECTION('ref_axis',(1.,0.,0.));
#13147=DIRECTION('',(-1.,0.,0.));
#13148=DIRECTION('',(1.,0.,0.));
#13149=DIRECTION('',(0.,0.,1.));
#13150=DIRECTION('center_axis',(1.,0.,0.));
#13151=DIRECTION('ref_axis',(0.,1.,0.));
#13152=DIRECTION('',(0.,-1.,0.));
#13153=DIRECTION('',(0.,1.,0.));
#13154=DIRECTION('',(0.,0.,1.));
#13155=DIRECTION('center_axis',(0.,-1.,0.));
#13156=DIRECTION('ref_axis',(1.,0.,0.));
#13157=DIRECTION('',(-1.,0.,0.));
#13158=DIRECTION('',(1.,0.,0.));
#13159=DIRECTION('',(0.,0.,1.));
#13160=DIRECTION('center_axis',(1.,0.,0.));
#13161=DIRECTION('ref_axis',(0.,1.,0.));
#13162=DIRECTION('',(0.,-1.,0.));
#13163=DIRECTION('',(0.,1.,0.));
#13164=DIRECTION('',(0.,0.,1.));
#13165=DIRECTION('center_axis',(0.,1.,0.));
#13166=DIRECTION('ref_axis',(-1.,0.,0.));
#13167=DIRECTION('',(1.,0.,0.));
#13168=DIRECTION('',(-1.,0.,0.));
#13169=DIRECTION('',(0.,0.,1.));
#13170=DIRECTION('center_axis',(1.,0.,0.));
#13171=DIRECTION('ref_axis',(0.,1.,0.));
#13172=DIRECTION('',(0.,-1.,0.));
#13173=DIRECTION('',(0.,1.,0.));
#13174=DIRECTION('',(0.,0.,1.));
#13175=DIRECTION('center_axis',(0.,-1.,0.));
#13176=DIRECTION('ref_axis',(1.,0.,0.));
#13177=DIRECTION('',(-1.,0.,0.));
#13178=DIRECTION('',(1.,0.,0.));
#13179=DIRECTION('',(0.,0.,1.));
#13180=DIRECTION('center_axis',(1.,0.,0.));
#13181=DIRECTION('ref_axis',(0.,1.,0.));
#13182=DIRECTION('',(0.,-1.,0.));
#13183=DIRECTION('',(0.,1.,0.));
#13184=DIRECTION('',(0.,0.,1.));
#13185=DIRECTION('center_axis',(0.,1.,0.));
#13186=DIRECTION('ref_axis',(-1.,0.,0.));
#13187=DIRECTION('',(1.,0.,0.));
#13188=DIRECTION('',(-1.,0.,0.));
#13189=DIRECTION('center_axis',(1.,0.,0.));
#13190=DIRECTION('ref_axis',(0.,1.,0.));
#13191=DIRECTION('',(0.,-1.,0.));
#13192=DIRECTION('',(0.,0.,1.));
#13193=DIRECTION('',(0.,1.,0.));
#13194=DIRECTION('',(0.,0.,1.));
#13195=DIRECTION('center_axis',(0.,1.,0.));
#13196=DIRECTION('ref_axis',(-1.,0.,0.));
#13197=DIRECTION('',(1.,0.,0.));
#13198=DIRECTION('',(-1.,0.,0.));
#13199=DIRECTION('',(0.,0.,1.));
#13200=DIRECTION('center_axis',(-1.,0.,0.));
#13201=DIRECTION('ref_axis',(0.,-1.,0.));
#13202=DIRECTION('',(0.,1.,0.));
#13203=DIRECTION('',(0.,-1.,0.));
#13204=DIRECTION('',(0.,0.,1.));
#13205=DIRECTION('center_axis',(0.,1.,0.));
#13206=DIRECTION('ref_axis',(-1.,0.,0.));
#13207=DIRECTION('',(1.,0.,0.));
#13208=DIRECTION('',(-1.,0.,0.));
#13209=DIRECTION('',(0.,0.,1.));
#13210=DIRECTION('center_axis',(-1.,0.,0.));
#13211=DIRECTION('ref_axis',(0.,-1.,0.));
#13212=DIRECTION('',(0.,1.,0.));
#13213=DIRECTION('',(0.,-1.,0.));
#13214=DIRECTION('',(0.,0.,1.));
#13215=DIRECTION('center_axis',(0.,-1.,0.));
#13216=DIRECTION('ref_axis',(1.,0.,0.));
#13217=DIRECTION('',(-1.,0.,0.));
#13218=DIRECTION('',(1.,0.,0.));
#13219=DIRECTION('',(0.,0.,1.));
#13220=DIRECTION('center_axis',(-1.,0.,0.));
#13221=DIRECTION('ref_axis',(0.,-1.,0.));
#13222=DIRECTION('',(0.,1.,0.));
#13223=DIRECTION('',(0.,-1.,0.));
#13224=DIRECTION('',(0.,0.,1.));
#13225=DIRECTION('center_axis',(0.,1.,0.));
#13226=DIRECTION('ref_axis',(-1.,0.,0.));
#13227=DIRECTION('',(1.,0.,0.));
#13228=DIRECTION('',(-1.,0.,0.));
#13229=DIRECTION('',(0.,0.,1.));
#13230=DIRECTION('center_axis',(-1.,0.,0.));
#13231=DIRECTION('ref_axis',(0.,-1.,0.));
#13232=DIRECTION('',(0.,1.,0.));
#13233=DIRECTION('',(0.,-1.,0.));
#13234=DIRECTION('',(0.,0.,1.));
#13235=DIRECTION('center_axis',(0.,-1.,0.));
#13236=DIRECTION('ref_axis',(1.,0.,0.));
#13237=DIRECTION('',(-1.,0.,0.));
#13238=DIRECTION('',(1.,0.,0.));
#13239=DIRECTION('',(0.,0.,1.));
#13240=DIRECTION('center_axis',(-1.,0.,0.));
#13241=DIRECTION('ref_axis',(0.,-1.,0.));
#13242=DIRECTION('',(0.,1.,0.));
#13243=DIRECTION('',(0.,-1.,0.));
#13244=DIRECTION('',(0.,0.,1.));
#13245=DIRECTION('center_axis',(0.,-1.,0.));
#13246=DIRECTION('ref_axis',(1.,0.,0.));
#13247=DIRECTION('',(-1.,0.,0.));
#13248=DIRECTION('',(1.,0.,0.));
#13249=DIRECTION('',(0.,0.,1.));
#13250=DIRECTION('center_axis',(1.,0.,0.));
#13251=DIRECTION('ref_axis',(0.,1.,0.));
#13252=DIRECTION('',(0.,-1.,0.));
#13253=DIRECTION('',(0.,1.,0.));
#13254=DIRECTION('',(0.,0.,1.));
#13255=DIRECTION('center_axis',(0.,-1.,0.));
#13256=DIRECTION('ref_axis',(1.,0.,0.));
#13257=DIRECTION('',(-1.,0.,0.));
#13258=DIRECTION('',(1.,0.,0.));
#13259=DIRECTION('',(0.,0.,1.));
#13260=DIRECTION('center_axis',(1.,0.,0.));
#13261=DIRECTION('ref_axis',(0.,1.,0.));
#13262=DIRECTION('',(0.,-1.,0.));
#13263=DIRECTION('',(0.,1.,0.));
#13264=DIRECTION('',(0.,0.,1.));
#13265=DIRECTION('center_axis',(0.,1.,0.));
#13266=DIRECTION('ref_axis',(-1.,0.,0.));
#13267=DIRECTION('',(1.,0.,0.));
#13268=DIRECTION('',(-1.,0.,0.));
#13269=DIRECTION('',(0.,0.,1.));
#13270=DIRECTION('center_axis',(1.,0.,0.));
#13271=DIRECTION('ref_axis',(0.,1.,0.));
#13272=DIRECTION('',(0.,-1.,0.));
#13273=DIRECTION('',(0.,1.,0.));
#13274=DIRECTION('',(0.,0.,1.));
#13275=DIRECTION('center_axis',(0.,-1.,0.));
#13276=DIRECTION('ref_axis',(1.,0.,0.));
#13277=DIRECTION('',(-1.,0.,0.));
#13278=DIRECTION('',(1.,0.,0.));
#13279=DIRECTION('',(0.,0.,1.));
#13280=DIRECTION('center_axis',(1.,0.,0.));
#13281=DIRECTION('ref_axis',(0.,1.,0.));
#13282=DIRECTION('',(0.,-1.,0.));
#13283=DIRECTION('',(0.,1.,0.));
#13284=DIRECTION('',(0.,0.,1.));
#13285=DIRECTION('center_axis',(0.,1.,0.));
#13286=DIRECTION('ref_axis',(-1.,0.,0.));
#13287=DIRECTION('',(1.,0.,0.));
#13288=DIRECTION('',(-1.,0.,0.));
#13289=DIRECTION('center_axis',(1.,0.,0.));
#13290=DIRECTION('ref_axis',(0.,1.,0.));
#13291=DIRECTION('',(0.,-1.,0.));
#13292=DIRECTION('',(0.,0.,1.));
#13293=DIRECTION('',(0.,1.,0.));
#13294=DIRECTION('',(0.,0.,1.));
#13295=DIRECTION('center_axis',(0.,-1.,0.));
#13296=DIRECTION('ref_axis',(1.,0.,0.));
#13297=DIRECTION('',(-1.,0.,0.));
#13298=DIRECTION('',(1.,0.,0.));
#13299=DIRECTION('',(0.,0.,1.));
#13300=DIRECTION('center_axis',(1.,0.,0.));
#13301=DIRECTION('ref_axis',(0.,1.,0.));
#13302=DIRECTION('',(0.,-1.,0.));
#13303=DIRECTION('',(0.,1.,0.));
#13304=DIRECTION('',(0.,0.,1.));
#13305=DIRECTION('center_axis',(0.,1.,0.));
#13306=DIRECTION('ref_axis',(-1.,0.,0.));
#13307=DIRECTION('',(1.,0.,0.));
#13308=DIRECTION('',(-1.,0.,0.));
#13309=DIRECTION('',(0.,0.,1.));
#13310=DIRECTION('center_axis',(1.,0.,0.));
#13311=DIRECTION('ref_axis',(0.,1.,0.));
#13312=DIRECTION('',(0.,-1.,0.));
#13313=DIRECTION('',(0.,1.,0.));
#13314=DIRECTION('',(0.,0.,1.));
#13315=DIRECTION('center_axis',(0.,-1.,0.));
#13316=DIRECTION('ref_axis',(1.,0.,0.));
#13317=DIRECTION('',(-1.,0.,0.));
#13318=DIRECTION('',(1.,0.,0.));
#13319=DIRECTION('',(0.,0.,1.));
#13320=DIRECTION('center_axis',(1.,0.,0.));
#13321=DIRECTION('ref_axis',(0.,1.,0.));
#13322=DIRECTION('',(0.,-1.,0.));
#13323=DIRECTION('',(0.,1.,0.));
#13324=DIRECTION('',(0.,0.,1.));
#13325=DIRECTION('center_axis',(0.,1.,0.));
#13326=DIRECTION('ref_axis',(-1.,0.,0.));
#13327=DIRECTION('',(1.,0.,0.));
#13328=DIRECTION('',(-1.,0.,0.));
#13329=DIRECTION('',(0.,0.,1.));
#13330=DIRECTION('center_axis',(1.,0.,0.));
#13331=DIRECTION('ref_axis',(0.,1.,0.));
#13332=DIRECTION('',(0.,-1.,0.));
#13333=DIRECTION('',(0.,1.,0.));
#13334=DIRECTION('',(0.,0.,1.));
#13335=DIRECTION('center_axis',(0.,1.,0.));
#13336=DIRECTION('ref_axis',(-1.,0.,0.));
#13337=DIRECTION('',(1.,0.,0.));
#13338=DIRECTION('',(-1.,0.,0.));
#13339=DIRECTION('',(0.,0.,1.));
#13340=DIRECTION('center_axis',(-1.,0.,0.));
#13341=DIRECTION('ref_axis',(0.,-1.,0.));
#13342=DIRECTION('',(0.,1.,0.));
#13343=DIRECTION('',(0.,-1.,0.));
#13344=DIRECTION('',(0.,0.,1.));
#13345=DIRECTION('center_axis',(0.,1.,0.));
#13346=DIRECTION('ref_axis',(-1.,0.,0.));
#13347=DIRECTION('',(1.,0.,0.));
#13348=DIRECTION('',(-1.,0.,0.));
#13349=DIRECTION('',(0.,0.,1.));
#13350=DIRECTION('center_axis',(-1.,0.,0.));
#13351=DIRECTION('ref_axis',(0.,-1.,0.));
#13352=DIRECTION('',(0.,1.,0.));
#13353=DIRECTION('',(0.,-1.,0.));
#13354=DIRECTION('',(0.,0.,1.));
#13355=DIRECTION('center_axis',(0.,-1.,0.));
#13356=DIRECTION('ref_axis',(1.,0.,0.));
#13357=DIRECTION('',(-1.,0.,0.));
#13358=DIRECTION('',(1.,0.,0.));
#13359=DIRECTION('',(0.,0.,1.));
#13360=DIRECTION('center_axis',(-1.,0.,0.));
#13361=DIRECTION('ref_axis',(0.,-1.,0.));
#13362=DIRECTION('',(0.,1.,0.));
#13363=DIRECTION('',(0.,-1.,0.));
#13364=DIRECTION('',(0.,0.,1.));
#13365=DIRECTION('center_axis',(0.,1.,0.));
#13366=DIRECTION('ref_axis',(-1.,0.,0.));
#13367=DIRECTION('',(1.,0.,0.));
#13368=DIRECTION('',(-1.,0.,0.));
#13369=DIRECTION('',(0.,0.,1.));
#13370=DIRECTION('center_axis',(-1.,0.,0.));
#13371=DIRECTION('ref_axis',(0.,-1.,0.));
#13372=DIRECTION('',(0.,1.,0.));
#13373=DIRECTION('',(0.,-1.,0.));
#13374=DIRECTION('',(0.,0.,1.));
#13375=DIRECTION('center_axis',(0.,-1.,0.));
#13376=DIRECTION('ref_axis',(1.,0.,0.));
#13377=DIRECTION('',(-1.,0.,0.));
#13378=DIRECTION('',(1.,0.,0.));
#13379=DIRECTION('',(0.,0.,1.));
#13380=DIRECTION('center_axis',(-1.,0.,0.));
#13381=DIRECTION('ref_axis',(0.,-1.,0.));
#13382=DIRECTION('',(0.,1.,0.));
#13383=DIRECTION('',(0.,-1.,0.));
#13384=DIRECTION('',(0.,0.,1.));
#13385=DIRECTION('center_axis',(0.,-1.,0.));
#13386=DIRECTION('ref_axis',(1.,0.,0.));
#13387=DIRECTION('',(-1.,0.,0.));
#13388=DIRECTION('',(1.,0.,0.));
#13389=DIRECTION('center_axis',(0.,-1.,0.));
#13390=DIRECTION('ref_axis',(1.,0.,0.));
#13391=DIRECTION('',(-1.,0.,0.));
#13392=DIRECTION('',(0.,0.,1.));
#13393=DIRECTION('',(1.,0.,0.));
#13394=DIRECTION('',(0.,0.,1.));
#13395=DIRECTION('center_axis',(-1.,0.,0.));
#13396=DIRECTION('ref_axis',(0.,-1.,0.));
#13397=DIRECTION('',(0.,1.,0.));
#13398=DIRECTION('',(0.,-1.,0.));
#13399=DIRECTION('',(0.,0.,1.));
#13400=DIRECTION('center_axis',(0.,-1.,0.));
#13401=DIRECTION('ref_axis',(1.,0.,0.));
#13402=DIRECTION('',(-1.,0.,0.));
#13403=DIRECTION('',(1.,0.,0.));
#13404=DIRECTION('',(0.,0.,1.));
#13405=DIRECTION('center_axis',(1.,0.,0.));
#13406=DIRECTION('ref_axis',(0.,1.,0.));
#13407=DIRECTION('',(0.,-1.,0.));
#13408=DIRECTION('',(0.,1.,0.));
#13409=DIRECTION('',(0.,0.,1.));
#13410=DIRECTION('center_axis',(0.,-1.,0.));
#13411=DIRECTION('ref_axis',(1.,0.,0.));
#13412=DIRECTION('',(-1.,0.,0.));
#13413=DIRECTION('',(1.,0.,0.));
#13414=DIRECTION('',(0.,0.,1.));
#13415=DIRECTION('center_axis',(1.,0.,0.));
#13416=DIRECTION('ref_axis',(0.,1.,0.));
#13417=DIRECTION('',(0.,-1.,0.));
#13418=DIRECTION('',(0.,1.,0.));
#13419=DIRECTION('',(0.,0.,1.));
#13420=DIRECTION('center_axis',(0.,1.,0.));
#13421=DIRECTION('ref_axis',(-1.,0.,0.));
#13422=DIRECTION('',(1.,0.,0.));
#13423=DIRECTION('',(-1.,0.,0.));
#13424=DIRECTION('',(0.,0.,1.));
#13425=DIRECTION('center_axis',(1.,0.,0.));
#13426=DIRECTION('ref_axis',(0.,1.,0.));
#13427=DIRECTION('',(0.,-1.,0.));
#13428=DIRECTION('',(0.,1.,0.));
#13429=DIRECTION('',(0.,0.,1.));
#13430=DIRECTION('center_axis',(0.,-1.,0.));
#13431=DIRECTION('ref_axis',(1.,0.,0.));
#13432=DIRECTION('',(-1.,0.,0.));
#13433=DIRECTION('',(1.,0.,0.));
#13434=DIRECTION('',(0.,0.,1.));
#13435=DIRECTION('center_axis',(1.,0.,0.));
#13436=DIRECTION('ref_axis',(0.,1.,0.));
#13437=DIRECTION('',(0.,-1.,0.));
#13438=DIRECTION('',(0.,1.,0.));
#13439=DIRECTION('',(0.,0.,1.));
#13440=DIRECTION('center_axis',(0.,1.,0.));
#13441=DIRECTION('ref_axis',(-1.,0.,0.));
#13442=DIRECTION('',(1.,0.,0.));
#13443=DIRECTION('',(-1.,0.,0.));
#13444=DIRECTION('',(0.,0.,1.));
#13445=DIRECTION('center_axis',(1.,0.,0.));
#13446=DIRECTION('ref_axis',(0.,1.,0.));
#13447=DIRECTION('',(0.,-1.,0.));
#13448=DIRECTION('',(0.,1.,0.));
#13449=DIRECTION('',(0.,0.,1.));
#13450=DIRECTION('center_axis',(0.,1.,0.));
#13451=DIRECTION('ref_axis',(-1.,0.,0.));
#13452=DIRECTION('',(1.,0.,0.));
#13453=DIRECTION('',(-1.,0.,0.));
#13454=DIRECTION('',(0.,0.,1.));
#13455=DIRECTION('center_axis',(-1.,0.,0.));
#13456=DIRECTION('ref_axis',(0.,-1.,0.));
#13457=DIRECTION('',(0.,1.,0.));
#13458=DIRECTION('',(0.,-1.,0.));
#13459=DIRECTION('',(0.,0.,1.));
#13460=DIRECTION('center_axis',(0.,1.,0.));
#13461=DIRECTION('ref_axis',(-1.,0.,0.));
#13462=DIRECTION('',(1.,0.,0.));
#13463=DIRECTION('',(-1.,0.,0.));
#13464=DIRECTION('',(0.,0.,1.));
#13465=DIRECTION('center_axis',(-1.,0.,0.));
#13466=DIRECTION('ref_axis',(0.,-1.,0.));
#13467=DIRECTION('',(0.,1.,0.));
#13468=DIRECTION('',(0.,-1.,0.));
#13469=DIRECTION('',(0.,0.,1.));
#13470=DIRECTION('center_axis',(0.,-1.,0.));
#13471=DIRECTION('ref_axis',(1.,0.,0.));
#13472=DIRECTION('',(-1.,0.,0.));
#13473=DIRECTION('',(1.,0.,0.));
#13474=DIRECTION('',(0.,0.,1.));
#13475=DIRECTION('center_axis',(-1.,0.,0.));
#13476=DIRECTION('ref_axis',(0.,-1.,0.));
#13477=DIRECTION('',(0.,1.,0.));
#13478=DIRECTION('',(0.,-1.,0.));
#13479=DIRECTION('',(0.,0.,1.));
#13480=DIRECTION('center_axis',(0.,1.,0.));
#13481=DIRECTION('ref_axis',(-1.,0.,0.));
#13482=DIRECTION('',(1.,0.,0.));
#13483=DIRECTION('',(-1.,0.,0.));
#13484=DIRECTION('',(0.,0.,1.));
#13485=DIRECTION('center_axis',(-1.,0.,0.));
#13486=DIRECTION('ref_axis',(0.,-1.,0.));
#13487=DIRECTION('',(0.,1.,0.));
#13488=DIRECTION('',(0.,-1.,0.));
#13489=DIRECTION('center_axis',(-1.,0.,0.));
#13490=DIRECTION('ref_axis',(0.,-1.,0.));
#13491=DIRECTION('',(0.,1.,0.));
#13492=DIRECTION('',(0.,0.,1.));
#13493=DIRECTION('',(0.,-1.,0.));
#13494=DIRECTION('',(0.,0.,1.));
#13495=DIRECTION('center_axis',(0.,-1.,0.));
#13496=DIRECTION('ref_axis',(1.,0.,0.));
#13497=DIRECTION('',(-1.,0.,0.));
#13498=DIRECTION('',(1.,0.,0.));
#13499=DIRECTION('',(0.,0.,1.));
#13500=DIRECTION('center_axis',(1.,0.,0.));
#13501=DIRECTION('ref_axis',(0.,1.,0.));
#13502=DIRECTION('',(0.,-1.,0.));
#13503=DIRECTION('',(0.,1.,0.));
#13504=DIRECTION('',(0.,0.,1.));
#13505=DIRECTION('center_axis',(0.,-1.,0.));
#13506=DIRECTION('ref_axis',(1.,0.,0.));
#13507=DIRECTION('',(-1.,0.,0.));
#13508=DIRECTION('',(1.,0.,0.));
#13509=DIRECTION('',(0.,0.,1.));
#13510=DIRECTION('center_axis',(1.,0.,0.));
#13511=DIRECTION('ref_axis',(0.,1.,0.));
#13512=DIRECTION('',(0.,-1.,0.));
#13513=DIRECTION('',(0.,1.,0.));
#13514=DIRECTION('',(0.,0.,1.));
#13515=DIRECTION('center_axis',(0.,1.,0.));
#13516=DIRECTION('ref_axis',(-1.,0.,0.));
#13517=DIRECTION('',(1.,0.,0.));
#13518=DIRECTION('',(-1.,0.,0.));
#13519=DIRECTION('',(0.,0.,1.));
#13520=DIRECTION('center_axis',(1.,0.,0.));
#13521=DIRECTION('ref_axis',(0.,1.,0.));
#13522=DIRECTION('',(0.,-1.,0.));
#13523=DIRECTION('',(0.,1.,0.));
#13524=DIRECTION('',(0.,0.,1.));
#13525=DIRECTION('center_axis',(0.,-1.,0.));
#13526=DIRECTION('ref_axis',(1.,0.,0.));
#13527=DIRECTION('',(-1.,0.,0.));
#13528=DIRECTION('',(1.,0.,0.));
#13529=DIRECTION('',(0.,0.,1.));
#13530=DIRECTION('center_axis',(1.,0.,0.));
#13531=DIRECTION('ref_axis',(0.,1.,0.));
#13532=DIRECTION('',(0.,-1.,0.));
#13533=DIRECTION('',(0.,1.,0.));
#13534=DIRECTION('',(0.,0.,1.));
#13535=DIRECTION('center_axis',(0.,1.,0.));
#13536=DIRECTION('ref_axis',(-1.,0.,0.));
#13537=DIRECTION('',(1.,0.,0.));
#13538=DIRECTION('',(-1.,0.,0.));
#13539=DIRECTION('',(0.,0.,1.));
#13540=DIRECTION('center_axis',(1.,0.,0.));
#13541=DIRECTION('ref_axis',(0.,1.,0.));
#13542=DIRECTION('',(0.,-1.,0.));
#13543=DIRECTION('',(0.,1.,0.));
#13544=DIRECTION('',(0.,0.,1.));
#13545=DIRECTION('center_axis',(0.,1.,0.));
#13546=DIRECTION('ref_axis',(-1.,0.,0.));
#13547=DIRECTION('',(1.,0.,0.));
#13548=DIRECTION('',(-1.,0.,0.));
#13549=DIRECTION('',(0.,0.,1.));
#13550=DIRECTION('center_axis',(-1.,0.,0.));
#13551=DIRECTION('ref_axis',(0.,-1.,0.));
#13552=DIRECTION('',(0.,1.,0.));
#13553=DIRECTION('',(0.,-1.,0.));
#13554=DIRECTION('',(0.,0.,1.));
#13555=DIRECTION('center_axis',(0.,1.,0.));
#13556=DIRECTION('ref_axis',(-1.,0.,0.));
#13557=DIRECTION('',(1.,0.,0.));
#13558=DIRECTION('',(-1.,0.,0.));
#13559=DIRECTION('',(0.,0.,1.));
#13560=DIRECTION('center_axis',(-1.,0.,0.));
#13561=DIRECTION('ref_axis',(0.,-1.,0.));
#13562=DIRECTION('',(0.,1.,0.));
#13563=DIRECTION('',(0.,-1.,0.));
#13564=DIRECTION('',(0.,0.,1.));
#13565=DIRECTION('center_axis',(0.,-1.,0.));
#13566=DIRECTION('ref_axis',(1.,0.,0.));
#13567=DIRECTION('',(-1.,0.,0.));
#13568=DIRECTION('',(1.,0.,0.));
#13569=DIRECTION('',(0.,0.,1.));
#13570=DIRECTION('center_axis',(-1.,0.,0.));
#13571=DIRECTION('ref_axis',(0.,-1.,0.));
#13572=DIRECTION('',(0.,1.,0.));
#13573=DIRECTION('',(0.,-1.,0.));
#13574=DIRECTION('',(0.,0.,1.));
#13575=DIRECTION('center_axis',(0.,1.,0.));
#13576=DIRECTION('ref_axis',(-1.,0.,0.));
#13577=DIRECTION('',(1.,0.,0.));
#13578=DIRECTION('',(-1.,0.,0.));
#13579=DIRECTION('',(0.,0.,1.));
#13580=DIRECTION('center_axis',(-1.,0.,0.));
#13581=DIRECTION('ref_axis',(0.,-1.,0.));
#13582=DIRECTION('',(0.,1.,0.));
#13583=DIRECTION('',(0.,-1.,0.));
#13584=DIRECTION('',(0.,0.,1.));
#13585=DIRECTION('center_axis',(0.,-1.,0.));
#13586=DIRECTION('ref_axis',(1.,0.,0.));
#13587=DIRECTION('',(-1.,0.,0.));
#13588=DIRECTION('',(1.,0.,0.));
#13589=DIRECTION('center_axis',(1.,0.,0.));
#13590=DIRECTION('ref_axis',(0.,1.,0.));
#13591=DIRECTION('',(0.,-1.,0.));
#13592=DIRECTION('',(0.,0.,1.));
#13593=DIRECTION('',(0.,1.,0.));
#13594=DIRECTION('',(0.,0.,1.));
#13595=DIRECTION('center_axis',(0.,1.,0.));
#13596=DIRECTION('ref_axis',(-1.,0.,0.));
#13597=DIRECTION('',(1.,0.,0.));
#13598=DIRECTION('',(-1.,0.,0.));
#13599=DIRECTION('',(0.,0.,1.));
#13600=DIRECTION('center_axis',(-1.,0.,0.));
#13601=DIRECTION('ref_axis',(0.,-1.,0.));
#13602=DIRECTION('',(0.,1.,0.));
#13603=DIRECTION('',(0.,-1.,0.));
#13604=DIRECTION('',(0.,0.,1.));
#13605=DIRECTION('center_axis',(0.,1.,0.));
#13606=DIRECTION('ref_axis',(-1.,0.,0.));
#13607=DIRECTION('',(1.,0.,0.));
#13608=DIRECTION('',(-1.,0.,0.));
#13609=DIRECTION('',(0.,0.,1.));
#13610=DIRECTION('center_axis',(-1.,0.,0.));
#13611=DIRECTION('ref_axis',(0.,-1.,0.));
#13612=DIRECTION('',(0.,1.,0.));
#13613=DIRECTION('',(0.,-1.,0.));
#13614=DIRECTION('',(0.,0.,1.));
#13615=DIRECTION('center_axis',(0.,-1.,0.));
#13616=DIRECTION('ref_axis',(1.,0.,0.));
#13617=DIRECTION('',(-1.,0.,0.));
#13618=DIRECTION('',(1.,0.,0.));
#13619=DIRECTION('',(0.,0.,1.));
#13620=DIRECTION('center_axis',(-1.,0.,0.));
#13621=DIRECTION('ref_axis',(0.,-1.,0.));
#13622=DIRECTION('',(0.,1.,0.));
#13623=DIRECTION('',(0.,-1.,0.));
#13624=DIRECTION('',(0.,0.,1.));
#13625=DIRECTION('center_axis',(0.,1.,0.));
#13626=DIRECTION('ref_axis',(-1.,0.,0.));
#13627=DIRECTION('',(1.,0.,0.));
#13628=DIRECTION('',(-1.,0.,0.));
#13629=DIRECTION('',(0.,0.,1.));
#13630=DIRECTION('center_axis',(-1.,0.,0.));
#13631=DIRECTION('ref_axis',(0.,-1.,0.));
#13632=DIRECTION('',(0.,1.,0.));
#13633=DIRECTION('',(0.,-1.,0.));
#13634=DIRECTION('',(0.,0.,1.));
#13635=DIRECTION('center_axis',(0.,-1.,0.));
#13636=DIRECTION('ref_axis',(1.,0.,0.));
#13637=DIRECTION('',(-1.,0.,0.));
#13638=DIRECTION('',(1.,0.,0.));
#13639=DIRECTION('',(0.,0.,1.));
#13640=DIRECTION('center_axis',(-1.,0.,0.));
#13641=DIRECTION('ref_axis',(0.,-1.,0.));
#13642=DIRECTION('',(0.,1.,0.));
#13643=DIRECTION('',(0.,-1.,0.));
#13644=DIRECTION('',(0.,0.,1.));
#13645=DIRECTION('center_axis',(0.,-1.,0.));
#13646=DIRECTION('ref_axis',(1.,0.,0.));
#13647=DIRECTION('',(-1.,0.,0.));
#13648=DIRECTION('',(1.,0.,0.));
#13649=DIRECTION('',(0.,0.,1.));
#13650=DIRECTION('center_axis',(1.,0.,0.));
#13651=DIRECTION('ref_axis',(0.,1.,0.));
#13652=DIRECTION('',(0.,-1.,0.));
#13653=DIRECTION('',(0.,1.,0.));
#13654=DIRECTION('',(0.,0.,1.));
#13655=DIRECTION('center_axis',(0.,-1.,0.));
#13656=DIRECTION('ref_axis',(1.,0.,0.));
#13657=DIRECTION('',(-1.,0.,0.));
#13658=DIRECTION('',(1.,0.,0.));
#13659=DIRECTION('',(0.,0.,1.));
#13660=DIRECTION('center_axis',(1.,0.,0.));
#13661=DIRECTION('ref_axis',(0.,1.,0.));
#13662=DIRECTION('',(0.,-1.,0.));
#13663=DIRECTION('',(0.,1.,0.));
#13664=DIRECTION('',(0.,0.,1.));
#13665=DIRECTION('center_axis',(0.,1.,0.));
#13666=DIRECTION('ref_axis',(-1.,0.,0.));
#13667=DIRECTION('',(1.,0.,0.));
#13668=DIRECTION('',(-1.,0.,0.));
#13669=DIRECTION('',(0.,0.,1.));
#13670=DIRECTION('center_axis',(1.,0.,0.));
#13671=DIRECTION('ref_axis',(0.,1.,0.));
#13672=DIRECTION('',(0.,-1.,0.));
#13673=DIRECTION('',(0.,1.,0.));
#13674=DIRECTION('',(0.,0.,1.));
#13675=DIRECTION('center_axis',(0.,-1.,0.));
#13676=DIRECTION('ref_axis',(1.,0.,0.));
#13677=DIRECTION('',(-1.,0.,0.));
#13678=DIRECTION('',(1.,0.,0.));
#13679=DIRECTION('',(0.,0.,1.));
#13680=DIRECTION('center_axis',(1.,0.,0.));
#13681=DIRECTION('ref_axis',(0.,1.,0.));
#13682=DIRECTION('',(0.,-1.,0.));
#13683=DIRECTION('',(0.,1.,0.));
#13684=DIRECTION('',(0.,0.,1.));
#13685=DIRECTION('center_axis',(0.,1.,0.));
#13686=DIRECTION('ref_axis',(-1.,0.,0.));
#13687=DIRECTION('',(1.,0.,0.));
#13688=DIRECTION('',(-1.,0.,0.));
#13689=DIRECTION('center_axis',(0.,1.,0.));
#13690=DIRECTION('ref_axis',(-1.,0.,0.));
#13691=DIRECTION('',(1.,0.,0.));
#13692=DIRECTION('',(0.,0.,1.));
#13693=DIRECTION('',(-1.,0.,0.));
#13694=DIRECTION('',(0.,0.,1.));
#13695=DIRECTION('center_axis',(1.,0.,0.));
#13696=DIRECTION('ref_axis',(0.,1.,0.));
#13697=DIRECTION('',(0.,-1.,0.));
#13698=DIRECTION('',(0.,1.,0.));
#13699=DIRECTION('',(0.,0.,1.));
#13700=DIRECTION('center_axis',(0.,1.,0.));
#13701=DIRECTION('ref_axis',(-1.,0.,0.));
#13702=DIRECTION('',(1.,0.,0.));
#13703=DIRECTION('',(-1.,0.,0.));
#13704=DIRECTION('',(0.,0.,1.));
#13705=DIRECTION('center_axis',(-1.,0.,0.));
#13706=DIRECTION('ref_axis',(0.,-1.,0.));
#13707=DIRECTION('',(0.,1.,0.));
#13708=DIRECTION('',(0.,-1.,0.));
#13709=DIRECTION('',(0.,0.,1.));
#13710=DIRECTION('center_axis',(0.,1.,0.));
#13711=DIRECTION('ref_axis',(-1.,0.,0.));
#13712=DIRECTION('',(1.,0.,0.));
#13713=DIRECTION('',(-1.,0.,0.));
#13714=DIRECTION('',(0.,0.,1.));
#13715=DIRECTION('center_axis',(-1.,0.,0.));
#13716=DIRECTION('ref_axis',(0.,-1.,0.));
#13717=DIRECTION('',(0.,1.,0.));
#13718=DIRECTION('',(0.,-1.,0.));
#13719=DIRECTION('',(0.,0.,1.));
#13720=DIRECTION('center_axis',(0.,-1.,0.));
#13721=DIRECTION('ref_axis',(1.,0.,0.));
#13722=DIRECTION('',(-1.,0.,0.));
#13723=DIRECTION('',(1.,0.,0.));
#13724=DIRECTION('',(0.,0.,1.));
#13725=DIRECTION('center_axis',(-1.,0.,0.));
#13726=DIRECTION('ref_axis',(0.,-1.,0.));
#13727=DIRECTION('',(0.,1.,0.));
#13728=DIRECTION('',(0.,-1.,0.));
#13729=DIRECTION('',(0.,0.,1.));
#13730=DIRECTION('center_axis',(0.,1.,0.));
#13731=DIRECTION('ref_axis',(-1.,0.,0.));
#13732=DIRECTION('',(1.,0.,0.));
#13733=DIRECTION('',(-1.,0.,0.));
#13734=DIRECTION('',(0.,0.,1.));
#13735=DIRECTION('center_axis',(-1.,0.,0.));
#13736=DIRECTION('ref_axis',(0.,-1.,0.));
#13737=DIRECTION('',(0.,1.,0.));
#13738=DIRECTION('',(0.,-1.,0.));
#13739=DIRECTION('',(0.,0.,1.));
#13740=DIRECTION('center_axis',(0.,-1.,0.));
#13741=DIRECTION('ref_axis',(1.,0.,0.));
#13742=DIRECTION('',(-1.,0.,0.));
#13743=DIRECTION('',(1.,0.,0.));
#13744=DIRECTION('',(0.,0.,1.));
#13745=DIRECTION('center_axis',(-1.,0.,0.));
#13746=DIRECTION('ref_axis',(0.,-1.,0.));
#13747=DIRECTION('',(0.,1.,0.));
#13748=DIRECTION('',(0.,-1.,0.));
#13749=DIRECTION('',(0.,0.,1.));
#13750=DIRECTION('center_axis',(0.,-1.,0.));
#13751=DIRECTION('ref_axis',(1.,0.,0.));
#13752=DIRECTION('',(-1.,0.,0.));
#13753=DIRECTION('',(1.,0.,0.));
#13754=DIRECTION('',(0.,0.,1.));
#13755=DIRECTION('center_axis',(1.,0.,0.));
#13756=DIRECTION('ref_axis',(0.,1.,0.));
#13757=DIRECTION('',(0.,-1.,0.));
#13758=DIRECTION('',(0.,1.,0.));
#13759=DIRECTION('',(0.,0.,1.));
#13760=DIRECTION('center_axis',(0.,-1.,0.));
#13761=DIRECTION('ref_axis',(1.,0.,0.));
#13762=DIRECTION('',(-1.,0.,0.));
#13763=DIRECTION('',(1.,0.,0.));
#13764=DIRECTION('',(0.,0.,1.));
#13765=DIRECTION('center_axis',(1.,0.,0.));
#13766=DIRECTION('ref_axis',(0.,1.,0.));
#13767=DIRECTION('',(0.,-1.,0.));
#13768=DIRECTION('',(0.,1.,0.));
#13769=DIRECTION('',(0.,0.,1.));
#13770=DIRECTION('center_axis',(0.,1.,0.));
#13771=DIRECTION('ref_axis',(-1.,0.,0.));
#13772=DIRECTION('',(1.,0.,0.));
#13773=DIRECTION('',(-1.,0.,0.));
#13774=DIRECTION('',(0.,0.,1.));
#13775=DIRECTION('center_axis',(1.,0.,0.));
#13776=DIRECTION('ref_axis',(0.,1.,0.));
#13777=DIRECTION('',(0.,-1.,0.));
#13778=DIRECTION('',(0.,1.,0.));
#13779=DIRECTION('',(0.,0.,1.));
#13780=DIRECTION('center_axis',(0.,-1.,0.));
#13781=DIRECTION('ref_axis',(1.,0.,0.));
#13782=DIRECTION('',(-1.,0.,0.));
#13783=DIRECTION('',(1.,0.,0.));
#13784=DIRECTION('',(0.,0.,1.));
#13785=DIRECTION('center_axis',(1.,0.,0.));
#13786=DIRECTION('ref_axis',(0.,1.,0.));
#13787=DIRECTION('',(0.,-1.,0.));
#13788=DIRECTION('',(0.,1.,0.));
#13789=DIRECTION('center_axis',(0.,1.,0.));
#13790=DIRECTION('ref_axis',(-1.,0.,0.));
#13791=DIRECTION('',(1.,0.,0.));
#13792=DIRECTION('',(0.,0.,1.));
#13793=DIRECTION('',(-1.,0.,0.));
#13794=DIRECTION('',(0.,0.,1.));
#13795=DIRECTION('center_axis',(-1.,0.,0.));
#13796=DIRECTION('ref_axis',(0.,-1.,0.));
#13797=DIRECTION('',(0.,1.,0.));
#13798=DIRECTION('',(0.,-1.,0.));
#13799=DIRECTION('',(0.,0.,1.));
#13800=DIRECTION('center_axis',(0.,-1.,0.));
#13801=DIRECTION('ref_axis',(1.,0.,0.));
#13802=DIRECTION('',(-1.,0.,0.));
#13803=DIRECTION('',(1.,0.,0.));
#13804=DIRECTION('',(0.,0.,1.));
#13805=DIRECTION('center_axis',(-1.,0.,0.));
#13806=DIRECTION('ref_axis',(0.,-1.,0.));
#13807=DIRECTION('',(0.,1.,0.));
#13808=DIRECTION('',(0.,-1.,0.));
#13809=DIRECTION('',(0.,0.,1.));
#13810=DIRECTION('center_axis',(0.,1.,0.));
#13811=DIRECTION('ref_axis',(-1.,0.,0.));
#13812=DIRECTION('',(1.,0.,0.));
#13813=DIRECTION('',(-1.,0.,0.));
#13814=DIRECTION('',(0.,0.,1.));
#13815=DIRECTION('center_axis',(-1.,0.,0.));
#13816=DIRECTION('ref_axis',(0.,-1.,0.));
#13817=DIRECTION('',(0.,1.,0.));
#13818=DIRECTION('',(0.,-1.,0.));
#13819=DIRECTION('',(0.,0.,1.));
#13820=DIRECTION('center_axis',(0.,-1.,0.));
#13821=DIRECTION('ref_axis',(1.,0.,0.));
#13822=DIRECTION('',(-1.,0.,0.));
#13823=DIRECTION('',(1.,0.,0.));
#13824=DIRECTION('',(0.,0.,1.));
#13825=DIRECTION('center_axis',(-1.,0.,0.));
#13826=DIRECTION('ref_axis',(0.,-1.,0.));
#13827=DIRECTION('',(0.,1.,0.));
#13828=DIRECTION('',(0.,-1.,0.));
#13829=DIRECTION('',(0.,0.,1.));
#13830=DIRECTION('center_axis',(0.,-1.,0.));
#13831=DIRECTION('ref_axis',(1.,0.,0.));
#13832=DIRECTION('',(-1.,0.,0.));
#13833=DIRECTION('',(1.,0.,0.));
#13834=DIRECTION('',(0.,0.,1.));
#13835=DIRECTION('center_axis',(1.,0.,0.));
#13836=DIRECTION('ref_axis',(0.,1.,0.));
#13837=DIRECTION('',(0.,-1.,0.));
#13838=DIRECTION('',(0.,1.,0.));
#13839=DIRECTION('',(0.,0.,1.));
#13840=DIRECTION('center_axis',(0.,-1.,0.));
#13841=DIRECTION('ref_axis',(1.,0.,0.));
#13842=DIRECTION('',(-1.,0.,0.));
#13843=DIRECTION('',(1.,0.,0.));
#13844=DIRECTION('',(0.,0.,1.));
#13845=DIRECTION('center_axis',(1.,0.,0.));
#13846=DIRECTION('ref_axis',(0.,1.,0.));
#13847=DIRECTION('',(0.,-1.,0.));
#13848=DIRECTION('',(0.,1.,0.));
#13849=DIRECTION('',(0.,0.,1.));
#13850=DIRECTION('center_axis',(0.,1.,0.));
#13851=DIRECTION('ref_axis',(-1.,0.,0.));
#13852=DIRECTION('',(1.,0.,0.));
#13853=DIRECTION('',(-1.,0.,0.));
#13854=DIRECTION('',(0.,0.,1.));
#13855=DIRECTION('center_axis',(1.,0.,0.));
#13856=DIRECTION('ref_axis',(0.,1.,0.));
#13857=DIRECTION('',(0.,-1.,0.));
#13858=DIRECTION('',(0.,1.,0.));
#13859=DIRECTION('',(0.,0.,1.));
#13860=DIRECTION('center_axis',(0.,-1.,0.));
#13861=DIRECTION('ref_axis',(1.,0.,0.));
#13862=DIRECTION('',(-1.,0.,0.));
#13863=DIRECTION('',(1.,0.,0.));
#13864=DIRECTION('',(0.,0.,1.));
#13865=DIRECTION('center_axis',(1.,0.,0.));
#13866=DIRECTION('ref_axis',(0.,1.,0.));
#13867=DIRECTION('',(0.,-1.,0.));
#13868=DIRECTION('',(0.,1.,0.));
#13869=DIRECTION('',(0.,0.,1.));
#13870=DIRECTION('center_axis',(0.,1.,0.));
#13871=DIRECTION('ref_axis',(-1.,0.,0.));
#13872=DIRECTION('',(1.,0.,0.));
#13873=DIRECTION('',(-1.,0.,0.));
#13874=DIRECTION('',(0.,0.,1.));
#13875=DIRECTION('center_axis',(1.,0.,0.));
#13876=DIRECTION('ref_axis',(0.,1.,0.));
#13877=DIRECTION('',(0.,-1.,0.));
#13878=DIRECTION('',(0.,1.,0.));
#13879=DIRECTION('',(0.,0.,1.));
#13880=DIRECTION('center_axis',(0.,1.,0.));
#13881=DIRECTION('ref_axis',(-1.,0.,0.));
#13882=DIRECTION('',(1.,0.,0.));
#13883=DIRECTION('',(-1.,0.,0.));
#13884=DIRECTION('',(0.,0.,1.));
#13885=DIRECTION('center_axis',(-1.,0.,0.));
#13886=DIRECTION('ref_axis',(0.,-1.,0.));
#13887=DIRECTION('',(0.,1.,0.));
#13888=DIRECTION('',(0.,-1.,0.));
#13889=DIRECTION('center_axis',(0.,1.,0.));
#13890=DIRECTION('ref_axis',(-1.,0.,0.));
#13891=DIRECTION('',(1.,0.,0.));
#13892=DIRECTION('',(0.,0.,1.));
#13893=DIRECTION('',(-1.,0.,0.));
#13894=DIRECTION('',(0.,0.,1.));
#13895=DIRECTION('center_axis',(-1.,0.,0.));
#13896=DIRECTION('ref_axis',(0.,-1.,0.));
#13897=DIRECTION('',(0.,1.,0.));
#13898=DIRECTION('',(0.,-1.,0.));
#13899=DIRECTION('',(0.,0.,1.));
#13900=DIRECTION('center_axis',(0.,-1.,0.));
#13901=DIRECTION('ref_axis',(1.,0.,0.));
#13902=DIRECTION('',(-1.,0.,0.));
#13903=DIRECTION('',(1.,0.,0.));
#13904=DIRECTION('',(0.,0.,1.));
#13905=DIRECTION('center_axis',(-1.,0.,0.));
#13906=DIRECTION('ref_axis',(0.,-1.,0.));
#13907=DIRECTION('',(0.,1.,0.));
#13908=DIRECTION('',(0.,-1.,0.));
#13909=DIRECTION('',(0.,0.,1.));
#13910=DIRECTION('center_axis',(0.,1.,0.));
#13911=DIRECTION('ref_axis',(-1.,0.,0.));
#13912=DIRECTION('',(1.,0.,0.));
#13913=DIRECTION('',(-1.,0.,0.));
#13914=DIRECTION('',(0.,0.,1.));
#13915=DIRECTION('center_axis',(-1.,0.,0.));
#13916=DIRECTION('ref_axis',(0.,-1.,0.));
#13917=DIRECTION('',(0.,1.,0.));
#13918=DIRECTION('',(0.,-1.,0.));
#13919=DIRECTION('',(0.,0.,1.));
#13920=DIRECTION('center_axis',(0.,-1.,0.));
#13921=DIRECTION('ref_axis',(1.,0.,0.));
#13922=DIRECTION('',(-1.,0.,0.));
#13923=DIRECTION('',(1.,0.,0.));
#13924=DIRECTION('',(0.,0.,1.));
#13925=DIRECTION('center_axis',(-1.,0.,0.));
#13926=DIRECTION('ref_axis',(0.,-1.,0.));
#13927=DIRECTION('',(0.,1.,0.));
#13928=DIRECTION('',(0.,-1.,0.));
#13929=DIRECTION('',(0.,0.,1.));
#13930=DIRECTION('center_axis',(0.,-1.,0.));
#13931=DIRECTION('ref_axis',(1.,0.,0.));
#13932=DIRECTION('',(-1.,0.,0.));
#13933=DIRECTION('',(1.,0.,0.));
#13934=DIRECTION('',(0.,0.,1.));
#13935=DIRECTION('center_axis',(1.,0.,0.));
#13936=DIRECTION('ref_axis',(0.,1.,0.));
#13937=DIRECTION('',(0.,-1.,0.));
#13938=DIRECTION('',(0.,1.,0.));
#13939=DIRECTION('',(0.,0.,1.));
#13940=DIRECTION('center_axis',(0.,-1.,0.));
#13941=DIRECTION('ref_axis',(1.,0.,0.));
#13942=DIRECTION('',(-1.,0.,0.));
#13943=DIRECTION('',(1.,0.,0.));
#13944=DIRECTION('',(0.,0.,1.));
#13945=DIRECTION('center_axis',(1.,0.,0.));
#13946=DIRECTION('ref_axis',(0.,1.,0.));
#13947=DIRECTION('',(0.,-1.,0.));
#13948=DIRECTION('',(0.,1.,0.));
#13949=DIRECTION('',(0.,0.,1.));
#13950=DIRECTION('center_axis',(0.,1.,0.));
#13951=DIRECTION('ref_axis',(-1.,0.,0.));
#13952=DIRECTION('',(1.,0.,0.));
#13953=DIRECTION('',(-1.,0.,0.));
#13954=DIRECTION('',(0.,0.,1.));
#13955=DIRECTION('center_axis',(1.,0.,0.));
#13956=DIRECTION('ref_axis',(0.,1.,0.));
#13957=DIRECTION('',(0.,-1.,0.));
#13958=DIRECTION('',(0.,1.,0.));
#13959=DIRECTION('',(0.,0.,1.));
#13960=DIRECTION('center_axis',(0.,-1.,0.));
#13961=DIRECTION('ref_axis',(1.,0.,0.));
#13962=DIRECTION('',(-1.,0.,0.));
#13963=DIRECTION('',(1.,0.,0.));
#13964=DIRECTION('',(0.,0.,1.));
#13965=DIRECTION('center_axis',(1.,0.,0.));
#13966=DIRECTION('ref_axis',(0.,1.,0.));
#13967=DIRECTION('',(0.,-1.,0.));
#13968=DIRECTION('',(0.,1.,0.));
#13969=DIRECTION('',(0.,0.,1.));
#13970=DIRECTION('center_axis',(0.,1.,0.));
#13971=DIRECTION('ref_axis',(-1.,0.,0.));
#13972=DIRECTION('',(1.,0.,0.));
#13973=DIRECTION('',(-1.,0.,0.));
#13974=DIRECTION('',(0.,0.,1.));
#13975=DIRECTION('center_axis',(1.,0.,0.));
#13976=DIRECTION('ref_axis',(0.,1.,0.));
#13977=DIRECTION('',(0.,-1.,0.));
#13978=DIRECTION('',(0.,1.,0.));
#13979=DIRECTION('',(0.,0.,1.));
#13980=DIRECTION('center_axis',(0.,1.,0.));
#13981=DIRECTION('ref_axis',(-1.,0.,0.));
#13982=DIRECTION('',(1.,0.,0.));
#13983=DIRECTION('',(-1.,0.,0.));
#13984=DIRECTION('',(0.,0.,1.));
#13985=DIRECTION('center_axis',(-1.,0.,0.));
#13986=DIRECTION('ref_axis',(0.,-1.,0.));
#13987=DIRECTION('',(0.,1.,0.));
#13988=DIRECTION('',(0.,-1.,0.));
#13989=DIRECTION('center_axis',(-1.,0.,0.));
#13990=DIRECTION('ref_axis',(0.,-1.,0.));
#13991=DIRECTION('',(0.,1.,0.));
#13992=DIRECTION('',(0.,0.,1.));
#13993=DIRECTION('',(0.,-1.,0.));
#13994=DIRECTION('',(0.,0.,1.));
#13995=DIRECTION('center_axis',(0.,-1.,0.));
#13996=DIRECTION('ref_axis',(1.,0.,0.));
#13997=DIRECTION('',(-1.,0.,0.));
#13998=DIRECTION('',(1.,0.,0.));
#13999=DIRECTION('',(0.,0.,1.));
#14000=DIRECTION('center_axis',(-1.,0.,0.));
#14001=DIRECTION('ref_axis',(0.,-1.,0.));
#14002=DIRECTION('',(0.,1.,0.));
#14003=DIRECTION('',(0.,-1.,0.));
#14004=DIRECTION('',(0.,0.,1.));
#14005=DIRECTION('center_axis',(0.,-1.,0.));
#14006=DIRECTION('ref_axis',(1.,0.,0.));
#14007=DIRECTION('',(-1.,0.,0.));
#14008=DIRECTION('',(1.,0.,0.));
#14009=DIRECTION('',(0.,0.,1.));
#14010=DIRECTION('center_axis',(1.,0.,0.));
#14011=DIRECTION('ref_axis',(0.,1.,0.));
#14012=DIRECTION('',(0.,-1.,0.));
#14013=DIRECTION('',(0.,1.,0.));
#14014=DIRECTION('',(0.,0.,1.));
#14015=DIRECTION('center_axis',(0.,-1.,0.));
#14016=DIRECTION('ref_axis',(1.,0.,0.));
#14017=DIRECTION('',(-1.,0.,0.));
#14018=DIRECTION('',(1.,0.,0.));
#14019=DIRECTION('',(0.,0.,1.));
#14020=DIRECTION('center_axis',(1.,0.,0.));
#14021=DIRECTION('ref_axis',(0.,1.,0.));
#14022=DIRECTION('',(0.,-1.,0.));
#14023=DIRECTION('',(0.,1.,0.));
#14024=DIRECTION('',(0.,0.,1.));
#14025=DIRECTION('center_axis',(0.,1.,0.));
#14026=DIRECTION('ref_axis',(-1.,0.,0.));
#14027=DIRECTION('',(1.,0.,0.));
#14028=DIRECTION('',(-1.,0.,0.));
#14029=DIRECTION('',(0.,0.,1.));
#14030=DIRECTION('center_axis',(1.,0.,0.));
#14031=DIRECTION('ref_axis',(0.,1.,0.));
#14032=DIRECTION('',(0.,-1.,0.));
#14033=DIRECTION('',(0.,1.,0.));
#14034=DIRECTION('',(0.,0.,1.));
#14035=DIRECTION('center_axis',(0.,-1.,0.));
#14036=DIRECTION('ref_axis',(1.,0.,0.));
#14037=DIRECTION('',(-1.,0.,0.));
#14038=DIRECTION('',(1.,0.,0.));
#14039=DIRECTION('',(0.,0.,1.));
#14040=DIRECTION('center_axis',(1.,0.,0.));
#14041=DIRECTION('ref_axis',(0.,1.,0.));
#14042=DIRECTION('',(0.,-1.,0.));
#14043=DIRECTION('',(0.,1.,0.));
#14044=DIRECTION('',(0.,0.,1.));
#14045=DIRECTION('center_axis',(0.,1.,0.));
#14046=DIRECTION('ref_axis',(-1.,0.,0.));
#14047=DIRECTION('',(1.,0.,0.));
#14048=DIRECTION('',(-1.,0.,0.));
#14049=DIRECTION('',(0.,0.,1.));
#14050=DIRECTION('center_axis',(1.,0.,0.));
#14051=DIRECTION('ref_axis',(0.,1.,0.));
#14052=DIRECTION('',(0.,-1.,0.));
#14053=DIRECTION('',(0.,1.,0.));
#14054=DIRECTION('',(0.,0.,1.));
#14055=DIRECTION('center_axis',(0.,1.,0.));
#14056=DIRECTION('ref_axis',(-1.,0.,0.));
#14057=DIRECTION('',(1.,0.,0.));
#14058=DIRECTION('',(-1.,0.,0.));
#14059=DIRECTION('',(0.,0.,1.));
#14060=DIRECTION('center_axis',(-1.,0.,0.));
#14061=DIRECTION('ref_axis',(0.,-1.,0.));
#14062=DIRECTION('',(0.,1.,0.));
#14063=DIRECTION('',(0.,-1.,0.));
#14064=DIRECTION('',(0.,0.,1.));
#14065=DIRECTION('center_axis',(0.,1.,0.));
#14066=DIRECTION('ref_axis',(-1.,0.,0.));
#14067=DIRECTION('',(1.,0.,0.));
#14068=DIRECTION('',(-1.,0.,0.));
#14069=DIRECTION('',(0.,0.,1.));
#14070=DIRECTION('center_axis',(-1.,0.,0.));
#14071=DIRECTION('ref_axis',(0.,-1.,0.));
#14072=DIRECTION('',(0.,1.,0.));
#14073=DIRECTION('',(0.,-1.,0.));
#14074=DIRECTION('',(0.,0.,1.));
#14075=DIRECTION('center_axis',(0.,-1.,0.));
#14076=DIRECTION('ref_axis',(1.,0.,0.));
#14077=DIRECTION('',(-1.,0.,0.));
#14078=DIRECTION('',(1.,0.,0.));
#14079=DIRECTION('',(0.,0.,1.));
#14080=DIRECTION('center_axis',(-1.,0.,0.));
#14081=DIRECTION('ref_axis',(0.,-1.,0.));
#14082=DIRECTION('',(0.,1.,0.));
#14083=DIRECTION('',(0.,-1.,0.));
#14084=DIRECTION('',(0.,0.,1.));
#14085=DIRECTION('center_axis',(0.,1.,0.));
#14086=DIRECTION('ref_axis',(-1.,0.,0.));
#14087=DIRECTION('',(1.,0.,0.));
#14088=DIRECTION('',(-1.,0.,0.));
#14089=DIRECTION('center_axis',(1.,0.,0.));
#14090=DIRECTION('ref_axis',(0.,1.,0.));
#14091=DIRECTION('',(0.,-1.,0.));
#14092=DIRECTION('',(0.,0.,1.));
#14093=DIRECTION('',(0.,1.,0.));
#14094=DIRECTION('',(0.,0.,1.));
#14095=DIRECTION('center_axis',(0.,-1.,0.));
#14096=DIRECTION('ref_axis',(1.,0.,0.));
#14097=DIRECTION('',(-1.,0.,0.));
#14098=DIRECTION('',(1.,0.,0.));
#14099=DIRECTION('',(0.,0.,1.));
#14100=DIRECTION('center_axis',(1.,0.,0.));
#14101=DIRECTION('ref_axis',(0.,1.,0.));
#14102=DIRECTION('',(0.,-1.,0.));
#14103=DIRECTION('',(0.,1.,0.));
#14104=DIRECTION('',(0.,0.,1.));
#14105=DIRECTION('center_axis',(0.,1.,0.));
#14106=DIRECTION('ref_axis',(-1.,0.,0.));
#14107=DIRECTION('',(1.,0.,0.));
#14108=DIRECTION('',(-1.,0.,0.));
#14109=DIRECTION('',(0.,0.,1.));
#14110=DIRECTION('center_axis',(1.,0.,0.));
#14111=DIRECTION('ref_axis',(0.,1.,0.));
#14112=DIRECTION('',(0.,-1.,0.));
#14113=DIRECTION('',(0.,1.,0.));
#14114=DIRECTION('',(0.,0.,1.));
#14115=DIRECTION('center_axis',(0.,-1.,0.));
#14116=DIRECTION('ref_axis',(1.,0.,0.));
#14117=DIRECTION('',(-1.,0.,0.));
#14118=DIRECTION('',(1.,0.,0.));
#14119=DIRECTION('',(0.,0.,1.));
#14120=DIRECTION('center_axis',(1.,0.,0.));
#14121=DIRECTION('ref_axis',(0.,1.,0.));
#14122=DIRECTION('',(0.,-1.,0.));
#14123=DIRECTION('',(0.,1.,0.));
#14124=DIRECTION('',(0.,0.,1.));
#14125=DIRECTION('center_axis',(0.,1.,0.));
#14126=DIRECTION('ref_axis',(-1.,0.,0.));
#14127=DIRECTION('',(1.,0.,0.));
#14128=DIRECTION('',(-1.,0.,0.));
#14129=DIRECTION('',(0.,0.,1.));
#14130=DIRECTION('center_axis',(1.,0.,0.));
#14131=DIRECTION('ref_axis',(0.,1.,0.));
#14132=DIRECTION('',(0.,-1.,0.));
#14133=DIRECTION('',(0.,1.,0.));
#14134=DIRECTION('',(0.,0.,1.));
#14135=DIRECTION('center_axis',(0.,1.,0.));
#14136=DIRECTION('ref_axis',(-1.,0.,0.));
#14137=DIRECTION('',(1.,0.,0.));
#14138=DIRECTION('',(-1.,0.,0.));
#14139=DIRECTION('',(0.,0.,1.));
#14140=DIRECTION('center_axis',(-1.,0.,0.));
#14141=DIRECTION('ref_axis',(0.,-1.,0.));
#14142=DIRECTION('',(0.,1.,0.));
#14143=DIRECTION('',(0.,-1.,0.));
#14144=DIRECTION('',(0.,0.,1.));
#14145=DIRECTION('center_axis',(0.,1.,0.));
#14146=DIRECTION('ref_axis',(-1.,0.,0.));
#14147=DIRECTION('',(1.,0.,0.));
#14148=DIRECTION('',(-1.,0.,0.));
#14149=DIRECTION('',(0.,0.,1.));
#14150=DIRECTION('center_axis',(-1.,0.,0.));
#14151=DIRECTION('ref_axis',(0.,-1.,0.));
#14152=DIRECTION('',(0.,1.,0.));
#14153=DIRECTION('',(0.,-1.,0.));
#14154=DIRECTION('',(0.,0.,1.));
#14155=DIRECTION('center_axis',(0.,-1.,0.));
#14156=DIRECTION('ref_axis',(1.,0.,0.));
#14157=DIRECTION('',(-1.,0.,0.));
#14158=DIRECTION('',(1.,0.,0.));
#14159=DIRECTION('',(0.,0.,1.));
#14160=DIRECTION('center_axis',(-1.,0.,0.));
#14161=DIRECTION('ref_axis',(0.,-1.,0.));
#14162=DIRECTION('',(0.,1.,0.));
#14163=DIRECTION('',(0.,-1.,0.));
#14164=DIRECTION('',(0.,0.,1.));
#14165=DIRECTION('center_axis',(0.,1.,0.));
#14166=DIRECTION('ref_axis',(-1.,0.,0.));
#14167=DIRECTION('',(1.,0.,0.));
#14168=DIRECTION('',(-1.,0.,0.));
#14169=DIRECTION('',(0.,0.,1.));
#14170=DIRECTION('center_axis',(-1.,0.,0.));
#14171=DIRECTION('ref_axis',(0.,-1.,0.));
#14172=DIRECTION('',(0.,1.,0.));
#14173=DIRECTION('',(0.,-1.,0.));
#14174=DIRECTION('',(0.,0.,1.));
#14175=DIRECTION('center_axis',(0.,-1.,0.));
#14176=DIRECTION('ref_axis',(1.,0.,0.));
#14177=DIRECTION('',(-1.,0.,0.));
#14178=DIRECTION('',(1.,0.,0.));
#14179=DIRECTION('',(0.,0.,1.));
#14180=DIRECTION('center_axis',(-1.,0.,0.));
#14181=DIRECTION('ref_axis',(0.,-1.,0.));
#14182=DIRECTION('',(0.,1.,0.));
#14183=DIRECTION('',(0.,-1.,0.));
#14184=DIRECTION('',(0.,0.,1.));
#14185=DIRECTION('center_axis',(0.,-1.,0.));
#14186=DIRECTION('ref_axis',(1.,0.,0.));
#14187=DIRECTION('',(-1.,0.,0.));
#14188=DIRECTION('',(1.,0.,0.));
#14189=DIRECTION('center_axis',(1.,0.,0.));
#14190=DIRECTION('ref_axis',(0.,1.,0.));
#14191=DIRECTION('',(0.,-1.,0.));
#14192=DIRECTION('',(0.,0.,1.));
#14193=DIRECTION('',(0.,1.,0.));
#14194=DIRECTION('',(0.,0.,1.));
#14195=DIRECTION('center_axis',(0.,-1.,0.));
#14196=DIRECTION('ref_axis',(1.,0.,0.));
#14197=DIRECTION('',(-1.,0.,0.));
#14198=DIRECTION('',(1.,0.,0.));
#14199=DIRECTION('',(0.,0.,1.));
#14200=DIRECTION('center_axis',(1.,0.,0.));
#14201=DIRECTION('ref_axis',(0.,1.,0.));
#14202=DIRECTION('',(0.,-1.,0.));
#14203=DIRECTION('',(0.,1.,0.));
#14204=DIRECTION('',(0.,0.,1.));
#14205=DIRECTION('center_axis',(0.,1.,0.));
#14206=DIRECTION('ref_axis',(-1.,0.,0.));
#14207=DIRECTION('',(1.,0.,0.));
#14208=DIRECTION('',(-1.,0.,0.));
#14209=DIRECTION('',(0.,0.,1.));
#14210=DIRECTION('center_axis',(1.,0.,0.));
#14211=DIRECTION('ref_axis',(0.,1.,0.));
#14212=DIRECTION('',(0.,-1.,0.));
#14213=DIRECTION('',(0.,1.,0.));
#14214=DIRECTION('',(0.,0.,1.));
#14215=DIRECTION('center_axis',(0.,1.,0.));
#14216=DIRECTION('ref_axis',(-1.,0.,0.));
#14217=DIRECTION('',(1.,0.,0.));
#14218=DIRECTION('',(-1.,0.,0.));
#14219=DIRECTION('',(0.,0.,1.));
#14220=DIRECTION('center_axis',(-1.,0.,0.));
#14221=DIRECTION('ref_axis',(0.,-1.,0.));
#14222=DIRECTION('',(0.,1.,0.));
#14223=DIRECTION('',(0.,-1.,0.));
#14224=DIRECTION('',(0.,0.,1.));
#14225=DIRECTION('center_axis',(0.,1.,0.));
#14226=DIRECTION('ref_axis',(-1.,0.,0.));
#14227=DIRECTION('',(1.,0.,0.));
#14228=DIRECTION('',(-1.,0.,0.));
#14229=DIRECTION('',(0.,0.,1.));
#14230=DIRECTION('center_axis',(-1.,0.,0.));
#14231=DIRECTION('ref_axis',(0.,-1.,0.));
#14232=DIRECTION('',(0.,1.,0.));
#14233=DIRECTION('',(0.,-1.,0.));
#14234=DIRECTION('',(0.,0.,1.));
#14235=DIRECTION('center_axis',(0.,-1.,0.));
#14236=DIRECTION('ref_axis',(1.,0.,0.));
#14237=DIRECTION('',(-1.,0.,0.));
#14238=DIRECTION('',(1.,0.,0.));
#14239=DIRECTION('',(0.,0.,1.));
#14240=DIRECTION('center_axis',(-1.,0.,0.));
#14241=DIRECTION('ref_axis',(0.,-1.,0.));
#14242=DIRECTION('',(0.,1.,0.));
#14243=DIRECTION('',(0.,-1.,0.));
#14244=DIRECTION('',(0.,0.,1.));
#14245=DIRECTION('center_axis',(0.,1.,0.));
#14246=DIRECTION('ref_axis',(-1.,0.,0.));
#14247=DIRECTION('',(1.,0.,0.));
#14248=DIRECTION('',(-1.,0.,0.));
#14249=DIRECTION('',(0.,0.,1.));
#14250=DIRECTION('center_axis',(-1.,0.,0.));
#14251=DIRECTION('ref_axis',(0.,-1.,0.));
#14252=DIRECTION('',(0.,1.,0.));
#14253=DIRECTION('',(0.,-1.,0.));
#14254=DIRECTION('',(0.,0.,1.));
#14255=DIRECTION('center_axis',(0.,-1.,0.));
#14256=DIRECTION('ref_axis',(1.,0.,0.));
#14257=DIRECTION('',(-1.,0.,0.));
#14258=DIRECTION('',(1.,0.,0.));
#14259=DIRECTION('',(0.,0.,1.));
#14260=DIRECTION('center_axis',(-1.,0.,0.));
#14261=DIRECTION('ref_axis',(0.,-1.,0.));
#14262=DIRECTION('',(0.,1.,0.));
#14263=DIRECTION('',(0.,-1.,0.));
#14264=DIRECTION('',(0.,0.,1.));
#14265=DIRECTION('center_axis',(0.,-1.,0.));
#14266=DIRECTION('ref_axis',(1.,0.,0.));
#14267=DIRECTION('',(-1.,0.,0.));
#14268=DIRECTION('',(1.,0.,0.));
#14269=DIRECTION('',(0.,0.,1.));
#14270=DIRECTION('center_axis',(1.,0.,0.));
#14271=DIRECTION('ref_axis',(0.,1.,0.));
#14272=DIRECTION('',(0.,-1.,0.));
#14273=DIRECTION('',(0.,1.,0.));
#14274=DIRECTION('',(0.,0.,1.));
#14275=DIRECTION('center_axis',(0.,-1.,0.));
#14276=DIRECTION('ref_axis',(1.,0.,0.));
#14277=DIRECTION('',(-1.,0.,0.));
#14278=DIRECTION('',(1.,0.,0.));
#14279=DIRECTION('',(0.,0.,1.));
#14280=DIRECTION('center_axis',(1.,0.,0.));
#14281=DIRECTION('ref_axis',(0.,1.,0.));
#14282=DIRECTION('',(0.,-1.,0.));
#14283=DIRECTION('',(0.,1.,0.));
#14284=DIRECTION('',(0.,0.,1.));
#14285=DIRECTION('center_axis',(0.,1.,0.));
#14286=DIRECTION('ref_axis',(-1.,0.,0.));
#14287=DIRECTION('',(1.,0.,0.));
#14288=DIRECTION('',(-1.,0.,0.));
#14289=DIRECTION('center_axis',(-1.,0.,0.));
#14290=DIRECTION('ref_axis',(0.,-1.,0.));
#14291=DIRECTION('',(0.,1.,0.));
#14292=DIRECTION('',(0.,0.,1.));
#14293=DIRECTION('',(0.,-1.,0.));
#14294=DIRECTION('',(0.,0.,1.));
#14295=DIRECTION('center_axis',(0.,-1.,0.));
#14296=DIRECTION('ref_axis',(1.,0.,0.));
#14297=DIRECTION('',(-1.,0.,0.));
#14298=DIRECTION('',(1.,0.,0.));
#14299=DIRECTION('',(0.,0.,1.));
#14300=DIRECTION('center_axis',(1.,0.,0.));
#14301=DIRECTION('ref_axis',(0.,1.,0.));
#14302=DIRECTION('',(0.,-1.,0.));
#14303=DIRECTION('',(0.,1.,0.));
#14304=DIRECTION('',(0.,0.,1.));
#14305=DIRECTION('center_axis',(0.,-1.,0.));
#14306=DIRECTION('ref_axis',(1.,0.,0.));
#14307=DIRECTION('',(-1.,0.,0.));
#14308=DIRECTION('',(1.,0.,0.));
#14309=DIRECTION('',(0.,0.,1.));
#14310=DIRECTION('center_axis',(1.,0.,0.));
#14311=DIRECTION('ref_axis',(0.,1.,0.));
#14312=DIRECTION('',(0.,-1.,0.));
#14313=DIRECTION('',(0.,1.,0.));
#14314=DIRECTION('',(0.,0.,1.));
#14315=DIRECTION('center_axis',(0.,1.,0.));
#14316=DIRECTION('ref_axis',(-1.,0.,0.));
#14317=DIRECTION('',(1.,0.,0.));
#14318=DIRECTION('',(-1.,0.,0.));
#14319=DIRECTION('',(0.,0.,1.));
#14320=DIRECTION('center_axis',(1.,0.,0.));
#14321=DIRECTION('ref_axis',(0.,1.,0.));
#14322=DIRECTION('',(0.,-1.,0.));
#14323=DIRECTION('',(0.,1.,0.));
#14324=DIRECTION('',(0.,0.,1.));
#14325=DIRECTION('center_axis',(0.,-1.,0.));
#14326=DIRECTION('ref_axis',(1.,0.,0.));
#14327=DIRECTION('',(-1.,0.,0.));
#14328=DIRECTION('',(1.,0.,0.));
#14329=DIRECTION('',(0.,0.,1.));
#14330=DIRECTION('center_axis',(1.,0.,0.));
#14331=DIRECTION('ref_axis',(0.,1.,0.));
#14332=DIRECTION('',(0.,-1.,0.));
#14333=DIRECTION('',(0.,1.,0.));
#14334=DIRECTION('',(0.,0.,1.));
#14335=DIRECTION('center_axis',(0.,1.,0.));
#14336=DIRECTION('ref_axis',(-1.,0.,0.));
#14337=DIRECTION('',(1.,0.,0.));
#14338=DIRECTION('',(-1.,0.,0.));
#14339=DIRECTION('',(0.,0.,1.));
#14340=DIRECTION('center_axis',(1.,0.,0.));
#14341=DIRECTION('ref_axis',(0.,1.,0.));
#14342=DIRECTION('',(0.,-1.,0.));
#14343=DIRECTION('',(0.,1.,0.));
#14344=DIRECTION('',(0.,0.,1.));
#14345=DIRECTION('center_axis',(0.,1.,0.));
#14346=DIRECTION('ref_axis',(-1.,0.,0.));
#14347=DIRECTION('',(1.,0.,0.));
#14348=DIRECTION('',(-1.,0.,0.));
#14349=DIRECTION('',(0.,0.,1.));
#14350=DIRECTION('center_axis',(-1.,0.,0.));
#14351=DIRECTION('ref_axis',(0.,-1.,0.));
#14352=DIRECTION('',(0.,1.,0.));
#14353=DIRECTION('',(0.,-1.,0.));
#14354=DIRECTION('',(0.,0.,1.));
#14355=DIRECTION('center_axis',(0.,1.,0.));
#14356=DIRECTION('ref_axis',(-1.,0.,0.));
#14357=DIRECTION('',(1.,0.,0.));
#14358=DIRECTION('',(-1.,0.,0.));
#14359=DIRECTION('',(0.,0.,1.));
#14360=DIRECTION('center_axis',(-1.,0.,0.));
#14361=DIRECTION('ref_axis',(0.,-1.,0.));
#14362=DIRECTION('',(0.,1.,0.));
#14363=DIRECTION('',(0.,-1.,0.));
#14364=DIRECTION('',(0.,0.,1.));
#14365=DIRECTION('center_axis',(0.,-1.,0.));
#14366=DIRECTION('ref_axis',(1.,0.,0.));
#14367=DIRECTION('',(-1.,0.,0.));
#14368=DIRECTION('',(1.,0.,0.));
#14369=DIRECTION('',(0.,0.,1.));
#14370=DIRECTION('center_axis',(-1.,0.,0.));
#14371=DIRECTION('ref_axis',(0.,-1.,0.));
#14372=DIRECTION('',(0.,1.,0.));
#14373=DIRECTION('',(0.,-1.,0.));
#14374=DIRECTION('',(0.,0.,1.));
#14375=DIRECTION('center_axis',(0.,1.,0.));
#14376=DIRECTION('ref_axis',(-1.,0.,0.));
#14377=DIRECTION('',(1.,0.,0.));
#14378=DIRECTION('',(-1.,0.,0.));
#14379=DIRECTION('',(0.,0.,1.));
#14380=DIRECTION('center_axis',(-1.,0.,0.));
#14381=DIRECTION('ref_axis',(0.,-1.,0.));
#14382=DIRECTION('',(0.,1.,0.));
#14383=DIRECTION('',(0.,-1.,0.));
#14384=DIRECTION('',(0.,0.,1.));
#14385=DIRECTION('center_axis',(0.,-1.,0.));
#14386=DIRECTION('ref_axis',(1.,0.,0.));
#14387=DIRECTION('',(-1.,0.,0.));
#14388=DIRECTION('',(1.,0.,0.));
#14389=DIRECTION('center_axis',(1.,0.,0.));
#14390=DIRECTION('ref_axis',(0.,1.,0.));
#14391=DIRECTION('',(0.,-1.,0.));
#14392=DIRECTION('',(0.,0.,1.));
#14393=DIRECTION('',(0.,1.,0.));
#14394=DIRECTION('',(0.,0.,1.));
#14395=DIRECTION('center_axis',(0.,1.,0.));
#14396=DIRECTION('ref_axis',(-1.,0.,0.));
#14397=DIRECTION('',(1.,0.,0.));
#14398=DIRECTION('',(-1.,0.,0.));
#14399=DIRECTION('',(0.,0.,1.));
#14400=DIRECTION('center_axis',(-1.,0.,0.));
#14401=DIRECTION('ref_axis',(0.,-1.,0.));
#14402=DIRECTION('',(0.,1.,0.));
#14403=DIRECTION('',(0.,-1.,0.));
#14404=DIRECTION('',(0.,0.,1.));
#14405=DIRECTION('center_axis',(0.,1.,0.));
#14406=DIRECTION('ref_axis',(-1.,0.,0.));
#14407=DIRECTION('',(1.,0.,0.));
#14408=DIRECTION('',(-1.,0.,0.));
#14409=DIRECTION('',(0.,0.,1.));
#14410=DIRECTION('center_axis',(-1.,0.,0.));
#14411=DIRECTION('ref_axis',(0.,-1.,0.));
#14412=DIRECTION('',(0.,1.,0.));
#14413=DIRECTION('',(0.,-1.,0.));
#14414=DIRECTION('',(0.,0.,1.));
#14415=DIRECTION('center_axis',(0.,-1.,0.));
#14416=DIRECTION('ref_axis',(1.,0.,0.));
#14417=DIRECTION('',(-1.,0.,0.));
#14418=DIRECTION('',(1.,0.,0.));
#14419=DIRECTION('',(0.,0.,1.));
#14420=DIRECTION('center_axis',(-1.,0.,0.));
#14421=DIRECTION('ref_axis',(0.,-1.,0.));
#14422=DIRECTION('',(0.,1.,0.));
#14423=DIRECTION('',(0.,-1.,0.));
#14424=DIRECTION('',(0.,0.,1.));
#14425=DIRECTION('center_axis',(0.,1.,0.));
#14426=DIRECTION('ref_axis',(-1.,0.,0.));
#14427=DIRECTION('',(1.,0.,0.));
#14428=DIRECTION('',(-1.,0.,0.));
#14429=DIRECTION('',(0.,0.,1.));
#14430=DIRECTION('center_axis',(-1.,0.,0.));
#14431=DIRECTION('ref_axis',(0.,-1.,0.));
#14432=DIRECTION('',(0.,1.,0.));
#14433=DIRECTION('',(0.,-1.,0.));
#14434=DIRECTION('',(0.,0.,1.));
#14435=DIRECTION('center_axis',(0.,-1.,0.));
#14436=DIRECTION('ref_axis',(1.,0.,0.));
#14437=DIRECTION('',(-1.,0.,0.));
#14438=DIRECTION('',(1.,0.,0.));
#14439=DIRECTION('',(0.,0.,1.));
#14440=DIRECTION('center_axis',(-1.,0.,0.));
#14441=DIRECTION('ref_axis',(0.,-1.,0.));
#14442=DIRECTION('',(0.,1.,0.));
#14443=DIRECTION('',(0.,-1.,0.));
#14444=DIRECTION('',(0.,0.,1.));
#14445=DIRECTION('center_axis',(0.,-1.,0.));
#14446=DIRECTION('ref_axis',(1.,0.,0.));
#14447=DIRECTION('',(-1.,0.,0.));
#14448=DIRECTION('',(1.,0.,0.));
#14449=DIRECTION('',(0.,0.,1.));
#14450=DIRECTION('center_axis',(1.,0.,0.));
#14451=DIRECTION('ref_axis',(0.,1.,0.));
#14452=DIRECTION('',(0.,-1.,0.));
#14453=DIRECTION('',(0.,1.,0.));
#14454=DIRECTION('',(0.,0.,1.));
#14455=DIRECTION('center_axis',(0.,-1.,0.));
#14456=DIRECTION('ref_axis',(1.,0.,0.));
#14457=DIRECTION('',(-1.,0.,0.));
#14458=DIRECTION('',(1.,0.,0.));
#14459=DIRECTION('',(0.,0.,1.));
#14460=DIRECTION('center_axis',(1.,0.,0.));
#14461=DIRECTION('ref_axis',(0.,1.,0.));
#14462=DIRECTION('',(0.,-1.,0.));
#14463=DIRECTION('',(0.,1.,0.));
#14464=DIRECTION('',(0.,0.,1.));
#14465=DIRECTION('center_axis',(0.,1.,0.));
#14466=DIRECTION('ref_axis',(-1.,0.,0.));
#14467=DIRECTION('',(1.,0.,0.));
#14468=DIRECTION('',(-1.,0.,0.));
#14469=DIRECTION('',(0.,0.,1.));
#14470=DIRECTION('center_axis',(1.,0.,0.));
#14471=DIRECTION('ref_axis',(0.,1.,0.));
#14472=DIRECTION('',(0.,-1.,0.));
#14473=DIRECTION('',(0.,1.,0.));
#14474=DIRECTION('',(0.,0.,1.));
#14475=DIRECTION('center_axis',(0.,-1.,0.));
#14476=DIRECTION('ref_axis',(1.,0.,0.));
#14477=DIRECTION('',(-1.,0.,0.));
#14478=DIRECTION('',(1.,0.,0.));
#14479=DIRECTION('',(0.,0.,1.));
#14480=DIRECTION('center_axis',(1.,0.,0.));
#14481=DIRECTION('ref_axis',(0.,1.,0.));
#14482=DIRECTION('',(0.,-1.,0.));
#14483=DIRECTION('',(0.,1.,0.));
#14484=DIRECTION('',(0.,0.,1.));
#14485=DIRECTION('center_axis',(0.,1.,0.));
#14486=DIRECTION('ref_axis',(-1.,0.,0.));
#14487=DIRECTION('',(1.,0.,0.));
#14488=DIRECTION('',(-1.,0.,0.));
#14489=DIRECTION('center_axis',(0.,1.,0.));
#14490=DIRECTION('ref_axis',(-1.,0.,0.));
#14491=DIRECTION('',(1.,0.,0.));
#14492=DIRECTION('',(0.,0.,1.));
#14493=DIRECTION('',(-1.,0.,0.));
#14494=DIRECTION('',(0.,0.,1.));
#14495=DIRECTION('center_axis',(-1.,0.,0.));
#14496=DIRECTION('ref_axis',(0.,-1.,0.));
#14497=DIRECTION('',(0.,1.,0.));
#14498=DIRECTION('',(0.,-1.,0.));
#14499=DIRECTION('',(0.,0.,1.));
#14500=DIRECTION('center_axis',(0.,-1.,0.));
#14501=DIRECTION('ref_axis',(1.,0.,0.));
#14502=DIRECTION('',(-1.,0.,0.));
#14503=DIRECTION('',(1.,0.,0.));
#14504=DIRECTION('',(0.,0.,1.));
#14505=DIRECTION('center_axis',(-1.,0.,0.));
#14506=DIRECTION('ref_axis',(0.,-1.,0.));
#14507=DIRECTION('',(0.,1.,0.));
#14508=DIRECTION('',(0.,-1.,0.));
#14509=DIRECTION('',(0.,0.,1.));
#14510=DIRECTION('center_axis',(0.,-1.,0.));
#14511=DIRECTION('ref_axis',(1.,0.,0.));
#14512=DIRECTION('',(-1.,0.,0.));
#14513=DIRECTION('',(1.,0.,0.));
#14514=DIRECTION('',(0.,0.,1.));
#14515=DIRECTION('center_axis',(1.,0.,0.));
#14516=DIRECTION('ref_axis',(0.,1.,0.));
#14517=DIRECTION('',(0.,-1.,0.));
#14518=DIRECTION('',(0.,1.,0.));
#14519=DIRECTION('',(0.,0.,1.));
#14520=DIRECTION('center_axis',(0.,-1.,0.));
#14521=DIRECTION('ref_axis',(1.,0.,0.));
#14522=DIRECTION('',(-1.,0.,0.));
#14523=DIRECTION('',(1.,0.,0.));
#14524=DIRECTION('',(0.,0.,1.));
#14525=DIRECTION('center_axis',(1.,0.,0.));
#14526=DIRECTION('ref_axis',(0.,1.,0.));
#14527=DIRECTION('',(0.,-1.,0.));
#14528=DIRECTION('',(0.,1.,0.));
#14529=DIRECTION('',(0.,0.,1.));
#14530=DIRECTION('center_axis',(0.,1.,0.));
#14531=DIRECTION('ref_axis',(-1.,0.,0.));
#14532=DIRECTION('',(1.,0.,0.));
#14533=DIRECTION('',(-1.,0.,0.));
#14534=DIRECTION('',(0.,0.,1.));
#14535=DIRECTION('center_axis',(1.,0.,0.));
#14536=DIRECTION('ref_axis',(0.,1.,0.));
#14537=DIRECTION('',(0.,-1.,0.));
#14538=DIRECTION('',(0.,1.,0.));
#14539=DIRECTION('',(0.,0.,1.));
#14540=DIRECTION('center_axis',(0.,-1.,0.));
#14541=DIRECTION('ref_axis',(1.,0.,0.));
#14542=DIRECTION('',(-1.,0.,0.));
#14543=DIRECTION('',(1.,0.,0.));
#14544=DIRECTION('',(0.,0.,1.));
#14545=DIRECTION('center_axis',(1.,0.,0.));
#14546=DIRECTION('ref_axis',(0.,1.,0.));
#14547=DIRECTION('',(0.,-1.,0.));
#14548=DIRECTION('',(0.,1.,0.));
#14549=DIRECTION('',(0.,0.,1.));
#14550=DIRECTION('center_axis',(0.,1.,0.));
#14551=DIRECTION('ref_axis',(-1.,0.,0.));
#14552=DIRECTION('',(1.,0.,0.));
#14553=DIRECTION('',(-1.,0.,0.));
#14554=DIRECTION('',(0.,0.,1.));
#14555=DIRECTION('center_axis',(1.,0.,0.));
#14556=DIRECTION('ref_axis',(0.,1.,0.));
#14557=DIRECTION('',(0.,-1.,0.));
#14558=DIRECTION('',(0.,1.,0.));
#14559=DIRECTION('',(0.,0.,1.));
#14560=DIRECTION('center_axis',(0.,1.,0.));
#14561=DIRECTION('ref_axis',(-1.,0.,0.));
#14562=DIRECTION('',(1.,0.,0.));
#14563=DIRECTION('',(-1.,0.,0.));
#14564=DIRECTION('',(0.,0.,1.));
#14565=DIRECTION('center_axis',(-1.,0.,0.));
#14566=DIRECTION('ref_axis',(0.,-1.,0.));
#14567=DIRECTION('',(0.,1.,0.));
#14568=DIRECTION('',(0.,-1.,0.));
#14569=DIRECTION('',(0.,0.,1.));
#14570=DIRECTION('center_axis',(0.,1.,0.));
#14571=DIRECTION('ref_axis',(-1.,0.,0.));
#14572=DIRECTION('',(1.,0.,0.));
#14573=DIRECTION('',(-1.,0.,0.));
#14574=DIRECTION('',(0.,0.,1.));
#14575=DIRECTION('center_axis',(-1.,0.,0.));
#14576=DIRECTION('ref_axis',(0.,-1.,0.));
#14577=DIRECTION('',(0.,1.,0.));
#14578=DIRECTION('',(0.,-1.,0.));
#14579=DIRECTION('',(0.,0.,1.));
#14580=DIRECTION('center_axis',(0.,-1.,0.));
#14581=DIRECTION('ref_axis',(1.,0.,0.));
#14582=DIRECTION('',(-1.,0.,0.));
#14583=DIRECTION('',(1.,0.,0.));
#14584=DIRECTION('',(0.,0.,1.));
#14585=DIRECTION('center_axis',(-1.,0.,0.));
#14586=DIRECTION('ref_axis',(0.,-1.,0.));
#14587=DIRECTION('',(0.,1.,0.));
#14588=DIRECTION('',(0.,-1.,0.));
#14589=DIRECTION('center_axis',(1.,0.,0.));
#14590=DIRECTION('ref_axis',(0.,1.,0.));
#14591=DIRECTION('',(0.,-1.,0.));
#14592=DIRECTION('',(0.,0.,1.));
#14593=DIRECTION('',(0.,1.,0.));
#14594=DIRECTION('',(0.,0.,1.));
#14595=DIRECTION('center_axis',(0.,-1.,0.));
#14596=DIRECTION('ref_axis',(1.,0.,0.));
#14597=DIRECTION('',(-1.,0.,0.));
#14598=DIRECTION('',(1.,0.,0.));
#14599=DIRECTION('',(0.,0.,1.));
#14600=DIRECTION('center_axis',(1.,0.,0.));
#14601=DIRECTION('ref_axis',(0.,1.,0.));
#14602=DIRECTION('',(0.,-1.,0.));
#14603=DIRECTION('',(0.,1.,0.));
#14604=DIRECTION('',(0.,0.,1.));
#14605=DIRECTION('center_axis',(0.,1.,0.));
#14606=DIRECTION('ref_axis',(-1.,0.,0.));
#14607=DIRECTION('',(1.,0.,0.));
#14608=DIRECTION('',(-1.,0.,0.));
#14609=DIRECTION('',(0.,0.,1.));
#14610=DIRECTION('center_axis',(1.,0.,0.));
#14611=DIRECTION('ref_axis',(0.,1.,0.));
#14612=DIRECTION('',(0.,-1.,0.));
#14613=DIRECTION('',(0.,1.,0.));
#14614=DIRECTION('',(0.,0.,1.));
#14615=DIRECTION('center_axis',(0.,1.,0.));
#14616=DIRECTION('ref_axis',(-1.,0.,0.));
#14617=DIRECTION('',(1.,0.,0.));
#14618=DIRECTION('',(-1.,0.,0.));
#14619=DIRECTION('',(0.,0.,1.));
#14620=DIRECTION('center_axis',(-1.,0.,0.));
#14621=DIRECTION('ref_axis',(0.,-1.,0.));
#14622=DIRECTION('',(0.,1.,0.));
#14623=DIRECTION('',(0.,-1.,0.));
#14624=DIRECTION('',(0.,0.,1.));
#14625=DIRECTION('center_axis',(0.,1.,0.));
#14626=DIRECTION('ref_axis',(-1.,0.,0.));
#14627=DIRECTION('',(1.,0.,0.));
#14628=DIRECTION('',(-1.,0.,0.));
#14629=DIRECTION('',(0.,0.,1.));
#14630=DIRECTION('center_axis',(-1.,0.,0.));
#14631=DIRECTION('ref_axis',(0.,-1.,0.));
#14632=DIRECTION('',(0.,1.,0.));
#14633=DIRECTION('',(0.,-1.,0.));
#14634=DIRECTION('',(0.,0.,1.));
#14635=DIRECTION('center_axis',(0.,-1.,0.));
#14636=DIRECTION('ref_axis',(1.,0.,0.));
#14637=DIRECTION('',(-1.,0.,0.));
#14638=DIRECTION('',(1.,0.,0.));
#14639=DIRECTION('',(0.,0.,1.));
#14640=DIRECTION('center_axis',(-1.,0.,0.));
#14641=DIRECTION('ref_axis',(0.,-1.,0.));
#14642=DIRECTION('',(0.,1.,0.));
#14643=DIRECTION('',(0.,-1.,0.));
#14644=DIRECTION('',(0.,0.,1.));
#14645=DIRECTION('center_axis',(0.,1.,0.));
#14646=DIRECTION('ref_axis',(-1.,0.,0.));
#14647=DIRECTION('',(1.,0.,0.));
#14648=DIRECTION('',(-1.,0.,0.));
#14649=DIRECTION('',(0.,0.,1.));
#14650=DIRECTION('center_axis',(-1.,0.,0.));
#14651=DIRECTION('ref_axis',(0.,-1.,0.));
#14652=DIRECTION('',(0.,1.,0.));
#14653=DIRECTION('',(0.,-1.,0.));
#14654=DIRECTION('',(0.,0.,1.));
#14655=DIRECTION('center_axis',(0.,-1.,0.));
#14656=DIRECTION('ref_axis',(1.,0.,0.));
#14657=DIRECTION('',(-1.,0.,0.));
#14658=DIRECTION('',(1.,0.,0.));
#14659=DIRECTION('',(0.,0.,1.));
#14660=DIRECTION('center_axis',(-1.,0.,0.));
#14661=DIRECTION('ref_axis',(0.,-1.,0.));
#14662=DIRECTION('',(0.,1.,0.));
#14663=DIRECTION('',(0.,-1.,0.));
#14664=DIRECTION('',(0.,0.,1.));
#14665=DIRECTION('center_axis',(0.,-1.,0.));
#14666=DIRECTION('ref_axis',(1.,0.,0.));
#14667=DIRECTION('',(-1.,0.,0.));
#14668=DIRECTION('',(1.,0.,0.));
#14669=DIRECTION('',(0.,0.,1.));
#14670=DIRECTION('center_axis',(1.,0.,0.));
#14671=DIRECTION('ref_axis',(0.,1.,0.));
#14672=DIRECTION('',(0.,-1.,0.));
#14673=DIRECTION('',(0.,1.,0.));
#14674=DIRECTION('',(0.,0.,1.));
#14675=DIRECTION('center_axis',(0.,-1.,0.));
#14676=DIRECTION('ref_axis',(1.,0.,0.));
#14677=DIRECTION('',(-1.,0.,0.));
#14678=DIRECTION('',(1.,0.,0.));
#14679=DIRECTION('',(0.,0.,1.));
#14680=DIRECTION('center_axis',(1.,0.,0.));
#14681=DIRECTION('ref_axis',(0.,1.,0.));
#14682=DIRECTION('',(0.,-1.,0.));
#14683=DIRECTION('',(0.,1.,0.));
#14684=DIRECTION('',(0.,0.,1.));
#14685=DIRECTION('center_axis',(0.,1.,0.));
#14686=DIRECTION('ref_axis',(-1.,0.,0.));
#14687=DIRECTION('',(1.,0.,0.));
#14688=DIRECTION('',(-1.,0.,0.));
#14689=DIRECTION('center_axis',(0.,-1.,0.));
#14690=DIRECTION('ref_axis',(1.,0.,0.));
#14691=DIRECTION('',(-1.,0.,0.));
#14692=DIRECTION('',(0.,0.,1.));
#14693=DIRECTION('',(1.,0.,0.));
#14694=DIRECTION('',(0.,0.,1.));
#14695=DIRECTION('center_axis',(1.,0.,0.));
#14696=DIRECTION('ref_axis',(0.,1.,0.));
#14697=DIRECTION('',(0.,-1.,0.));
#14698=DIRECTION('',(0.,1.,0.));
#14699=DIRECTION('',(0.,0.,1.));
#14700=DIRECTION('center_axis',(0.,1.,0.));
#14701=DIRECTION('ref_axis',(-1.,0.,0.));
#14702=DIRECTION('',(1.,0.,0.));
#14703=DIRECTION('',(-1.,0.,0.));
#14704=DIRECTION('',(0.,0.,1.));
#14705=DIRECTION('center_axis',(1.,0.,0.));
#14706=DIRECTION('ref_axis',(0.,1.,0.));
#14707=DIRECTION('',(0.,-1.,0.));
#14708=DIRECTION('',(0.,1.,0.));
#14709=DIRECTION('',(0.,0.,1.));
#14710=DIRECTION('center_axis',(0.,1.,0.));
#14711=DIRECTION('ref_axis',(-1.,0.,0.));
#14712=DIRECTION('',(1.,0.,0.));
#14713=DIRECTION('',(-1.,0.,0.));
#14714=DIRECTION('',(0.,0.,1.));
#14715=DIRECTION('center_axis',(-1.,0.,0.));
#14716=DIRECTION('ref_axis',(0.,-1.,0.));
#14717=DIRECTION('',(0.,1.,0.));
#14718=DIRECTION('',(0.,-1.,0.));
#14719=DIRECTION('',(0.,0.,1.));
#14720=DIRECTION('center_axis',(0.,1.,0.));
#14721=DIRECTION('ref_axis',(-1.,0.,0.));
#14722=DIRECTION('',(1.,0.,0.));
#14723=DIRECTION('',(-1.,0.,0.));
#14724=DIRECTION('',(0.,0.,1.));
#14725=DIRECTION('center_axis',(-1.,0.,0.));
#14726=DIRECTION('ref_axis',(0.,-1.,0.));
#14727=DIRECTION('',(0.,1.,0.));
#14728=DIRECTION('',(0.,-1.,0.));
#14729=DIRECTION('',(0.,0.,1.));
#14730=DIRECTION('center_axis',(0.,-1.,0.));
#14731=DIRECTION('ref_axis',(1.,0.,0.));
#14732=DIRECTION('',(-1.,0.,0.));
#14733=DIRECTION('',(1.,0.,0.));
#14734=DIRECTION('',(0.,0.,1.));
#14735=DIRECTION('center_axis',(-1.,0.,0.));
#14736=DIRECTION('ref_axis',(0.,-1.,0.));
#14737=DIRECTION('',(0.,1.,0.));
#14738=DIRECTION('',(0.,-1.,0.));
#14739=DIRECTION('',(0.,0.,1.));
#14740=DIRECTION('center_axis',(0.,1.,0.));
#14741=DIRECTION('ref_axis',(-1.,0.,0.));
#14742=DIRECTION('',(1.,0.,0.));
#14743=DIRECTION('',(-1.,0.,0.));
#14744=DIRECTION('',(0.,0.,1.));
#14745=DIRECTION('center_axis',(-1.,0.,0.));
#14746=DIRECTION('ref_axis',(0.,-1.,0.));
#14747=DIRECTION('',(0.,1.,0.));
#14748=DIRECTION('',(0.,-1.,0.));
#14749=DIRECTION('',(0.,0.,1.));
#14750=DIRECTION('center_axis',(0.,-1.,0.));
#14751=DIRECTION('ref_axis',(1.,0.,0.));
#14752=DIRECTION('',(-1.,0.,0.));
#14753=DIRECTION('',(1.,0.,0.));
#14754=DIRECTION('',(0.,0.,1.));
#14755=DIRECTION('center_axis',(-1.,0.,0.));
#14756=DIRECTION('ref_axis',(0.,-1.,0.));
#14757=DIRECTION('',(0.,1.,0.));
#14758=DIRECTION('',(0.,-1.,0.));
#14759=DIRECTION('',(0.,0.,1.));
#14760=DIRECTION('center_axis',(0.,-1.,0.));
#14761=DIRECTION('ref_axis',(1.,0.,0.));
#14762=DIRECTION('',(-1.,0.,0.));
#14763=DIRECTION('',(1.,0.,0.));
#14764=DIRECTION('',(0.,0.,1.));
#14765=DIRECTION('center_axis',(1.,0.,0.));
#14766=DIRECTION('ref_axis',(0.,1.,0.));
#14767=DIRECTION('',(0.,-1.,0.));
#14768=DIRECTION('',(0.,1.,0.));
#14769=DIRECTION('',(0.,0.,1.));
#14770=DIRECTION('center_axis',(0.,-1.,0.));
#14771=DIRECTION('ref_axis',(1.,0.,0.));
#14772=DIRECTION('',(-1.,0.,0.));
#14773=DIRECTION('',(1.,0.,0.));
#14774=DIRECTION('',(0.,0.,1.));
#14775=DIRECTION('center_axis',(1.,0.,0.));
#14776=DIRECTION('ref_axis',(0.,1.,0.));
#14777=DIRECTION('',(0.,-1.,0.));
#14778=DIRECTION('',(0.,1.,0.));
#14779=DIRECTION('',(0.,0.,1.));
#14780=DIRECTION('center_axis',(0.,1.,0.));
#14781=DIRECTION('ref_axis',(-1.,0.,0.));
#14782=DIRECTION('',(1.,0.,0.));
#14783=DIRECTION('',(-1.,0.,0.));
#14784=DIRECTION('',(0.,0.,1.));
#14785=DIRECTION('center_axis',(1.,0.,0.));
#14786=DIRECTION('ref_axis',(0.,1.,0.));
#14787=DIRECTION('',(0.,-1.,0.));
#14788=DIRECTION('',(0.,1.,0.));
#14789=DIRECTION('center_axis',(0.,1.,0.));
#14790=DIRECTION('ref_axis',(-1.,0.,0.));
#14791=DIRECTION('',(1.,0.,0.));
#14792=DIRECTION('',(0.,0.,1.));
#14793=DIRECTION('',(-1.,0.,0.));
#14794=DIRECTION('',(0.,0.,1.));
#14795=DIRECTION('center_axis',(1.,0.,0.));
#14796=DIRECTION('ref_axis',(0.,1.,0.));
#14797=DIRECTION('',(0.,-1.,0.));
#14798=DIRECTION('',(0.,1.,0.));
#14799=DIRECTION('',(0.,0.,1.));
#14800=DIRECTION('center_axis',(0.,1.,0.));
#14801=DIRECTION('ref_axis',(-1.,0.,0.));
#14802=DIRECTION('',(1.,0.,0.));
#14803=DIRECTION('',(-1.,0.,0.));
#14804=DIRECTION('',(0.,0.,1.));
#14805=DIRECTION('center_axis',(-1.,0.,0.));
#14806=DIRECTION('ref_axis',(0.,-1.,0.));
#14807=DIRECTION('',(0.,1.,0.));
#14808=DIRECTION('',(0.,-1.,0.));
#14809=DIRECTION('',(0.,0.,1.));
#14810=DIRECTION('center_axis',(0.,1.,0.));
#14811=DIRECTION('ref_axis',(-1.,0.,0.));
#14812=DIRECTION('',(1.,0.,0.));
#14813=DIRECTION('',(-1.,0.,0.));
#14814=DIRECTION('',(0.,0.,1.));
#14815=DIRECTION('center_axis',(-1.,0.,0.));
#14816=DIRECTION('ref_axis',(0.,-1.,0.));
#14817=DIRECTION('',(0.,1.,0.));
#14818=DIRECTION('',(0.,-1.,0.));
#14819=DIRECTION('',(0.,0.,1.));
#14820=DIRECTION('center_axis',(0.,-1.,0.));
#14821=DIRECTION('ref_axis',(1.,0.,0.));
#14822=DIRECTION('',(-1.,0.,0.));
#14823=DIRECTION('',(1.,0.,0.));
#14824=DIRECTION('',(0.,0.,1.));
#14825=DIRECTION('center_axis',(-1.,0.,0.));
#14826=DIRECTION('ref_axis',(0.,-1.,0.));
#14827=DIRECTION('',(0.,1.,0.));
#14828=DIRECTION('',(0.,-1.,0.));
#14829=DIRECTION('',(0.,0.,1.));
#14830=DIRECTION('center_axis',(0.,1.,0.));
#14831=DIRECTION('ref_axis',(-1.,0.,0.));
#14832=DIRECTION('',(1.,0.,0.));
#14833=DIRECTION('',(-1.,0.,0.));
#14834=DIRECTION('',(0.,0.,1.));
#14835=DIRECTION('center_axis',(-1.,0.,0.));
#14836=DIRECTION('ref_axis',(0.,-1.,0.));
#14837=DIRECTION('',(0.,1.,0.));
#14838=DIRECTION('',(0.,-1.,0.));
#14839=DIRECTION('',(0.,0.,1.));
#14840=DIRECTION('center_axis',(0.,-1.,0.));
#14841=DIRECTION('ref_axis',(1.,0.,0.));
#14842=DIRECTION('',(-1.,0.,0.));
#14843=DIRECTION('',(1.,0.,0.));
#14844=DIRECTION('',(0.,0.,1.));
#14845=DIRECTION('center_axis',(-1.,0.,0.));
#14846=DIRECTION('ref_axis',(0.,-1.,0.));
#14847=DIRECTION('',(0.,1.,0.));
#14848=DIRECTION('',(0.,-1.,0.));
#14849=DIRECTION('',(0.,0.,1.));
#14850=DIRECTION('center_axis',(0.,-1.,0.));
#14851=DIRECTION('ref_axis',(1.,0.,0.));
#14852=DIRECTION('',(-1.,0.,0.));
#14853=DIRECTION('',(1.,0.,0.));
#14854=DIRECTION('',(0.,0.,1.));
#14855=DIRECTION('center_axis',(1.,0.,0.));
#14856=DIRECTION('ref_axis',(0.,1.,0.));
#14857=DIRECTION('',(0.,-1.,0.));
#14858=DIRECTION('',(0.,1.,0.));
#14859=DIRECTION('',(0.,0.,1.));
#14860=DIRECTION('center_axis',(0.,-1.,0.));
#14861=DIRECTION('ref_axis',(1.,0.,0.));
#14862=DIRECTION('',(-1.,0.,0.));
#14863=DIRECTION('',(1.,0.,0.));
#14864=DIRECTION('',(0.,0.,1.));
#14865=DIRECTION('center_axis',(1.,0.,0.));
#14866=DIRECTION('ref_axis',(0.,1.,0.));
#14867=DIRECTION('',(0.,-1.,0.));
#14868=DIRECTION('',(0.,1.,0.));
#14869=DIRECTION('',(0.,0.,1.));
#14870=DIRECTION('center_axis',(0.,1.,0.));
#14871=DIRECTION('ref_axis',(-1.,0.,0.));
#14872=DIRECTION('',(1.,0.,0.));
#14873=DIRECTION('',(-1.,0.,0.));
#14874=DIRECTION('',(0.,0.,1.));
#14875=DIRECTION('center_axis',(1.,0.,0.));
#14876=DIRECTION('ref_axis',(0.,1.,0.));
#14877=DIRECTION('',(0.,-1.,0.));
#14878=DIRECTION('',(0.,1.,0.));
#14879=DIRECTION('',(0.,0.,1.));
#14880=DIRECTION('center_axis',(0.,-1.,0.));
#14881=DIRECTION('ref_axis',(1.,0.,0.));
#14882=DIRECTION('',(-1.,0.,0.));
#14883=DIRECTION('',(1.,0.,0.));
#14884=DIRECTION('',(0.,0.,1.));
#14885=DIRECTION('center_axis',(1.,0.,0.));
#14886=DIRECTION('ref_axis',(0.,1.,0.));
#14887=DIRECTION('',(0.,-1.,0.));
#14888=DIRECTION('',(0.,1.,0.));
#14889=DIRECTION('center_axis',(-1.,0.,0.));
#14890=DIRECTION('ref_axis',(0.,-1.,0.));
#14891=DIRECTION('',(0.,1.,0.));
#14892=DIRECTION('',(0.,0.,1.));
#14893=DIRECTION('',(0.,-1.,0.));
#14894=DIRECTION('',(0.,0.,1.));
#14895=DIRECTION('center_axis',(0.,-1.,0.));
#14896=DIRECTION('ref_axis',(1.,0.,0.));
#14897=DIRECTION('',(-1.,0.,0.));
#14898=DIRECTION('',(1.,0.,0.));
#14899=DIRECTION('',(0.,0.,1.));
#14900=DIRECTION('center_axis',(1.,0.,0.));
#14901=DIRECTION('ref_axis',(0.,1.,0.));
#14902=DIRECTION('',(0.,-1.,0.));
#14903=DIRECTION('',(0.,1.,0.));
#14904=DIRECTION('',(0.,0.,1.));
#14905=DIRECTION('center_axis',(0.,-1.,0.));
#14906=DIRECTION('ref_axis',(1.,0.,0.));
#14907=DIRECTION('',(-1.,0.,0.));
#14908=DIRECTION('',(1.,0.,0.));
#14909=DIRECTION('',(0.,0.,1.));
#14910=DIRECTION('center_axis',(1.,0.,0.));
#14911=DIRECTION('ref_axis',(0.,1.,0.));
#14912=DIRECTION('',(0.,-1.,0.));
#14913=DIRECTION('',(0.,1.,0.));
#14914=DIRECTION('',(0.,0.,1.));
#14915=DIRECTION('center_axis',(0.,1.,0.));
#14916=DIRECTION('ref_axis',(-1.,0.,0.));
#14917=DIRECTION('',(1.,0.,0.));
#14918=DIRECTION('',(-1.,0.,0.));
#14919=DIRECTION('',(0.,0.,1.));
#14920=DIRECTION('center_axis',(1.,0.,0.));
#14921=DIRECTION('ref_axis',(0.,1.,0.));
#14922=DIRECTION('',(0.,-1.,0.));
#14923=DIRECTION('',(0.,1.,0.));
#14924=DIRECTION('',(0.,0.,1.));
#14925=DIRECTION('center_axis',(0.,-1.,0.));
#14926=DIRECTION('ref_axis',(1.,0.,0.));
#14927=DIRECTION('',(-1.,0.,0.));
#14928=DIRECTION('',(1.,0.,0.));
#14929=DIRECTION('',(0.,0.,1.));
#14930=DIRECTION('center_axis',(1.,0.,0.));
#14931=DIRECTION('ref_axis',(0.,1.,0.));
#14932=DIRECTION('',(0.,-1.,0.));
#14933=DIRECTION('',(0.,1.,0.));
#14934=DIRECTION('',(0.,0.,1.));
#14935=DIRECTION('center_axis',(0.,1.,0.));
#14936=DIRECTION('ref_axis',(-1.,0.,0.));
#14937=DIRECTION('',(1.,0.,0.));
#14938=DIRECTION('',(-1.,0.,0.));
#14939=DIRECTION('',(0.,0.,1.));
#14940=DIRECTION('center_axis',(1.,0.,0.));
#14941=DIRECTION('ref_axis',(0.,1.,0.));
#14942=DIRECTION('',(0.,-1.,0.));
#14943=DIRECTION('',(0.,1.,0.));
#14944=DIRECTION('',(0.,0.,1.));
#14945=DIRECTION('center_axis',(0.,1.,0.));
#14946=DIRECTION('ref_axis',(-1.,0.,0.));
#14947=DIRECTION('',(1.,0.,0.));
#14948=DIRECTION('',(-1.,0.,0.));
#14949=DIRECTION('',(0.,0.,1.));
#14950=DIRECTION('center_axis',(-1.,0.,0.));
#14951=DIRECTION('ref_axis',(0.,-1.,0.));
#14952=DIRECTION('',(0.,1.,0.));
#14953=DIRECTION('',(0.,-1.,0.));
#14954=DIRECTION('',(0.,0.,1.));
#14955=DIRECTION('center_axis',(0.,1.,0.));
#14956=DIRECTION('ref_axis',(-1.,0.,0.));
#14957=DIRECTION('',(1.,0.,0.));
#14958=DIRECTION('',(-1.,0.,0.));
#14959=DIRECTION('',(0.,0.,1.));
#14960=DIRECTION('center_axis',(-1.,0.,0.));
#14961=DIRECTION('ref_axis',(0.,-1.,0.));
#14962=DIRECTION('',(0.,1.,0.));
#14963=DIRECTION('',(0.,-1.,0.));
#14964=DIRECTION('',(0.,0.,1.));
#14965=DIRECTION('center_axis',(0.,-1.,0.));
#14966=DIRECTION('ref_axis',(1.,0.,0.));
#14967=DIRECTION('',(-1.,0.,0.));
#14968=DIRECTION('',(1.,0.,0.));
#14969=DIRECTION('',(0.,0.,1.));
#14970=DIRECTION('center_axis',(-1.,0.,0.));
#14971=DIRECTION('ref_axis',(0.,-1.,0.));
#14972=DIRECTION('',(0.,1.,0.));
#14973=DIRECTION('',(0.,-1.,0.));
#14974=DIRECTION('',(0.,0.,1.));
#14975=DIRECTION('center_axis',(0.,1.,0.));
#14976=DIRECTION('ref_axis',(-1.,0.,0.));
#14977=DIRECTION('',(1.,0.,0.));
#14978=DIRECTION('',(-1.,0.,0.));
#14979=DIRECTION('',(0.,0.,1.));
#14980=DIRECTION('center_axis',(-1.,0.,0.));
#14981=DIRECTION('ref_axis',(0.,-1.,0.));
#14982=DIRECTION('',(0.,1.,0.));
#14983=DIRECTION('',(0.,-1.,0.));
#14984=DIRECTION('',(0.,0.,1.));
#14985=DIRECTION('center_axis',(0.,-1.,0.));
#14986=DIRECTION('ref_axis',(1.,0.,0.));
#14987=DIRECTION('',(-1.,0.,0.));
#14988=DIRECTION('',(1.,0.,0.));
#14989=DIRECTION('center_axis',(-1.,0.,0.));
#14990=DIRECTION('ref_axis',(0.,-1.,0.));
#14991=DIRECTION('',(0.,1.,0.));
#14992=DIRECTION('',(0.,0.,1.));
#14993=DIRECTION('',(0.,-1.,0.));
#14994=DIRECTION('',(0.,0.,1.));
#14995=DIRECTION('center_axis',(0.,-1.,0.));
#14996=DIRECTION('ref_axis',(1.,0.,0.));
#14997=DIRECTION('',(-1.,0.,0.));
#14998=DIRECTION('',(1.,0.,0.));
#14999=DIRECTION('',(0.,0.,1.));
#15000=DIRECTION('center_axis',(-1.,0.,0.));
#15001=DIRECTION('ref_axis',(0.,-1.,0.));
#15002=DIRECTION('',(0.,1.,0.));
#15003=DIRECTION('',(0.,-1.,0.));
#15004=DIRECTION('',(0.,0.,1.));
#15005=DIRECTION('center_axis',(0.,1.,0.));
#15006=DIRECTION('ref_axis',(-1.,0.,0.));
#15007=DIRECTION('',(1.,0.,0.));
#15008=DIRECTION('',(-1.,0.,0.));
#15009=DIRECTION('',(0.,0.,1.));
#15010=DIRECTION('center_axis',(-1.,0.,0.));
#15011=DIRECTION('ref_axis',(0.,-1.,0.));
#15012=DIRECTION('',(0.,1.,0.));
#15013=DIRECTION('',(0.,-1.,0.));
#15014=DIRECTION('',(0.,0.,1.));
#15015=DIRECTION('center_axis',(0.,-1.,0.));
#15016=DIRECTION('ref_axis',(1.,0.,0.));
#15017=DIRECTION('',(-1.,0.,0.));
#15018=DIRECTION('',(1.,0.,0.));
#15019=DIRECTION('',(0.,0.,1.));
#15020=DIRECTION('center_axis',(-1.,0.,0.));
#15021=DIRECTION('ref_axis',(0.,-1.,0.));
#15022=DIRECTION('',(0.,1.,0.));
#15023=DIRECTION('',(0.,-1.,0.));
#15024=DIRECTION('',(0.,0.,1.));
#15025=DIRECTION('center_axis',(0.,-1.,0.));
#15026=DIRECTION('ref_axis',(1.,0.,0.));
#15027=DIRECTION('',(-1.,0.,0.));
#15028=DIRECTION('',(1.,0.,0.));
#15029=DIRECTION('',(0.,0.,1.));
#15030=DIRECTION('center_axis',(1.,0.,0.));
#15031=DIRECTION('ref_axis',(0.,1.,0.));
#15032=DIRECTION('',(0.,-1.,0.));
#15033=DIRECTION('',(0.,1.,0.));
#15034=DIRECTION('',(0.,0.,1.));
#15035=DIRECTION('center_axis',(0.,-1.,0.));
#15036=DIRECTION('ref_axis',(1.,0.,0.));
#15037=DIRECTION('',(-1.,0.,0.));
#15038=DIRECTION('',(1.,0.,0.));
#15039=DIRECTION('',(0.,0.,1.));
#15040=DIRECTION('center_axis',(1.,0.,0.));
#15041=DIRECTION('ref_axis',(0.,1.,0.));
#15042=DIRECTION('',(0.,-1.,0.));
#15043=DIRECTION('',(0.,1.,0.));
#15044=DIRECTION('',(0.,0.,1.));
#15045=DIRECTION('center_axis',(0.,1.,0.));
#15046=DIRECTION('ref_axis',(-1.,0.,0.));
#15047=DIRECTION('',(1.,0.,0.));
#15048=DIRECTION('',(-1.,0.,0.));
#15049=DIRECTION('',(0.,0.,1.));
#15050=DIRECTION('center_axis',(1.,0.,0.));
#15051=DIRECTION('ref_axis',(0.,1.,0.));
#15052=DIRECTION('',(0.,-1.,0.));
#15053=DIRECTION('',(0.,1.,0.));
#15054=DIRECTION('',(0.,0.,1.));
#15055=DIRECTION('center_axis',(0.,-1.,0.));
#15056=DIRECTION('ref_axis',(1.,0.,0.));
#15057=DIRECTION('',(-1.,0.,0.));
#15058=DIRECTION('',(1.,0.,0.));
#15059=DIRECTION('',(0.,0.,1.));
#15060=DIRECTION('center_axis',(1.,0.,0.));
#15061=DIRECTION('ref_axis',(0.,1.,0.));
#15062=DIRECTION('',(0.,-1.,0.));
#15063=DIRECTION('',(0.,1.,0.));
#15064=DIRECTION('',(0.,0.,1.));
#15065=DIRECTION('center_axis',(0.,1.,0.));
#15066=DIRECTION('ref_axis',(-1.,0.,0.));
#15067=DIRECTION('',(1.,0.,0.));
#15068=DIRECTION('',(-1.,0.,0.));
#15069=DIRECTION('',(0.,0.,1.));
#15070=DIRECTION('center_axis',(1.,0.,0.));
#15071=DIRECTION('ref_axis',(0.,1.,0.));
#15072=DIRECTION('',(0.,-1.,0.));
#15073=DIRECTION('',(0.,1.,0.));
#15074=DIRECTION('',(0.,0.,1.));
#15075=DIRECTION('center_axis',(0.,1.,0.));
#15076=DIRECTION('ref_axis',(-1.,0.,0.));
#15077=DIRECTION('',(1.,0.,0.));
#15078=DIRECTION('',(-1.,0.,0.));
#15079=DIRECTION('',(0.,0.,1.));
#15080=DIRECTION('center_axis',(-1.,0.,0.));
#15081=DIRECTION('ref_axis',(0.,-1.,0.));
#15082=DIRECTION('',(0.,1.,0.));
#15083=DIRECTION('',(0.,-1.,0.));
#15084=DIRECTION('',(0.,0.,1.));
#15085=DIRECTION('center_axis',(0.,1.,0.));
#15086=DIRECTION('ref_axis',(-1.,0.,0.));
#15087=DIRECTION('',(1.,0.,0.));
#15088=DIRECTION('',(-1.,0.,0.));
#15089=DIRECTION('center_axis',(-1.,0.,0.));
#15090=DIRECTION('ref_axis',(0.,-1.,0.));
#15091=DIRECTION('',(0.,1.,0.));
#15092=DIRECTION('',(0.,0.,1.));
#15093=DIRECTION('',(0.,-1.,0.));
#15094=DIRECTION('',(0.,0.,1.));
#15095=DIRECTION('center_axis',(0.,1.,0.));
#15096=DIRECTION('ref_axis',(-1.,0.,0.));
#15097=DIRECTION('',(1.,0.,0.));
#15098=DIRECTION('',(-1.,0.,0.));
#15099=DIRECTION('',(0.,0.,1.));
#15100=DIRECTION('center_axis',(-1.,0.,0.));
#15101=DIRECTION('ref_axis',(0.,-1.,0.));
#15102=DIRECTION('',(0.,1.,0.));
#15103=DIRECTION('',(0.,-1.,0.));
#15104=DIRECTION('',(0.,0.,1.));
#15105=DIRECTION('center_axis',(0.,-1.,0.));
#15106=DIRECTION('ref_axis',(1.,0.,0.));
#15107=DIRECTION('',(-1.,0.,0.));
#15108=DIRECTION('',(1.,0.,0.));
#15109=DIRECTION('',(0.,0.,1.));
#15110=DIRECTION('center_axis',(-1.,0.,0.));
#15111=DIRECTION('ref_axis',(0.,-1.,0.));
#15112=DIRECTION('',(0.,1.,0.));
#15113=DIRECTION('',(0.,-1.,0.));
#15114=DIRECTION('',(0.,0.,1.));
#15115=DIRECTION('center_axis',(0.,-1.,0.));
#15116=DIRECTION('ref_axis',(1.,0.,0.));
#15117=DIRECTION('',(-1.,0.,0.));
#15118=DIRECTION('',(1.,0.,0.));
#15119=DIRECTION('',(0.,0.,1.));
#15120=DIRECTION('center_axis',(1.,0.,0.));
#15121=DIRECTION('ref_axis',(0.,1.,0.));
#15122=DIRECTION('',(0.,-1.,0.));
#15123=DIRECTION('',(0.,1.,0.));
#15124=DIRECTION('',(0.,0.,1.));
#15125=DIRECTION('center_axis',(0.,-1.,0.));
#15126=DIRECTION('ref_axis',(1.,0.,0.));
#15127=DIRECTION('',(-1.,0.,0.));
#15128=DIRECTION('',(1.,0.,0.));
#15129=DIRECTION('',(0.,0.,1.));
#15130=DIRECTION('center_axis',(1.,0.,0.));
#15131=DIRECTION('ref_axis',(0.,1.,0.));
#15132=DIRECTION('',(0.,-1.,0.));
#15133=DIRECTION('',(0.,1.,0.));
#15134=DIRECTION('',(0.,0.,1.));
#15135=DIRECTION('center_axis',(0.,1.,0.));
#15136=DIRECTION('ref_axis',(-1.,0.,0.));
#15137=DIRECTION('',(1.,0.,0.));
#15138=DIRECTION('',(-1.,0.,0.));
#15139=DIRECTION('',(0.,0.,1.));
#15140=DIRECTION('center_axis',(1.,0.,0.));
#15141=DIRECTION('ref_axis',(0.,1.,0.));
#15142=DIRECTION('',(0.,-1.,0.));
#15143=DIRECTION('',(0.,1.,0.));
#15144=DIRECTION('',(0.,0.,1.));
#15145=DIRECTION('center_axis',(0.,-1.,0.));
#15146=DIRECTION('ref_axis',(1.,0.,0.));
#15147=DIRECTION('',(-1.,0.,0.));
#15148=DIRECTION('',(1.,0.,0.));
#15149=DIRECTION('',(0.,0.,1.));
#15150=DIRECTION('center_axis',(1.,0.,0.));
#15151=DIRECTION('ref_axis',(0.,1.,0.));
#15152=DIRECTION('',(0.,-1.,0.));
#15153=DIRECTION('',(0.,1.,0.));
#15154=DIRECTION('',(0.,0.,1.));
#15155=DIRECTION('center_axis',(0.,1.,0.));
#15156=DIRECTION('ref_axis',(-1.,0.,0.));
#15157=DIRECTION('',(1.,0.,0.));
#15158=DIRECTION('',(-1.,0.,0.));
#15159=DIRECTION('',(0.,0.,1.));
#15160=DIRECTION('center_axis',(1.,0.,0.));
#15161=DIRECTION('ref_axis',(0.,1.,0.));
#15162=DIRECTION('',(0.,-1.,0.));
#15163=DIRECTION('',(0.,1.,0.));
#15164=DIRECTION('',(0.,0.,1.));
#15165=DIRECTION('center_axis',(0.,1.,0.));
#15166=DIRECTION('ref_axis',(-1.,0.,0.));
#15167=DIRECTION('',(1.,0.,0.));
#15168=DIRECTION('',(-1.,0.,0.));
#15169=DIRECTION('',(0.,0.,1.));
#15170=DIRECTION('center_axis',(-1.,0.,0.));
#15171=DIRECTION('ref_axis',(0.,-1.,0.));
#15172=DIRECTION('',(0.,1.,0.));
#15173=DIRECTION('',(0.,-1.,0.));
#15174=DIRECTION('',(0.,0.,1.));
#15175=DIRECTION('center_axis',(0.,1.,0.));
#15176=DIRECTION('ref_axis',(-1.,0.,0.));
#15177=DIRECTION('',(1.,0.,0.));
#15178=DIRECTION('',(-1.,0.,0.));
#15179=DIRECTION('',(0.,0.,1.));
#15180=DIRECTION('center_axis',(-1.,0.,0.));
#15181=DIRECTION('ref_axis',(0.,-1.,0.));
#15182=DIRECTION('',(0.,1.,0.));
#15183=DIRECTION('',(0.,-1.,0.));
#15184=DIRECTION('',(0.,0.,1.));
#15185=DIRECTION('center_axis',(0.,-1.,0.));
#15186=DIRECTION('ref_axis',(1.,0.,0.));
#15187=DIRECTION('',(-1.,0.,0.));
#15188=DIRECTION('',(1.,0.,0.));
#15189=DIRECTION('center_axis',(0.,1.,0.));
#15190=DIRECTION('ref_axis',(-1.,0.,0.));
#15191=DIRECTION('',(1.,0.,0.));
#15192=DIRECTION('',(0.,0.,1.));
#15193=DIRECTION('',(-1.,0.,0.));
#15194=DIRECTION('',(0.,0.,1.));
#15195=DIRECTION('center_axis',(1.,0.,0.));
#15196=DIRECTION('ref_axis',(0.,1.,0.));
#15197=DIRECTION('',(0.,-1.,0.));
#15198=DIRECTION('',(0.,1.,0.));
#15199=DIRECTION('',(0.,0.,1.));
#15200=DIRECTION('center_axis',(0.,-1.,0.));
#15201=DIRECTION('ref_axis',(1.,0.,0.));
#15202=DIRECTION('',(-1.,0.,0.));
#15203=DIRECTION('',(1.,0.,0.));
#15204=DIRECTION('',(0.,0.,1.));
#15205=DIRECTION('center_axis',(1.,0.,0.));
#15206=DIRECTION('ref_axis',(0.,1.,0.));
#15207=DIRECTION('',(0.,-1.,0.));
#15208=DIRECTION('',(0.,1.,0.));
#15209=DIRECTION('',(0.,0.,1.));
#15210=DIRECTION('center_axis',(0.,1.,0.));
#15211=DIRECTION('ref_axis',(-1.,0.,0.));
#15212=DIRECTION('',(1.,0.,0.));
#15213=DIRECTION('',(-1.,0.,0.));
#15214=DIRECTION('',(0.,0.,1.));
#15215=DIRECTION('center_axis',(1.,0.,0.));
#15216=DIRECTION('ref_axis',(0.,1.,0.));
#15217=DIRECTION('',(0.,-1.,0.));
#15218=DIRECTION('',(0.,1.,0.));
#15219=DIRECTION('',(0.,0.,1.));
#15220=DIRECTION('center_axis',(0.,1.,0.));
#15221=DIRECTION('ref_axis',(-1.,0.,0.));
#15222=DIRECTION('',(1.,0.,0.));
#15223=DIRECTION('',(-1.,0.,0.));
#15224=DIRECTION('',(0.,0.,1.));
#15225=DIRECTION('center_axis',(-1.,0.,0.));
#15226=DIRECTION('ref_axis',(0.,-1.,0.));
#15227=DIRECTION('',(0.,1.,0.));
#15228=DIRECTION('',(0.,-1.,0.));
#15229=DIRECTION('',(0.,0.,1.));
#15230=DIRECTION('center_axis',(0.,1.,0.));
#15231=DIRECTION('ref_axis',(-1.,0.,0.));
#15232=DIRECTION('',(1.,0.,0.));
#15233=DIRECTION('',(-1.,0.,0.));
#15234=DIRECTION('',(0.,0.,1.));
#15235=DIRECTION('center_axis',(-1.,0.,0.));
#15236=DIRECTION('ref_axis',(0.,-1.,0.));
#15237=DIRECTION('',(0.,1.,0.));
#15238=DIRECTION('',(0.,-1.,0.));
#15239=DIRECTION('',(0.,0.,1.));
#15240=DIRECTION('center_axis',(0.,-1.,0.));
#15241=DIRECTION('ref_axis',(1.,0.,0.));
#15242=DIRECTION('',(-1.,0.,0.));
#15243=DIRECTION('',(1.,0.,0.));
#15244=DIRECTION('',(0.,0.,1.));
#15245=DIRECTION('center_axis',(-1.,0.,0.));
#15246=DIRECTION('ref_axis',(0.,-1.,0.));
#15247=DIRECTION('',(0.,1.,0.));
#15248=DIRECTION('',(0.,-1.,0.));
#15249=DIRECTION('',(0.,0.,1.));
#15250=DIRECTION('center_axis',(0.,1.,0.));
#15251=DIRECTION('ref_axis',(-1.,0.,0.));
#15252=DIRECTION('',(1.,0.,0.));
#15253=DIRECTION('',(-1.,0.,0.));
#15254=DIRECTION('',(0.,0.,1.));
#15255=DIRECTION('center_axis',(-1.,0.,0.));
#15256=DIRECTION('ref_axis',(0.,-1.,0.));
#15257=DIRECTION('',(0.,1.,0.));
#15258=DIRECTION('',(0.,-1.,0.));
#15259=DIRECTION('',(0.,0.,1.));
#15260=DIRECTION('center_axis',(0.,-1.,0.));
#15261=DIRECTION('ref_axis',(1.,0.,0.));
#15262=DIRECTION('',(-1.,0.,0.));
#15263=DIRECTION('',(1.,0.,0.));
#15264=DIRECTION('',(0.,0.,1.));
#15265=DIRECTION('center_axis',(-1.,0.,0.));
#15266=DIRECTION('ref_axis',(0.,-1.,0.));
#15267=DIRECTION('',(0.,1.,0.));
#15268=DIRECTION('',(0.,-1.,0.));
#15269=DIRECTION('',(0.,0.,1.));
#15270=DIRECTION('center_axis',(0.,-1.,0.));
#15271=DIRECTION('ref_axis',(1.,0.,0.));
#15272=DIRECTION('',(-1.,0.,0.));
#15273=DIRECTION('',(1.,0.,0.));
#15274=DIRECTION('',(0.,0.,1.));
#15275=DIRECTION('center_axis',(1.,0.,0.));
#15276=DIRECTION('ref_axis',(0.,1.,0.));
#15277=DIRECTION('',(0.,-1.,0.));
#15278=DIRECTION('',(0.,1.,0.));
#15279=DIRECTION('',(0.,0.,1.));
#15280=DIRECTION('center_axis',(0.,-1.,0.));
#15281=DIRECTION('ref_axis',(1.,0.,0.));
#15282=DIRECTION('',(-1.,0.,0.));
#15283=DIRECTION('',(1.,0.,0.));
#15284=DIRECTION('',(0.,0.,1.));
#15285=DIRECTION('center_axis',(1.,0.,0.));
#15286=DIRECTION('ref_axis',(0.,1.,0.));
#15287=DIRECTION('',(0.,-1.,0.));
#15288=DIRECTION('',(0.,1.,0.));
#15289=DIRECTION('center_axis',(0.,-1.,0.));
#15290=DIRECTION('ref_axis',(1.,0.,0.));
#15291=DIRECTION('',(-1.,0.,0.));
#15292=DIRECTION('',(0.,0.,1.));
#15293=DIRECTION('',(1.,0.,0.));
#15294=DIRECTION('',(0.,0.,1.));
#15295=DIRECTION('center_axis',(-1.,0.,0.));
#15296=DIRECTION('ref_axis',(0.,-1.,0.));
#15297=DIRECTION('',(0.,1.,0.));
#15298=DIRECTION('',(0.,-1.,0.));
#15299=DIRECTION('',(0.,0.,1.));
#15300=DIRECTION('center_axis',(0.,-1.,0.));
#15301=DIRECTION('ref_axis',(1.,0.,0.));
#15302=DIRECTION('',(-1.,0.,0.));
#15303=DIRECTION('',(1.,0.,0.));
#15304=DIRECTION('',(0.,0.,1.));
#15305=DIRECTION('center_axis',(1.,0.,0.));
#15306=DIRECTION('ref_axis',(0.,1.,0.));
#15307=DIRECTION('',(0.,-1.,0.));
#15308=DIRECTION('',(0.,1.,0.));
#15309=DIRECTION('',(0.,0.,1.));
#15310=DIRECTION('center_axis',(0.,-1.,0.));
#15311=DIRECTION('ref_axis',(1.,0.,0.));
#15312=DIRECTION('',(-1.,0.,0.));
#15313=DIRECTION('',(1.,0.,0.));
#15314=DIRECTION('',(0.,0.,1.));
#15315=DIRECTION('center_axis',(1.,0.,0.));
#15316=DIRECTION('ref_axis',(0.,1.,0.));
#15317=DIRECTION('',(0.,-1.,0.));
#15318=DIRECTION('',(0.,1.,0.));
#15319=DIRECTION('',(0.,0.,1.));
#15320=DIRECTION('center_axis',(0.,1.,0.));
#15321=DIRECTION('ref_axis',(-1.,0.,0.));
#15322=DIRECTION('',(1.,0.,0.));
#15323=DIRECTION('',(-1.,0.,0.));
#15324=DIRECTION('',(0.,0.,1.));
#15325=DIRECTION('center_axis',(1.,0.,0.));
#15326=DIRECTION('ref_axis',(0.,1.,0.));
#15327=DIRECTION('',(0.,-1.,0.));
#15328=DIRECTION('',(0.,1.,0.));
#15329=DIRECTION('',(0.,0.,1.));
#15330=DIRECTION('center_axis',(0.,-1.,0.));
#15331=DIRECTION('ref_axis',(1.,0.,0.));
#15332=DIRECTION('',(-1.,0.,0.));
#15333=DIRECTION('',(1.,0.,0.));
#15334=DIRECTION('',(0.,0.,1.));
#15335=DIRECTION('center_axis',(1.,0.,0.));
#15336=DIRECTION('ref_axis',(0.,1.,0.));
#15337=DIRECTION('',(0.,-1.,0.));
#15338=DIRECTION('',(0.,1.,0.));
#15339=DIRECTION('',(0.,0.,1.));
#15340=DIRECTION('center_axis',(0.,1.,0.));
#15341=DIRECTION('ref_axis',(-1.,0.,0.));
#15342=DIRECTION('',(1.,0.,0.));
#15343=DIRECTION('',(-1.,0.,0.));
#15344=DIRECTION('',(0.,0.,1.));
#15345=DIRECTION('center_axis',(1.,0.,0.));
#15346=DIRECTION('ref_axis',(0.,1.,0.));
#15347=DIRECTION('',(0.,-1.,0.));
#15348=DIRECTION('',(0.,1.,0.));
#15349=DIRECTION('',(0.,0.,1.));
#15350=DIRECTION('center_axis',(0.,1.,0.));
#15351=DIRECTION('ref_axis',(-1.,0.,0.));
#15352=DIRECTION('',(1.,0.,0.));
#15353=DIRECTION('',(-1.,0.,0.));
#15354=DIRECTION('',(0.,0.,1.));
#15355=DIRECTION('center_axis',(-1.,0.,0.));
#15356=DIRECTION('ref_axis',(0.,-1.,0.));
#15357=DIRECTION('',(0.,1.,0.));
#15358=DIRECTION('',(0.,-1.,0.));
#15359=DIRECTION('',(0.,0.,1.));
#15360=DIRECTION('center_axis',(0.,1.,0.));
#15361=DIRECTION('ref_axis',(-1.,0.,0.));
#15362=DIRECTION('',(1.,0.,0.));
#15363=DIRECTION('',(-1.,0.,0.));
#15364=DIRECTION('',(0.,0.,1.));
#15365=DIRECTION('center_axis',(-1.,0.,0.));
#15366=DIRECTION('ref_axis',(0.,-1.,0.));
#15367=DIRECTION('',(0.,1.,0.));
#15368=DIRECTION('',(0.,-1.,0.));
#15369=DIRECTION('',(0.,0.,1.));
#15370=DIRECTION('center_axis',(0.,-1.,0.));
#15371=DIRECTION('ref_axis',(1.,0.,0.));
#15372=DIRECTION('',(-1.,0.,0.));
#15373=DIRECTION('',(1.,0.,0.));
#15374=DIRECTION('',(0.,0.,1.));
#15375=DIRECTION('center_axis',(-1.,0.,0.));
#15376=DIRECTION('ref_axis',(0.,-1.,0.));
#15377=DIRECTION('',(0.,1.,0.));
#15378=DIRECTION('',(0.,-1.,0.));
#15379=DIRECTION('',(0.,0.,1.));
#15380=DIRECTION('center_axis',(0.,1.,0.));
#15381=DIRECTION('ref_axis',(-1.,0.,0.));
#15382=DIRECTION('',(1.,0.,0.));
#15383=DIRECTION('',(-1.,0.,0.));
#15384=DIRECTION('',(0.,0.,1.));
#15385=DIRECTION('center_axis',(-1.,0.,0.));
#15386=DIRECTION('ref_axis',(0.,-1.,0.));
#15387=DIRECTION('',(0.,1.,0.));
#15388=DIRECTION('',(0.,-1.,0.));
#15389=DIRECTION('center_axis',(0.,1.,0.));
#15390=DIRECTION('ref_axis',(-1.,0.,0.));
#15391=DIRECTION('',(1.,0.,0.));
#15392=DIRECTION('',(0.,0.,1.));
#15393=DIRECTION('',(-1.,0.,0.));
#15394=DIRECTION('',(0.,0.,1.));
#15395=DIRECTION('center_axis',(1.,0.,0.));
#15396=DIRECTION('ref_axis',(0.,1.,0.));
#15397=DIRECTION('',(0.,-1.,0.));
#15398=DIRECTION('',(0.,1.,0.));
#15399=DIRECTION('',(0.,0.,1.));
#15400=DIRECTION('center_axis',(0.,-1.,0.));
#15401=DIRECTION('ref_axis',(1.,0.,0.));
#15402=DIRECTION('',(-1.,0.,0.));
#15403=DIRECTION('',(1.,0.,0.));
#15404=DIRECTION('',(0.,0.,1.));
#15405=DIRECTION('center_axis',(1.,0.,0.));
#15406=DIRECTION('ref_axis',(0.,1.,0.));
#15407=DIRECTION('',(0.,-1.,0.));
#15408=DIRECTION('',(0.,1.,0.));
#15409=DIRECTION('',(0.,0.,1.));
#15410=DIRECTION('center_axis',(0.,1.,0.));
#15411=DIRECTION('ref_axis',(-1.,0.,0.));
#15412=DIRECTION('',(1.,0.,0.));
#15413=DIRECTION('',(-1.,0.,0.));
#15414=DIRECTION('',(0.,0.,1.));
#15415=DIRECTION('center_axis',(1.,0.,0.));
#15416=DIRECTION('ref_axis',(0.,1.,0.));
#15417=DIRECTION('',(0.,-1.,0.));
#15418=DIRECTION('',(0.,1.,0.));
#15419=DIRECTION('',(0.,0.,1.));
#15420=DIRECTION('center_axis',(0.,1.,0.));
#15421=DIRECTION('ref_axis',(-1.,0.,0.));
#15422=DIRECTION('',(1.,0.,0.));
#15423=DIRECTION('',(-1.,0.,0.));
#15424=DIRECTION('',(0.,0.,1.));
#15425=DIRECTION('center_axis',(-1.,0.,0.));
#15426=DIRECTION('ref_axis',(0.,-1.,0.));
#15427=DIRECTION('',(0.,1.,0.));
#15428=DIRECTION('',(0.,-1.,0.));
#15429=DIRECTION('',(0.,0.,1.));
#15430=DIRECTION('center_axis',(0.,1.,0.));
#15431=DIRECTION('ref_axis',(-1.,0.,0.));
#15432=DIRECTION('',(1.,0.,0.));
#15433=DIRECTION('',(-1.,0.,0.));
#15434=DIRECTION('',(0.,0.,1.));
#15435=DIRECTION('center_axis',(-1.,0.,0.));
#15436=DIRECTION('ref_axis',(0.,-1.,0.));
#15437=DIRECTION('',(0.,1.,0.));
#15438=DIRECTION('',(0.,-1.,0.));
#15439=DIRECTION('',(0.,0.,1.));
#15440=DIRECTION('center_axis',(0.,-1.,0.));
#15441=DIRECTION('ref_axis',(1.,0.,0.));
#15442=DIRECTION('',(-1.,0.,0.));
#15443=DIRECTION('',(1.,0.,0.));
#15444=DIRECTION('',(0.,0.,1.));
#15445=DIRECTION('center_axis',(-1.,0.,0.));
#15446=DIRECTION('ref_axis',(0.,-1.,0.));
#15447=DIRECTION('',(0.,1.,0.));
#15448=DIRECTION('',(0.,-1.,0.));
#15449=DIRECTION('',(0.,0.,1.));
#15450=DIRECTION('center_axis',(0.,1.,0.));
#15451=DIRECTION('ref_axis',(-1.,0.,0.));
#15452=DIRECTION('',(1.,0.,0.));
#15453=DIRECTION('',(-1.,0.,0.));
#15454=DIRECTION('',(0.,0.,1.));
#15455=DIRECTION('center_axis',(-1.,0.,0.));
#15456=DIRECTION('ref_axis',(0.,-1.,0.));
#15457=DIRECTION('',(0.,1.,0.));
#15458=DIRECTION('',(0.,-1.,0.));
#15459=DIRECTION('',(0.,0.,1.));
#15460=DIRECTION('center_axis',(0.,-1.,0.));
#15461=DIRECTION('ref_axis',(1.,0.,0.));
#15462=DIRECTION('',(-1.,0.,0.));
#15463=DIRECTION('',(1.,0.,0.));
#15464=DIRECTION('',(0.,0.,1.));
#15465=DIRECTION('center_axis',(-1.,0.,0.));
#15466=DIRECTION('ref_axis',(0.,-1.,0.));
#15467=DIRECTION('',(0.,1.,0.));
#15468=DIRECTION('',(0.,-1.,0.));
#15469=DIRECTION('',(0.,0.,1.));
#15470=DIRECTION('center_axis',(0.,-1.,0.));
#15471=DIRECTION('ref_axis',(1.,0.,0.));
#15472=DIRECTION('',(-1.,0.,0.));
#15473=DIRECTION('',(1.,0.,0.));
#15474=DIRECTION('',(0.,0.,1.));
#15475=DIRECTION('center_axis',(1.,0.,0.));
#15476=DIRECTION('ref_axis',(0.,1.,0.));
#15477=DIRECTION('',(0.,-1.,0.));
#15478=DIRECTION('',(0.,1.,0.));
#15479=DIRECTION('',(0.,0.,1.));
#15480=DIRECTION('center_axis',(0.,-1.,0.));
#15481=DIRECTION('ref_axis',(1.,0.,0.));
#15482=DIRECTION('',(-1.,0.,0.));
#15483=DIRECTION('',(1.,0.,0.));
#15484=DIRECTION('',(0.,0.,1.));
#15485=DIRECTION('center_axis',(1.,0.,0.));
#15486=DIRECTION('ref_axis',(0.,1.,0.));
#15487=DIRECTION('',(0.,-1.,0.));
#15488=DIRECTION('',(0.,1.,0.));
#15489=DIRECTION('center_axis',(0.,-1.,0.));
#15490=DIRECTION('ref_axis',(1.,0.,0.));
#15491=DIRECTION('',(-1.,0.,0.));
#15492=DIRECTION('',(0.,0.,1.));
#15493=DIRECTION('',(1.,0.,0.));
#15494=DIRECTION('',(0.,0.,1.));
#15495=DIRECTION('center_axis',(-1.,0.,0.));
#15496=DIRECTION('ref_axis',(0.,-1.,0.));
#15497=DIRECTION('',(0.,1.,0.));
#15498=DIRECTION('',(0.,-1.,0.));
#15499=DIRECTION('',(0.,0.,1.));
#15500=DIRECTION('center_axis',(0.,1.,0.));
#15501=DIRECTION('ref_axis',(-1.,0.,0.));
#15502=DIRECTION('',(1.,0.,0.));
#15503=DIRECTION('',(-1.,0.,0.));
#15504=DIRECTION('',(0.,0.,1.));
#15505=DIRECTION('center_axis',(-1.,0.,0.));
#15506=DIRECTION('ref_axis',(0.,-1.,0.));
#15507=DIRECTION('',(0.,1.,0.));
#15508=DIRECTION('',(0.,-1.,0.));
#15509=DIRECTION('',(0.,0.,1.));
#15510=DIRECTION('center_axis',(0.,-1.,0.));
#15511=DIRECTION('ref_axis',(1.,0.,0.));
#15512=DIRECTION('',(-1.,0.,0.));
#15513=DIRECTION('',(1.,0.,0.));
#15514=DIRECTION('',(0.,0.,1.));
#15515=DIRECTION('center_axis',(-1.,0.,0.));
#15516=DIRECTION('ref_axis',(0.,-1.,0.));
#15517=DIRECTION('',(0.,1.,0.));
#15518=DIRECTION('',(0.,-1.,0.));
#15519=DIRECTION('',(0.,0.,1.));
#15520=DIRECTION('center_axis',(0.,-1.,0.));
#15521=DIRECTION('ref_axis',(1.,0.,0.));
#15522=DIRECTION('',(-1.,0.,0.));
#15523=DIRECTION('',(1.,0.,0.));
#15524=DIRECTION('',(0.,0.,1.));
#15525=DIRECTION('center_axis',(1.,0.,0.));
#15526=DIRECTION('ref_axis',(0.,1.,0.));
#15527=DIRECTION('',(0.,-1.,0.));
#15528=DIRECTION('',(0.,1.,0.));
#15529=DIRECTION('',(0.,0.,1.));
#15530=DIRECTION('center_axis',(0.,-1.,0.));
#15531=DIRECTION('ref_axis',(1.,0.,0.));
#15532=DIRECTION('',(-1.,0.,0.));
#15533=DIRECTION('',(1.,0.,0.));
#15534=DIRECTION('',(0.,0.,1.));
#15535=DIRECTION('center_axis',(1.,0.,0.));
#15536=DIRECTION('ref_axis',(0.,1.,0.));
#15537=DIRECTION('',(0.,-1.,0.));
#15538=DIRECTION('',(0.,1.,0.));
#15539=DIRECTION('',(0.,0.,1.));
#15540=DIRECTION('center_axis',(0.,1.,0.));
#15541=DIRECTION('ref_axis',(-1.,0.,0.));
#15542=DIRECTION('',(1.,0.,0.));
#15543=DIRECTION('',(-1.,0.,0.));
#15544=DIRECTION('',(0.,0.,1.));
#15545=DIRECTION('center_axis',(1.,0.,0.));
#15546=DIRECTION('ref_axis',(0.,1.,0.));
#15547=DIRECTION('',(0.,-1.,0.));
#15548=DIRECTION('',(0.,1.,0.));
#15549=DIRECTION('',(0.,0.,1.));
#15550=DIRECTION('center_axis',(0.,-1.,0.));
#15551=DIRECTION('ref_axis',(1.,0.,0.));
#15552=DIRECTION('',(-1.,0.,0.));
#15553=DIRECTION('',(1.,0.,0.));
#15554=DIRECTION('',(0.,0.,1.));
#15555=DIRECTION('center_axis',(1.,0.,0.));
#15556=DIRECTION('ref_axis',(0.,1.,0.));
#15557=DIRECTION('',(0.,-1.,0.));
#15558=DIRECTION('',(0.,1.,0.));
#15559=DIRECTION('',(0.,0.,1.));
#15560=DIRECTION('center_axis',(0.,1.,0.));
#15561=DIRECTION('ref_axis',(-1.,0.,0.));
#15562=DIRECTION('',(1.,0.,0.));
#15563=DIRECTION('',(-1.,0.,0.));
#15564=DIRECTION('',(0.,0.,1.));
#15565=DIRECTION('center_axis',(1.,0.,0.));
#15566=DIRECTION('ref_axis',(0.,1.,0.));
#15567=DIRECTION('',(0.,-1.,0.));
#15568=DIRECTION('',(0.,1.,0.));
#15569=DIRECTION('',(0.,0.,1.));
#15570=DIRECTION('center_axis',(0.,1.,0.));
#15571=DIRECTION('ref_axis',(-1.,0.,0.));
#15572=DIRECTION('',(1.,0.,0.));
#15573=DIRECTION('',(-1.,0.,0.));
#15574=DIRECTION('',(0.,0.,1.));
#15575=DIRECTION('center_axis',(-1.,0.,0.));
#15576=DIRECTION('ref_axis',(0.,-1.,0.));
#15577=DIRECTION('',(0.,1.,0.));
#15578=DIRECTION('',(0.,-1.,0.));
#15579=DIRECTION('',(0.,0.,1.));
#15580=DIRECTION('center_axis',(0.,1.,0.));
#15581=DIRECTION('ref_axis',(-1.,0.,0.));
#15582=DIRECTION('',(1.,0.,0.));
#15583=DIRECTION('',(-1.,0.,0.));
#15584=DIRECTION('',(0.,0.,1.));
#15585=DIRECTION('center_axis',(-1.,0.,0.));
#15586=DIRECTION('ref_axis',(0.,-1.,0.));
#15587=DIRECTION('',(0.,1.,0.));
#15588=DIRECTION('',(0.,-1.,0.));
#15589=DIRECTION('center_axis',(-1.,-2.33122590421879E-16,0.));
#15590=DIRECTION('ref_axis',(2.33122590421879E-16,-1.,0.));
#15591=DIRECTION('',(2.33122590421879E-16,-1.,0.));
#15592=DIRECTION('',(0.,0.,1.));
#15593=DIRECTION('',(2.33122590421879E-16,-1.,0.));
#15594=DIRECTION('',(0.,0.,1.));
#15595=DIRECTION('center_axis',(-0.999999999598273,-2.83452663291333E-5,
0.));
#15596=DIRECTION('ref_axis',(2.83452663291333E-5,-0.999999999598273,0.));
#15597=DIRECTION('',(2.83452663291333E-5,-0.999999999598273,0.));
#15598=DIRECTION('',(2.83452663291333E-5,-0.999999999598273,0.));
#15599=DIRECTION('',(0.,0.,1.));
#15600=DIRECTION('center_axis',(0.,-1.,0.));
#15601=DIRECTION('ref_axis',(1.,0.,0.));
#15602=DIRECTION('',(-1.,0.,0.));
#15603=DIRECTION('',(1.,0.,0.));
#15604=DIRECTION('',(0.,0.,1.));
#15605=DIRECTION('center_axis',(-1.,0.,0.));
#15606=DIRECTION('ref_axis',(0.,-1.,0.));
#15607=DIRECTION('',(0.,1.,0.));
#15608=DIRECTION('',(0.,-1.,0.));
#15609=DIRECTION('',(0.,0.,1.));
#15610=DIRECTION('center_axis',(-1.86510784709567E-15,-1.,0.));
#15611=DIRECTION('ref_axis',(1.,-1.86510784709567E-15,0.));
#15612=DIRECTION('',(-1.,1.86510784709567E-15,0.));
#15613=DIRECTION('',(1.,-1.86510784709567E-15,0.));
#15614=DIRECTION('',(0.,0.,1.));
#15615=DIRECTION('center_axis',(-1.,0.,0.));
#15616=DIRECTION('ref_axis',(0.,-1.,0.));
#15617=DIRECTION('',(0.,1.,0.));
#15618=DIRECTION('',(0.,-1.,0.));
#15619=DIRECTION('',(0.,0.,1.));
#15620=DIRECTION('center_axis',(0.,1.,0.));
#15621=DIRECTION('ref_axis',(-1.,0.,0.));
#15622=DIRECTION('',(1.,0.,0.));
#15623=DIRECTION('',(-1.,0.,0.));
#15624=DIRECTION('',(0.,0.,1.));
#15625=DIRECTION('center_axis',(1.,0.,0.));
#15626=DIRECTION('ref_axis',(0.,1.,0.));
#15627=DIRECTION('',(0.,-1.,0.));
#15628=DIRECTION('',(0.,1.,0.));
#15629=DIRECTION('',(0.,0.,1.));
#15630=DIRECTION('center_axis',(0.,-1.,0.));
#15631=DIRECTION('ref_axis',(1.,0.,0.));
#15632=DIRECTION('',(-1.,0.,0.));
#15633=DIRECTION('',(1.,0.,0.));
#15634=DIRECTION('',(0.,0.,1.));
#15635=DIRECTION('center_axis',(1.,0.,0.));
#15636=DIRECTION('ref_axis',(0.,1.,0.));
#15637=DIRECTION('',(0.,-1.,0.));
#15638=DIRECTION('',(0.,1.,0.));
#15639=DIRECTION('',(0.,0.,1.));
#15640=DIRECTION('center_axis',(0.,-1.,0.));
#15641=DIRECTION('ref_axis',(1.,0.,0.));
#15642=DIRECTION('',(-1.,0.,0.));
#15643=DIRECTION('',(1.,0.,0.));
#15644=DIRECTION('',(0.,0.,1.));
#15645=DIRECTION('center_axis',(1.,0.,0.));
#15646=DIRECTION('ref_axis',(0.,1.,0.));
#15647=DIRECTION('',(0.,-1.,0.));
#15648=DIRECTION('',(0.,1.,0.));
#15649=DIRECTION('',(0.,0.,1.));
#15650=DIRECTION('center_axis',(0.,-1.,0.));
#15651=DIRECTION('ref_axis',(1.,0.,0.));
#15652=DIRECTION('',(-1.,0.,0.));
#15653=DIRECTION('',(1.,0.,0.));
#15654=DIRECTION('',(0.,0.,1.));
#15655=DIRECTION('center_axis',(1.,1.32169338855274E-15,0.));
#15656=DIRECTION('ref_axis',(-1.32169338855274E-15,1.,0.));
#15657=DIRECTION('',(1.32169338855274E-15,-1.,0.));
#15658=DIRECTION('',(-1.32169338855274E-15,1.,0.));
#15659=DIRECTION('',(0.,0.,1.));
#15660=DIRECTION('center_axis',(0.,-1.,0.));
#15661=DIRECTION('ref_axis',(1.,0.,0.));
#15662=DIRECTION('',(-1.,0.,0.));
#15663=DIRECTION('',(1.,0.,0.));
#15664=DIRECTION('',(0.,0.,1.));
#15665=DIRECTION('center_axis',(-1.,0.,0.));
#15666=DIRECTION('ref_axis',(0.,-1.,0.));
#15667=DIRECTION('',(0.,1.,0.));
#15668=DIRECTION('',(0.,-1.,0.));
#15669=DIRECTION('',(0.,0.,1.));
#15670=DIRECTION('center_axis',(0.,-1.,0.));
#15671=DIRECTION('ref_axis',(1.,0.,0.));
#15672=DIRECTION('',(1.,0.,0.));
#15673=DIRECTION('',(1.,0.,0.));
#15674=DIRECTION('center_axis',(0.,0.,1.));
#15675=DIRECTION('ref_axis',(1.,0.,0.));
#15676=DIRECTION('center_axis',(0.,0.,1.));
#15677=DIRECTION('ref_axis',(1.,0.,0.));
#15678=CARTESIAN_POINT('',(0.,0.,0.));
#15679=CARTESIAN_POINT('Origin',(90.726,7.48273,0.));
#15680=CARTESIAN_POINT('',(89.2006,7.48273,0.));
#15681=CARTESIAN_POINT('',(90.726,7.48273,0.));
#15682=CARTESIAN_POINT('',(89.2006,7.48273,0.));
#15683=CARTESIAN_POINT('',(89.2006,7.48273,1.5));
#15684=CARTESIAN_POINT('',(89.2006,7.48273,0.));
#15685=CARTESIAN_POINT('',(90.726,7.48273,1.5));
#15686=CARTESIAN_POINT('',(89.2006,7.48273,1.5));
#15687=CARTESIAN_POINT('',(90.726,7.48273,0.));
#15688=CARTESIAN_POINT('Origin',(90.726,2.78364,0.));
#15689=CARTESIAN_POINT('',(90.726,2.78364,0.));
#15690=CARTESIAN_POINT('',(90.726,3.78273,0.));
#15691=CARTESIAN_POINT('',(90.726,2.78364,1.5));
#15692=CARTESIAN_POINT('',(90.726,3.78273,1.5));
#15693=CARTESIAN_POINT('',(90.726,2.78364,0.));
#15694=CARTESIAN_POINT('Origin',(104.725,2.78364,0.));
#15695=CARTESIAN_POINT('',(104.725,2.78364,0.));
#15696=CARTESIAN_POINT('',(90.726,2.78364,0.));
#15697=CARTESIAN_POINT('',(104.725,2.78364,1.5));
#15698=CARTESIAN_POINT('',(90.726,2.78364,1.5));
#15699=CARTESIAN_POINT('',(104.725,2.78364,0.));
#15700=CARTESIAN_POINT('Origin',(104.725,7.48273,0.));
#15701=CARTESIAN_POINT('',(104.725,7.48273,0.));
#15702=CARTESIAN_POINT('',(104.725,7.48273,0.));
#15703=CARTESIAN_POINT('',(104.725,7.48273,1.5));
#15704=CARTESIAN_POINT('',(104.725,7.48273,1.5));
#15705=CARTESIAN_POINT('',(104.725,7.48273,0.));
#15706=CARTESIAN_POINT('Origin',(106.251,7.48273,0.));
#15707=CARTESIAN_POINT('',(106.251,7.48273,0.));
#15708=CARTESIAN_POINT('',(104.725,7.48273,0.));
#15709=CARTESIAN_POINT('',(106.251,7.48273,1.5));
#15710=CARTESIAN_POINT('',(104.725,7.48273,1.5));
#15711=CARTESIAN_POINT('',(106.251,7.48273,0.));
#15712=CARTESIAN_POINT('Origin',(106.251,4.25273,0.));
#15713=CARTESIAN_POINT('',(106.251,4.25273,0.));
#15714=CARTESIAN_POINT('',(106.251,7.48273,0.));
#15715=CARTESIAN_POINT('',(106.251,4.25273,1.5));
#15716=CARTESIAN_POINT('',(106.251,7.48273,1.5));
#15717=CARTESIAN_POINT('',(106.251,4.25273,0.));
#15718=CARTESIAN_POINT('Origin',(113.,4.25273,0.));
#15719=CARTESIAN_POINT('',(113.,4.25273,0.));
#15720=CARTESIAN_POINT('',(106.251,4.25273,0.));
#15721=CARTESIAN_POINT('',(113.,4.25273,1.5));
#15722=CARTESIAN_POINT('',(106.251,4.25273,1.5));
#15723=CARTESIAN_POINT('',(113.,4.25273,0.));
#15724=CARTESIAN_POINT('Origin',(113.,7.48273,0.));
#15725=CARTESIAN_POINT('',(113.,7.48273,0.));
#15726=CARTESIAN_POINT('',(113.,4.25273,0.));
#15727=CARTESIAN_POINT('',(113.,7.48273,1.5));
#15728=CARTESIAN_POINT('',(113.,4.25273,1.5));
#15729=CARTESIAN_POINT('',(113.,7.48273,0.));
#15730=CARTESIAN_POINT('Origin',(113.826,7.48273,0.));
#15731=CARTESIAN_POINT('',(113.826,7.48273,0.));
#15732=CARTESIAN_POINT('',(113.,7.48273,0.));
#15733=CARTESIAN_POINT('',(113.826,7.48273,1.5));
#15734=CARTESIAN_POINT('',(113.,7.48273,1.5));
#15735=CARTESIAN_POINT('',(113.826,7.48273,0.));
#15736=CARTESIAN_POINT('Origin',(113.826,10.28173,0.));
#15737=CARTESIAN_POINT('',(113.826,10.28173,0.));
#15738=CARTESIAN_POINT('',(113.826,7.48273,0.));
#15739=CARTESIAN_POINT('',(113.826,10.28173,1.5));
#15740=CARTESIAN_POINT('',(113.826,7.48273,1.5));
#15741=CARTESIAN_POINT('',(113.826,10.28173,0.));
#15742=CARTESIAN_POINT('Origin',(113.,10.28173,0.));
#15743=CARTESIAN_POINT('',(113.,10.28173,0.));
#15744=CARTESIAN_POINT('',(113.826,10.28173,0.));
#15745=CARTESIAN_POINT('',(113.,10.28173,1.5));
#15746=CARTESIAN_POINT('',(113.826,10.28173,1.5));
#15747=CARTESIAN_POINT('',(113.,10.28173,0.));
#15748=CARTESIAN_POINT('Origin',(113.,15.3128,0.));
#15749=CARTESIAN_POINT('',(113.,15.3128,0.));
#15750=CARTESIAN_POINT('',(113.,12.0826,0.));
#15751=CARTESIAN_POINT('',(113.,15.3128,1.5));
#15752=CARTESIAN_POINT('',(113.,12.0826,1.5));
#15753=CARTESIAN_POINT('',(113.,15.3128,0.));
#15754=CARTESIAN_POINT('Origin',(112.995,16.5516,0.));
#15755=CARTESIAN_POINT('',(112.995,16.5516,0.));
#15756=CARTESIAN_POINT('',(112.995,16.5516,0.));
#15757=CARTESIAN_POINT('',(112.995,16.5516,1.5));
#15758=CARTESIAN_POINT('',(112.995,16.5516,1.5));
#15759=CARTESIAN_POINT('',(112.995,16.5516,0.));
#15760=CARTESIAN_POINT('Origin',(111.275,16.5516,0.));
#15761=CARTESIAN_POINT('',(111.275,16.5516,0.));
#15762=CARTESIAN_POINT('',(111.275,16.5516,0.));
#15763=CARTESIAN_POINT('',(111.275,16.5516,1.5));
#15764=CARTESIAN_POINT('',(111.275,16.5516,1.5));
#15765=CARTESIAN_POINT('',(111.275,16.5516,0.));
#15766=CARTESIAN_POINT('Origin',(111.275,17.7516,0.));
#15767=CARTESIAN_POINT('',(111.275,17.7516,0.));
#15768=CARTESIAN_POINT('',(111.275,17.7516,0.));
#15769=CARTESIAN_POINT('',(111.275,17.7516,1.5));
#15770=CARTESIAN_POINT('',(111.275,17.7516,1.5));
#15771=CARTESIAN_POINT('',(111.275,17.7516,0.));
#15772=CARTESIAN_POINT('Origin',(107.975,17.7516,0.));
#15773=CARTESIAN_POINT('',(107.975,17.7516,0.));
#15774=CARTESIAN_POINT('',(107.975,17.7516,0.));
#15775=CARTESIAN_POINT('',(107.975,17.7516,1.5));
#15776=CARTESIAN_POINT('',(107.975,17.7516,1.5));
#15777=CARTESIAN_POINT('',(107.975,17.7516,0.));
#15778=CARTESIAN_POINT('Origin',(107.975,16.5516,0.));
#15779=CARTESIAN_POINT('',(107.975,16.5516,0.));
#15780=CARTESIAN_POINT('',(107.975,16.5516,0.));
#15781=CARTESIAN_POINT('',(107.975,16.5516,1.5));
#15782=CARTESIAN_POINT('',(107.975,16.5516,1.5));
#15783=CARTESIAN_POINT('',(107.975,16.5516,0.));
#15784=CARTESIAN_POINT('Origin',(106.251,16.5516,0.));
#15785=CARTESIAN_POINT('',(106.251,16.5516,0.));
#15786=CARTESIAN_POINT('',(106.251,16.5516,0.));
#15787=CARTESIAN_POINT('',(106.251,16.5516,1.5));
#15788=CARTESIAN_POINT('',(106.251,16.5516,1.5));
#15789=CARTESIAN_POINT('',(106.251,16.5516,0.));
#15790=CARTESIAN_POINT('Origin',(106.251,12.0826,0.));
#15791=CARTESIAN_POINT('',(106.251,12.0826,0.));
#15792=CARTESIAN_POINT('',(106.251,12.0826,0.));
#15793=CARTESIAN_POINT('',(106.251,12.0826,1.5));
#15794=CARTESIAN_POINT('',(106.251,12.0826,1.5));
#15795=CARTESIAN_POINT('',(106.251,12.0826,0.));
#15796=CARTESIAN_POINT('Origin',(104.725,12.0826,0.));
#15797=CARTESIAN_POINT('',(104.725,12.0826,0.));
#15798=CARTESIAN_POINT('',(106.251,12.0826,0.));
#15799=CARTESIAN_POINT('',(104.725,12.0826,1.5));
#15800=CARTESIAN_POINT('',(106.251,12.0826,1.5));
#15801=CARTESIAN_POINT('',(104.725,12.0826,0.));
#15802=CARTESIAN_POINT('Origin',(104.725,16.7831,0.));
#15803=CARTESIAN_POINT('',(104.725,16.7831,0.));
#15804=CARTESIAN_POINT('',(104.725,15.7827,0.));
#15805=CARTESIAN_POINT('',(104.725,16.7831,1.5));
#15806=CARTESIAN_POINT('',(104.725,15.7827,1.5));
#15807=CARTESIAN_POINT('',(104.725,16.7831,0.));
#15808=CARTESIAN_POINT('Origin',(90.726,16.7831,0.));
#15809=CARTESIAN_POINT('',(90.726,16.7831,0.));
#15810=CARTESIAN_POINT('',(104.725,16.7831,0.));
#15811=CARTESIAN_POINT('',(90.726,16.7831,1.5));
#15812=CARTESIAN_POINT('',(104.725,16.7831,1.5));
#15813=CARTESIAN_POINT('',(90.726,16.7831,0.));
#15814=CARTESIAN_POINT('Origin',(90.726,12.0826,0.));
#15815=CARTESIAN_POINT('',(90.726,12.0826,0.));
#15816=CARTESIAN_POINT('',(90.726,15.7827,0.));
#15817=CARTESIAN_POINT('',(90.726,12.0826,1.5));
#15818=CARTESIAN_POINT('',(90.726,15.7827,1.5));
#15819=CARTESIAN_POINT('',(90.726,12.0826,0.));
#15820=CARTESIAN_POINT('Origin',(89.2006,12.0826,0.));
#15821=CARTESIAN_POINT('',(89.2006,12.0826,0.));
#15822=CARTESIAN_POINT('',(90.726,12.0826,0.));
#15823=CARTESIAN_POINT('',(89.2006,12.0826,1.5));
#15824=CARTESIAN_POINT('',(90.726,12.0826,1.5));
#15825=CARTESIAN_POINT('',(89.2006,12.0826,0.));
#15826=CARTESIAN_POINT('Origin',(89.2006,16.5516,0.));
#15827=CARTESIAN_POINT('',(89.2006,16.5516,0.));
#15828=CARTESIAN_POINT('',(89.2006,12.0826,0.));
#15829=CARTESIAN_POINT('',(89.2006,16.5516,1.5));
#15830=CARTESIAN_POINT('',(89.2006,12.0826,1.5));
#15831=CARTESIAN_POINT('',(89.2006,16.5516,0.));
#15832=CARTESIAN_POINT('Origin',(87.4766,16.5516,0.));
#15833=CARTESIAN_POINT('',(87.4766,16.5516,0.));
#15834=CARTESIAN_POINT('',(89.2006,16.5516,0.));
#15835=CARTESIAN_POINT('',(87.4766,16.5516,1.5));
#15836=CARTESIAN_POINT('',(89.2006,16.5516,1.5));
#15837=CARTESIAN_POINT('',(87.4766,16.5516,0.));
#15838=CARTESIAN_POINT('Origin',(87.4766,17.7516,0.));
#15839=CARTESIAN_POINT('',(87.4766,17.7516,0.));
#15840=CARTESIAN_POINT('',(87.4766,16.5516,0.));
#15841=CARTESIAN_POINT('',(87.4766,17.7516,1.5));
#15842=CARTESIAN_POINT('',(87.4766,16.5516,1.5));
#15843=CARTESIAN_POINT('',(87.4766,17.7516,0.));
#15844=CARTESIAN_POINT('Origin',(84.1766,17.7516,0.));
#15845=CARTESIAN_POINT('',(84.1766,17.7516,0.));
#15846=CARTESIAN_POINT('',(87.4766,17.7516,0.));
#15847=CARTESIAN_POINT('',(84.1766,17.7516,1.5));
#15848=CARTESIAN_POINT('',(87.4766,17.7516,1.5));
#15849=CARTESIAN_POINT('',(84.1766,17.7516,0.));
#15850=CARTESIAN_POINT('Origin',(84.1766,16.5516,0.));
#15851=CARTESIAN_POINT('',(84.1766,16.5516,0.));
#15852=CARTESIAN_POINT('',(84.1766,17.7516,0.));
#15853=CARTESIAN_POINT('',(84.1766,16.5516,1.5));
#15854=CARTESIAN_POINT('',(84.1766,17.7516,1.5));
#15855=CARTESIAN_POINT('',(84.1766,16.5516,0.));
#15856=CARTESIAN_POINT('Origin',(82.4526,16.5516,0.));
#15857=CARTESIAN_POINT('',(82.4526,16.5516,0.));
#15858=CARTESIAN_POINT('',(84.1766,16.5516,0.));
#15859=CARTESIAN_POINT('',(82.4526,16.5516,1.5));
#15860=CARTESIAN_POINT('',(84.1766,16.5516,1.5));
#15861=CARTESIAN_POINT('',(82.4526,16.5516,0.));
#15862=CARTESIAN_POINT('Origin',(82.4509,15.3128,0.));
#15863=CARTESIAN_POINT('',(82.4509,15.3128,0.));
#15864=CARTESIAN_POINT('',(82.4526,16.5516,0.));
#15865=CARTESIAN_POINT('',(82.4509,15.3128,1.5));
#15866=CARTESIAN_POINT('',(82.4526,16.5516,1.5));
#15867=CARTESIAN_POINT('',(82.4509,15.3128,0.));
#15868=CARTESIAN_POINT('Origin',(82.4509,10.28173,0.));
#15869=CARTESIAN_POINT('',(82.4509,10.28173,0.));
#15870=CARTESIAN_POINT('',(82.4509,12.0826,0.));
#15871=CARTESIAN_POINT('',(82.4509,10.28173,1.5));
#15872=CARTESIAN_POINT('',(82.4509,12.0826,1.5));
#15873=CARTESIAN_POINT('',(82.4509,10.28173,0.));
#15874=CARTESIAN_POINT('Origin',(81.6254,10.28173,0.));
#15875=CARTESIAN_POINT('',(81.6254,10.28173,0.));
#15876=CARTESIAN_POINT('',(82.4509,10.28173,0.));
#15877=CARTESIAN_POINT('',(81.6254,10.28173,1.5));
#15878=CARTESIAN_POINT('',(82.4509,10.28173,1.5));
#15879=CARTESIAN_POINT('',(81.6254,10.28173,0.));
#15880=CARTESIAN_POINT('Origin',(81.6254,7.48273,0.));
#15881=CARTESIAN_POINT('',(81.6254,7.48273,0.));
#15882=CARTESIAN_POINT('',(81.6254,9.28384,0.));
#15883=CARTESIAN_POINT('',(81.6254,7.48273,1.5));
#15884=CARTESIAN_POINT('',(81.6254,9.28384,1.5));
#15885=CARTESIAN_POINT('',(81.6254,7.48273,0.));
#15886=CARTESIAN_POINT('Origin',(82.4509,7.48273,0.));
#15887=CARTESIAN_POINT('',(82.4509,7.48273,0.));
#15888=CARTESIAN_POINT('',(82.4509,7.48273,0.));
#15889=CARTESIAN_POINT('',(82.4509,7.48273,1.5));
#15890=CARTESIAN_POINT('',(82.4509,7.48273,1.5));
#15891=CARTESIAN_POINT('',(82.4509,7.48273,0.));
#15892=CARTESIAN_POINT('Origin',(82.4509,4.25273,0.));
#15893=CARTESIAN_POINT('',(82.4509,4.25273,0.));
#15894=CARTESIAN_POINT('',(82.4509,7.48273,0.));
#15895=CARTESIAN_POINT('',(82.4509,4.25273,1.5));
#15896=CARTESIAN_POINT('',(82.4509,7.48273,1.5));
#15897=CARTESIAN_POINT('',(82.4509,4.25273,0.));
#15898=CARTESIAN_POINT('Origin',(89.2006,4.25273,0.));
#15899=CARTESIAN_POINT('',(89.2006,4.25273,0.));
#15900=CARTESIAN_POINT('',(89.2006,4.25273,0.));
#15901=CARTESIAN_POINT('',(89.2006,4.25273,1.5));
#15902=CARTESIAN_POINT('',(89.2006,4.25273,1.5));
#15903=CARTESIAN_POINT('',(89.2006,4.25273,0.));
#15904=CARTESIAN_POINT('Origin',(89.2006,7.48273,0.));
#15905=CARTESIAN_POINT('',(89.2006,7.48273,0.));
#15906=CARTESIAN_POINT('',(89.2006,7.48273,1.5));
#15907=CARTESIAN_POINT('Origin',(92.3064,31.7335,0.));
#15908=CARTESIAN_POINT('',(92.3064,34.8327,0.));
#15909=CARTESIAN_POINT('',(92.3064,31.7335,0.));
#15910=CARTESIAN_POINT('',(92.3064,34.8327,0.));
#15911=CARTESIAN_POINT('',(92.3064,34.8327,1.5));
#15912=CARTESIAN_POINT('',(92.3064,34.8327,0.));
#15913=CARTESIAN_POINT('',(92.3064,31.7335,1.5));
#15914=CARTESIAN_POINT('',(92.3064,34.8327,1.5));
#15915=CARTESIAN_POINT('',(92.3064,31.7335,0.));
#15916=CARTESIAN_POINT('Origin',(93.1072,31.7335,0.));
#15917=CARTESIAN_POINT('',(93.1072,31.7335,0.));
#15918=CARTESIAN_POINT('',(92.3064,31.7335,0.));
#15919=CARTESIAN_POINT('',(93.1072,31.7335,1.5));
#15920=CARTESIAN_POINT('',(92.3064,31.7335,1.5));
#15921=CARTESIAN_POINT('',(93.1072,31.7335,0.));
#15922=CARTESIAN_POINT('Origin',(93.1072,25.9333,0.));
#15923=CARTESIAN_POINT('',(93.1072,25.9333,0.));
#15924=CARTESIAN_POINT('',(93.1072,31.7335,0.));
#15925=CARTESIAN_POINT('',(93.1072,25.9333,1.5));
#15926=CARTESIAN_POINT('',(93.1072,31.7335,1.5));
#15927=CARTESIAN_POINT('',(93.1072,25.9333,0.));
#15928=CARTESIAN_POINT('Origin',(92.3064,25.9333,0.));
#15929=CARTESIAN_POINT('',(92.3064,25.9333,0.));
#15930=CARTESIAN_POINT('',(93.1072,25.9333,0.));
#15931=CARTESIAN_POINT('',(92.3064,25.9333,1.5));
#15932=CARTESIAN_POINT('',(93.1072,25.9333,1.5));
#15933=CARTESIAN_POINT('',(92.3064,25.9333,0.));
#15934=CARTESIAN_POINT('Origin',(92.3064,22.8327,0.));
#15935=CARTESIAN_POINT('',(92.3064,22.8327,0.));
#15936=CARTESIAN_POINT('',(92.3064,25.9333,0.));
#15937=CARTESIAN_POINT('',(92.3064,22.8327,1.5));
#15938=CARTESIAN_POINT('',(92.3064,25.9333,1.5));
#15939=CARTESIAN_POINT('',(92.3064,22.8327,0.));
#15940=CARTESIAN_POINT('Origin',(93.1072,22.8327,0.));
#15941=CARTESIAN_POINT('',(93.1072,22.8327,0.));
#15942=CARTESIAN_POINT('',(92.3064,22.8327,0.));
#15943=CARTESIAN_POINT('',(93.1072,22.8327,1.5));
#15944=CARTESIAN_POINT('',(92.3064,22.8327,1.5));
#15945=CARTESIAN_POINT('',(93.1072,22.8327,0.));
#15946=CARTESIAN_POINT('Origin',(93.1072,21.8336,0.));
#15947=CARTESIAN_POINT('',(93.1072,21.8336,0.));
#15948=CARTESIAN_POINT('',(93.1072,22.8327,0.));
#15949=CARTESIAN_POINT('',(93.1072,21.8336,1.5));
#15950=CARTESIAN_POINT('',(93.1072,22.8327,1.5));
#15951=CARTESIAN_POINT('',(93.1072,21.8336,0.));
#15952=CARTESIAN_POINT('Origin',(107.107,21.8336,0.));
#15953=CARTESIAN_POINT('',(107.107,21.8336,0.));
#15954=CARTESIAN_POINT('',(93.1072,21.8336,0.));
#15955=CARTESIAN_POINT('',(107.107,21.8336,1.5));
#15956=CARTESIAN_POINT('',(93.1072,21.8336,1.5));
#15957=CARTESIAN_POINT('',(107.107,21.8336,0.));
#15958=CARTESIAN_POINT('Origin',(107.107,22.8327,0.));
#15959=CARTESIAN_POINT('',(107.107,22.8327,0.));
#15960=CARTESIAN_POINT('',(107.107,21.8336,0.));
#15961=CARTESIAN_POINT('',(107.107,22.8327,1.5));
#15962=CARTESIAN_POINT('',(107.107,21.8336,1.5));
#15963=CARTESIAN_POINT('',(107.107,22.8327,0.));
#15964=CARTESIAN_POINT('Origin',(107.906,22.8327,0.));
#15965=CARTESIAN_POINT('',(107.906,22.8327,0.));
#15966=CARTESIAN_POINT('',(107.107,22.8327,0.));
#15967=CARTESIAN_POINT('',(107.906,22.8327,1.5));
#15968=CARTESIAN_POINT('',(107.107,22.8327,1.5));
#15969=CARTESIAN_POINT('',(107.906,22.8327,0.));
#15970=CARTESIAN_POINT('Origin',(107.906,25.9333,0.));
#15971=CARTESIAN_POINT('',(107.906,25.9333,0.));
#15972=CARTESIAN_POINT('',(107.906,22.8327,0.));
#15973=CARTESIAN_POINT('',(107.906,25.9333,1.5));
#15974=CARTESIAN_POINT('',(107.906,22.8327,1.5));
#15975=CARTESIAN_POINT('',(107.906,25.9333,0.));
#15976=CARTESIAN_POINT('Origin',(107.107,25.9333,0.));
#15977=CARTESIAN_POINT('',(107.107,25.9333,0.));
#15978=CARTESIAN_POINT('',(107.906,25.9333,0.));
#15979=CARTESIAN_POINT('',(107.107,25.9333,1.5));
#15980=CARTESIAN_POINT('',(107.906,25.9333,1.5));
#15981=CARTESIAN_POINT('',(107.107,25.9333,0.));
#15982=CARTESIAN_POINT('Origin',(107.107,31.7335,0.));
#15983=CARTESIAN_POINT('',(107.107,31.7335,0.));
#15984=CARTESIAN_POINT('',(107.107,25.9333,0.));
#15985=CARTESIAN_POINT('',(107.107,31.7335,1.5));
#15986=CARTESIAN_POINT('',(107.107,25.9333,1.5));
#15987=CARTESIAN_POINT('',(107.107,31.7335,0.));
#15988=CARTESIAN_POINT('Origin',(107.906,31.7335,0.));
#15989=CARTESIAN_POINT('',(107.906,31.7335,0.));
#15990=CARTESIAN_POINT('',(107.107,31.7335,0.));
#15991=CARTESIAN_POINT('',(107.906,31.7335,1.5));
#15992=CARTESIAN_POINT('',(107.107,31.7335,1.5));
#15993=CARTESIAN_POINT('',(107.906,31.7335,0.));
#15994=CARTESIAN_POINT('Origin',(107.906,34.8327,0.));
#15995=CARTESIAN_POINT('',(107.906,34.8327,0.));
#15996=CARTESIAN_POINT('',(107.906,31.7335,0.));
#15997=CARTESIAN_POINT('',(107.906,34.8327,1.5));
#15998=CARTESIAN_POINT('',(107.906,31.7335,1.5));
#15999=CARTESIAN_POINT('',(107.906,34.8327,0.));
#16000=CARTESIAN_POINT('Origin',(107.107,34.8327,0.));
#16001=CARTESIAN_POINT('',(107.107,34.8327,0.));
#16002=CARTESIAN_POINT('',(107.906,34.8327,0.));
#16003=CARTESIAN_POINT('',(107.107,34.8327,1.5));
#16004=CARTESIAN_POINT('',(107.906,34.8327,1.5));
#16005=CARTESIAN_POINT('',(107.107,34.8327,0.));
#16006=CARTESIAN_POINT('Origin',(107.107,35.833,0.));
#16007=CARTESIAN_POINT('',(107.107,35.833,0.));
#16008=CARTESIAN_POINT('',(107.107,34.8327,0.));
#16009=CARTESIAN_POINT('',(107.107,35.833,1.5));
#16010=CARTESIAN_POINT('',(107.107,34.8327,1.5));
#16011=CARTESIAN_POINT('',(107.107,35.833,0.));
#16012=CARTESIAN_POINT('Origin',(93.1072,35.833,0.));
#16013=CARTESIAN_POINT('',(93.1072,35.833,0.));
#16014=CARTESIAN_POINT('',(107.107,35.833,0.));
#16015=CARTESIAN_POINT('',(93.1072,35.833,1.5));
#16016=CARTESIAN_POINT('',(107.107,35.833,1.5));
#16017=CARTESIAN_POINT('',(93.1072,35.833,0.));
#16018=CARTESIAN_POINT('Origin',(93.1072,34.8327,0.));
#16019=CARTESIAN_POINT('',(93.1072,34.8327,0.));
#16020=CARTESIAN_POINT('',(93.1072,35.833,0.));
#16021=CARTESIAN_POINT('',(93.1072,34.8327,1.5));
#16022=CARTESIAN_POINT('',(93.1072,35.833,1.5));
#16023=CARTESIAN_POINT('',(93.1072,34.8327,0.));
#16024=CARTESIAN_POINT('Origin',(92.3064,34.8327,0.));
#16025=CARTESIAN_POINT('',(93.1072,34.8327,0.));
#16026=CARTESIAN_POINT('',(93.1072,34.8327,1.5));
#16027=CARTESIAN_POINT('Origin',(131.207,21.8336,0.));
#16028=CARTESIAN_POINT('',(131.207,22.8327,0.));
#16029=CARTESIAN_POINT('',(131.207,21.8336,0.));
#16030=CARTESIAN_POINT('',(131.207,22.8327,0.));
#16031=CARTESIAN_POINT('',(131.207,22.8327,1.5));
#16032=CARTESIAN_POINT('',(131.207,22.8327,0.));
#16033=CARTESIAN_POINT('',(131.207,21.8336,1.5));
#16034=CARTESIAN_POINT('',(131.207,22.8327,1.5));
#16035=CARTESIAN_POINT('',(131.207,21.8336,0.));
#16036=CARTESIAN_POINT('Origin',(145.207,21.8336,0.));
#16037=CARTESIAN_POINT('',(145.207,21.8336,0.));
#16038=CARTESIAN_POINT('',(131.207,21.8336,0.));
#16039=CARTESIAN_POINT('',(145.207,21.8336,1.5));
#16040=CARTESIAN_POINT('',(131.207,21.8336,1.5));
#16041=CARTESIAN_POINT('',(145.207,21.8336,0.));
#16042=CARTESIAN_POINT('Origin',(145.207,22.8327,0.));
#16043=CARTESIAN_POINT('',(145.207,22.8327,0.));
#16044=CARTESIAN_POINT('',(145.207,21.8336,0.));
#16045=CARTESIAN_POINT('',(145.207,22.8327,1.5));
#16046=CARTESIAN_POINT('',(145.207,21.8336,1.5));
#16047=CARTESIAN_POINT('',(145.207,22.8327,0.));
#16048=CARTESIAN_POINT('Origin',(146.006,22.8327,0.));
#16049=CARTESIAN_POINT('',(146.006,22.8327,0.));
#16050=CARTESIAN_POINT('',(145.207,22.8327,0.));
#16051=CARTESIAN_POINT('',(146.006,22.8327,1.5));
#16052=CARTESIAN_POINT('',(145.207,22.8327,1.5));
#16053=CARTESIAN_POINT('',(146.006,22.8327,0.));
#16054=CARTESIAN_POINT('Origin',(146.006,25.9333,0.));
#16055=CARTESIAN_POINT('',(146.006,25.9333,0.));
#16056=CARTESIAN_POINT('',(146.006,22.8327,0.));
#16057=CARTESIAN_POINT('',(146.006,25.9333,1.5));
#16058=CARTESIAN_POINT('',(146.006,22.8327,1.5));
#16059=CARTESIAN_POINT('',(146.006,25.9333,0.));
#16060=CARTESIAN_POINT('Origin',(145.207,25.9333,0.));
#16061=CARTESIAN_POINT('',(145.207,25.9333,0.));
#16062=CARTESIAN_POINT('',(146.006,25.9333,0.));
#16063=CARTESIAN_POINT('',(145.207,25.9333,1.5));
#16064=CARTESIAN_POINT('',(146.006,25.9333,1.5));
#16065=CARTESIAN_POINT('',(145.207,25.9333,0.));
#16066=CARTESIAN_POINT('Origin',(145.207,31.7335,0.));
#16067=CARTESIAN_POINT('',(145.207,31.7335,0.));
#16068=CARTESIAN_POINT('',(145.207,25.9333,0.));
#16069=CARTESIAN_POINT('',(145.207,31.7335,1.5));
#16070=CARTESIAN_POINT('',(145.207,25.9333,1.5));
#16071=CARTESIAN_POINT('',(145.207,31.7335,0.));
#16072=CARTESIAN_POINT('Origin',(146.006,31.7335,0.));
#16073=CARTESIAN_POINT('',(146.006,31.7335,0.));
#16074=CARTESIAN_POINT('',(145.207,31.7335,0.));
#16075=CARTESIAN_POINT('',(146.006,31.7335,1.5));
#16076=CARTESIAN_POINT('',(145.207,31.7335,1.5));
#16077=CARTESIAN_POINT('',(146.006,31.7335,0.));
#16078=CARTESIAN_POINT('Origin',(146.006,34.8327,0.));
#16079=CARTESIAN_POINT('',(146.006,34.8327,0.));
#16080=CARTESIAN_POINT('',(146.006,31.7335,0.));
#16081=CARTESIAN_POINT('',(146.006,34.8327,1.5));
#16082=CARTESIAN_POINT('',(146.006,31.7335,1.5));
#16083=CARTESIAN_POINT('',(146.006,34.8327,0.));
#16084=CARTESIAN_POINT('Origin',(145.207,34.8327,0.));
#16085=CARTESIAN_POINT('',(145.207,34.8327,0.));
#16086=CARTESIAN_POINT('',(146.006,34.8327,0.));
#16087=CARTESIAN_POINT('',(145.207,34.8327,1.5));
#16088=CARTESIAN_POINT('',(146.006,34.8327,1.5));
#16089=CARTESIAN_POINT('',(145.207,34.8327,0.));
#16090=CARTESIAN_POINT('Origin',(145.207,35.833,0.));
#16091=CARTESIAN_POINT('',(145.207,35.833,0.));
#16092=CARTESIAN_POINT('',(145.207,34.8327,0.));
#16093=CARTESIAN_POINT('',(145.207,35.833,1.5));
#16094=CARTESIAN_POINT('',(145.207,34.8327,1.5));
#16095=CARTESIAN_POINT('',(145.207,35.833,0.));
#16096=CARTESIAN_POINT('Origin',(131.207,35.833,0.));
#16097=CARTESIAN_POINT('',(131.207,35.833,0.));
#16098=CARTESIAN_POINT('',(145.207,35.833,0.));
#16099=CARTESIAN_POINT('',(131.207,35.833,1.5));
#16100=CARTESIAN_POINT('',(145.207,35.833,1.5));
#16101=CARTESIAN_POINT('',(131.207,35.833,0.));
#16102=CARTESIAN_POINT('Origin',(131.207,34.8327,0.));
#16103=CARTESIAN_POINT('',(131.207,34.8327,0.));
#16104=CARTESIAN_POINT('',(131.207,35.833,0.));
#16105=CARTESIAN_POINT('',(131.207,34.8327,1.5));
#16106=CARTESIAN_POINT('',(131.207,35.833,1.5));
#16107=CARTESIAN_POINT('',(131.207,34.8327,0.));
#16108=CARTESIAN_POINT('Origin',(130.406,34.8327,0.));
#16109=CARTESIAN_POINT('',(130.406,34.8327,0.));
#16110=CARTESIAN_POINT('',(131.207,34.8327,0.));
#16111=CARTESIAN_POINT('',(130.406,34.8327,1.5));
#16112=CARTESIAN_POINT('',(131.207,34.8327,1.5));
#16113=CARTESIAN_POINT('',(130.406,34.8327,0.));
#16114=CARTESIAN_POINT('Origin',(130.406,31.7335,0.));
#16115=CARTESIAN_POINT('',(130.406,31.7335,0.));
#16116=CARTESIAN_POINT('',(130.406,34.8327,0.));
#16117=CARTESIAN_POINT('',(130.406,31.7335,1.5));
#16118=CARTESIAN_POINT('',(130.406,34.8327,1.5));
#16119=CARTESIAN_POINT('',(130.406,31.7335,0.));
#16120=CARTESIAN_POINT('Origin',(131.207,31.7335,0.));
#16121=CARTESIAN_POINT('',(131.207,31.7335,0.));
#16122=CARTESIAN_POINT('',(130.406,31.7335,0.));
#16123=CARTESIAN_POINT('',(131.207,31.7335,1.5));
#16124=CARTESIAN_POINT('',(130.406,31.7335,1.5));
#16125=CARTESIAN_POINT('',(131.207,31.7335,0.));
#16126=CARTESIAN_POINT('Origin',(131.207,25.9333,0.));
#16127=CARTESIAN_POINT('',(131.207,25.9333,0.));
#16128=CARTESIAN_POINT('',(131.207,31.7335,0.));
#16129=CARTESIAN_POINT('',(131.207,25.9333,1.5));
#16130=CARTESIAN_POINT('',(131.207,31.7335,1.5));
#16131=CARTESIAN_POINT('',(131.207,25.9333,0.));
#16132=CARTESIAN_POINT('Origin',(130.406,25.9333,0.));
#16133=CARTESIAN_POINT('',(130.406,25.9333,0.));
#16134=CARTESIAN_POINT('',(131.207,25.9333,0.));
#16135=CARTESIAN_POINT('',(130.406,25.9333,1.5));
#16136=CARTESIAN_POINT('',(131.207,25.9333,1.5));
#16137=CARTESIAN_POINT('',(130.406,25.9333,0.));
#16138=CARTESIAN_POINT('Origin',(130.406,22.8327,0.));
#16139=CARTESIAN_POINT('',(130.406,22.8327,0.));
#16140=CARTESIAN_POINT('',(130.406,25.9333,0.));
#16141=CARTESIAN_POINT('',(130.406,22.8327,1.5));
#16142=CARTESIAN_POINT('',(130.406,25.9333,1.5));
#16143=CARTESIAN_POINT('',(130.406,22.8327,0.));
#16144=CARTESIAN_POINT('Origin',(131.207,22.8327,0.));
#16145=CARTESIAN_POINT('',(130.406,22.8327,0.));
#16146=CARTESIAN_POINT('',(130.406,22.8327,1.5));
#16147=CARTESIAN_POINT('Origin',(74.0572,21.8336,0.));
#16148=CARTESIAN_POINT('',(74.0572,22.8327,0.));
#16149=CARTESIAN_POINT('',(74.0572,21.8336,0.));
#16150=CARTESIAN_POINT('',(74.0572,22.8327,0.));
#16151=CARTESIAN_POINT('',(74.0572,22.8327,1.5));
#16152=CARTESIAN_POINT('',(74.0572,22.8327,0.));
#16153=CARTESIAN_POINT('',(74.0572,21.8336,1.5));
#16154=CARTESIAN_POINT('',(74.0572,22.8327,1.5));
#16155=CARTESIAN_POINT('',(74.0572,21.8336,0.));
#16156=CARTESIAN_POINT('Origin',(88.0565,21.8336,0.));
#16157=CARTESIAN_POINT('',(88.0565,21.8336,0.));
#16158=CARTESIAN_POINT('',(74.0572,21.8336,0.));
#16159=CARTESIAN_POINT('',(88.0565,21.8336,1.5));
#16160=CARTESIAN_POINT('',(74.0572,21.8336,1.5));
#16161=CARTESIAN_POINT('',(88.0565,21.8336,0.));
#16162=CARTESIAN_POINT('Origin',(88.0565,22.8327,0.));
#16163=CARTESIAN_POINT('',(88.0565,22.8327,0.));
#16164=CARTESIAN_POINT('',(88.0565,21.8336,0.));
#16165=CARTESIAN_POINT('',(88.0565,22.8327,1.5));
#16166=CARTESIAN_POINT('',(88.0565,21.8336,1.5));
#16167=CARTESIAN_POINT('',(88.0565,22.8327,0.));
#16168=CARTESIAN_POINT('Origin',(88.8559,22.8327,0.));
#16169=CARTESIAN_POINT('',(88.8559,22.8327,0.));
#16170=CARTESIAN_POINT('',(88.0565,22.8327,0.));
#16171=CARTESIAN_POINT('',(88.8559,22.8327,1.5));
#16172=CARTESIAN_POINT('',(88.0565,22.8327,1.5));
#16173=CARTESIAN_POINT('',(88.8559,22.8327,0.));
#16174=CARTESIAN_POINT('Origin',(88.8559,25.9333,0.));
#16175=CARTESIAN_POINT('',(88.8559,25.9333,0.));
#16176=CARTESIAN_POINT('',(88.8559,22.8327,0.));
#16177=CARTESIAN_POINT('',(88.8559,25.9333,1.5));
#16178=CARTESIAN_POINT('',(88.8559,22.8327,1.5));
#16179=CARTESIAN_POINT('',(88.8559,25.9333,0.));
#16180=CARTESIAN_POINT('Origin',(88.0565,25.9333,0.));
#16181=CARTESIAN_POINT('',(88.0565,25.9333,0.));
#16182=CARTESIAN_POINT('',(88.8559,25.9333,0.));
#16183=CARTESIAN_POINT('',(88.0565,25.9333,1.5));
#16184=CARTESIAN_POINT('',(88.8559,25.9333,1.5));
#16185=CARTESIAN_POINT('',(88.0565,25.9333,0.));
#16186=CARTESIAN_POINT('Origin',(88.0565,31.7335,0.));
#16187=CARTESIAN_POINT('',(88.0565,31.7335,0.));
#16188=CARTESIAN_POINT('',(88.0565,25.9333,0.));
#16189=CARTESIAN_POINT('',(88.0565,31.7335,1.5));
#16190=CARTESIAN_POINT('',(88.0565,25.9333,1.5));
#16191=CARTESIAN_POINT('',(88.0565,31.7335,0.));
#16192=CARTESIAN_POINT('Origin',(88.8559,31.7335,0.));
#16193=CARTESIAN_POINT('',(88.8559,31.7335,0.));
#16194=CARTESIAN_POINT('',(88.0565,31.7335,0.));
#16195=CARTESIAN_POINT('',(88.8559,31.7335,1.5));
#16196=CARTESIAN_POINT('',(88.0565,31.7335,1.5));
#16197=CARTESIAN_POINT('',(88.8559,31.7335,0.));
#16198=CARTESIAN_POINT('Origin',(88.8559,34.8327,0.));
#16199=CARTESIAN_POINT('',(88.8559,34.8327,0.));
#16200=CARTESIAN_POINT('',(88.8559,31.7335,0.));
#16201=CARTESIAN_POINT('',(88.8559,34.8327,1.5));
#16202=CARTESIAN_POINT('',(88.8559,31.7335,1.5));
#16203=CARTESIAN_POINT('',(88.8559,34.8327,0.));
#16204=CARTESIAN_POINT('Origin',(88.0565,34.8327,0.));
#16205=CARTESIAN_POINT('',(88.0565,34.8327,0.));
#16206=CARTESIAN_POINT('',(88.8559,34.8327,0.));
#16207=CARTESIAN_POINT('',(88.0565,34.8327,1.5));
#16208=CARTESIAN_POINT('',(88.8559,34.8327,1.5));
#16209=CARTESIAN_POINT('',(88.0565,34.8327,0.));
#16210=CARTESIAN_POINT('Origin',(88.0565,35.833,0.));
#16211=CARTESIAN_POINT('',(88.0565,35.833,0.));
#16212=CARTESIAN_POINT('',(88.0565,34.8327,0.));
#16213=CARTESIAN_POINT('',(88.0565,35.833,1.5));
#16214=CARTESIAN_POINT('',(88.0565,34.8327,1.5));
#16215=CARTESIAN_POINT('',(88.0565,35.833,0.));
#16216=CARTESIAN_POINT('Origin',(74.0572,35.833,0.));
#16217=CARTESIAN_POINT('',(74.0572,35.833,0.));
#16218=CARTESIAN_POINT('',(88.0565,35.833,0.));
#16219=CARTESIAN_POINT('',(74.0572,35.833,1.5));
#16220=CARTESIAN_POINT('',(88.0565,35.833,1.5));
#16221=CARTESIAN_POINT('',(74.0572,35.833,0.));
#16222=CARTESIAN_POINT('Origin',(74.0572,34.8327,0.));
#16223=CARTESIAN_POINT('',(74.0572,34.8327,0.));
#16224=CARTESIAN_POINT('',(74.0572,35.833,0.));
#16225=CARTESIAN_POINT('',(74.0572,34.8327,1.5));
#16226=CARTESIAN_POINT('',(74.0572,35.833,1.5));
#16227=CARTESIAN_POINT('',(74.0572,34.8327,0.));
#16228=CARTESIAN_POINT('Origin',(73.2564,34.8327,0.));
#16229=CARTESIAN_POINT('',(73.2564,34.8327,0.));
#16230=CARTESIAN_POINT('',(74.0572,34.8327,0.));
#16231=CARTESIAN_POINT('',(73.2564,34.8327,1.5));
#16232=CARTESIAN_POINT('',(74.0572,34.8327,1.5));
#16233=CARTESIAN_POINT('',(73.2564,34.8327,0.));
#16234=CARTESIAN_POINT('Origin',(73.2564,31.7335,0.));
#16235=CARTESIAN_POINT('',(73.2564,31.7335,0.));
#16236=CARTESIAN_POINT('',(73.2564,34.8327,0.));
#16237=CARTESIAN_POINT('',(73.2564,31.7335,1.5));
#16238=CARTESIAN_POINT('',(73.2564,34.8327,1.5));
#16239=CARTESIAN_POINT('',(73.2564,31.7335,0.));
#16240=CARTESIAN_POINT('Origin',(74.0572,31.7335,0.));
#16241=CARTESIAN_POINT('',(74.0572,31.7335,0.));
#16242=CARTESIAN_POINT('',(73.2564,31.7335,0.));
#16243=CARTESIAN_POINT('',(74.0572,31.7335,1.5));
#16244=CARTESIAN_POINT('',(73.2564,31.7335,1.5));
#16245=CARTESIAN_POINT('',(74.0572,31.7335,0.));
#16246=CARTESIAN_POINT('Origin',(74.0572,25.9333,0.));
#16247=CARTESIAN_POINT('',(74.0572,25.9333,0.));
#16248=CARTESIAN_POINT('',(74.0572,31.7335,0.));
#16249=CARTESIAN_POINT('',(74.0572,25.9333,1.5));
#16250=CARTESIAN_POINT('',(74.0572,31.7335,1.5));
#16251=CARTESIAN_POINT('',(74.0572,25.9333,0.));
#16252=CARTESIAN_POINT('Origin',(73.2564,25.9333,0.));
#16253=CARTESIAN_POINT('',(73.2564,25.9333,0.));
#16254=CARTESIAN_POINT('',(74.0572,25.9333,0.));
#16255=CARTESIAN_POINT('',(73.2564,25.9333,1.5));
#16256=CARTESIAN_POINT('',(74.0572,25.9333,1.5));
#16257=CARTESIAN_POINT('',(73.2564,25.9333,0.));
#16258=CARTESIAN_POINT('Origin',(73.2564,22.8327,0.));
#16259=CARTESIAN_POINT('',(73.2564,22.8327,0.));
#16260=CARTESIAN_POINT('',(73.2564,25.9333,0.));
#16261=CARTESIAN_POINT('',(73.2564,22.8327,1.5));
#16262=CARTESIAN_POINT('',(73.2564,25.9333,1.5));
#16263=CARTESIAN_POINT('',(73.2564,22.8327,0.));
#16264=CARTESIAN_POINT('Origin',(74.0572,22.8327,0.));
#16265=CARTESIAN_POINT('',(73.2564,22.8327,0.));
#16266=CARTESIAN_POINT('',(73.2564,22.8327,1.5));
#16267=CARTESIAN_POINT('Origin',(112.157,34.8327,0.));
#16268=CARTESIAN_POINT('',(112.157,35.833,0.));
#16269=CARTESIAN_POINT('',(112.157,34.8327,0.));
#16270=CARTESIAN_POINT('',(112.157,35.833,0.));
#16271=CARTESIAN_POINT('',(112.157,35.833,1.5));
#16272=CARTESIAN_POINT('',(112.157,35.833,0.));
#16273=CARTESIAN_POINT('',(112.157,34.8327,1.5));
#16274=CARTESIAN_POINT('',(112.157,35.833,1.5));
#16275=CARTESIAN_POINT('',(112.157,34.8327,0.));
#16276=CARTESIAN_POINT('Origin',(111.356,34.8327,0.));
#16277=CARTESIAN_POINT('',(111.356,34.8327,0.));
#16278=CARTESIAN_POINT('',(112.157,34.8327,0.));
#16279=CARTESIAN_POINT('',(111.356,34.8327,1.5));
#16280=CARTESIAN_POINT('',(112.157,34.8327,1.5));
#16281=CARTESIAN_POINT('',(111.356,34.8327,0.));
#16282=CARTESIAN_POINT('Origin',(111.356,31.7335,0.));
#16283=CARTESIAN_POINT('',(111.356,31.7335,0.));
#16284=CARTESIAN_POINT('',(111.356,34.8327,0.));
#16285=CARTESIAN_POINT('',(111.356,31.7335,1.5));
#16286=CARTESIAN_POINT('',(111.356,34.8327,1.5));
#16287=CARTESIAN_POINT('',(111.356,31.7335,0.));
#16288=CARTESIAN_POINT('Origin',(112.157,31.7335,0.));
#16289=CARTESIAN_POINT('',(112.157,31.7335,0.));
#16290=CARTESIAN_POINT('',(111.356,31.7335,0.));
#16291=CARTESIAN_POINT('',(112.157,31.7335,1.5));
#16292=CARTESIAN_POINT('',(111.356,31.7335,1.5));
#16293=CARTESIAN_POINT('',(112.157,31.7335,0.));
#16294=CARTESIAN_POINT('Origin',(112.157,25.9333,0.));
#16295=CARTESIAN_POINT('',(112.157,25.9333,0.));
#16296=CARTESIAN_POINT('',(112.157,31.7335,0.));
#16297=CARTESIAN_POINT('',(112.157,25.9333,1.5));
#16298=CARTESIAN_POINT('',(112.157,31.7335,1.5));
#16299=CARTESIAN_POINT('',(112.157,25.9333,0.));
#16300=CARTESIAN_POINT('Origin',(111.356,25.9333,0.));
#16301=CARTESIAN_POINT('',(111.356,25.9333,0.));
#16302=CARTESIAN_POINT('',(112.157,25.9333,0.));
#16303=CARTESIAN_POINT('',(111.356,25.9333,1.5));
#16304=CARTESIAN_POINT('',(112.157,25.9333,1.5));
#16305=CARTESIAN_POINT('',(111.356,25.9333,0.));
#16306=CARTESIAN_POINT('Origin',(111.356,22.8327,0.));
#16307=CARTESIAN_POINT('',(111.356,22.8327,0.));
#16308=CARTESIAN_POINT('',(111.356,25.9333,0.));
#16309=CARTESIAN_POINT('',(111.356,22.8327,1.5));
#16310=CARTESIAN_POINT('',(111.356,25.9333,1.5));
#16311=CARTESIAN_POINT('',(111.356,22.8327,0.));
#16312=CARTESIAN_POINT('Origin',(112.157,22.8327,0.));
#16313=CARTESIAN_POINT('',(112.157,22.8327,0.));
#16314=CARTESIAN_POINT('',(111.356,22.8327,0.));
#16315=CARTESIAN_POINT('',(112.157,22.8327,1.5));
#16316=CARTESIAN_POINT('',(111.356,22.8327,1.5));
#16317=CARTESIAN_POINT('',(112.157,22.8327,0.));
#16318=CARTESIAN_POINT('Origin',(112.157,21.8336,0.));
#16319=CARTESIAN_POINT('',(112.157,21.8336,0.));
#16320=CARTESIAN_POINT('',(112.157,22.8327,0.));
#16321=CARTESIAN_POINT('',(112.157,21.8336,1.5));
#16322=CARTESIAN_POINT('',(112.157,22.8327,1.5));
#16323=CARTESIAN_POINT('',(112.157,21.8336,0.));
#16324=CARTESIAN_POINT('Origin',(126.157,21.8336,0.));
#16325=CARTESIAN_POINT('',(126.157,21.8336,0.));
#16326=CARTESIAN_POINT('',(112.157,21.8336,0.));
#16327=CARTESIAN_POINT('',(126.157,21.8336,1.5));
#16328=CARTESIAN_POINT('',(112.157,21.8336,1.5));
#16329=CARTESIAN_POINT('',(126.157,21.8336,0.));
#16330=CARTESIAN_POINT('Origin',(126.157,22.8327,0.));
#16331=CARTESIAN_POINT('',(126.157,22.8327,0.));
#16332=CARTESIAN_POINT('',(126.157,21.8336,0.));
#16333=CARTESIAN_POINT('',(126.157,22.8327,1.5));
#16334=CARTESIAN_POINT('',(126.157,21.8336,1.5));
#16335=CARTESIAN_POINT('',(126.157,22.8327,0.));
#16336=CARTESIAN_POINT('Origin',(126.956,22.8327,0.));
#16337=CARTESIAN_POINT('',(126.956,22.8327,0.));
#16338=CARTESIAN_POINT('',(126.157,22.8327,0.));
#16339=CARTESIAN_POINT('',(126.956,22.8327,1.5));
#16340=CARTESIAN_POINT('',(126.157,22.8327,1.5));
#16341=CARTESIAN_POINT('',(126.956,22.8327,0.));
#16342=CARTESIAN_POINT('Origin',(126.956,25.9333,0.));
#16343=CARTESIAN_POINT('',(126.956,25.9333,0.));
#16344=CARTESIAN_POINT('',(126.956,22.8327,0.));
#16345=CARTESIAN_POINT('',(126.956,25.9333,1.5));
#16346=CARTESIAN_POINT('',(126.956,22.8327,1.5));
#16347=CARTESIAN_POINT('',(126.956,25.9333,0.));
#16348=CARTESIAN_POINT('Origin',(126.157,25.9333,0.));
#16349=CARTESIAN_POINT('',(126.157,25.9333,0.));
#16350=CARTESIAN_POINT('',(126.956,25.9333,0.));
#16351=CARTESIAN_POINT('',(126.157,25.9333,1.5));
#16352=CARTESIAN_POINT('',(126.956,25.9333,1.5));
#16353=CARTESIAN_POINT('',(126.157,25.9333,0.));
#16354=CARTESIAN_POINT('Origin',(126.157,31.7335,0.));
#16355=CARTESIAN_POINT('',(126.157,31.7335,0.));
#16356=CARTESIAN_POINT('',(126.157,25.9333,0.));
#16357=CARTESIAN_POINT('',(126.157,31.7335,1.5));
#16358=CARTESIAN_POINT('',(126.157,25.9333,1.5));
#16359=CARTESIAN_POINT('',(126.157,31.7335,0.));
#16360=CARTESIAN_POINT('Origin',(126.956,31.7335,0.));
#16361=CARTESIAN_POINT('',(126.956,31.7335,0.));
#16362=CARTESIAN_POINT('',(126.157,31.7335,0.));
#16363=CARTESIAN_POINT('',(126.956,31.7335,1.5));
#16364=CARTESIAN_POINT('',(126.157,31.7335,1.5));
#16365=CARTESIAN_POINT('',(126.956,31.7335,0.));
#16366=CARTESIAN_POINT('Origin',(126.956,34.8327,0.));
#16367=CARTESIAN_POINT('',(126.956,34.8327,0.));
#16368=CARTESIAN_POINT('',(126.956,31.7335,0.));
#16369=CARTESIAN_POINT('',(126.956,34.8327,1.5));
#16370=CARTESIAN_POINT('',(126.956,31.7335,1.5));
#16371=CARTESIAN_POINT('',(126.956,34.8327,0.));
#16372=CARTESIAN_POINT('Origin',(126.157,34.8327,0.));
#16373=CARTESIAN_POINT('',(126.157,34.8327,0.));
#16374=CARTESIAN_POINT('',(126.956,34.8327,0.));
#16375=CARTESIAN_POINT('',(126.157,34.8327,1.5));
#16376=CARTESIAN_POINT('',(126.956,34.8327,1.5));
#16377=CARTESIAN_POINT('',(126.157,34.8327,0.));
#16378=CARTESIAN_POINT('Origin',(126.157,35.833,0.));
#16379=CARTESIAN_POINT('',(126.157,35.833,0.));
#16380=CARTESIAN_POINT('',(126.157,34.8327,0.));
#16381=CARTESIAN_POINT('',(126.157,35.833,1.5));
#16382=CARTESIAN_POINT('',(126.157,34.8327,1.5));
#16383=CARTESIAN_POINT('',(126.157,35.833,0.));
#16384=CARTESIAN_POINT('Origin',(112.157,35.833,0.));
#16385=CARTESIAN_POINT('',(126.157,35.833,0.));
#16386=CARTESIAN_POINT('',(126.157,35.833,1.5));
#16387=CARTESIAN_POINT('Origin',(16.6192,72.9326,0.));
#16388=CARTESIAN_POINT('',(17.4198,72.9326,0.));
#16389=CARTESIAN_POINT('',(16.6192,72.9326,0.));
#16390=CARTESIAN_POINT('',(17.4198,72.9326,0.));
#16391=CARTESIAN_POINT('',(17.4198,72.9326,1.5));
#16392=CARTESIAN_POINT('',(17.4198,72.9326,0.));
#16393=CARTESIAN_POINT('',(16.6192,72.9326,1.5));
#16394=CARTESIAN_POINT('',(17.4198,72.9326,1.5));
#16395=CARTESIAN_POINT('',(16.6192,72.9326,0.));
#16396=CARTESIAN_POINT('Origin',(16.6192,73.9331,0.));
#16397=CARTESIAN_POINT('',(16.6192,73.9331,0.));
#16398=CARTESIAN_POINT('',(16.6192,72.9326,0.));
#16399=CARTESIAN_POINT('',(16.6192,73.9331,1.5));
#16400=CARTESIAN_POINT('',(16.6192,72.9326,1.5));
#16401=CARTESIAN_POINT('',(16.6192,73.9331,0.));
#16402=CARTESIAN_POINT('Origin',(2.61965,73.9331,0.));
#16403=CARTESIAN_POINT('',(2.61965,73.9331,0.));
#16404=CARTESIAN_POINT('',(16.6192,73.9331,0.));
#16405=CARTESIAN_POINT('',(2.61965,73.9331,1.5));
#16406=CARTESIAN_POINT('',(16.6192,73.9331,1.5));
#16407=CARTESIAN_POINT('',(2.61965,73.9331,0.));
#16408=CARTESIAN_POINT('Origin',(2.61965,72.9326,0.));
#16409=CARTESIAN_POINT('',(2.61965,72.9326,0.));
#16410=CARTESIAN_POINT('',(2.61965,73.9331,0.));
#16411=CARTESIAN_POINT('',(2.61965,72.9326,1.5));
#16412=CARTESIAN_POINT('',(2.61965,73.9331,1.5));
#16413=CARTESIAN_POINT('',(2.61965,72.9326,0.));
#16414=CARTESIAN_POINT('Origin',(1.81901,72.9326,0.));
#16415=CARTESIAN_POINT('',(1.81901,72.9326,0.));
#16416=CARTESIAN_POINT('',(2.61965,72.9326,0.));
#16417=CARTESIAN_POINT('',(1.81901,72.9326,1.5));
#16418=CARTESIAN_POINT('',(2.61965,72.9326,1.5));
#16419=CARTESIAN_POINT('',(1.81901,72.9326,0.));
#16420=CARTESIAN_POINT('Origin',(1.81901,69.8334,0.));
#16421=CARTESIAN_POINT('',(1.81901,69.8334,0.));
#16422=CARTESIAN_POINT('',(1.81901,72.9326,0.));
#16423=CARTESIAN_POINT('',(1.81901,69.8334,1.5));
#16424=CARTESIAN_POINT('',(1.81901,72.9326,1.5));
#16425=CARTESIAN_POINT('',(1.81901,69.8334,0.));
#16426=CARTESIAN_POINT('Origin',(2.61965,69.8334,0.));
#16427=CARTESIAN_POINT('',(2.61965,69.8334,0.));
#16428=CARTESIAN_POINT('',(1.81901,69.8334,0.));
#16429=CARTESIAN_POINT('',(2.61965,69.8334,1.5));
#16430=CARTESIAN_POINT('',(1.81901,69.8334,1.5));
#16431=CARTESIAN_POINT('',(2.61965,69.8334,0.));
#16432=CARTESIAN_POINT('Origin',(2.61965,64.0334,0.));
#16433=CARTESIAN_POINT('',(2.61965,64.0334,0.));
#16434=CARTESIAN_POINT('',(2.61965,69.8334,0.));
#16435=CARTESIAN_POINT('',(2.61965,64.0334,1.5));
#16436=CARTESIAN_POINT('',(2.61965,69.8334,1.5));
#16437=CARTESIAN_POINT('',(2.61965,64.0334,0.));
#16438=CARTESIAN_POINT('Origin',(1.81901,64.0334,0.));
#16439=CARTESIAN_POINT('',(1.81901,64.0334,0.));
#16440=CARTESIAN_POINT('',(2.61965,64.0334,0.));
#16441=CARTESIAN_POINT('',(1.81901,64.0334,1.5));
#16442=CARTESIAN_POINT('',(2.61965,64.0334,1.5));
#16443=CARTESIAN_POINT('',(1.81901,64.0334,0.));
#16444=CARTESIAN_POINT('Origin',(1.81901,60.9328,0.));
#16445=CARTESIAN_POINT('',(1.81901,60.9328,0.));
#16446=CARTESIAN_POINT('',(1.81901,64.0334,0.));
#16447=CARTESIAN_POINT('',(1.81901,60.9328,1.5));
#16448=CARTESIAN_POINT('',(1.81901,64.0334,1.5));
#16449=CARTESIAN_POINT('',(1.81901,60.9328,0.));
#16450=CARTESIAN_POINT('Origin',(2.61965,60.9328,0.));
#16451=CARTESIAN_POINT('',(2.61965,60.9328,0.));
#16452=CARTESIAN_POINT('',(1.81901,60.9328,0.));
#16453=CARTESIAN_POINT('',(2.61965,60.9328,1.5));
#16454=CARTESIAN_POINT('',(1.81901,60.9328,1.5));
#16455=CARTESIAN_POINT('',(2.61965,60.9328,0.));
#16456=CARTESIAN_POINT('Origin',(2.61965,59.9338,0.));
#16457=CARTESIAN_POINT('',(2.61965,59.9338,0.));
#16458=CARTESIAN_POINT('',(2.61965,60.9328,0.));
#16459=CARTESIAN_POINT('',(2.61965,59.9338,1.5));
#16460=CARTESIAN_POINT('',(2.61965,60.9328,1.5));
#16461=CARTESIAN_POINT('',(2.61965,59.9338,0.));
#16462=CARTESIAN_POINT('Origin',(16.6192,59.9338,0.));
#16463=CARTESIAN_POINT('',(16.6192,59.9338,0.));
#16464=CARTESIAN_POINT('',(2.61965,59.9338,0.));
#16465=CARTESIAN_POINT('',(16.6192,59.9338,1.5));
#16466=CARTESIAN_POINT('',(2.61965,59.9338,1.5));
#16467=CARTESIAN_POINT('',(16.6192,59.9338,0.));
#16468=CARTESIAN_POINT('Origin',(16.6192,60.9328,0.));
#16469=CARTESIAN_POINT('',(16.6192,60.9328,0.));
#16470=CARTESIAN_POINT('',(16.6192,59.9338,0.));
#16471=CARTESIAN_POINT('',(16.6192,60.9328,1.5));
#16472=CARTESIAN_POINT('',(16.6192,59.9338,1.5));
#16473=CARTESIAN_POINT('',(16.6192,60.9328,0.));
#16474=CARTESIAN_POINT('Origin',(17.4198,60.9328,0.));
#16475=CARTESIAN_POINT('',(17.4198,60.9328,0.));
#16476=CARTESIAN_POINT('',(16.6192,60.9328,0.));
#16477=CARTESIAN_POINT('',(17.4198,60.9328,1.5));
#16478=CARTESIAN_POINT('',(16.6192,60.9328,1.5));
#16479=CARTESIAN_POINT('',(17.4198,60.9328,0.));
#16480=CARTESIAN_POINT('Origin',(17.4198,64.0334,0.));
#16481=CARTESIAN_POINT('',(17.4198,64.0334,0.));
#16482=CARTESIAN_POINT('',(17.4198,60.9328,0.));
#16483=CARTESIAN_POINT('',(17.4198,64.0334,1.5));
#16484=CARTESIAN_POINT('',(17.4198,60.9328,1.5));
#16485=CARTESIAN_POINT('',(17.4198,64.0334,0.));
#16486=CARTESIAN_POINT('Origin',(16.6192,64.0334,0.));
#16487=CARTESIAN_POINT('',(16.6192,64.0334,0.));
#16488=CARTESIAN_POINT('',(17.4198,64.0334,0.));
#16489=CARTESIAN_POINT('',(16.6192,64.0334,1.5));
#16490=CARTESIAN_POINT('',(17.4198,64.0334,1.5));
#16491=CARTESIAN_POINT('',(16.6192,64.0334,0.));
#16492=CARTESIAN_POINT('Origin',(16.6192,69.8334,0.));
#16493=CARTESIAN_POINT('',(16.6192,69.8334,0.));
#16494=CARTESIAN_POINT('',(16.6192,64.0334,0.));
#16495=CARTESIAN_POINT('',(16.6192,69.8334,1.5));
#16496=CARTESIAN_POINT('',(16.6192,64.0334,1.5));
#16497=CARTESIAN_POINT('',(16.6192,69.8334,0.));
#16498=CARTESIAN_POINT('Origin',(17.4198,69.8334,0.));
#16499=CARTESIAN_POINT('',(17.4198,69.8334,0.));
#16500=CARTESIAN_POINT('',(16.6192,69.8334,0.));
#16501=CARTESIAN_POINT('',(17.4198,69.8334,1.5));
#16502=CARTESIAN_POINT('',(16.6192,69.8334,1.5));
#16503=CARTESIAN_POINT('',(17.4198,69.8334,0.));
#16504=CARTESIAN_POINT('Origin',(17.4198,72.9326,0.));
#16505=CARTESIAN_POINT('',(17.4198,69.8334,0.));
#16506=CARTESIAN_POINT('',(17.4198,69.8334,1.5));
#16507=CARTESIAN_POINT('Origin',(73.769,73.9331,0.));
#16508=CARTESIAN_POINT('',(73.769,72.9326,0.));
#16509=CARTESIAN_POINT('',(73.769,73.9331,0.));
#16510=CARTESIAN_POINT('',(73.769,72.9326,0.));
#16511=CARTESIAN_POINT('',(73.769,72.9326,1.5));
#16512=CARTESIAN_POINT('',(73.769,72.9326,0.));
#16513=CARTESIAN_POINT('',(73.769,73.9331,1.5));
#16514=CARTESIAN_POINT('',(73.769,72.9326,1.5));
#16515=CARTESIAN_POINT('',(73.769,73.9331,0.));
#16516=CARTESIAN_POINT('Origin',(59.7697,73.9331,0.));
#16517=CARTESIAN_POINT('',(59.7697,73.9331,0.));
#16518=CARTESIAN_POINT('',(73.769,73.9331,0.));
#16519=CARTESIAN_POINT('',(59.7697,73.9331,1.5));
#16520=CARTESIAN_POINT('',(73.769,73.9331,1.5));
#16521=CARTESIAN_POINT('',(59.7697,73.9331,0.));
#16522=CARTESIAN_POINT('Origin',(59.7697,72.9326,0.));
#16523=CARTESIAN_POINT('',(59.7697,72.9326,0.));
#16524=CARTESIAN_POINT('',(59.7697,73.9331,0.));
#16525=CARTESIAN_POINT('',(59.7697,72.9326,1.5));
#16526=CARTESIAN_POINT('',(59.7697,73.9331,1.5));
#16527=CARTESIAN_POINT('',(59.7697,72.9326,0.));
#16528=CARTESIAN_POINT('Origin',(58.9689,72.9326,0.));
#16529=CARTESIAN_POINT('',(58.9689,72.9326,0.));
#16530=CARTESIAN_POINT('',(59.7697,72.9326,0.));
#16531=CARTESIAN_POINT('',(58.9689,72.9326,1.5));
#16532=CARTESIAN_POINT('',(59.7697,72.9326,1.5));
#16533=CARTESIAN_POINT('',(58.9689,72.9326,0.));
#16534=CARTESIAN_POINT('Origin',(58.9689,69.8334,0.));
#16535=CARTESIAN_POINT('',(58.9689,69.8334,0.));
#16536=CARTESIAN_POINT('',(58.9689,72.9326,0.));
#16537=CARTESIAN_POINT('',(58.9689,69.8334,1.5));
#16538=CARTESIAN_POINT('',(58.9689,72.9326,1.5));
#16539=CARTESIAN_POINT('',(58.9689,69.8334,0.));
#16540=CARTESIAN_POINT('Origin',(59.7697,69.8334,0.));
#16541=CARTESIAN_POINT('',(59.7697,69.8334,0.));
#16542=CARTESIAN_POINT('',(58.9689,69.8334,0.));
#16543=CARTESIAN_POINT('',(59.7697,69.8334,1.5));
#16544=CARTESIAN_POINT('',(58.9689,69.8334,1.5));
#16545=CARTESIAN_POINT('',(59.7697,69.8334,0.));
#16546=CARTESIAN_POINT('Origin',(59.7697,64.0334,0.));
#16547=CARTESIAN_POINT('',(59.7697,64.0334,0.));
#16548=CARTESIAN_POINT('',(59.7697,69.8334,0.));
#16549=CARTESIAN_POINT('',(59.7697,64.0334,1.5));
#16550=CARTESIAN_POINT('',(59.7697,69.8334,1.5));
#16551=CARTESIAN_POINT('',(59.7697,64.0334,0.));
#16552=CARTESIAN_POINT('Origin',(58.9689,64.0334,0.));
#16553=CARTESIAN_POINT('',(58.9689,64.0334,0.));
#16554=CARTESIAN_POINT('',(59.7697,64.0334,0.));
#16555=CARTESIAN_POINT('',(58.9689,64.0334,1.5));
#16556=CARTESIAN_POINT('',(59.7697,64.0334,1.5));
#16557=CARTESIAN_POINT('',(58.9689,64.0334,0.));
#16558=CARTESIAN_POINT('Origin',(58.9689,60.9328,0.));
#16559=CARTESIAN_POINT('',(58.9689,60.9328,0.));
#16560=CARTESIAN_POINT('',(58.9689,64.0334,0.));
#16561=CARTESIAN_POINT('',(58.9689,60.9328,1.5));
#16562=CARTESIAN_POINT('',(58.9689,64.0334,1.5));
#16563=CARTESIAN_POINT('',(58.9689,60.9328,0.));
#16564=CARTESIAN_POINT('Origin',(59.7697,60.9328,0.));
#16565=CARTESIAN_POINT('',(59.7697,60.9328,0.));
#16566=CARTESIAN_POINT('',(58.9689,60.9328,0.));
#16567=CARTESIAN_POINT('',(59.7697,60.9328,1.5));
#16568=CARTESIAN_POINT('',(58.9689,60.9328,1.5));
#16569=CARTESIAN_POINT('',(59.7697,60.9328,0.));
#16570=CARTESIAN_POINT('Origin',(59.7697,59.9338,0.));
#16571=CARTESIAN_POINT('',(59.7697,59.9338,0.));
#16572=CARTESIAN_POINT('',(59.7697,60.9328,0.));
#16573=CARTESIAN_POINT('',(59.7697,59.9338,1.5));
#16574=CARTESIAN_POINT('',(59.7697,60.9328,1.5));
#16575=CARTESIAN_POINT('',(59.7697,59.9338,0.));
#16576=CARTESIAN_POINT('Origin',(73.769,59.9338,0.));
#16577=CARTESIAN_POINT('',(73.769,59.9338,0.));
#16578=CARTESIAN_POINT('',(59.7697,59.9338,0.));
#16579=CARTESIAN_POINT('',(73.769,59.9338,1.5));
#16580=CARTESIAN_POINT('',(59.7697,59.9338,1.5));
#16581=CARTESIAN_POINT('',(73.769,59.9338,0.));
#16582=CARTESIAN_POINT('Origin',(73.769,60.9328,0.));
#16583=CARTESIAN_POINT('',(73.769,60.9328,0.));
#16584=CARTESIAN_POINT('',(73.769,59.9338,0.));
#16585=CARTESIAN_POINT('',(73.769,60.9328,1.5));
#16586=CARTESIAN_POINT('',(73.769,59.9338,1.5));
#16587=CARTESIAN_POINT('',(73.769,60.9328,0.));
#16588=CARTESIAN_POINT('Origin',(74.5698,60.9328,0.));
#16589=CARTESIAN_POINT('',(74.5698,60.9328,0.));
#16590=CARTESIAN_POINT('',(73.769,60.9328,0.));
#16591=CARTESIAN_POINT('',(74.5698,60.9328,1.5));
#16592=CARTESIAN_POINT('',(73.769,60.9328,1.5));
#16593=CARTESIAN_POINT('',(74.5698,60.9328,0.));
#16594=CARTESIAN_POINT('Origin',(74.5698,64.0334,0.));
#16595=CARTESIAN_POINT('',(74.5698,64.0334,0.));
#16596=CARTESIAN_POINT('',(74.5698,60.9328,0.));
#16597=CARTESIAN_POINT('',(74.5698,64.0334,1.5));
#16598=CARTESIAN_POINT('',(74.5698,60.9328,1.5));
#16599=CARTESIAN_POINT('',(74.5698,64.0334,0.));
#16600=CARTESIAN_POINT('Origin',(73.769,64.0334,0.));
#16601=CARTESIAN_POINT('',(73.769,64.0334,0.));
#16602=CARTESIAN_POINT('',(74.5698,64.0334,0.));
#16603=CARTESIAN_POINT('',(73.769,64.0334,1.5));
#16604=CARTESIAN_POINT('',(74.5698,64.0334,1.5));
#16605=CARTESIAN_POINT('',(73.769,64.0334,0.));
#16606=CARTESIAN_POINT('Origin',(73.769,69.8334,0.));
#16607=CARTESIAN_POINT('',(73.769,69.8334,0.));
#16608=CARTESIAN_POINT('',(73.769,64.0334,0.));
#16609=CARTESIAN_POINT('',(73.769,69.8334,1.5));
#16610=CARTESIAN_POINT('',(73.769,64.0334,1.5));
#16611=CARTESIAN_POINT('',(73.769,69.8334,0.));
#16612=CARTESIAN_POINT('Origin',(74.5698,69.8334,0.));
#16613=CARTESIAN_POINT('',(74.5698,69.8334,0.));
#16614=CARTESIAN_POINT('',(73.769,69.8334,0.));
#16615=CARTESIAN_POINT('',(74.5698,69.8334,1.5));
#16616=CARTESIAN_POINT('',(73.769,69.8334,1.5));
#16617=CARTESIAN_POINT('',(74.5698,69.8334,0.));
#16618=CARTESIAN_POINT('Origin',(74.5698,72.9326,0.));
#16619=CARTESIAN_POINT('',(74.5698,72.9326,0.));
#16620=CARTESIAN_POINT('',(74.5698,69.8334,0.));
#16621=CARTESIAN_POINT('',(74.5698,72.9326,1.5));
#16622=CARTESIAN_POINT('',(74.5698,69.8334,1.5));
#16623=CARTESIAN_POINT('',(74.5698,72.9326,0.));
#16624=CARTESIAN_POINT('Origin',(73.769,72.9326,0.));
#16625=CARTESIAN_POINT('',(74.5698,72.9326,0.));
#16626=CARTESIAN_POINT('',(74.5698,72.9326,1.5));
#16627=CARTESIAN_POINT('Origin',(21.6697,59.9338,0.));
#16628=CARTESIAN_POINT('',(21.6697,60.9328,0.));
#16629=CARTESIAN_POINT('',(21.6697,59.9338,0.));
#16630=CARTESIAN_POINT('',(21.6697,60.9328,0.));
#16631=CARTESIAN_POINT('',(21.6697,60.9328,1.5));
#16632=CARTESIAN_POINT('',(21.6697,60.9328,0.));
#16633=CARTESIAN_POINT('',(21.6697,59.9338,1.5));
#16634=CARTESIAN_POINT('',(21.6697,60.9328,1.5));
#16635=CARTESIAN_POINT('',(21.6697,59.9338,0.));
#16636=CARTESIAN_POINT('Origin',(35.669,59.9338,0.));
#16637=CARTESIAN_POINT('',(35.669,59.9338,0.));
#16638=CARTESIAN_POINT('',(21.6697,59.9338,0.));
#16639=CARTESIAN_POINT('',(35.669,59.9338,1.5));
#16640=CARTESIAN_POINT('',(21.6697,59.9338,1.5));
#16641=CARTESIAN_POINT('',(35.669,59.9338,0.));
#16642=CARTESIAN_POINT('Origin',(35.669,60.9328,0.));
#16643=CARTESIAN_POINT('',(35.669,60.9328,0.));
#16644=CARTESIAN_POINT('',(35.669,59.9338,0.));
#16645=CARTESIAN_POINT('',(35.669,60.9328,1.5));
#16646=CARTESIAN_POINT('',(35.669,59.9338,1.5));
#16647=CARTESIAN_POINT('',(35.669,60.9328,0.));
#16648=CARTESIAN_POINT('Origin',(36.4698,60.9328,0.));
#16649=CARTESIAN_POINT('',(36.4698,60.9328,0.));
#16650=CARTESIAN_POINT('',(35.669,60.9328,0.));
#16651=CARTESIAN_POINT('',(36.4698,60.9328,1.5));
#16652=CARTESIAN_POINT('',(35.669,60.9328,1.5));
#16653=CARTESIAN_POINT('',(36.4698,60.9328,0.));
#16654=CARTESIAN_POINT('Origin',(36.4698,64.0334,0.));
#16655=CARTESIAN_POINT('',(36.4698,64.0334,0.));
#16656=CARTESIAN_POINT('',(36.4698,60.9328,0.));
#16657=CARTESIAN_POINT('',(36.4698,64.0334,1.5));
#16658=CARTESIAN_POINT('',(36.4698,60.9328,1.5));
#16659=CARTESIAN_POINT('',(36.4698,64.0334,0.));
#16660=CARTESIAN_POINT('Origin',(35.669,64.0334,0.));
#16661=CARTESIAN_POINT('',(35.669,64.0334,0.));
#16662=CARTESIAN_POINT('',(36.4698,64.0334,0.));
#16663=CARTESIAN_POINT('',(35.669,64.0334,1.5));
#16664=CARTESIAN_POINT('',(36.4698,64.0334,1.5));
#16665=CARTESIAN_POINT('',(35.669,64.0334,0.));
#16666=CARTESIAN_POINT('Origin',(35.669,69.8334,0.));
#16667=CARTESIAN_POINT('',(35.669,69.8334,0.));
#16668=CARTESIAN_POINT('',(35.669,64.0334,0.));
#16669=CARTESIAN_POINT('',(35.669,69.8334,1.5));
#16670=CARTESIAN_POINT('',(35.669,64.0334,1.5));
#16671=CARTESIAN_POINT('',(35.669,69.8334,0.));
#16672=CARTESIAN_POINT('Origin',(36.4698,69.8334,0.));
#16673=CARTESIAN_POINT('',(36.4698,69.8334,0.));
#16674=CARTESIAN_POINT('',(35.669,69.8334,0.));
#16675=CARTESIAN_POINT('',(36.4698,69.8334,1.5));
#16676=CARTESIAN_POINT('',(35.669,69.8334,1.5));
#16677=CARTESIAN_POINT('',(36.4698,69.8334,0.));
#16678=CARTESIAN_POINT('Origin',(36.4698,72.9326,0.));
#16679=CARTESIAN_POINT('',(36.4698,72.9326,0.));
#16680=CARTESIAN_POINT('',(36.4698,69.8334,0.));
#16681=CARTESIAN_POINT('',(36.4698,72.9326,1.5));
#16682=CARTESIAN_POINT('',(36.4698,69.8334,1.5));
#16683=CARTESIAN_POINT('',(36.4698,72.9326,0.));
#16684=CARTESIAN_POINT('Origin',(35.669,72.9326,0.));
#16685=CARTESIAN_POINT('',(35.669,72.9326,0.));
#16686=CARTESIAN_POINT('',(36.4698,72.9326,0.));
#16687=CARTESIAN_POINT('',(35.669,72.9326,1.5));
#16688=CARTESIAN_POINT('',(36.4698,72.9326,1.5));
#16689=CARTESIAN_POINT('',(35.669,72.9326,0.));
#16690=CARTESIAN_POINT('Origin',(35.669,73.9331,0.));
#16691=CARTESIAN_POINT('',(35.669,73.9331,0.));
#16692=CARTESIAN_POINT('',(35.669,72.9326,0.));
#16693=CARTESIAN_POINT('',(35.669,73.9331,1.5));
#16694=CARTESIAN_POINT('',(35.669,72.9326,1.5));
#16695=CARTESIAN_POINT('',(35.669,73.9331,0.));
#16696=CARTESIAN_POINT('Origin',(21.6697,73.9331,0.));
#16697=CARTESIAN_POINT('',(21.6697,73.9331,0.));
#16698=CARTESIAN_POINT('',(35.669,73.9331,0.));
#16699=CARTESIAN_POINT('',(21.6697,73.9331,1.5));
#16700=CARTESIAN_POINT('',(35.669,73.9331,1.5));
#16701=CARTESIAN_POINT('',(21.6697,73.9331,0.));
#16702=CARTESIAN_POINT('Origin',(21.6697,72.9326,0.));
#16703=CARTESIAN_POINT('',(21.6697,72.9326,0.));
#16704=CARTESIAN_POINT('',(21.6697,73.9331,0.));
#16705=CARTESIAN_POINT('',(21.6697,72.9326,1.5));
#16706=CARTESIAN_POINT('',(21.6697,73.9331,1.5));
#16707=CARTESIAN_POINT('',(21.6697,72.9326,0.));
#16708=CARTESIAN_POINT('Origin',(20.869,72.9326,0.));
#16709=CARTESIAN_POINT('',(20.869,72.9326,0.));
#16710=CARTESIAN_POINT('',(21.6697,72.9326,0.));
#16711=CARTESIAN_POINT('',(20.869,72.9326,1.5));
#16712=CARTESIAN_POINT('',(21.6697,72.9326,1.5));
#16713=CARTESIAN_POINT('',(20.869,72.9326,0.));
#16714=CARTESIAN_POINT('Origin',(20.869,69.8334,0.));
#16715=CARTESIAN_POINT('',(20.869,69.8334,0.));
#16716=CARTESIAN_POINT('',(20.869,72.9326,0.));
#16717=CARTESIAN_POINT('',(20.869,69.8334,1.5));
#16718=CARTESIAN_POINT('',(20.869,72.9326,1.5));
#16719=CARTESIAN_POINT('',(20.869,69.8334,0.));
#16720=CARTESIAN_POINT('Origin',(21.6697,69.8334,0.));
#16721=CARTESIAN_POINT('',(21.6697,69.8334,0.));
#16722=CARTESIAN_POINT('',(20.869,69.8334,0.));
#16723=CARTESIAN_POINT('',(21.6697,69.8334,1.5));
#16724=CARTESIAN_POINT('',(20.869,69.8334,1.5));
#16725=CARTESIAN_POINT('',(21.6697,69.8334,0.));
#16726=CARTESIAN_POINT('Origin',(21.6697,64.0334,0.));
#16727=CARTESIAN_POINT('',(21.6697,64.0334,0.));
#16728=CARTESIAN_POINT('',(21.6697,69.8334,0.));
#16729=CARTESIAN_POINT('',(21.6697,64.0334,1.5));
#16730=CARTESIAN_POINT('',(21.6697,69.8334,1.5));
#16731=CARTESIAN_POINT('',(21.6697,64.0334,0.));
#16732=CARTESIAN_POINT('Origin',(20.869,64.0334,0.));
#16733=CARTESIAN_POINT('',(20.869,64.0334,0.));
#16734=CARTESIAN_POINT('',(21.6697,64.0334,0.));
#16735=CARTESIAN_POINT('',(20.869,64.0334,1.5));
#16736=CARTESIAN_POINT('',(21.6697,64.0334,1.5));
#16737=CARTESIAN_POINT('',(20.869,64.0334,0.));
#16738=CARTESIAN_POINT('Origin',(20.869,60.9328,0.));
#16739=CARTESIAN_POINT('',(20.869,60.9328,0.));
#16740=CARTESIAN_POINT('',(20.869,64.0334,0.));
#16741=CARTESIAN_POINT('',(20.869,60.9328,1.5));
#16742=CARTESIAN_POINT('',(20.869,64.0334,1.5));
#16743=CARTESIAN_POINT('',(20.869,60.9328,0.));
#16744=CARTESIAN_POINT('Origin',(21.6697,60.9328,0.));
#16745=CARTESIAN_POINT('',(20.869,60.9328,0.));
#16746=CARTESIAN_POINT('',(20.869,60.9328,1.5));
#16747=CARTESIAN_POINT('Origin',(40.7197,60.9328,0.));
#16748=CARTESIAN_POINT('',(39.9189,60.9328,0.));
#16749=CARTESIAN_POINT('',(40.7197,60.9328,0.));
#16750=CARTESIAN_POINT('',(39.9189,60.9328,0.));
#16751=CARTESIAN_POINT('',(39.9189,60.9328,1.5));
#16752=CARTESIAN_POINT('',(39.9189,60.9328,0.));
#16753=CARTESIAN_POINT('',(40.7197,60.9328,1.5));
#16754=CARTESIAN_POINT('',(39.9189,60.9328,1.5));
#16755=CARTESIAN_POINT('',(40.7197,60.9328,0.));
#16756=CARTESIAN_POINT('Origin',(40.7197,59.9338,0.));
#16757=CARTESIAN_POINT('',(40.7197,59.9338,0.));
#16758=CARTESIAN_POINT('',(40.7197,60.9328,0.));
#16759=CARTESIAN_POINT('',(40.7197,59.9338,1.5));
#16760=CARTESIAN_POINT('',(40.7197,60.9328,1.5));
#16761=CARTESIAN_POINT('',(40.7197,59.9338,0.));
#16762=CARTESIAN_POINT('Origin',(54.719,59.9338,0.));
#16763=CARTESIAN_POINT('',(54.719,59.9338,0.));
#16764=CARTESIAN_POINT('',(40.7197,59.9338,0.));
#16765=CARTESIAN_POINT('',(54.719,59.9338,1.5));
#16766=CARTESIAN_POINT('',(40.7197,59.9338,1.5));
#16767=CARTESIAN_POINT('',(54.719,59.9338,0.));
#16768=CARTESIAN_POINT('Origin',(54.719,60.9328,0.));
#16769=CARTESIAN_POINT('',(54.719,60.9328,0.));
#16770=CARTESIAN_POINT('',(54.719,59.9338,0.));
#16771=CARTESIAN_POINT('',(54.719,60.9328,1.5));
#16772=CARTESIAN_POINT('',(54.719,59.9338,1.5));
#16773=CARTESIAN_POINT('',(54.719,60.9328,0.));
#16774=CARTESIAN_POINT('Origin',(55.5198,60.9328,0.));
#16775=CARTESIAN_POINT('',(55.5198,60.9328,0.));
#16776=CARTESIAN_POINT('',(54.719,60.9328,0.));
#16777=CARTESIAN_POINT('',(55.5198,60.9328,1.5));
#16778=CARTESIAN_POINT('',(54.719,60.9328,1.5));
#16779=CARTESIAN_POINT('',(55.5198,60.9328,0.));
#16780=CARTESIAN_POINT('Origin',(55.5198,64.0334,0.));
#16781=CARTESIAN_POINT('',(55.5198,64.0334,0.));
#16782=CARTESIAN_POINT('',(55.5198,60.9328,0.));
#16783=CARTESIAN_POINT('',(55.5198,64.0334,1.5));
#16784=CARTESIAN_POINT('',(55.5198,60.9328,1.5));
#16785=CARTESIAN_POINT('',(55.5198,64.0334,0.));
#16786=CARTESIAN_POINT('Origin',(54.719,64.0334,0.));
#16787=CARTESIAN_POINT('',(54.719,64.0334,0.));
#16788=CARTESIAN_POINT('',(55.5198,64.0334,0.));
#16789=CARTESIAN_POINT('',(54.719,64.0334,1.5));
#16790=CARTESIAN_POINT('',(55.5198,64.0334,1.5));
#16791=CARTESIAN_POINT('',(54.719,64.0334,0.));
#16792=CARTESIAN_POINT('Origin',(54.719,69.8334,0.));
#16793=CARTESIAN_POINT('',(54.719,69.8334,0.));
#16794=CARTESIAN_POINT('',(54.719,64.0334,0.));
#16795=CARTESIAN_POINT('',(54.719,69.8334,1.5));
#16796=CARTESIAN_POINT('',(54.719,64.0334,1.5));
#16797=CARTESIAN_POINT('',(54.719,69.8334,0.));
#16798=CARTESIAN_POINT('Origin',(55.5198,69.8334,0.));
#16799=CARTESIAN_POINT('',(55.5198,69.8334,0.));
#16800=CARTESIAN_POINT('',(54.719,69.8334,0.));
#16801=CARTESIAN_POINT('',(55.5198,69.8334,1.5));
#16802=CARTESIAN_POINT('',(54.719,69.8334,1.5));
#16803=CARTESIAN_POINT('',(55.5198,69.8334,0.));
#16804=CARTESIAN_POINT('Origin',(55.5198,72.9326,0.));
#16805=CARTESIAN_POINT('',(55.5198,72.9326,0.));
#16806=CARTESIAN_POINT('',(55.5198,69.8334,0.));
#16807=CARTESIAN_POINT('',(55.5198,72.9326,1.5));
#16808=CARTESIAN_POINT('',(55.5198,69.8334,1.5));
#16809=CARTESIAN_POINT('',(55.5198,72.9326,0.));
#16810=CARTESIAN_POINT('Origin',(54.719,72.9326,0.));
#16811=CARTESIAN_POINT('',(54.719,72.9326,0.));
#16812=CARTESIAN_POINT('',(55.5198,72.9326,0.));
#16813=CARTESIAN_POINT('',(54.719,72.9326,1.5));
#16814=CARTESIAN_POINT('',(55.5198,72.9326,1.5));
#16815=CARTESIAN_POINT('',(54.719,72.9326,0.));
#16816=CARTESIAN_POINT('Origin',(54.719,73.9331,0.));
#16817=CARTESIAN_POINT('',(54.719,73.9331,0.));
#16818=CARTESIAN_POINT('',(54.719,72.9326,0.));
#16819=CARTESIAN_POINT('',(54.719,73.9331,1.5));
#16820=CARTESIAN_POINT('',(54.719,72.9326,1.5));
#16821=CARTESIAN_POINT('',(54.719,73.9331,0.));
#16822=CARTESIAN_POINT('Origin',(40.7197,73.9331,0.));
#16823=CARTESIAN_POINT('',(40.7197,73.9331,0.));
#16824=CARTESIAN_POINT('',(54.719,73.9331,0.));
#16825=CARTESIAN_POINT('',(40.7197,73.9331,1.5));
#16826=CARTESIAN_POINT('',(54.719,73.9331,1.5));
#16827=CARTESIAN_POINT('',(40.7197,73.9331,0.));
#16828=CARTESIAN_POINT('Origin',(40.7197,72.9326,0.));
#16829=CARTESIAN_POINT('',(40.7197,72.9326,0.));
#16830=CARTESIAN_POINT('',(40.7197,73.9331,0.));
#16831=CARTESIAN_POINT('',(40.7197,72.9326,1.5));
#16832=CARTESIAN_POINT('',(40.7197,73.9331,1.5));
#16833=CARTESIAN_POINT('',(40.7197,72.9326,0.));
#16834=CARTESIAN_POINT('Origin',(39.9189,72.9326,0.));
#16835=CARTESIAN_POINT('',(39.9189,72.9326,0.));
#16836=CARTESIAN_POINT('',(40.7197,72.9326,0.));
#16837=CARTESIAN_POINT('',(39.9189,72.9326,1.5));
#16838=CARTESIAN_POINT('',(40.7197,72.9326,1.5));
#16839=CARTESIAN_POINT('',(39.9189,72.9326,0.));
#16840=CARTESIAN_POINT('Origin',(39.9189,69.8334,0.));
#16841=CARTESIAN_POINT('',(39.9189,69.8334,0.));
#16842=CARTESIAN_POINT('',(39.9189,72.9326,0.));
#16843=CARTESIAN_POINT('',(39.9189,69.8334,1.5));
#16844=CARTESIAN_POINT('',(39.9189,72.9326,1.5));
#16845=CARTESIAN_POINT('',(39.9189,69.8334,0.));
#16846=CARTESIAN_POINT('Origin',(40.7197,69.8334,0.));
#16847=CARTESIAN_POINT('',(40.7197,69.8334,0.));
#16848=CARTESIAN_POINT('',(39.9189,69.8334,0.));
#16849=CARTESIAN_POINT('',(40.7197,69.8334,1.5));
#16850=CARTESIAN_POINT('',(39.9189,69.8334,1.5));
#16851=CARTESIAN_POINT('',(40.7197,69.8334,0.));
#16852=CARTESIAN_POINT('Origin',(40.7197,64.0334,0.));
#16853=CARTESIAN_POINT('',(40.7197,64.0334,0.));
#16854=CARTESIAN_POINT('',(40.7197,69.8334,0.));
#16855=CARTESIAN_POINT('',(40.7197,64.0334,1.5));
#16856=CARTESIAN_POINT('',(40.7197,69.8334,1.5));
#16857=CARTESIAN_POINT('',(40.7197,64.0334,0.));
#16858=CARTESIAN_POINT('Origin',(39.9189,64.0334,0.));
#16859=CARTESIAN_POINT('',(39.9189,64.0334,0.));
#16860=CARTESIAN_POINT('',(40.7197,64.0334,0.));
#16861=CARTESIAN_POINT('',(39.9189,64.0334,1.5));
#16862=CARTESIAN_POINT('',(40.7197,64.0334,1.5));
#16863=CARTESIAN_POINT('',(39.9189,64.0334,0.));
#16864=CARTESIAN_POINT('Origin',(39.9189,60.9328,0.));
#16865=CARTESIAN_POINT('',(39.9189,64.0334,0.));
#16866=CARTESIAN_POINT('',(39.9189,64.0334,1.5));
#16867=CARTESIAN_POINT('Origin',(131.72,60.9328,0.));
#16868=CARTESIAN_POINT('',(130.919,60.9328,0.));
#16869=CARTESIAN_POINT('',(131.72,60.9328,0.));
#16870=CARTESIAN_POINT('',(130.919,60.9328,0.));
#16871=CARTESIAN_POINT('',(130.919,60.9328,1.5));
#16872=CARTESIAN_POINT('',(130.919,60.9328,0.));
#16873=CARTESIAN_POINT('',(131.72,60.9328,1.5));
#16874=CARTESIAN_POINT('',(130.919,60.9328,1.5));
#16875=CARTESIAN_POINT('',(131.72,60.9328,0.));
#16876=CARTESIAN_POINT('Origin',(131.72,64.0334,0.));
#16877=CARTESIAN_POINT('',(131.72,64.0334,0.));
#16878=CARTESIAN_POINT('',(131.72,60.9328,0.));
#16879=CARTESIAN_POINT('',(131.72,64.0334,1.5));
#16880=CARTESIAN_POINT('',(131.72,60.9328,1.5));
#16881=CARTESIAN_POINT('',(131.72,64.0334,0.));
#16882=CARTESIAN_POINT('Origin',(130.919,64.0334,0.));
#16883=CARTESIAN_POINT('',(130.919,64.0334,0.));
#16884=CARTESIAN_POINT('',(131.72,64.0334,0.));
#16885=CARTESIAN_POINT('',(130.919,64.0334,1.5));
#16886=CARTESIAN_POINT('',(131.72,64.0334,1.5));
#16887=CARTESIAN_POINT('',(130.919,64.0334,0.));
#16888=CARTESIAN_POINT('Origin',(130.919,69.8334,0.));
#16889=CARTESIAN_POINT('',(130.919,69.8334,0.));
#16890=CARTESIAN_POINT('',(130.919,64.0334,0.));
#16891=CARTESIAN_POINT('',(130.919,69.8334,1.5));
#16892=CARTESIAN_POINT('',(130.919,64.0334,1.5));
#16893=CARTESIAN_POINT('',(130.919,69.8334,0.));
#16894=CARTESIAN_POINT('Origin',(131.72,69.8334,0.));
#16895=CARTESIAN_POINT('',(131.72,69.8334,0.));
#16896=CARTESIAN_POINT('',(130.919,69.8334,0.));
#16897=CARTESIAN_POINT('',(131.72,69.8334,1.5));
#16898=CARTESIAN_POINT('',(130.919,69.8334,1.5));
#16899=CARTESIAN_POINT('',(131.72,69.8334,0.));
#16900=CARTESIAN_POINT('Origin',(131.72,72.9326,0.));
#16901=CARTESIAN_POINT('',(131.72,72.9326,0.));
#16902=CARTESIAN_POINT('',(131.72,69.8334,0.));
#16903=CARTESIAN_POINT('',(131.72,72.9326,1.5));
#16904=CARTESIAN_POINT('',(131.72,69.8334,1.5));
#16905=CARTESIAN_POINT('',(131.72,72.9326,0.));
#16906=CARTESIAN_POINT('Origin',(130.919,72.9326,0.));
#16907=CARTESIAN_POINT('',(130.919,72.9326,0.));
#16908=CARTESIAN_POINT('',(131.72,72.9326,0.));
#16909=CARTESIAN_POINT('',(130.919,72.9326,1.5));
#16910=CARTESIAN_POINT('',(131.72,72.9326,1.5));
#16911=CARTESIAN_POINT('',(130.919,72.9326,0.));
#16912=CARTESIAN_POINT('Origin',(130.919,73.9331,0.));
#16913=CARTESIAN_POINT('',(130.919,73.9331,0.));
#16914=CARTESIAN_POINT('',(130.919,72.9326,0.));
#16915=CARTESIAN_POINT('',(130.919,73.9331,1.5));
#16916=CARTESIAN_POINT('',(130.919,72.9326,1.5));
#16917=CARTESIAN_POINT('',(130.919,73.9331,0.));
#16918=CARTESIAN_POINT('Origin',(116.918,73.9331,0.));
#16919=CARTESIAN_POINT('',(116.918,73.9331,0.));
#16920=CARTESIAN_POINT('',(130.919,73.9331,0.));
#16921=CARTESIAN_POINT('',(116.918,73.9331,1.5));
#16922=CARTESIAN_POINT('',(130.919,73.9331,1.5));
#16923=CARTESIAN_POINT('',(116.918,73.9331,0.));
#16924=CARTESIAN_POINT('Origin',(116.918,72.9326,0.));
#16925=CARTESIAN_POINT('',(116.918,72.9326,0.));
#16926=CARTESIAN_POINT('',(116.918,73.9331,0.));
#16927=CARTESIAN_POINT('',(116.918,72.9326,1.5));
#16928=CARTESIAN_POINT('',(116.918,73.9331,1.5));
#16929=CARTESIAN_POINT('',(116.918,72.9326,0.));
#16930=CARTESIAN_POINT('Origin',(116.119,72.9326,0.));
#16931=CARTESIAN_POINT('',(116.119,72.9326,0.));
#16932=CARTESIAN_POINT('',(116.918,72.9326,0.));
#16933=CARTESIAN_POINT('',(116.119,72.9326,1.5));
#16934=CARTESIAN_POINT('',(116.918,72.9326,1.5));
#16935=CARTESIAN_POINT('',(116.119,72.9326,0.));
#16936=CARTESIAN_POINT('Origin',(116.119,69.8334,0.));
#16937=CARTESIAN_POINT('',(116.119,69.8334,0.));
#16938=CARTESIAN_POINT('',(116.119,72.9326,0.));
#16939=CARTESIAN_POINT('',(116.119,69.8334,1.5));
#16940=CARTESIAN_POINT('',(116.119,72.9326,1.5));
#16941=CARTESIAN_POINT('',(116.119,69.8334,0.));
#16942=CARTESIAN_POINT('Origin',(116.918,69.8334,0.));
#16943=CARTESIAN_POINT('',(116.918,69.8334,0.));
#16944=CARTESIAN_POINT('',(116.119,69.8334,0.));
#16945=CARTESIAN_POINT('',(116.918,69.8334,1.5));
#16946=CARTESIAN_POINT('',(116.119,69.8334,1.5));
#16947=CARTESIAN_POINT('',(116.918,69.8334,0.));
#16948=CARTESIAN_POINT('Origin',(116.918,64.0334,0.));
#16949=CARTESIAN_POINT('',(116.918,64.0334,0.));
#16950=CARTESIAN_POINT('',(116.918,69.8334,0.));
#16951=CARTESIAN_POINT('',(116.918,64.0334,1.5));
#16952=CARTESIAN_POINT('',(116.918,69.8334,1.5));
#16953=CARTESIAN_POINT('',(116.918,64.0334,0.));
#16954=CARTESIAN_POINT('Origin',(116.119,64.0334,0.));
#16955=CARTESIAN_POINT('',(116.119,64.0334,0.));
#16956=CARTESIAN_POINT('',(116.918,64.0334,0.));
#16957=CARTESIAN_POINT('',(116.119,64.0334,1.5));
#16958=CARTESIAN_POINT('',(116.918,64.0334,1.5));
#16959=CARTESIAN_POINT('',(116.119,64.0334,0.));
#16960=CARTESIAN_POINT('Origin',(116.119,60.9328,0.));
#16961=CARTESIAN_POINT('',(116.119,60.9328,0.));
#16962=CARTESIAN_POINT('',(116.119,64.0334,0.));
#16963=CARTESIAN_POINT('',(116.119,60.9328,1.5));
#16964=CARTESIAN_POINT('',(116.119,64.0334,1.5));
#16965=CARTESIAN_POINT('',(116.119,60.9328,0.));
#16966=CARTESIAN_POINT('Origin',(116.918,60.9328,0.));
#16967=CARTESIAN_POINT('',(116.918,60.9328,0.));
#16968=CARTESIAN_POINT('',(116.119,60.9328,0.));
#16969=CARTESIAN_POINT('',(116.918,60.9328,1.5));
#16970=CARTESIAN_POINT('',(116.119,60.9328,1.5));
#16971=CARTESIAN_POINT('',(116.918,60.9328,0.));
#16972=CARTESIAN_POINT('Origin',(116.918,59.9338,0.));
#16973=CARTESIAN_POINT('',(116.918,59.9338,0.));
#16974=CARTESIAN_POINT('',(116.918,60.9328,0.));
#16975=CARTESIAN_POINT('',(116.918,59.9338,1.5));
#16976=CARTESIAN_POINT('',(116.918,60.9328,1.5));
#16977=CARTESIAN_POINT('',(116.918,59.9338,0.));
#16978=CARTESIAN_POINT('Origin',(130.919,59.9338,0.));
#16979=CARTESIAN_POINT('',(130.919,59.9338,0.));
#16980=CARTESIAN_POINT('',(116.918,59.9338,0.));
#16981=CARTESIAN_POINT('',(130.919,59.9338,1.5));
#16982=CARTESIAN_POINT('',(116.918,59.9338,1.5));
#16983=CARTESIAN_POINT('',(130.919,59.9338,0.));
#16984=CARTESIAN_POINT('Origin',(130.919,60.9328,0.));
#16985=CARTESIAN_POINT('',(130.919,59.9338,0.));
#16986=CARTESIAN_POINT('',(130.919,59.9338,1.5));
#16987=CARTESIAN_POINT('Origin',(112.668,60.9328,0.));
#16988=CARTESIAN_POINT('',(111.869,60.9328,0.));
#16989=CARTESIAN_POINT('',(112.668,60.9328,0.));
#16990=CARTESIAN_POINT('',(111.869,60.9328,0.));
#16991=CARTESIAN_POINT('',(111.869,60.9328,1.5));
#16992=CARTESIAN_POINT('',(111.869,60.9328,0.));
#16993=CARTESIAN_POINT('',(112.668,60.9328,1.5));
#16994=CARTESIAN_POINT('',(111.869,60.9328,1.5));
#16995=CARTESIAN_POINT('',(112.668,60.9328,0.));
#16996=CARTESIAN_POINT('Origin',(112.668,64.0334,0.));
#16997=CARTESIAN_POINT('',(112.668,64.0334,0.));
#16998=CARTESIAN_POINT('',(112.668,60.9328,0.));
#16999=CARTESIAN_POINT('',(112.668,64.0334,1.5));
#17000=CARTESIAN_POINT('',(112.668,60.9328,1.5));
#17001=CARTESIAN_POINT('',(112.668,64.0334,0.));
#17002=CARTESIAN_POINT('Origin',(111.869,64.0334,0.));
#17003=CARTESIAN_POINT('',(111.869,64.0334,0.));
#17004=CARTESIAN_POINT('',(112.668,64.0334,0.));
#17005=CARTESIAN_POINT('',(111.869,64.0334,1.5));
#17006=CARTESIAN_POINT('',(112.668,64.0334,1.5));
#17007=CARTESIAN_POINT('',(111.869,64.0334,0.));
#17008=CARTESIAN_POINT('Origin',(111.869,69.8334,0.));
#17009=CARTESIAN_POINT('',(111.869,69.8334,0.));
#17010=CARTESIAN_POINT('',(111.869,64.0334,0.));
#17011=CARTESIAN_POINT('',(111.869,69.8334,1.5));
#17012=CARTESIAN_POINT('',(111.869,64.0334,1.5));
#17013=CARTESIAN_POINT('',(111.869,69.8334,0.));
#17014=CARTESIAN_POINT('Origin',(112.668,69.8334,0.));
#17015=CARTESIAN_POINT('',(112.668,69.8334,0.));
#17016=CARTESIAN_POINT('',(111.869,69.8334,0.));
#17017=CARTESIAN_POINT('',(112.668,69.8334,1.5));
#17018=CARTESIAN_POINT('',(111.869,69.8334,1.5));
#17019=CARTESIAN_POINT('',(112.668,69.8334,0.));
#17020=CARTESIAN_POINT('Origin',(112.668,72.9326,0.));
#17021=CARTESIAN_POINT('',(112.668,72.9326,0.));
#17022=CARTESIAN_POINT('',(112.668,69.8334,0.));
#17023=CARTESIAN_POINT('',(112.668,72.9326,1.5));
#17024=CARTESIAN_POINT('',(112.668,69.8334,1.5));
#17025=CARTESIAN_POINT('',(112.668,72.9326,0.));
#17026=CARTESIAN_POINT('Origin',(111.869,72.9326,0.));
#17027=CARTESIAN_POINT('',(111.869,72.9326,0.));
#17028=CARTESIAN_POINT('',(112.668,72.9326,0.));
#17029=CARTESIAN_POINT('',(111.869,72.9326,1.5));
#17030=CARTESIAN_POINT('',(112.668,72.9326,1.5));
#17031=CARTESIAN_POINT('',(111.869,72.9326,0.));
#17032=CARTESIAN_POINT('Origin',(111.869,73.9331,0.));
#17033=CARTESIAN_POINT('',(111.869,73.9331,0.));
#17034=CARTESIAN_POINT('',(111.869,72.9326,0.));
#17035=CARTESIAN_POINT('',(111.869,73.9331,1.5));
#17036=CARTESIAN_POINT('',(111.869,72.9326,1.5));
#17037=CARTESIAN_POINT('',(111.869,73.9331,0.));
#17038=CARTESIAN_POINT('Origin',(97.8683,73.9331,0.));
#17039=CARTESIAN_POINT('',(97.8683,73.9331,0.));
#17040=CARTESIAN_POINT('',(111.869,73.9331,0.));
#17041=CARTESIAN_POINT('',(97.8683,73.9331,1.5));
#17042=CARTESIAN_POINT('',(111.869,73.9331,1.5));
#17043=CARTESIAN_POINT('',(97.8683,73.9331,0.));
#17044=CARTESIAN_POINT('Origin',(97.8683,72.9326,0.));
#17045=CARTESIAN_POINT('',(97.8683,72.9326,0.));
#17046=CARTESIAN_POINT('',(97.8683,73.9331,0.));
#17047=CARTESIAN_POINT('',(97.8683,72.9326,1.5));
#17048=CARTESIAN_POINT('',(97.8683,73.9331,1.5));
#17049=CARTESIAN_POINT('',(97.8683,72.9326,0.));
#17050=CARTESIAN_POINT('Origin',(97.0689,72.9326,0.));
#17051=CARTESIAN_POINT('',(97.0689,72.9326,0.));
#17052=CARTESIAN_POINT('',(97.8683,72.9326,0.));
#17053=CARTESIAN_POINT('',(97.0689,72.9326,1.5));
#17054=CARTESIAN_POINT('',(97.8683,72.9326,1.5));
#17055=CARTESIAN_POINT('',(97.0689,72.9326,0.));
#17056=CARTESIAN_POINT('Origin',(97.0689,69.8334,0.));
#17057=CARTESIAN_POINT('',(97.0689,69.8334,0.));
#17058=CARTESIAN_POINT('',(97.0689,72.9326,0.));
#17059=CARTESIAN_POINT('',(97.0689,69.8334,1.5));
#17060=CARTESIAN_POINT('',(97.0689,72.9326,1.5));
#17061=CARTESIAN_POINT('',(97.0689,69.8334,0.));
#17062=CARTESIAN_POINT('Origin',(97.8683,69.8334,0.));
#17063=CARTESIAN_POINT('',(97.8683,69.8334,0.));
#17064=CARTESIAN_POINT('',(97.0689,69.8334,0.));
#17065=CARTESIAN_POINT('',(97.8683,69.8334,1.5));
#17066=CARTESIAN_POINT('',(97.0689,69.8334,1.5));
#17067=CARTESIAN_POINT('',(97.8683,69.8334,0.));
#17068=CARTESIAN_POINT('Origin',(97.8683,64.0334,0.));
#17069=CARTESIAN_POINT('',(97.8683,64.0334,0.));
#17070=CARTESIAN_POINT('',(97.8683,69.8334,0.));
#17071=CARTESIAN_POINT('',(97.8683,64.0334,1.5));
#17072=CARTESIAN_POINT('',(97.8683,69.8334,1.5));
#17073=CARTESIAN_POINT('',(97.8683,64.0334,0.));
#17074=CARTESIAN_POINT('Origin',(97.0689,64.0334,0.));
#17075=CARTESIAN_POINT('',(97.0689,64.0334,0.));
#17076=CARTESIAN_POINT('',(97.8683,64.0334,0.));
#17077=CARTESIAN_POINT('',(97.0689,64.0334,1.5));
#17078=CARTESIAN_POINT('',(97.8683,64.0334,1.5));
#17079=CARTESIAN_POINT('',(97.0689,64.0334,0.));
#17080=CARTESIAN_POINT('Origin',(97.0689,60.9328,0.));
#17081=CARTESIAN_POINT('',(97.0689,60.9328,0.));
#17082=CARTESIAN_POINT('',(97.0689,64.0334,0.));
#17083=CARTESIAN_POINT('',(97.0689,60.9328,1.5));
#17084=CARTESIAN_POINT('',(97.0689,64.0334,1.5));
#17085=CARTESIAN_POINT('',(97.0689,60.9328,0.));
#17086=CARTESIAN_POINT('Origin',(97.8683,60.9328,0.));
#17087=CARTESIAN_POINT('',(97.8683,60.9328,0.));
#17088=CARTESIAN_POINT('',(97.0689,60.9328,0.));
#17089=CARTESIAN_POINT('',(97.8683,60.9328,1.5));
#17090=CARTESIAN_POINT('',(97.0689,60.9328,1.5));
#17091=CARTESIAN_POINT('',(97.8683,60.9328,0.));
#17092=CARTESIAN_POINT('Origin',(97.8683,59.9338,0.));
#17093=CARTESIAN_POINT('',(97.8683,59.9338,0.));
#17094=CARTESIAN_POINT('',(97.8683,60.9328,0.));
#17095=CARTESIAN_POINT('',(97.8683,59.9338,1.5));
#17096=CARTESIAN_POINT('',(97.8683,60.9328,1.5));
#17097=CARTESIAN_POINT('',(97.8683,59.9338,0.));
#17098=CARTESIAN_POINT('Origin',(111.869,59.9338,0.));
#17099=CARTESIAN_POINT('',(111.869,59.9338,0.));
#17100=CARTESIAN_POINT('',(97.8683,59.9338,0.));
#17101=CARTESIAN_POINT('',(111.869,59.9338,1.5));
#17102=CARTESIAN_POINT('',(97.8683,59.9338,1.5));
#17103=CARTESIAN_POINT('',(111.869,59.9338,0.));
#17104=CARTESIAN_POINT('Origin',(111.869,60.9328,0.));
#17105=CARTESIAN_POINT('',(111.869,59.9338,0.));
#17106=CARTESIAN_POINT('',(111.869,59.9338,1.5));
#17107=CARTESIAN_POINT('Origin',(93.6184,72.9326,0.));
#17108=CARTESIAN_POINT('',(93.6184,69.8334,0.));
#17109=CARTESIAN_POINT('',(93.6184,72.9326,0.));
#17110=CARTESIAN_POINT('',(93.6184,69.8334,0.));
#17111=CARTESIAN_POINT('',(93.6184,69.8334,1.5));
#17112=CARTESIAN_POINT('',(93.6184,69.8334,0.));
#17113=CARTESIAN_POINT('',(93.6184,72.9326,1.5));
#17114=CARTESIAN_POINT('',(93.6184,69.8334,1.5));
#17115=CARTESIAN_POINT('',(93.6184,72.9326,0.));
#17116=CARTESIAN_POINT('Origin',(92.819,72.9326,0.));
#17117=CARTESIAN_POINT('',(92.819,72.9326,0.));
#17118=CARTESIAN_POINT('',(93.6184,72.9326,0.));
#17119=CARTESIAN_POINT('',(92.819,72.9326,1.5));
#17120=CARTESIAN_POINT('',(93.6184,72.9326,1.5));
#17121=CARTESIAN_POINT('',(92.819,72.9326,0.));
#17122=CARTESIAN_POINT('Origin',(92.819,73.9331,0.));
#17123=CARTESIAN_POINT('',(92.819,73.9331,0.));
#17124=CARTESIAN_POINT('',(92.819,72.9326,0.));
#17125=CARTESIAN_POINT('',(92.819,73.9331,1.5));
#17126=CARTESIAN_POINT('',(92.819,72.9326,1.5));
#17127=CARTESIAN_POINT('',(92.819,73.9331,0.));
#17128=CARTESIAN_POINT('Origin',(78.8197,73.9331,0.));
#17129=CARTESIAN_POINT('',(78.8197,73.9331,0.));
#17130=CARTESIAN_POINT('',(92.819,73.9331,0.));
#17131=CARTESIAN_POINT('',(78.8197,73.9331,1.5));
#17132=CARTESIAN_POINT('',(92.819,73.9331,1.5));
#17133=CARTESIAN_POINT('',(78.8197,73.9331,0.));
#17134=CARTESIAN_POINT('Origin',(78.8197,72.9326,0.));
#17135=CARTESIAN_POINT('',(78.8197,72.9326,0.));
#17136=CARTESIAN_POINT('',(78.8197,73.9331,0.));
#17137=CARTESIAN_POINT('',(78.8197,72.9326,1.5));
#17138=CARTESIAN_POINT('',(78.8197,73.9331,1.5));
#17139=CARTESIAN_POINT('',(78.8197,72.9326,0.));
#17140=CARTESIAN_POINT('Origin',(78.0189,72.9326,0.));
#17141=CARTESIAN_POINT('',(78.0189,72.9326,0.));
#17142=CARTESIAN_POINT('',(78.8197,72.9326,0.));
#17143=CARTESIAN_POINT('',(78.0189,72.9326,1.5));
#17144=CARTESIAN_POINT('',(78.8197,72.9326,1.5));
#17145=CARTESIAN_POINT('',(78.0189,72.9326,0.));
#17146=CARTESIAN_POINT('Origin',(78.0189,69.8334,0.));
#17147=CARTESIAN_POINT('',(78.0189,69.8334,0.));
#17148=CARTESIAN_POINT('',(78.0189,72.9326,0.));
#17149=CARTESIAN_POINT('',(78.0189,69.8334,1.5));
#17150=CARTESIAN_POINT('',(78.0189,72.9326,1.5));
#17151=CARTESIAN_POINT('',(78.0189,69.8334,0.));
#17152=CARTESIAN_POINT('Origin',(78.8197,69.8334,0.));
#17153=CARTESIAN_POINT('',(78.8197,69.8334,0.));
#17154=CARTESIAN_POINT('',(78.0189,69.8334,0.));
#17155=CARTESIAN_POINT('',(78.8197,69.8334,1.5));
#17156=CARTESIAN_POINT('',(78.0189,69.8334,1.5));
#17157=CARTESIAN_POINT('',(78.8197,69.8334,0.));
#17158=CARTESIAN_POINT('Origin',(78.8197,64.0334,0.));
#17159=CARTESIAN_POINT('',(78.8197,64.0334,0.));
#17160=CARTESIAN_POINT('',(78.8197,69.8334,0.));
#17161=CARTESIAN_POINT('',(78.8197,64.0334,1.5));
#17162=CARTESIAN_POINT('',(78.8197,69.8334,1.5));
#17163=CARTESIAN_POINT('',(78.8197,64.0334,0.));
#17164=CARTESIAN_POINT('Origin',(78.0189,64.0334,0.));
#17165=CARTESIAN_POINT('',(78.0189,64.0334,0.));
#17166=CARTESIAN_POINT('',(78.8197,64.0334,0.));
#17167=CARTESIAN_POINT('',(78.0189,64.0334,1.5));
#17168=CARTESIAN_POINT('',(78.8197,64.0334,1.5));
#17169=CARTESIAN_POINT('',(78.0189,64.0334,0.));
#17170=CARTESIAN_POINT('Origin',(78.0189,60.9328,0.));
#17171=CARTESIAN_POINT('',(78.0189,60.9328,0.));
#17172=CARTESIAN_POINT('',(78.0189,64.0334,0.));
#17173=CARTESIAN_POINT('',(78.0189,60.9328,1.5));
#17174=CARTESIAN_POINT('',(78.0189,64.0334,1.5));
#17175=CARTESIAN_POINT('',(78.0189,60.9328,0.));
#17176=CARTESIAN_POINT('Origin',(78.8197,60.9328,0.));
#17177=CARTESIAN_POINT('',(78.8197,60.9328,0.));
#17178=CARTESIAN_POINT('',(78.0189,60.9328,0.));
#17179=CARTESIAN_POINT('',(78.8197,60.9328,1.5));
#17180=CARTESIAN_POINT('',(78.0189,60.9328,1.5));
#17181=CARTESIAN_POINT('',(78.8197,60.9328,0.));
#17182=CARTESIAN_POINT('Origin',(78.8197,59.9338,0.));
#17183=CARTESIAN_POINT('',(78.8197,59.9338,0.));
#17184=CARTESIAN_POINT('',(78.8197,60.9328,0.));
#17185=CARTESIAN_POINT('',(78.8197,59.9338,1.5));
#17186=CARTESIAN_POINT('',(78.8197,60.9328,1.5));
#17187=CARTESIAN_POINT('',(78.8197,59.9338,0.));
#17188=CARTESIAN_POINT('Origin',(92.819,59.9338,0.));
#17189=CARTESIAN_POINT('',(92.819,59.9338,0.));
#17190=CARTESIAN_POINT('',(78.8197,59.9338,0.));
#17191=CARTESIAN_POINT('',(92.819,59.9338,1.5));
#17192=CARTESIAN_POINT('',(78.8197,59.9338,1.5));
#17193=CARTESIAN_POINT('',(92.819,59.9338,0.));
#17194=CARTESIAN_POINT('Origin',(92.819,60.9328,0.));
#17195=CARTESIAN_POINT('',(92.819,60.9328,0.));
#17196=CARTESIAN_POINT('',(92.819,59.9338,0.));
#17197=CARTESIAN_POINT('',(92.819,60.9328,1.5));
#17198=CARTESIAN_POINT('',(92.819,59.9338,1.5));
#17199=CARTESIAN_POINT('',(92.819,60.9328,0.));
#17200=CARTESIAN_POINT('Origin',(93.6184,60.9328,0.));
#17201=CARTESIAN_POINT('',(93.6184,60.9328,0.));
#17202=CARTESIAN_POINT('',(92.819,60.9328,0.));
#17203=CARTESIAN_POINT('',(93.6184,60.9328,1.5));
#17204=CARTESIAN_POINT('',(92.819,60.9328,1.5));
#17205=CARTESIAN_POINT('',(93.6184,60.9328,0.));
#17206=CARTESIAN_POINT('Origin',(93.6184,64.0334,0.));
#17207=CARTESIAN_POINT('',(93.6184,64.0334,0.));
#17208=CARTESIAN_POINT('',(93.6184,60.9328,0.));
#17209=CARTESIAN_POINT('',(93.6184,64.0334,1.5));
#17210=CARTESIAN_POINT('',(93.6184,60.9328,1.5));
#17211=CARTESIAN_POINT('',(93.6184,64.0334,0.));
#17212=CARTESIAN_POINT('Origin',(92.819,64.0334,0.));
#17213=CARTESIAN_POINT('',(92.819,64.0334,0.));
#17214=CARTESIAN_POINT('',(93.6184,64.0334,0.));
#17215=CARTESIAN_POINT('',(92.819,64.0334,1.5));
#17216=CARTESIAN_POINT('',(93.6184,64.0334,1.5));
#17217=CARTESIAN_POINT('',(92.819,64.0334,0.));
#17218=CARTESIAN_POINT('Origin',(92.819,69.8334,0.));
#17219=CARTESIAN_POINT('',(92.819,69.8334,0.));
#17220=CARTESIAN_POINT('',(92.819,64.0334,0.));
#17221=CARTESIAN_POINT('',(92.819,69.8334,1.5));
#17222=CARTESIAN_POINT('',(92.819,64.0334,1.5));
#17223=CARTESIAN_POINT('',(92.819,69.8334,0.));
#17224=CARTESIAN_POINT('Origin',(93.6184,69.8334,0.));
#17225=CARTESIAN_POINT('',(92.819,69.8334,0.));
#17226=CARTESIAN_POINT('',(92.819,69.8334,1.5));
#17227=CARTESIAN_POINT('Origin',(135.97,72.9326,0.));
#17228=CARTESIAN_POINT('',(135.97,73.9331,0.));
#17229=CARTESIAN_POINT('',(135.97,72.9326,0.));
#17230=CARTESIAN_POINT('',(135.97,73.9331,0.));
#17231=CARTESIAN_POINT('',(135.97,73.9331,1.5));
#17232=CARTESIAN_POINT('',(135.97,73.9331,0.));
#17233=CARTESIAN_POINT('',(135.97,72.9326,1.5));
#17234=CARTESIAN_POINT('',(135.97,73.9331,1.5));
#17235=CARTESIAN_POINT('',(135.97,72.9326,0.));
#17236=CARTESIAN_POINT('Origin',(135.169,72.9326,0.));
#17237=CARTESIAN_POINT('',(135.169,72.9326,0.));
#17238=CARTESIAN_POINT('',(135.97,72.9326,0.));
#17239=CARTESIAN_POINT('',(135.169,72.9326,1.5));
#17240=CARTESIAN_POINT('',(135.97,72.9326,1.5));
#17241=CARTESIAN_POINT('',(135.169,72.9326,0.));
#17242=CARTESIAN_POINT('Origin',(135.169,69.8334,0.));
#17243=CARTESIAN_POINT('',(135.169,69.8334,0.));
#17244=CARTESIAN_POINT('',(135.169,72.9326,0.));
#17245=CARTESIAN_POINT('',(135.169,69.8334,1.5));
#17246=CARTESIAN_POINT('',(135.169,72.9326,1.5));
#17247=CARTESIAN_POINT('',(135.169,69.8334,0.));
#17248=CARTESIAN_POINT('Origin',(135.97,69.8334,0.));
#17249=CARTESIAN_POINT('',(135.97,69.8334,0.));
#17250=CARTESIAN_POINT('',(135.169,69.8334,0.));
#17251=CARTESIAN_POINT('',(135.97,69.8334,1.5));
#17252=CARTESIAN_POINT('',(135.169,69.8334,1.5));
#17253=CARTESIAN_POINT('',(135.97,69.8334,0.));
#17254=CARTESIAN_POINT('Origin',(135.97,64.0334,0.));
#17255=CARTESIAN_POINT('',(135.97,64.0334,0.));
#17256=CARTESIAN_POINT('',(135.97,69.8334,0.));
#17257=CARTESIAN_POINT('',(135.97,64.0334,1.5));
#17258=CARTESIAN_POINT('',(135.97,69.8334,1.5));
#17259=CARTESIAN_POINT('',(135.97,64.0334,0.));
#17260=CARTESIAN_POINT('Origin',(135.169,64.0334,0.));
#17261=CARTESIAN_POINT('',(135.169,64.0334,0.));
#17262=CARTESIAN_POINT('',(135.97,64.0334,0.));
#17263=CARTESIAN_POINT('',(135.169,64.0334,1.5));
#17264=CARTESIAN_POINT('',(135.97,64.0334,1.5));
#17265=CARTESIAN_POINT('',(135.169,64.0334,0.));
#17266=CARTESIAN_POINT('Origin',(135.169,60.9328,0.));
#17267=CARTESIAN_POINT('',(135.169,60.9328,0.));
#17268=CARTESIAN_POINT('',(135.169,64.0334,0.));
#17269=CARTESIAN_POINT('',(135.169,60.9328,1.5));
#17270=CARTESIAN_POINT('',(135.169,64.0334,1.5));
#17271=CARTESIAN_POINT('',(135.169,60.9328,0.));
#17272=CARTESIAN_POINT('Origin',(135.97,60.9328,0.));
#17273=CARTESIAN_POINT('',(135.97,60.9328,0.));
#17274=CARTESIAN_POINT('',(135.169,60.9328,0.));
#17275=CARTESIAN_POINT('',(135.97,60.9328,1.5));
#17276=CARTESIAN_POINT('',(135.169,60.9328,1.5));
#17277=CARTESIAN_POINT('',(135.97,60.9328,0.));
#17278=CARTESIAN_POINT('Origin',(135.97,59.9338,0.));
#17279=CARTESIAN_POINT('',(135.97,59.9338,0.));
#17280=CARTESIAN_POINT('',(135.97,60.9328,0.));
#17281=CARTESIAN_POINT('',(135.97,59.9338,1.5));
#17282=CARTESIAN_POINT('',(135.97,60.9328,1.5));
#17283=CARTESIAN_POINT('',(135.97,59.9338,0.));
#17284=CARTESIAN_POINT('Origin',(149.969,59.9338,0.));
#17285=CARTESIAN_POINT('',(149.969,59.9338,0.));
#17286=CARTESIAN_POINT('',(135.97,59.9338,0.));
#17287=CARTESIAN_POINT('',(149.969,59.9338,1.5));
#17288=CARTESIAN_POINT('',(135.97,59.9338,1.5));
#17289=CARTESIAN_POINT('',(149.969,59.9338,0.));
#17290=CARTESIAN_POINT('Origin',(149.969,60.9328,0.));
#17291=CARTESIAN_POINT('',(149.969,60.9328,0.));
#17292=CARTESIAN_POINT('',(149.969,59.9338,0.));
#17293=CARTESIAN_POINT('',(149.969,60.9328,1.5));
#17294=CARTESIAN_POINT('',(149.969,59.9338,1.5));
#17295=CARTESIAN_POINT('',(149.969,60.9328,0.));
#17296=CARTESIAN_POINT('Origin',(150.77,60.9328,0.));
#17297=CARTESIAN_POINT('',(150.77,60.9328,0.));
#17298=CARTESIAN_POINT('',(149.969,60.9328,0.));
#17299=CARTESIAN_POINT('',(150.77,60.9328,1.5));
#17300=CARTESIAN_POINT('',(149.969,60.9328,1.5));
#17301=CARTESIAN_POINT('',(150.77,60.9328,0.));
#17302=CARTESIAN_POINT('Origin',(150.77,64.0334,0.));
#17303=CARTESIAN_POINT('',(150.77,64.0334,0.));
#17304=CARTESIAN_POINT('',(150.77,60.9328,0.));
#17305=CARTESIAN_POINT('',(150.77,64.0334,1.5));
#17306=CARTESIAN_POINT('',(150.77,60.9328,1.5));
#17307=CARTESIAN_POINT('',(150.77,64.0334,0.));
#17308=CARTESIAN_POINT('Origin',(149.969,64.0334,0.));
#17309=CARTESIAN_POINT('',(149.969,64.0334,0.));
#17310=CARTESIAN_POINT('',(150.77,64.0334,0.));
#17311=CARTESIAN_POINT('',(149.969,64.0334,1.5));
#17312=CARTESIAN_POINT('',(150.77,64.0334,1.5));
#17313=CARTESIAN_POINT('',(149.969,64.0334,0.));
#17314=CARTESIAN_POINT('Origin',(149.969,69.8334,0.));
#17315=CARTESIAN_POINT('',(149.969,69.8334,0.));
#17316=CARTESIAN_POINT('',(149.969,64.0334,0.));
#17317=CARTESIAN_POINT('',(149.969,69.8334,1.5));
#17318=CARTESIAN_POINT('',(149.969,64.0334,1.5));
#17319=CARTESIAN_POINT('',(149.969,69.8334,0.));
#17320=CARTESIAN_POINT('Origin',(150.77,69.8334,0.));
#17321=CARTESIAN_POINT('',(150.77,69.8334,0.));
#17322=CARTESIAN_POINT('',(149.969,69.8334,0.));
#17323=CARTESIAN_POINT('',(150.77,69.8334,1.5));
#17324=CARTESIAN_POINT('',(149.969,69.8334,1.5));
#17325=CARTESIAN_POINT('',(150.77,69.8334,0.));
#17326=CARTESIAN_POINT('Origin',(150.77,72.9326,0.));
#17327=CARTESIAN_POINT('',(150.77,72.9326,0.));
#17328=CARTESIAN_POINT('',(150.77,69.8334,0.));
#17329=CARTESIAN_POINT('',(150.77,72.9326,1.5));
#17330=CARTESIAN_POINT('',(150.77,69.8334,1.5));
#17331=CARTESIAN_POINT('',(150.77,72.9326,0.));
#17332=CARTESIAN_POINT('Origin',(149.969,72.9326,0.));
#17333=CARTESIAN_POINT('',(149.969,72.9326,0.));
#17334=CARTESIAN_POINT('',(150.77,72.9326,0.));
#17335=CARTESIAN_POINT('',(149.969,72.9326,1.5));
#17336=CARTESIAN_POINT('',(150.77,72.9326,1.5));
#17337=CARTESIAN_POINT('',(149.969,72.9326,0.));
#17338=CARTESIAN_POINT('Origin',(149.969,73.9331,0.));
#17339=CARTESIAN_POINT('',(149.969,73.9331,0.));
#17340=CARTESIAN_POINT('',(149.969,72.9326,0.));
#17341=CARTESIAN_POINT('',(149.969,73.9331,1.5));
#17342=CARTESIAN_POINT('',(149.969,72.9326,1.5));
#17343=CARTESIAN_POINT('',(149.969,73.9331,0.));
#17344=CARTESIAN_POINT('Origin',(135.97,73.9331,0.));
#17345=CARTESIAN_POINT('',(149.969,73.9331,0.));
#17346=CARTESIAN_POINT('',(149.969,73.9331,1.5));
#17347=CARTESIAN_POINT('Origin',(155.02,64.0334,0.));
#17348=CARTESIAN_POINT('',(155.02,69.8334,0.));
#17349=CARTESIAN_POINT('',(155.02,64.0334,0.));
#17350=CARTESIAN_POINT('',(155.02,69.8334,0.));
#17351=CARTESIAN_POINT('',(155.02,69.8334,1.5));
#17352=CARTESIAN_POINT('',(155.02,69.8334,0.));
#17353=CARTESIAN_POINT('',(155.02,64.0334,1.5));
#17354=CARTESIAN_POINT('',(155.02,69.8334,1.5));
#17355=CARTESIAN_POINT('',(155.02,64.0334,0.));
#17356=CARTESIAN_POINT('Origin',(154.219,64.0334,0.));
#17357=CARTESIAN_POINT('',(154.219,64.0334,0.));
#17358=CARTESIAN_POINT('',(155.02,64.0334,0.));
#17359=CARTESIAN_POINT('',(154.219,64.0334,1.5));
#17360=CARTESIAN_POINT('',(155.02,64.0334,1.5));
#17361=CARTESIAN_POINT('',(154.219,64.0334,0.));
#17362=CARTESIAN_POINT('Origin',(154.219,60.9328,0.));
#17363=CARTESIAN_POINT('',(154.219,60.9328,0.));
#17364=CARTESIAN_POINT('',(154.219,64.0334,0.));
#17365=CARTESIAN_POINT('',(154.219,60.9328,1.5));
#17366=CARTESIAN_POINT('',(154.219,64.0334,1.5));
#17367=CARTESIAN_POINT('',(154.219,60.9328,0.));
#17368=CARTESIAN_POINT('Origin',(155.02,60.9328,0.));
#17369=CARTESIAN_POINT('',(155.02,60.9328,0.));
#17370=CARTESIAN_POINT('',(154.219,60.9328,0.));
#17371=CARTESIAN_POINT('',(155.02,60.9328,1.5));
#17372=CARTESIAN_POINT('',(154.219,60.9328,1.5));
#17373=CARTESIAN_POINT('',(155.02,60.9328,0.));
#17374=CARTESIAN_POINT('Origin',(155.02,59.9338,0.));
#17375=CARTESIAN_POINT('',(155.02,59.9338,0.));
#17376=CARTESIAN_POINT('',(155.02,60.9328,0.));
#17377=CARTESIAN_POINT('',(155.02,59.9338,1.5));
#17378=CARTESIAN_POINT('',(155.02,60.9328,1.5));
#17379=CARTESIAN_POINT('',(155.02,59.9338,0.));
#17380=CARTESIAN_POINT('Origin',(169.019,59.9338,0.));
#17381=CARTESIAN_POINT('',(169.019,59.9338,0.));
#17382=CARTESIAN_POINT('',(155.02,59.9338,0.));
#17383=CARTESIAN_POINT('',(169.019,59.9338,1.5));
#17384=CARTESIAN_POINT('',(155.02,59.9338,1.5));
#17385=CARTESIAN_POINT('',(169.019,59.9338,0.));
#17386=CARTESIAN_POINT('Origin',(169.019,60.9328,0.));
#17387=CARTESIAN_POINT('',(169.019,60.9328,0.));
#17388=CARTESIAN_POINT('',(169.019,59.9338,0.));
#17389=CARTESIAN_POINT('',(169.019,60.9328,1.5));
#17390=CARTESIAN_POINT('',(169.019,59.9338,1.5));
#17391=CARTESIAN_POINT('',(169.019,60.9328,0.));
#17392=CARTESIAN_POINT('Origin',(169.82,60.9328,0.));
#17393=CARTESIAN_POINT('',(169.82,60.9328,0.));
#17394=CARTESIAN_POINT('',(169.019,60.9328,0.));
#17395=CARTESIAN_POINT('',(169.82,60.9328,1.5));
#17396=CARTESIAN_POINT('',(169.019,60.9328,1.5));
#17397=CARTESIAN_POINT('',(169.82,60.9328,0.));
#17398=CARTESIAN_POINT('Origin',(169.82,64.0334,0.));
#17399=CARTESIAN_POINT('',(169.82,64.0334,0.));
#17400=CARTESIAN_POINT('',(169.82,60.9328,0.));
#17401=CARTESIAN_POINT('',(169.82,64.0334,1.5));
#17402=CARTESIAN_POINT('',(169.82,60.9328,1.5));
#17403=CARTESIAN_POINT('',(169.82,64.0334,0.));
#17404=CARTESIAN_POINT('Origin',(169.019,64.0334,0.));
#17405=CARTESIAN_POINT('',(169.019,64.0334,0.));
#17406=CARTESIAN_POINT('',(169.82,64.0334,0.));
#17407=CARTESIAN_POINT('',(169.019,64.0334,1.5));
#17408=CARTESIAN_POINT('',(169.82,64.0334,1.5));
#17409=CARTESIAN_POINT('',(169.019,64.0334,0.));
#17410=CARTESIAN_POINT('Origin',(169.019,69.8334,0.));
#17411=CARTESIAN_POINT('',(169.019,69.8334,0.));
#17412=CARTESIAN_POINT('',(169.019,64.0334,0.));
#17413=CARTESIAN_POINT('',(169.019,69.8334,1.5));
#17414=CARTESIAN_POINT('',(169.019,64.0334,1.5));
#17415=CARTESIAN_POINT('',(169.019,69.8334,0.));
#17416=CARTESIAN_POINT('Origin',(169.82,69.8334,0.));
#17417=CARTESIAN_POINT('',(169.82,69.8334,0.));
#17418=CARTESIAN_POINT('',(169.019,69.8334,0.));
#17419=CARTESIAN_POINT('',(169.82,69.8334,1.5));
#17420=CARTESIAN_POINT('',(169.019,69.8334,1.5));
#17421=CARTESIAN_POINT('',(169.82,69.8334,0.));
#17422=CARTESIAN_POINT('Origin',(169.82,72.9326,0.));
#17423=CARTESIAN_POINT('',(169.82,72.9326,0.));
#17424=CARTESIAN_POINT('',(169.82,69.8334,0.));
#17425=CARTESIAN_POINT('',(169.82,72.9326,1.5));
#17426=CARTESIAN_POINT('',(169.82,69.8334,1.5));
#17427=CARTESIAN_POINT('',(169.82,72.9326,0.));
#17428=CARTESIAN_POINT('Origin',(169.019,72.9326,0.));
#17429=CARTESIAN_POINT('',(169.019,72.9326,0.));
#17430=CARTESIAN_POINT('',(169.82,72.9326,0.));
#17431=CARTESIAN_POINT('',(169.019,72.9326,1.5));
#17432=CARTESIAN_POINT('',(169.82,72.9326,1.5));
#17433=CARTESIAN_POINT('',(169.019,72.9326,0.));
#17434=CARTESIAN_POINT('Origin',(169.019,73.9331,0.));
#17435=CARTESIAN_POINT('',(169.019,73.9331,0.));
#17436=CARTESIAN_POINT('',(169.019,72.9326,0.));
#17437=CARTESIAN_POINT('',(169.019,73.9331,1.5));
#17438=CARTESIAN_POINT('',(169.019,72.9326,1.5));
#17439=CARTESIAN_POINT('',(169.019,73.9331,0.));
#17440=CARTESIAN_POINT('Origin',(155.02,73.9331,0.));
#17441=CARTESIAN_POINT('',(155.02,73.9331,0.));
#17442=CARTESIAN_POINT('',(169.019,73.9331,0.));
#17443=CARTESIAN_POINT('',(155.02,73.9331,1.5));
#17444=CARTESIAN_POINT('',(169.019,73.9331,1.5));
#17445=CARTESIAN_POINT('',(155.02,73.9331,0.));
#17446=CARTESIAN_POINT('Origin',(155.02,72.9326,0.));
#17447=CARTESIAN_POINT('',(155.02,72.9326,0.));
#17448=CARTESIAN_POINT('',(155.02,73.9331,0.));
#17449=CARTESIAN_POINT('',(155.02,72.9326,1.5));
#17450=CARTESIAN_POINT('',(155.02,73.9331,1.5));
#17451=CARTESIAN_POINT('',(155.02,72.9326,0.));
#17452=CARTESIAN_POINT('Origin',(154.219,72.9326,0.));
#17453=CARTESIAN_POINT('',(154.219,72.9326,0.));
#17454=CARTESIAN_POINT('',(155.02,72.9326,0.));
#17455=CARTESIAN_POINT('',(154.219,72.9326,1.5));
#17456=CARTESIAN_POINT('',(155.02,72.9326,1.5));
#17457=CARTESIAN_POINT('',(154.219,72.9326,0.));
#17458=CARTESIAN_POINT('Origin',(154.219,69.8334,0.));
#17459=CARTESIAN_POINT('',(154.219,69.8334,0.));
#17460=CARTESIAN_POINT('',(154.219,72.9326,0.));
#17461=CARTESIAN_POINT('',(154.219,69.8334,1.5));
#17462=CARTESIAN_POINT('',(154.219,72.9326,1.5));
#17463=CARTESIAN_POINT('',(154.219,69.8334,0.));
#17464=CARTESIAN_POINT('Origin',(155.02,69.8334,0.));
#17465=CARTESIAN_POINT('',(154.219,69.8334,0.));
#17466=CARTESIAN_POINT('',(154.219,69.8334,1.5));
#17467=CARTESIAN_POINT('Origin',(188.069,73.9331,0.));
#17468=CARTESIAN_POINT('',(188.069,72.9326,0.));
#17469=CARTESIAN_POINT('',(188.069,73.9331,0.));
#17470=CARTESIAN_POINT('',(188.069,72.9326,0.));
#17471=CARTESIAN_POINT('',(188.069,72.9326,1.5));
#17472=CARTESIAN_POINT('',(188.069,72.9326,0.));
#17473=CARTESIAN_POINT('',(188.069,73.9331,1.5));
#17474=CARTESIAN_POINT('',(188.069,72.9326,1.5));
#17475=CARTESIAN_POINT('',(188.069,73.9331,0.));
#17476=CARTESIAN_POINT('Origin',(174.07,73.9331,0.));
#17477=CARTESIAN_POINT('',(174.07,73.9331,0.));
#17478=CARTESIAN_POINT('',(188.069,73.9331,0.));
#17479=CARTESIAN_POINT('',(174.07,73.9331,1.5));
#17480=CARTESIAN_POINT('',(188.069,73.9331,1.5));
#17481=CARTESIAN_POINT('',(174.07,73.9331,0.));
#17482=CARTESIAN_POINT('Origin',(174.07,72.9326,0.));
#17483=CARTESIAN_POINT('',(174.07,72.9326,0.));
#17484=CARTESIAN_POINT('',(174.07,73.9331,0.));
#17485=CARTESIAN_POINT('',(174.07,72.9326,1.5));
#17486=CARTESIAN_POINT('',(174.07,73.9331,1.5));
#17487=CARTESIAN_POINT('',(174.07,72.9326,0.));
#17488=CARTESIAN_POINT('Origin',(173.269,72.9326,0.));
#17489=CARTESIAN_POINT('',(173.269,72.9326,0.));
#17490=CARTESIAN_POINT('',(174.07,72.9326,0.));
#17491=CARTESIAN_POINT('',(173.269,72.9326,1.5));
#17492=CARTESIAN_POINT('',(174.07,72.9326,1.5));
#17493=CARTESIAN_POINT('',(173.269,72.9326,0.));
#17494=CARTESIAN_POINT('Origin',(173.269,69.8334,0.));
#17495=CARTESIAN_POINT('',(173.269,69.8334,0.));
#17496=CARTESIAN_POINT('',(173.269,72.9326,0.));
#17497=CARTESIAN_POINT('',(173.269,69.8334,1.5));
#17498=CARTESIAN_POINT('',(173.269,72.9326,1.5));
#17499=CARTESIAN_POINT('',(173.269,69.8334,0.));
#17500=CARTESIAN_POINT('Origin',(174.07,69.8334,0.));
#17501=CARTESIAN_POINT('',(174.07,69.8334,0.));
#17502=CARTESIAN_POINT('',(173.269,69.8334,0.));
#17503=CARTESIAN_POINT('',(174.07,69.8334,1.5));
#17504=CARTESIAN_POINT('',(173.269,69.8334,1.5));
#17505=CARTESIAN_POINT('',(174.07,69.8334,0.));
#17506=CARTESIAN_POINT('Origin',(174.07,64.0334,0.));
#17507=CARTESIAN_POINT('',(174.07,64.0334,0.));
#17508=CARTESIAN_POINT('',(174.07,69.8334,0.));
#17509=CARTESIAN_POINT('',(174.07,64.0334,1.5));
#17510=CARTESIAN_POINT('',(174.07,69.8334,1.5));
#17511=CARTESIAN_POINT('',(174.07,64.0334,0.));
#17512=CARTESIAN_POINT('Origin',(173.269,64.0334,0.));
#17513=CARTESIAN_POINT('',(173.269,64.0334,0.));
#17514=CARTESIAN_POINT('',(174.07,64.0334,0.));
#17515=CARTESIAN_POINT('',(173.269,64.0334,1.5));
#17516=CARTESIAN_POINT('',(174.07,64.0334,1.5));
#17517=CARTESIAN_POINT('',(173.269,64.0334,0.));
#17518=CARTESIAN_POINT('Origin',(173.269,60.9328,0.));
#17519=CARTESIAN_POINT('',(173.269,60.9328,0.));
#17520=CARTESIAN_POINT('',(173.269,64.0334,0.));
#17521=CARTESIAN_POINT('',(173.269,60.9328,1.5));
#17522=CARTESIAN_POINT('',(173.269,64.0334,1.5));
#17523=CARTESIAN_POINT('',(173.269,60.9328,0.));
#17524=CARTESIAN_POINT('Origin',(174.07,60.9328,0.));
#17525=CARTESIAN_POINT('',(174.07,60.9328,0.));
#17526=CARTESIAN_POINT('',(173.269,60.9328,0.));
#17527=CARTESIAN_POINT('',(174.07,60.9328,1.5));
#17528=CARTESIAN_POINT('',(173.269,60.9328,1.5));
#17529=CARTESIAN_POINT('',(174.07,60.9328,0.));
#17530=CARTESIAN_POINT('Origin',(174.07,59.9338,0.));
#17531=CARTESIAN_POINT('',(174.07,59.9338,0.));
#17532=CARTESIAN_POINT('',(174.07,60.9328,0.));
#17533=CARTESIAN_POINT('',(174.07,59.9338,1.5));
#17534=CARTESIAN_POINT('',(174.07,60.9328,1.5));
#17535=CARTESIAN_POINT('',(174.07,59.9338,0.));
#17536=CARTESIAN_POINT('Origin',(188.069,59.9338,0.));
#17537=CARTESIAN_POINT('',(188.069,59.9338,0.));
#17538=CARTESIAN_POINT('',(174.07,59.9338,0.));
#17539=CARTESIAN_POINT('',(188.069,59.9338,1.5));
#17540=CARTESIAN_POINT('',(174.07,59.9338,1.5));
#17541=CARTESIAN_POINT('',(188.069,59.9338,0.));
#17542=CARTESIAN_POINT('Origin',(188.069,60.9328,0.));
#17543=CARTESIAN_POINT('',(188.069,60.9328,0.));
#17544=CARTESIAN_POINT('',(188.069,59.9338,0.));
#17545=CARTESIAN_POINT('',(188.069,60.9328,1.5));
#17546=CARTESIAN_POINT('',(188.069,59.9338,1.5));
#17547=CARTESIAN_POINT('',(188.069,60.9328,0.));
#17548=CARTESIAN_POINT('Origin',(188.87,60.9328,0.));
#17549=CARTESIAN_POINT('',(188.87,60.9328,0.));
#17550=CARTESIAN_POINT('',(188.069,60.9328,0.));
#17551=CARTESIAN_POINT('',(188.87,60.9328,1.5));
#17552=CARTESIAN_POINT('',(188.069,60.9328,1.5));
#17553=CARTESIAN_POINT('',(188.87,60.9328,0.));
#17554=CARTESIAN_POINT('Origin',(188.87,64.0334,0.));
#17555=CARTESIAN_POINT('',(188.87,64.0334,0.));
#17556=CARTESIAN_POINT('',(188.87,60.9328,0.));
#17557=CARTESIAN_POINT('',(188.87,64.0334,1.5));
#17558=CARTESIAN_POINT('',(188.87,60.9328,1.5));
#17559=CARTESIAN_POINT('',(188.87,64.0334,0.));
#17560=CARTESIAN_POINT('Origin',(188.069,64.0334,0.));
#17561=CARTESIAN_POINT('',(188.069,64.0334,0.));
#17562=CARTESIAN_POINT('',(188.87,64.0334,0.));
#17563=CARTESIAN_POINT('',(188.069,64.0334,1.5));
#17564=CARTESIAN_POINT('',(188.87,64.0334,1.5));
#17565=CARTESIAN_POINT('',(188.069,64.0334,0.));
#17566=CARTESIAN_POINT('Origin',(188.069,69.8334,0.));
#17567=CARTESIAN_POINT('',(188.069,69.8334,0.));
#17568=CARTESIAN_POINT('',(188.069,64.0334,0.));
#17569=CARTESIAN_POINT('',(188.069,69.8334,1.5));
#17570=CARTESIAN_POINT('',(188.069,64.0334,1.5));
#17571=CARTESIAN_POINT('',(188.069,69.8334,0.));
#17572=CARTESIAN_POINT('Origin',(188.87,69.8334,0.));
#17573=CARTESIAN_POINT('',(188.87,69.8334,0.));
#17574=CARTESIAN_POINT('',(188.069,69.8334,0.));
#17575=CARTESIAN_POINT('',(188.87,69.8334,1.5));
#17576=CARTESIAN_POINT('',(188.069,69.8334,1.5));
#17577=CARTESIAN_POINT('',(188.87,69.8334,0.));
#17578=CARTESIAN_POINT('Origin',(188.87,72.9326,0.));
#17579=CARTESIAN_POINT('',(188.87,72.9326,0.));
#17580=CARTESIAN_POINT('',(188.87,69.8334,0.));
#17581=CARTESIAN_POINT('',(188.87,72.9326,1.5));
#17582=CARTESIAN_POINT('',(188.87,69.8334,1.5));
#17583=CARTESIAN_POINT('',(188.87,72.9326,0.));
#17584=CARTESIAN_POINT('Origin',(188.069,72.9326,0.));
#17585=CARTESIAN_POINT('',(188.87,72.9326,0.));
#17586=CARTESIAN_POINT('',(188.87,72.9326,1.5));
#17587=CARTESIAN_POINT('Origin',(45.4822,40.8838,0.));
#17588=CARTESIAN_POINT('',(45.4822,41.8828,0.));
#17589=CARTESIAN_POINT('',(45.4822,40.8838,0.));
#17590=CARTESIAN_POINT('',(45.4822,41.8828,0.));
#17591=CARTESIAN_POINT('',(45.4822,41.8828,1.5));
#17592=CARTESIAN_POINT('',(45.4822,41.8828,0.));
#17593=CARTESIAN_POINT('',(45.4822,40.8838,1.5));
#17594=CARTESIAN_POINT('',(45.4822,41.8828,1.5));
#17595=CARTESIAN_POINT('',(45.4822,40.8838,0.));
#17596=CARTESIAN_POINT('Origin',(59.4815,40.8838,0.));
#17597=CARTESIAN_POINT('',(59.4815,40.8838,0.));
#17598=CARTESIAN_POINT('',(45.4822,40.8838,0.));
#17599=CARTESIAN_POINT('',(59.4815,40.8838,1.5));
#17600=CARTESIAN_POINT('',(45.4822,40.8838,1.5));
#17601=CARTESIAN_POINT('',(59.4815,40.8838,0.));
#17602=CARTESIAN_POINT('Origin',(59.4815,41.8828,0.));
#17603=CARTESIAN_POINT('',(59.4815,41.8828,0.));
#17604=CARTESIAN_POINT('',(59.4815,40.8838,0.));
#17605=CARTESIAN_POINT('',(59.4815,41.8828,1.5));
#17606=CARTESIAN_POINT('',(59.4815,40.8838,1.5));
#17607=CARTESIAN_POINT('',(59.4815,41.8828,0.));
#17608=CARTESIAN_POINT('Origin',(60.2809,41.8828,0.));
#17609=CARTESIAN_POINT('',(60.2809,41.8828,0.));
#17610=CARTESIAN_POINT('',(59.4815,41.8828,0.));
#17611=CARTESIAN_POINT('',(60.2809,41.8828,1.5));
#17612=CARTESIAN_POINT('',(59.4815,41.8828,1.5));
#17613=CARTESIAN_POINT('',(60.2809,41.8828,0.));
#17614=CARTESIAN_POINT('Origin',(60.2809,44.9834,0.));
#17615=CARTESIAN_POINT('',(60.2809,44.9834,0.));
#17616=CARTESIAN_POINT('',(60.2809,41.8828,0.));
#17617=CARTESIAN_POINT('',(60.2809,44.9834,1.5));
#17618=CARTESIAN_POINT('',(60.2809,41.8828,1.5));
#17619=CARTESIAN_POINT('',(60.2809,44.9834,0.));
#17620=CARTESIAN_POINT('Origin',(59.4815,44.9834,0.));
#17621=CARTESIAN_POINT('',(59.4815,44.9834,0.));
#17622=CARTESIAN_POINT('',(60.2809,44.9834,0.));
#17623=CARTESIAN_POINT('',(59.4815,44.9834,1.5));
#17624=CARTESIAN_POINT('',(60.2809,44.9834,1.5));
#17625=CARTESIAN_POINT('',(59.4815,44.9834,0.));
#17626=CARTESIAN_POINT('Origin',(59.4815,50.7834,0.));
#17627=CARTESIAN_POINT('',(59.4815,50.7834,0.));
#17628=CARTESIAN_POINT('',(59.4815,44.9834,0.));
#17629=CARTESIAN_POINT('',(59.4815,50.7834,1.5));
#17630=CARTESIAN_POINT('',(59.4815,44.9834,1.5));
#17631=CARTESIAN_POINT('',(59.4815,50.7834,0.));
#17632=CARTESIAN_POINT('Origin',(60.2809,50.7834,0.));
#17633=CARTESIAN_POINT('',(60.2809,50.7834,0.));
#17634=CARTESIAN_POINT('',(59.4815,50.7834,0.));
#17635=CARTESIAN_POINT('',(60.2809,50.7834,1.5));
#17636=CARTESIAN_POINT('',(59.4815,50.7834,1.5));
#17637=CARTESIAN_POINT('',(60.2809,50.7834,0.));
#17638=CARTESIAN_POINT('Origin',(60.2809,53.8826,0.));
#17639=CARTESIAN_POINT('',(60.2809,53.8826,0.));
#17640=CARTESIAN_POINT('',(60.2809,50.7834,0.));
#17641=CARTESIAN_POINT('',(60.2809,53.8826,1.5));
#17642=CARTESIAN_POINT('',(60.2809,50.7834,1.5));
#17643=CARTESIAN_POINT('',(60.2809,53.8826,0.));
#17644=CARTESIAN_POINT('Origin',(59.4815,53.8826,0.));
#17645=CARTESIAN_POINT('',(59.4815,53.8826,0.));
#17646=CARTESIAN_POINT('',(60.2809,53.8826,0.));
#17647=CARTESIAN_POINT('',(59.4815,53.8826,1.5));
#17648=CARTESIAN_POINT('',(60.2809,53.8826,1.5));
#17649=CARTESIAN_POINT('',(59.4815,53.8826,0.));
#17650=CARTESIAN_POINT('Origin',(59.4815,54.8831,0.));
#17651=CARTESIAN_POINT('',(59.4815,54.8831,0.));
#17652=CARTESIAN_POINT('',(59.4815,53.8826,0.));
#17653=CARTESIAN_POINT('',(59.4815,54.8831,1.5));
#17654=CARTESIAN_POINT('',(59.4815,53.8826,1.5));
#17655=CARTESIAN_POINT('',(59.4815,54.8831,0.));
#17656=CARTESIAN_POINT('Origin',(45.4822,54.8831,0.));
#17657=CARTESIAN_POINT('',(45.4822,54.8831,0.));
#17658=CARTESIAN_POINT('',(59.4815,54.8831,0.));
#17659=CARTESIAN_POINT('',(45.4822,54.8831,1.5));
#17660=CARTESIAN_POINT('',(59.4815,54.8831,1.5));
#17661=CARTESIAN_POINT('',(45.4822,54.8831,0.));
#17662=CARTESIAN_POINT('Origin',(45.4822,53.8826,0.));
#17663=CARTESIAN_POINT('',(45.4822,53.8826,0.));
#17664=CARTESIAN_POINT('',(45.4822,54.8831,0.));
#17665=CARTESIAN_POINT('',(45.4822,53.8826,1.5));
#17666=CARTESIAN_POINT('',(45.4822,54.8831,1.5));
#17667=CARTESIAN_POINT('',(45.4822,53.8826,0.));
#17668=CARTESIAN_POINT('Origin',(44.6814,53.8826,0.));
#17669=CARTESIAN_POINT('',(44.6814,53.8826,0.));
#17670=CARTESIAN_POINT('',(45.4822,53.8826,0.));
#17671=CARTESIAN_POINT('',(44.6814,53.8826,1.5));
#17672=CARTESIAN_POINT('',(45.4822,53.8826,1.5));
#17673=CARTESIAN_POINT('',(44.6814,53.8826,0.));
#17674=CARTESIAN_POINT('Origin',(44.6814,50.7834,0.));
#17675=CARTESIAN_POINT('',(44.6814,50.7834,0.));
#17676=CARTESIAN_POINT('',(44.6814,53.8826,0.));
#17677=CARTESIAN_POINT('',(44.6814,50.7834,1.5));
#17678=CARTESIAN_POINT('',(44.6814,53.8826,1.5));
#17679=CARTESIAN_POINT('',(44.6814,50.7834,0.));
#17680=CARTESIAN_POINT('Origin',(45.4822,50.7834,0.));
#17681=CARTESIAN_POINT('',(45.4822,50.7834,0.));
#17682=CARTESIAN_POINT('',(44.6814,50.7834,0.));
#17683=CARTESIAN_POINT('',(45.4822,50.7834,1.5));
#17684=CARTESIAN_POINT('',(44.6814,50.7834,1.5));
#17685=CARTESIAN_POINT('',(45.4822,50.7834,0.));
#17686=CARTESIAN_POINT('Origin',(45.4822,44.9834,0.));
#17687=CARTESIAN_POINT('',(45.4822,44.9834,0.));
#17688=CARTESIAN_POINT('',(45.4822,50.7834,0.));
#17689=CARTESIAN_POINT('',(45.4822,44.9834,1.5));
#17690=CARTESIAN_POINT('',(45.4822,50.7834,1.5));
#17691=CARTESIAN_POINT('',(45.4822,44.9834,0.));
#17692=CARTESIAN_POINT('Origin',(44.6814,44.9834,0.));
#17693=CARTESIAN_POINT('',(44.6814,44.9834,0.));
#17694=CARTESIAN_POINT('',(45.4822,44.9834,0.));
#17695=CARTESIAN_POINT('',(44.6814,44.9834,1.5));
#17696=CARTESIAN_POINT('',(45.4822,44.9834,1.5));
#17697=CARTESIAN_POINT('',(44.6814,44.9834,0.));
#17698=CARTESIAN_POINT('Origin',(44.6814,41.8828,0.));
#17699=CARTESIAN_POINT('',(44.6814,41.8828,0.));
#17700=CARTESIAN_POINT('',(44.6814,44.9834,0.));
#17701=CARTESIAN_POINT('',(44.6814,41.8828,1.5));
#17702=CARTESIAN_POINT('',(44.6814,44.9834,1.5));
#17703=CARTESIAN_POINT('',(44.6814,41.8828,0.));
#17704=CARTESIAN_POINT('Origin',(45.4822,41.8828,0.));
#17705=CARTESIAN_POINT('',(44.6814,41.8828,0.));
#17706=CARTESIAN_POINT('',(44.6814,41.8828,1.5));
#17707=CARTESIAN_POINT('Origin',(41.2309,50.7834,0.));
#17708=CARTESIAN_POINT('',(40.4315,50.7834,0.));
#17709=CARTESIAN_POINT('',(41.2309,50.7834,0.));
#17710=CARTESIAN_POINT('',(40.4315,50.7834,0.));
#17711=CARTESIAN_POINT('',(40.4315,50.7834,1.5));
#17712=CARTESIAN_POINT('',(40.4315,50.7834,0.));
#17713=CARTESIAN_POINT('',(41.2309,50.7834,1.5));
#17714=CARTESIAN_POINT('',(40.4315,50.7834,1.5));
#17715=CARTESIAN_POINT('',(41.2309,50.7834,0.));
#17716=CARTESIAN_POINT('Origin',(41.2309,53.8826,0.));
#17717=CARTESIAN_POINT('',(41.2309,53.8826,0.));
#17718=CARTESIAN_POINT('',(41.2309,50.7834,0.));
#17719=CARTESIAN_POINT('',(41.2309,53.8826,1.5));
#17720=CARTESIAN_POINT('',(41.2309,50.7834,1.5));
#17721=CARTESIAN_POINT('',(41.2309,53.8826,0.));
#17722=CARTESIAN_POINT('Origin',(40.4315,53.8826,0.));
#17723=CARTESIAN_POINT('',(40.4315,53.8826,0.));
#17724=CARTESIAN_POINT('',(41.2309,53.8826,0.));
#17725=CARTESIAN_POINT('',(40.4315,53.8826,1.5));
#17726=CARTESIAN_POINT('',(41.2309,53.8826,1.5));
#17727=CARTESIAN_POINT('',(40.4315,53.8826,0.));
#17728=CARTESIAN_POINT('Origin',(40.4315,54.8831,0.));
#17729=CARTESIAN_POINT('',(40.4315,54.8831,0.));
#17730=CARTESIAN_POINT('',(40.4315,53.8826,0.));
#17731=CARTESIAN_POINT('',(40.4315,54.8831,1.5));
#17732=CARTESIAN_POINT('',(40.4315,53.8826,1.5));
#17733=CARTESIAN_POINT('',(40.4315,54.8831,0.));
#17734=CARTESIAN_POINT('Origin',(26.4322,54.8831,0.));
#17735=CARTESIAN_POINT('',(26.4322,54.8831,0.));
#17736=CARTESIAN_POINT('',(40.4315,54.8831,0.));
#17737=CARTESIAN_POINT('',(26.4322,54.8831,1.5));
#17738=CARTESIAN_POINT('',(40.4315,54.8831,1.5));
#17739=CARTESIAN_POINT('',(26.4322,54.8831,0.));
#17740=CARTESIAN_POINT('Origin',(26.4322,53.8826,0.));
#17741=CARTESIAN_POINT('',(26.4322,53.8826,0.));
#17742=CARTESIAN_POINT('',(26.4322,54.8831,0.));
#17743=CARTESIAN_POINT('',(26.4322,53.8826,1.5));
#17744=CARTESIAN_POINT('',(26.4322,54.8831,1.5));
#17745=CARTESIAN_POINT('',(26.4322,53.8826,0.));
#17746=CARTESIAN_POINT('Origin',(25.6315,53.8826,0.));
#17747=CARTESIAN_POINT('',(25.6315,53.8826,0.));
#17748=CARTESIAN_POINT('',(26.4322,53.8826,0.));
#17749=CARTESIAN_POINT('',(25.6315,53.8826,1.5));
#17750=CARTESIAN_POINT('',(26.4322,53.8826,1.5));
#17751=CARTESIAN_POINT('',(25.6315,53.8826,0.));
#17752=CARTESIAN_POINT('Origin',(25.6315,50.7834,0.));
#17753=CARTESIAN_POINT('',(25.6315,50.7834,0.));
#17754=CARTESIAN_POINT('',(25.6315,53.8826,0.));
#17755=CARTESIAN_POINT('',(25.6315,50.7834,1.5));
#17756=CARTESIAN_POINT('',(25.6315,53.8826,1.5));
#17757=CARTESIAN_POINT('',(25.6315,50.7834,0.));
#17758=CARTESIAN_POINT('Origin',(26.4322,50.7834,0.));
#17759=CARTESIAN_POINT('',(26.4322,50.7834,0.));
#17760=CARTESIAN_POINT('',(25.6315,50.7834,0.));
#17761=CARTESIAN_POINT('',(26.4322,50.7834,1.5));
#17762=CARTESIAN_POINT('',(25.6315,50.7834,1.5));
#17763=CARTESIAN_POINT('',(26.4322,50.7834,0.));
#17764=CARTESIAN_POINT('Origin',(26.4322,44.9834,0.));
#17765=CARTESIAN_POINT('',(26.4322,44.9834,0.));
#17766=CARTESIAN_POINT('',(26.4322,50.7834,0.));
#17767=CARTESIAN_POINT('',(26.4322,44.9834,1.5));
#17768=CARTESIAN_POINT('',(26.4322,50.7834,1.5));
#17769=CARTESIAN_POINT('',(26.4322,44.9834,0.));
#17770=CARTESIAN_POINT('Origin',(25.6315,44.9834,0.));
#17771=CARTESIAN_POINT('',(25.6315,44.9834,0.));
#17772=CARTESIAN_POINT('',(26.4322,44.9834,0.));
#17773=CARTESIAN_POINT('',(25.6315,44.9834,1.5));
#17774=CARTESIAN_POINT('',(26.4322,44.9834,1.5));
#17775=CARTESIAN_POINT('',(25.6315,44.9834,0.));
#17776=CARTESIAN_POINT('Origin',(25.6315,41.8828,0.));
#17777=CARTESIAN_POINT('',(25.6315,41.8828,0.));
#17778=CARTESIAN_POINT('',(25.6315,44.9834,0.));
#17779=CARTESIAN_POINT('',(25.6315,41.8828,1.5));
#17780=CARTESIAN_POINT('',(25.6315,44.9834,1.5));
#17781=CARTESIAN_POINT('',(25.6315,41.8828,0.));
#17782=CARTESIAN_POINT('Origin',(26.4322,41.8828,0.));
#17783=CARTESIAN_POINT('',(26.4322,41.8828,0.));
#17784=CARTESIAN_POINT('',(25.6315,41.8828,0.));
#17785=CARTESIAN_POINT('',(26.4322,41.8828,1.5));
#17786=CARTESIAN_POINT('',(25.6315,41.8828,1.5));
#17787=CARTESIAN_POINT('',(26.4322,41.8828,0.));
#17788=CARTESIAN_POINT('Origin',(26.4322,40.8838,0.));
#17789=CARTESIAN_POINT('',(26.4322,40.8838,0.));
#17790=CARTESIAN_POINT('',(26.4322,41.8828,0.));
#17791=CARTESIAN_POINT('',(26.4322,40.8838,1.5));
#17792=CARTESIAN_POINT('',(26.4322,41.8828,1.5));
#17793=CARTESIAN_POINT('',(26.4322,40.8838,0.));
#17794=CARTESIAN_POINT('Origin',(40.4315,40.8838,0.));
#17795=CARTESIAN_POINT('',(40.4315,40.8838,0.));
#17796=CARTESIAN_POINT('',(26.4322,40.8838,0.));
#17797=CARTESIAN_POINT('',(40.4315,40.8838,1.5));
#17798=CARTESIAN_POINT('',(26.4322,40.8838,1.5));
#17799=CARTESIAN_POINT('',(40.4315,40.8838,0.));
#17800=CARTESIAN_POINT('Origin',(40.4315,41.8828,0.));
#17801=CARTESIAN_POINT('',(40.4315,41.8828,0.));
#17802=CARTESIAN_POINT('',(40.4315,40.8838,0.));
#17803=CARTESIAN_POINT('',(40.4315,41.8828,1.5));
#17804=CARTESIAN_POINT('',(40.4315,40.8838,1.5));
#17805=CARTESIAN_POINT('',(40.4315,41.8828,0.));
#17806=CARTESIAN_POINT('Origin',(41.2309,41.8828,0.));
#17807=CARTESIAN_POINT('',(41.2309,41.8828,0.));
#17808=CARTESIAN_POINT('',(40.4315,41.8828,0.));
#17809=CARTESIAN_POINT('',(41.2309,41.8828,1.5));
#17810=CARTESIAN_POINT('',(40.4315,41.8828,1.5));
#17811=CARTESIAN_POINT('',(41.2309,41.8828,0.));
#17812=CARTESIAN_POINT('Origin',(41.2309,44.9834,0.));
#17813=CARTESIAN_POINT('',(41.2309,44.9834,0.));
#17814=CARTESIAN_POINT('',(41.2309,41.8828,0.));
#17815=CARTESIAN_POINT('',(41.2309,44.9834,1.5));
#17816=CARTESIAN_POINT('',(41.2309,41.8828,1.5));
#17817=CARTESIAN_POINT('',(41.2309,44.9834,0.));
#17818=CARTESIAN_POINT('Origin',(40.4315,44.9834,0.));
#17819=CARTESIAN_POINT('',(40.4315,44.9834,0.));
#17820=CARTESIAN_POINT('',(41.2309,44.9834,0.));
#17821=CARTESIAN_POINT('',(40.4315,44.9834,1.5));
#17822=CARTESIAN_POINT('',(41.2309,44.9834,1.5));
#17823=CARTESIAN_POINT('',(40.4315,44.9834,0.));
#17824=CARTESIAN_POINT('Origin',(40.4315,50.7834,0.));
#17825=CARTESIAN_POINT('',(40.4315,44.9834,0.));
#17826=CARTESIAN_POINT('',(40.4315,44.9834,1.5));
#17827=CARTESIAN_POINT('Origin',(7.38216,44.9834,0.));
#17828=CARTESIAN_POINT('',(7.38216,50.7834,0.));
#17829=CARTESIAN_POINT('',(7.38216,44.9834,0.));
#17830=CARTESIAN_POINT('',(7.38216,50.7834,0.));
#17831=CARTESIAN_POINT('',(7.38216,50.7834,1.5));
#17832=CARTESIAN_POINT('',(7.38216,50.7834,0.));
#17833=CARTESIAN_POINT('',(7.38216,44.9834,1.5));
#17834=CARTESIAN_POINT('',(7.38216,50.7834,1.5));
#17835=CARTESIAN_POINT('',(7.38216,44.9834,0.));
#17836=CARTESIAN_POINT('Origin',(6.58153,44.9834,0.));
#17837=CARTESIAN_POINT('',(6.58153,44.9834,0.));
#17838=CARTESIAN_POINT('',(7.38216,44.9834,0.));
#17839=CARTESIAN_POINT('',(6.58153,44.9834,1.5));
#17840=CARTESIAN_POINT('',(7.38216,44.9834,1.5));
#17841=CARTESIAN_POINT('',(6.58153,44.9834,0.));
#17842=CARTESIAN_POINT('Origin',(6.58153,41.8828,0.));
#17843=CARTESIAN_POINT('',(6.58153,41.8828,0.));
#17844=CARTESIAN_POINT('',(6.58153,44.9834,0.));
#17845=CARTESIAN_POINT('',(6.58153,41.8828,1.5));
#17846=CARTESIAN_POINT('',(6.58153,44.9834,1.5));
#17847=CARTESIAN_POINT('',(6.58153,41.8828,0.));
#17848=CARTESIAN_POINT('Origin',(7.38216,41.8828,0.));
#17849=CARTESIAN_POINT('',(7.38216,41.8828,0.));
#17850=CARTESIAN_POINT('',(6.58153,41.8828,0.));
#17851=CARTESIAN_POINT('',(7.38216,41.8828,1.5));
#17852=CARTESIAN_POINT('',(6.58153,41.8828,1.5));
#17853=CARTESIAN_POINT('',(7.38216,41.8828,0.));
#17854=CARTESIAN_POINT('Origin',(7.38216,40.8838,0.));
#17855=CARTESIAN_POINT('',(7.38216,40.8838,0.));
#17856=CARTESIAN_POINT('',(7.38216,41.8828,0.));
#17857=CARTESIAN_POINT('',(7.38216,40.8838,1.5));
#17858=CARTESIAN_POINT('',(7.38216,41.8828,1.5));
#17859=CARTESIAN_POINT('',(7.38216,40.8838,0.));
#17860=CARTESIAN_POINT('Origin',(21.3817,40.8838,0.));
#17861=CARTESIAN_POINT('',(21.3817,40.8838,0.));
#17862=CARTESIAN_POINT('',(7.38216,40.8838,0.));
#17863=CARTESIAN_POINT('',(21.3817,40.8838,1.5));
#17864=CARTESIAN_POINT('',(7.38216,40.8838,1.5));
#17865=CARTESIAN_POINT('',(21.3817,40.8838,0.));
#17866=CARTESIAN_POINT('Origin',(21.3817,41.8828,0.));
#17867=CARTESIAN_POINT('',(21.3817,41.8828,0.));
#17868=CARTESIAN_POINT('',(21.3817,40.8838,0.));
#17869=CARTESIAN_POINT('',(21.3817,41.8828,1.5));
#17870=CARTESIAN_POINT('',(21.3817,40.8838,1.5));
#17871=CARTESIAN_POINT('',(21.3817,41.8828,0.));
#17872=CARTESIAN_POINT('Origin',(22.1809,41.8828,0.));
#17873=CARTESIAN_POINT('',(22.1809,41.8828,0.));
#17874=CARTESIAN_POINT('',(21.3817,41.8828,0.));
#17875=CARTESIAN_POINT('',(22.1809,41.8828,1.5));
#17876=CARTESIAN_POINT('',(21.3817,41.8828,1.5));
#17877=CARTESIAN_POINT('',(22.1809,41.8828,0.));
#17878=CARTESIAN_POINT('Origin',(22.1809,44.9834,0.));
#17879=CARTESIAN_POINT('',(22.1809,44.9834,0.));
#17880=CARTESIAN_POINT('',(22.1809,41.8828,0.));
#17881=CARTESIAN_POINT('',(22.1809,44.9834,1.5));
#17882=CARTESIAN_POINT('',(22.1809,41.8828,1.5));
#17883=CARTESIAN_POINT('',(22.1809,44.9834,0.));
#17884=CARTESIAN_POINT('Origin',(21.3817,44.9834,0.));
#17885=CARTESIAN_POINT('',(21.3817,44.9834,0.));
#17886=CARTESIAN_POINT('',(22.1809,44.9834,0.));
#17887=CARTESIAN_POINT('',(21.3817,44.9834,1.5));
#17888=CARTESIAN_POINT('',(22.1809,44.9834,1.5));
#17889=CARTESIAN_POINT('',(21.3817,44.9834,0.));
#17890=CARTESIAN_POINT('Origin',(21.3817,50.7834,0.));
#17891=CARTESIAN_POINT('',(21.3817,50.7834,0.));
#17892=CARTESIAN_POINT('',(21.3817,44.9834,0.));
#17893=CARTESIAN_POINT('',(21.3817,50.7834,1.5));
#17894=CARTESIAN_POINT('',(21.3817,44.9834,1.5));
#17895=CARTESIAN_POINT('',(21.3817,50.7834,0.));
#17896=CARTESIAN_POINT('Origin',(22.1809,50.7834,0.));
#17897=CARTESIAN_POINT('',(22.1809,50.7834,0.));
#17898=CARTESIAN_POINT('',(21.3817,50.7834,0.));
#17899=CARTESIAN_POINT('',(22.1809,50.7834,1.5));
#17900=CARTESIAN_POINT('',(21.3817,50.7834,1.5));
#17901=CARTESIAN_POINT('',(22.1809,50.7834,0.));
#17902=CARTESIAN_POINT('Origin',(22.1809,53.8826,0.));
#17903=CARTESIAN_POINT('',(22.1809,53.8826,0.));
#17904=CARTESIAN_POINT('',(22.1809,50.7834,0.));
#17905=CARTESIAN_POINT('',(22.1809,53.8826,1.5));
#17906=CARTESIAN_POINT('',(22.1809,50.7834,1.5));
#17907=CARTESIAN_POINT('',(22.1809,53.8826,0.));
#17908=CARTESIAN_POINT('Origin',(21.3817,53.8826,0.));
#17909=CARTESIAN_POINT('',(21.3817,53.8826,0.));
#17910=CARTESIAN_POINT('',(22.1809,53.8826,0.));
#17911=CARTESIAN_POINT('',(21.3817,53.8826,1.5));
#17912=CARTESIAN_POINT('',(22.1809,53.8826,1.5));
#17913=CARTESIAN_POINT('',(21.3817,53.8826,0.));
#17914=CARTESIAN_POINT('Origin',(21.3817,54.8831,0.));
#17915=CARTESIAN_POINT('',(21.3817,54.8831,0.));
#17916=CARTESIAN_POINT('',(21.3817,53.8826,0.));
#17917=CARTESIAN_POINT('',(21.3817,54.8831,1.5));
#17918=CARTESIAN_POINT('',(21.3817,53.8826,1.5));
#17919=CARTESIAN_POINT('',(21.3817,54.8831,0.));
#17920=CARTESIAN_POINT('Origin',(7.38216,54.8831,0.));
#17921=CARTESIAN_POINT('',(7.38216,54.8831,0.));
#17922=CARTESIAN_POINT('',(21.3817,54.8831,0.));
#17923=CARTESIAN_POINT('',(7.38216,54.8831,1.5));
#17924=CARTESIAN_POINT('',(21.3817,54.8831,1.5));
#17925=CARTESIAN_POINT('',(7.38216,54.8831,0.));
#17926=CARTESIAN_POINT('Origin',(7.38216,53.8826,0.));
#17927=CARTESIAN_POINT('',(7.38216,53.8826,0.));
#17928=CARTESIAN_POINT('',(7.38216,54.8831,0.));
#17929=CARTESIAN_POINT('',(7.38216,53.8826,1.5));
#17930=CARTESIAN_POINT('',(7.38216,54.8831,1.5));
#17931=CARTESIAN_POINT('',(7.38216,53.8826,0.));
#17932=CARTESIAN_POINT('Origin',(6.58153,53.8826,0.));
#17933=CARTESIAN_POINT('',(6.58153,53.8826,0.));
#17934=CARTESIAN_POINT('',(7.38216,53.8826,0.));
#17935=CARTESIAN_POINT('',(6.58153,53.8826,1.5));
#17936=CARTESIAN_POINT('',(7.38216,53.8826,1.5));
#17937=CARTESIAN_POINT('',(6.58153,53.8826,0.));
#17938=CARTESIAN_POINT('Origin',(6.58153,50.7834,0.));
#17939=CARTESIAN_POINT('',(6.58153,50.7834,0.));
#17940=CARTESIAN_POINT('',(6.58153,53.8826,0.));
#17941=CARTESIAN_POINT('',(6.58153,50.7834,1.5));
#17942=CARTESIAN_POINT('',(6.58153,53.8826,1.5));
#17943=CARTESIAN_POINT('',(6.58153,50.7834,0.));
#17944=CARTESIAN_POINT('Origin',(7.38216,50.7834,0.));
#17945=CARTESIAN_POINT('',(6.58153,50.7834,0.));
#17946=CARTESIAN_POINT('',(6.58153,50.7834,1.5));
#17947=CARTESIAN_POINT('Origin',(101.831,44.9834,0.));
#17948=CARTESIAN_POINT('',(102.632,44.9834,0.));
#17949=CARTESIAN_POINT('',(101.831,44.9834,0.));
#17950=CARTESIAN_POINT('',(102.632,44.9834,0.));
#17951=CARTESIAN_POINT('',(102.632,44.9834,1.5));
#17952=CARTESIAN_POINT('',(102.632,44.9834,0.));
#17953=CARTESIAN_POINT('',(101.831,44.9834,1.5));
#17954=CARTESIAN_POINT('',(102.632,44.9834,1.5));
#17955=CARTESIAN_POINT('',(101.831,44.9834,0.));
#17956=CARTESIAN_POINT('Origin',(101.831,41.8828,0.));
#17957=CARTESIAN_POINT('',(101.831,41.8828,0.));
#17958=CARTESIAN_POINT('',(101.831,44.9834,0.));
#17959=CARTESIAN_POINT('',(101.831,41.8828,1.5));
#17960=CARTESIAN_POINT('',(101.831,44.9834,1.5));
#17961=CARTESIAN_POINT('',(101.831,41.8828,0.));
#17962=CARTESIAN_POINT('Origin',(102.632,41.8828,0.));
#17963=CARTESIAN_POINT('',(102.632,41.8828,0.));
#17964=CARTESIAN_POINT('',(101.831,41.8828,0.));
#17965=CARTESIAN_POINT('',(102.632,41.8828,1.5));
#17966=CARTESIAN_POINT('',(101.831,41.8828,1.5));
#17967=CARTESIAN_POINT('',(102.632,41.8828,0.));
#17968=CARTESIAN_POINT('Origin',(102.632,40.8838,0.));
#17969=CARTESIAN_POINT('',(102.632,40.8838,0.));
#17970=CARTESIAN_POINT('',(102.632,41.8828,0.));
#17971=CARTESIAN_POINT('',(102.632,40.8838,1.5));
#17972=CARTESIAN_POINT('',(102.632,41.8828,1.5));
#17973=CARTESIAN_POINT('',(102.632,40.8838,0.));
#17974=CARTESIAN_POINT('Origin',(116.632,40.8838,0.));
#17975=CARTESIAN_POINT('',(116.632,40.8838,0.));
#17976=CARTESIAN_POINT('',(102.632,40.8838,0.));
#17977=CARTESIAN_POINT('',(116.632,40.8838,1.5));
#17978=CARTESIAN_POINT('',(102.632,40.8838,1.5));
#17979=CARTESIAN_POINT('',(116.632,40.8838,0.));
#17980=CARTESIAN_POINT('Origin',(116.632,41.8828,0.));
#17981=CARTESIAN_POINT('',(116.632,41.8828,0.));
#17982=CARTESIAN_POINT('',(116.632,40.8838,0.));
#17983=CARTESIAN_POINT('',(116.632,41.8828,1.5));
#17984=CARTESIAN_POINT('',(116.632,40.8838,1.5));
#17985=CARTESIAN_POINT('',(116.632,41.8828,0.));
#17986=CARTESIAN_POINT('Origin',(117.431,41.8828,0.));
#17987=CARTESIAN_POINT('',(117.431,41.8828,0.));
#17988=CARTESIAN_POINT('',(116.632,41.8828,0.));
#17989=CARTESIAN_POINT('',(117.431,41.8828,1.5));
#17990=CARTESIAN_POINT('',(116.632,41.8828,1.5));
#17991=CARTESIAN_POINT('',(117.431,41.8828,0.));
#17992=CARTESIAN_POINT('Origin',(117.431,44.9834,0.));
#17993=CARTESIAN_POINT('',(117.431,44.9834,0.));
#17994=CARTESIAN_POINT('',(117.431,41.8828,0.));
#17995=CARTESIAN_POINT('',(117.431,44.9834,1.5));
#17996=CARTESIAN_POINT('',(117.431,41.8828,1.5));
#17997=CARTESIAN_POINT('',(117.431,44.9834,0.));
#17998=CARTESIAN_POINT('Origin',(116.632,44.9834,0.));
#17999=CARTESIAN_POINT('',(116.632,44.9834,0.));
#18000=CARTESIAN_POINT('',(117.431,44.9834,0.));
#18001=CARTESIAN_POINT('',(116.632,44.9834,1.5));
#18002=CARTESIAN_POINT('',(117.431,44.9834,1.5));
#18003=CARTESIAN_POINT('',(116.632,44.9834,0.));
#18004=CARTESIAN_POINT('Origin',(116.632,50.7834,0.));
#18005=CARTESIAN_POINT('',(116.632,50.7834,0.));
#18006=CARTESIAN_POINT('',(116.632,44.9834,0.));
#18007=CARTESIAN_POINT('',(116.632,50.7834,1.5));
#18008=CARTESIAN_POINT('',(116.632,44.9834,1.5));
#18009=CARTESIAN_POINT('',(116.632,50.7834,0.));
#18010=CARTESIAN_POINT('Origin',(117.431,50.7834,0.));
#18011=CARTESIAN_POINT('',(117.431,50.7834,0.));
#18012=CARTESIAN_POINT('',(116.632,50.7834,0.));
#18013=CARTESIAN_POINT('',(117.431,50.7834,1.5));
#18014=CARTESIAN_POINT('',(116.632,50.7834,1.5));
#18015=CARTESIAN_POINT('',(117.431,50.7834,0.));
#18016=CARTESIAN_POINT('Origin',(117.431,53.8826,0.));
#18017=CARTESIAN_POINT('',(117.431,53.8826,0.));
#18018=CARTESIAN_POINT('',(117.431,50.7834,0.));
#18019=CARTESIAN_POINT('',(117.431,53.8826,1.5));
#18020=CARTESIAN_POINT('',(117.431,50.7834,1.5));
#18021=CARTESIAN_POINT('',(117.431,53.8826,0.));
#18022=CARTESIAN_POINT('Origin',(116.632,53.8826,0.));
#18023=CARTESIAN_POINT('',(116.632,53.8826,0.));
#18024=CARTESIAN_POINT('',(117.431,53.8826,0.));
#18025=CARTESIAN_POINT('',(116.632,53.8826,1.5));
#18026=CARTESIAN_POINT('',(117.431,53.8826,1.5));
#18027=CARTESIAN_POINT('',(116.632,53.8826,0.));
#18028=CARTESIAN_POINT('Origin',(116.632,54.8831,0.));
#18029=CARTESIAN_POINT('',(116.632,54.8831,0.));
#18030=CARTESIAN_POINT('',(116.632,53.8826,0.));
#18031=CARTESIAN_POINT('',(116.632,54.8831,1.5));
#18032=CARTESIAN_POINT('',(116.632,53.8826,1.5));
#18033=CARTESIAN_POINT('',(116.632,54.8831,0.));
#18034=CARTESIAN_POINT('Origin',(102.632,54.8831,0.));
#18035=CARTESIAN_POINT('',(102.632,54.8831,0.));
#18036=CARTESIAN_POINT('',(116.632,54.8831,0.));
#18037=CARTESIAN_POINT('',(102.632,54.8831,1.5));
#18038=CARTESIAN_POINT('',(116.632,54.8831,1.5));
#18039=CARTESIAN_POINT('',(102.632,54.8831,0.));
#18040=CARTESIAN_POINT('Origin',(102.632,53.8826,0.));
#18041=CARTESIAN_POINT('',(102.632,53.8826,0.));
#18042=CARTESIAN_POINT('',(102.632,54.8831,0.));
#18043=CARTESIAN_POINT('',(102.632,53.8826,1.5));
#18044=CARTESIAN_POINT('',(102.632,54.8831,1.5));
#18045=CARTESIAN_POINT('',(102.632,53.8826,0.));
#18046=CARTESIAN_POINT('Origin',(101.831,53.8826,0.));
#18047=CARTESIAN_POINT('',(101.831,53.8826,0.));
#18048=CARTESIAN_POINT('',(102.632,53.8826,0.));
#18049=CARTESIAN_POINT('',(101.831,53.8826,1.5));
#18050=CARTESIAN_POINT('',(102.632,53.8826,1.5));
#18051=CARTESIAN_POINT('',(101.831,53.8826,0.));
#18052=CARTESIAN_POINT('Origin',(101.831,50.7834,0.));
#18053=CARTESIAN_POINT('',(101.831,50.7834,0.));
#18054=CARTESIAN_POINT('',(101.831,53.8826,0.));
#18055=CARTESIAN_POINT('',(101.831,50.7834,1.5));
#18056=CARTESIAN_POINT('',(101.831,53.8826,1.5));
#18057=CARTESIAN_POINT('',(101.831,50.7834,0.));
#18058=CARTESIAN_POINT('Origin',(102.632,50.7834,0.));
#18059=CARTESIAN_POINT('',(102.632,50.7834,0.));
#18060=CARTESIAN_POINT('',(101.831,50.7834,0.));
#18061=CARTESIAN_POINT('',(102.632,50.7834,1.5));
#18062=CARTESIAN_POINT('',(101.831,50.7834,1.5));
#18063=CARTESIAN_POINT('',(102.632,50.7834,0.));
#18064=CARTESIAN_POINT('Origin',(102.632,44.9834,0.));
#18065=CARTESIAN_POINT('',(102.632,50.7834,0.));
#18066=CARTESIAN_POINT('',(102.632,50.7834,1.5));
#18067=CARTESIAN_POINT('Origin',(64.5322,41.8828,0.));
#18068=CARTESIAN_POINT('',(63.7314,41.8828,0.));
#18069=CARTESIAN_POINT('',(64.5322,41.8828,0.));
#18070=CARTESIAN_POINT('',(63.7314,41.8828,0.));
#18071=CARTESIAN_POINT('',(63.7314,41.8828,1.5));
#18072=CARTESIAN_POINT('',(63.7314,41.8828,0.));
#18073=CARTESIAN_POINT('',(64.5322,41.8828,1.5));
#18074=CARTESIAN_POINT('',(63.7314,41.8828,1.5));
#18075=CARTESIAN_POINT('',(64.5322,41.8828,0.));
#18076=CARTESIAN_POINT('Origin',(64.5322,40.8838,0.));
#18077=CARTESIAN_POINT('',(64.5322,40.8838,0.));
#18078=CARTESIAN_POINT('',(64.5322,41.8828,0.));
#18079=CARTESIAN_POINT('',(64.5322,40.8838,1.5));
#18080=CARTESIAN_POINT('',(64.5322,41.8828,1.5));
#18081=CARTESIAN_POINT('',(64.5322,40.8838,0.));
#18082=CARTESIAN_POINT('Origin',(78.5315,40.8838,0.));
#18083=CARTESIAN_POINT('',(78.5315,40.8838,0.));
#18084=CARTESIAN_POINT('',(64.5322,40.8838,0.));
#18085=CARTESIAN_POINT('',(78.5315,40.8838,1.5));
#18086=CARTESIAN_POINT('',(64.5322,40.8838,1.5));
#18087=CARTESIAN_POINT('',(78.5315,40.8838,0.));
#18088=CARTESIAN_POINT('Origin',(78.5315,41.8828,0.));
#18089=CARTESIAN_POINT('',(78.5315,41.8828,0.));
#18090=CARTESIAN_POINT('',(78.5315,40.8838,0.));
#18091=CARTESIAN_POINT('',(78.5315,41.8828,1.5));
#18092=CARTESIAN_POINT('',(78.5315,40.8838,1.5));
#18093=CARTESIAN_POINT('',(78.5315,41.8828,0.));
#18094=CARTESIAN_POINT('Origin',(79.3309,41.8828,0.));
#18095=CARTESIAN_POINT('',(79.3309,41.8828,0.));
#18096=CARTESIAN_POINT('',(78.5315,41.8828,0.));
#18097=CARTESIAN_POINT('',(79.3309,41.8828,1.5));
#18098=CARTESIAN_POINT('',(78.5315,41.8828,1.5));
#18099=CARTESIAN_POINT('',(79.3309,41.8828,0.));
#18100=CARTESIAN_POINT('Origin',(79.3309,44.9834,0.));
#18101=CARTESIAN_POINT('',(79.3309,44.9834,0.));
#18102=CARTESIAN_POINT('',(79.3309,41.8828,0.));
#18103=CARTESIAN_POINT('',(79.3309,44.9834,1.5));
#18104=CARTESIAN_POINT('',(79.3309,41.8828,1.5));
#18105=CARTESIAN_POINT('',(79.3309,44.9834,0.));
#18106=CARTESIAN_POINT('Origin',(78.5315,44.9834,0.));
#18107=CARTESIAN_POINT('',(78.5315,44.9834,0.));
#18108=CARTESIAN_POINT('',(79.3309,44.9834,0.));
#18109=CARTESIAN_POINT('',(78.5315,44.9834,1.5));
#18110=CARTESIAN_POINT('',(79.3309,44.9834,1.5));
#18111=CARTESIAN_POINT('',(78.5315,44.9834,0.));
#18112=CARTESIAN_POINT('Origin',(78.5315,50.7834,0.));
#18113=CARTESIAN_POINT('',(78.5315,50.7834,0.));
#18114=CARTESIAN_POINT('',(78.5315,44.9834,0.));
#18115=CARTESIAN_POINT('',(78.5315,50.7834,1.5));
#18116=CARTESIAN_POINT('',(78.5315,44.9834,1.5));
#18117=CARTESIAN_POINT('',(78.5315,50.7834,0.));
#18118=CARTESIAN_POINT('Origin',(79.3309,50.7834,0.));
#18119=CARTESIAN_POINT('',(79.3309,50.7834,0.));
#18120=CARTESIAN_POINT('',(78.5315,50.7834,0.));
#18121=CARTESIAN_POINT('',(79.3309,50.7834,1.5));
#18122=CARTESIAN_POINT('',(78.5315,50.7834,1.5));
#18123=CARTESIAN_POINT('',(79.3309,50.7834,0.));
#18124=CARTESIAN_POINT('Origin',(79.3309,53.8826,0.));
#18125=CARTESIAN_POINT('',(79.3309,53.8826,0.));
#18126=CARTESIAN_POINT('',(79.3309,50.7834,0.));
#18127=CARTESIAN_POINT('',(79.3309,53.8826,1.5));
#18128=CARTESIAN_POINT('',(79.3309,50.7834,1.5));
#18129=CARTESIAN_POINT('',(79.3309,53.8826,0.));
#18130=CARTESIAN_POINT('Origin',(78.5315,53.8826,0.));
#18131=CARTESIAN_POINT('',(78.5315,53.8826,0.));
#18132=CARTESIAN_POINT('',(79.3309,53.8826,0.));
#18133=CARTESIAN_POINT('',(78.5315,53.8826,1.5));
#18134=CARTESIAN_POINT('',(79.3309,53.8826,1.5));
#18135=CARTESIAN_POINT('',(78.5315,53.8826,0.));
#18136=CARTESIAN_POINT('Origin',(78.5315,54.8831,0.));
#18137=CARTESIAN_POINT('',(78.5315,54.8831,0.));
#18138=CARTESIAN_POINT('',(78.5315,53.8826,0.));
#18139=CARTESIAN_POINT('',(78.5315,54.8831,1.5));
#18140=CARTESIAN_POINT('',(78.5315,53.8826,1.5));
#18141=CARTESIAN_POINT('',(78.5315,54.8831,0.));
#18142=CARTESIAN_POINT('Origin',(64.5322,54.8831,0.));
#18143=CARTESIAN_POINT('',(64.5322,54.8831,0.));
#18144=CARTESIAN_POINT('',(78.5315,54.8831,0.));
#18145=CARTESIAN_POINT('',(64.5322,54.8831,1.5));
#18146=CARTESIAN_POINT('',(78.5315,54.8831,1.5));
#18147=CARTESIAN_POINT('',(64.5322,54.8831,0.));
#18148=CARTESIAN_POINT('Origin',(64.5322,53.8826,0.));
#18149=CARTESIAN_POINT('',(64.5322,53.8826,0.));
#18150=CARTESIAN_POINT('',(64.5322,54.8831,0.));
#18151=CARTESIAN_POINT('',(64.5322,53.8826,1.5));
#18152=CARTESIAN_POINT('',(64.5322,54.8831,1.5));
#18153=CARTESIAN_POINT('',(64.5322,53.8826,0.));
#18154=CARTESIAN_POINT('Origin',(63.7314,53.8826,0.));
#18155=CARTESIAN_POINT('',(63.7314,53.8826,0.));
#18156=CARTESIAN_POINT('',(64.5322,53.8826,0.));
#18157=CARTESIAN_POINT('',(63.7314,53.8826,1.5));
#18158=CARTESIAN_POINT('',(64.5322,53.8826,1.5));
#18159=CARTESIAN_POINT('',(63.7314,53.8826,0.));
#18160=CARTESIAN_POINT('Origin',(63.7314,50.7834,0.));
#18161=CARTESIAN_POINT('',(63.7314,50.7834,0.));
#18162=CARTESIAN_POINT('',(63.7314,53.8826,0.));
#18163=CARTESIAN_POINT('',(63.7314,50.7834,1.5));
#18164=CARTESIAN_POINT('',(63.7314,53.8826,1.5));
#18165=CARTESIAN_POINT('',(63.7314,50.7834,0.));
#18166=CARTESIAN_POINT('Origin',(64.5322,50.7834,0.));
#18167=CARTESIAN_POINT('',(64.5322,50.7834,0.));
#18168=CARTESIAN_POINT('',(63.7314,50.7834,0.));
#18169=CARTESIAN_POINT('',(64.5322,50.7834,1.5));
#18170=CARTESIAN_POINT('',(63.7314,50.7834,1.5));
#18171=CARTESIAN_POINT('',(64.5322,50.7834,0.));
#18172=CARTESIAN_POINT('Origin',(64.5322,44.9834,0.));
#18173=CARTESIAN_POINT('',(64.5322,44.9834,0.));
#18174=CARTESIAN_POINT('',(64.5322,50.7834,0.));
#18175=CARTESIAN_POINT('',(64.5322,44.9834,1.5));
#18176=CARTESIAN_POINT('',(64.5322,50.7834,1.5));
#18177=CARTESIAN_POINT('',(64.5322,44.9834,0.));
#18178=CARTESIAN_POINT('Origin',(63.7314,44.9834,0.));
#18179=CARTESIAN_POINT('',(63.7314,44.9834,0.));
#18180=CARTESIAN_POINT('',(64.5322,44.9834,0.));
#18181=CARTESIAN_POINT('',(63.7314,44.9834,1.5));
#18182=CARTESIAN_POINT('',(64.5322,44.9834,1.5));
#18183=CARTESIAN_POINT('',(63.7314,44.9834,0.));
#18184=CARTESIAN_POINT('Origin',(63.7314,41.8828,0.));
#18185=CARTESIAN_POINT('',(63.7314,44.9834,0.));
#18186=CARTESIAN_POINT('',(63.7314,44.9834,1.5));
#18187=CARTESIAN_POINT('Origin',(135.682,54.8831,0.));
#18188=CARTESIAN_POINT('',(135.682,53.8826,0.));
#18189=CARTESIAN_POINT('',(135.682,54.8831,0.));
#18190=CARTESIAN_POINT('',(135.682,53.8826,0.));
#18191=CARTESIAN_POINT('',(135.682,53.8826,1.5));
#18192=CARTESIAN_POINT('',(135.682,53.8826,0.));
#18193=CARTESIAN_POINT('',(135.682,54.8831,1.5));
#18194=CARTESIAN_POINT('',(135.682,53.8826,1.5));
#18195=CARTESIAN_POINT('',(135.682,54.8831,0.));
#18196=CARTESIAN_POINT('Origin',(121.682,54.8831,0.));
#18197=CARTESIAN_POINT('',(121.682,54.8831,0.));
#18198=CARTESIAN_POINT('',(135.682,54.8831,0.));
#18199=CARTESIAN_POINT('',(121.682,54.8831,1.5));
#18200=CARTESIAN_POINT('',(135.682,54.8831,1.5));
#18201=CARTESIAN_POINT('',(121.682,54.8831,0.));
#18202=CARTESIAN_POINT('Origin',(121.682,53.8826,0.));
#18203=CARTESIAN_POINT('',(121.682,53.8826,0.));
#18204=CARTESIAN_POINT('',(121.682,54.8831,0.));
#18205=CARTESIAN_POINT('',(121.682,53.8826,1.5));
#18206=CARTESIAN_POINT('',(121.682,54.8831,1.5));
#18207=CARTESIAN_POINT('',(121.682,53.8826,0.));
#18208=CARTESIAN_POINT('Origin',(120.881,53.8826,0.));
#18209=CARTESIAN_POINT('',(120.881,53.8826,0.));
#18210=CARTESIAN_POINT('',(121.682,53.8826,0.));
#18211=CARTESIAN_POINT('',(120.881,53.8826,1.5));
#18212=CARTESIAN_POINT('',(121.682,53.8826,1.5));
#18213=CARTESIAN_POINT('',(120.881,53.8826,0.));
#18214=CARTESIAN_POINT('Origin',(120.881,50.7834,0.));
#18215=CARTESIAN_POINT('',(120.881,50.7834,0.));
#18216=CARTESIAN_POINT('',(120.881,53.8826,0.));
#18217=CARTESIAN_POINT('',(120.881,50.7834,1.5));
#18218=CARTESIAN_POINT('',(120.881,53.8826,1.5));
#18219=CARTESIAN_POINT('',(120.881,50.7834,0.));
#18220=CARTESIAN_POINT('Origin',(121.682,50.7834,0.));
#18221=CARTESIAN_POINT('',(121.682,50.7834,0.));
#18222=CARTESIAN_POINT('',(120.881,50.7834,0.));
#18223=CARTESIAN_POINT('',(121.682,50.7834,1.5));
#18224=CARTESIAN_POINT('',(120.881,50.7834,1.5));
#18225=CARTESIAN_POINT('',(121.682,50.7834,0.));
#18226=CARTESIAN_POINT('Origin',(121.682,44.9834,0.));
#18227=CARTESIAN_POINT('',(121.682,44.9834,0.));
#18228=CARTESIAN_POINT('',(121.682,50.7834,0.));
#18229=CARTESIAN_POINT('',(121.682,44.9834,1.5));
#18230=CARTESIAN_POINT('',(121.682,50.7834,1.5));
#18231=CARTESIAN_POINT('',(121.682,44.9834,0.));
#18232=CARTESIAN_POINT('Origin',(120.881,44.9834,0.));
#18233=CARTESIAN_POINT('',(120.881,44.9834,0.));
#18234=CARTESIAN_POINT('',(121.682,44.9834,0.));
#18235=CARTESIAN_POINT('',(120.881,44.9834,1.5));
#18236=CARTESIAN_POINT('',(121.682,44.9834,1.5));
#18237=CARTESIAN_POINT('',(120.881,44.9834,0.));
#18238=CARTESIAN_POINT('Origin',(120.881,41.8828,0.));
#18239=CARTESIAN_POINT('',(120.881,41.8828,0.));
#18240=CARTESIAN_POINT('',(120.881,44.9834,0.));
#18241=CARTESIAN_POINT('',(120.881,41.8828,1.5));
#18242=CARTESIAN_POINT('',(120.881,44.9834,1.5));
#18243=CARTESIAN_POINT('',(120.881,41.8828,0.));
#18244=CARTESIAN_POINT('Origin',(121.682,41.8828,0.));
#18245=CARTESIAN_POINT('',(121.682,41.8828,0.));
#18246=CARTESIAN_POINT('',(120.881,41.8828,0.));
#18247=CARTESIAN_POINT('',(121.682,41.8828,1.5));
#18248=CARTESIAN_POINT('',(120.881,41.8828,1.5));
#18249=CARTESIAN_POINT('',(121.682,41.8828,0.));
#18250=CARTESIAN_POINT('Origin',(121.682,40.8838,0.));
#18251=CARTESIAN_POINT('',(121.682,40.8838,0.));
#18252=CARTESIAN_POINT('',(121.682,41.8828,0.));
#18253=CARTESIAN_POINT('',(121.682,40.8838,1.5));
#18254=CARTESIAN_POINT('',(121.682,41.8828,1.5));
#18255=CARTESIAN_POINT('',(121.682,40.8838,0.));
#18256=CARTESIAN_POINT('Origin',(135.682,40.8838,0.));
#18257=CARTESIAN_POINT('',(135.682,40.8838,0.));
#18258=CARTESIAN_POINT('',(121.682,40.8838,0.));
#18259=CARTESIAN_POINT('',(135.682,40.8838,1.5));
#18260=CARTESIAN_POINT('',(121.682,40.8838,1.5));
#18261=CARTESIAN_POINT('',(135.682,40.8838,0.));
#18262=CARTESIAN_POINT('Origin',(135.682,41.8828,0.));
#18263=CARTESIAN_POINT('',(135.682,41.8828,0.));
#18264=CARTESIAN_POINT('',(135.682,40.8838,0.));
#18265=CARTESIAN_POINT('',(135.682,41.8828,1.5));
#18266=CARTESIAN_POINT('',(135.682,40.8838,1.5));
#18267=CARTESIAN_POINT('',(135.682,41.8828,0.));
#18268=CARTESIAN_POINT('Origin',(136.481,41.8828,0.));
#18269=CARTESIAN_POINT('',(136.481,41.8828,0.));
#18270=CARTESIAN_POINT('',(135.682,41.8828,0.));
#18271=CARTESIAN_POINT('',(136.481,41.8828,1.5));
#18272=CARTESIAN_POINT('',(135.682,41.8828,1.5));
#18273=CARTESIAN_POINT('',(136.481,41.8828,0.));
#18274=CARTESIAN_POINT('Origin',(136.481,44.9834,0.));
#18275=CARTESIAN_POINT('',(136.481,44.9834,0.));
#18276=CARTESIAN_POINT('',(136.481,41.8828,0.));
#18277=CARTESIAN_POINT('',(136.481,44.9834,1.5));
#18278=CARTESIAN_POINT('',(136.481,41.8828,1.5));
#18279=CARTESIAN_POINT('',(136.481,44.9834,0.));
#18280=CARTESIAN_POINT('Origin',(135.682,44.9834,0.));
#18281=CARTESIAN_POINT('',(135.682,44.9834,0.));
#18282=CARTESIAN_POINT('',(136.481,44.9834,0.));
#18283=CARTESIAN_POINT('',(135.682,44.9834,1.5));
#18284=CARTESIAN_POINT('',(136.481,44.9834,1.5));
#18285=CARTESIAN_POINT('',(135.682,44.9834,0.));
#18286=CARTESIAN_POINT('Origin',(135.682,50.7834,0.));
#18287=CARTESIAN_POINT('',(135.682,50.7834,0.));
#18288=CARTESIAN_POINT('',(135.682,44.9834,0.));
#18289=CARTESIAN_POINT('',(135.682,50.7834,1.5));
#18290=CARTESIAN_POINT('',(135.682,44.9834,1.5));
#18291=CARTESIAN_POINT('',(135.682,50.7834,0.));
#18292=CARTESIAN_POINT('Origin',(136.481,50.7834,0.));
#18293=CARTESIAN_POINT('',(136.481,50.7834,0.));
#18294=CARTESIAN_POINT('',(135.682,50.7834,0.));
#18295=CARTESIAN_POINT('',(136.481,50.7834,1.5));
#18296=CARTESIAN_POINT('',(135.682,50.7834,1.5));
#18297=CARTESIAN_POINT('',(136.481,50.7834,0.));
#18298=CARTESIAN_POINT('Origin',(136.481,53.8826,0.));
#18299=CARTESIAN_POINT('',(136.481,53.8826,0.));
#18300=CARTESIAN_POINT('',(136.481,50.7834,0.));
#18301=CARTESIAN_POINT('',(136.481,53.8826,1.5));
#18302=CARTESIAN_POINT('',(136.481,50.7834,1.5));
#18303=CARTESIAN_POINT('',(136.481,53.8826,0.));
#18304=CARTESIAN_POINT('Origin',(135.682,53.8826,0.));
#18305=CARTESIAN_POINT('',(136.481,53.8826,0.));
#18306=CARTESIAN_POINT('',(136.481,53.8826,1.5));
#18307=CARTESIAN_POINT('Origin',(98.3809,44.9834,0.));
#18308=CARTESIAN_POINT('',(98.3809,41.8828,0.));
#18309=CARTESIAN_POINT('',(98.3809,44.9834,0.));
#18310=CARTESIAN_POINT('',(98.3809,41.8828,0.));
#18311=CARTESIAN_POINT('',(98.3809,41.8828,1.5));
#18312=CARTESIAN_POINT('',(98.3809,41.8828,0.));
#18313=CARTESIAN_POINT('',(98.3809,44.9834,1.5));
#18314=CARTESIAN_POINT('',(98.3809,41.8828,1.5));
#18315=CARTESIAN_POINT('',(98.3809,44.9834,0.));
#18316=CARTESIAN_POINT('Origin',(97.5815,44.9834,0.));
#18317=CARTESIAN_POINT('',(97.5815,44.9834,0.));
#18318=CARTESIAN_POINT('',(98.3809,44.9834,0.));
#18319=CARTESIAN_POINT('',(97.5815,44.9834,1.5));
#18320=CARTESIAN_POINT('',(98.3809,44.9834,1.5));
#18321=CARTESIAN_POINT('',(97.5815,44.9834,0.));
#18322=CARTESIAN_POINT('Origin',(97.5815,50.7834,0.));
#18323=CARTESIAN_POINT('',(97.5815,50.7834,0.));
#18324=CARTESIAN_POINT('',(97.5815,44.9834,0.));
#18325=CARTESIAN_POINT('',(97.5815,50.7834,1.5));
#18326=CARTESIAN_POINT('',(97.5815,44.9834,1.5));
#18327=CARTESIAN_POINT('',(97.5815,50.7834,0.));
#18328=CARTESIAN_POINT('Origin',(98.3809,50.7834,0.));
#18329=CARTESIAN_POINT('',(98.3809,50.7834,0.));
#18330=CARTESIAN_POINT('',(97.5815,50.7834,0.));
#18331=CARTESIAN_POINT('',(98.3809,50.7834,1.5));
#18332=CARTESIAN_POINT('',(97.5815,50.7834,1.5));
#18333=CARTESIAN_POINT('',(98.3809,50.7834,0.));
#18334=CARTESIAN_POINT('Origin',(98.3809,53.8826,0.));
#18335=CARTESIAN_POINT('',(98.3809,53.8826,0.));
#18336=CARTESIAN_POINT('',(98.3809,50.7834,0.));
#18337=CARTESIAN_POINT('',(98.3809,53.8826,1.5));
#18338=CARTESIAN_POINT('',(98.3809,50.7834,1.5));
#18339=CARTESIAN_POINT('',(98.3809,53.8826,0.));
#18340=CARTESIAN_POINT('Origin',(97.5815,53.8826,0.));
#18341=CARTESIAN_POINT('',(97.5815,53.8826,0.));
#18342=CARTESIAN_POINT('',(98.3809,53.8826,0.));
#18343=CARTESIAN_POINT('',(97.5815,53.8826,1.5));
#18344=CARTESIAN_POINT('',(98.3809,53.8826,1.5));
#18345=CARTESIAN_POINT('',(97.5815,53.8826,0.));
#18346=CARTESIAN_POINT('Origin',(97.5815,54.8831,0.));
#18347=CARTESIAN_POINT('',(97.5815,54.8831,0.));
#18348=CARTESIAN_POINT('',(97.5815,53.8826,0.));
#18349=CARTESIAN_POINT('',(97.5815,54.8831,1.5));
#18350=CARTESIAN_POINT('',(97.5815,53.8826,1.5));
#18351=CARTESIAN_POINT('',(97.5815,54.8831,0.));
#18352=CARTESIAN_POINT('Origin',(83.5822,54.8831,0.));
#18353=CARTESIAN_POINT('',(83.5822,54.8831,0.));
#18354=CARTESIAN_POINT('',(97.5815,54.8831,0.));
#18355=CARTESIAN_POINT('',(83.5822,54.8831,1.5));
#18356=CARTESIAN_POINT('',(97.5815,54.8831,1.5));
#18357=CARTESIAN_POINT('',(83.5822,54.8831,0.));
#18358=CARTESIAN_POINT('Origin',(83.5822,53.8826,0.));
#18359=CARTESIAN_POINT('',(83.5822,53.8826,0.));
#18360=CARTESIAN_POINT('',(83.5822,54.8831,0.));
#18361=CARTESIAN_POINT('',(83.5822,53.8826,1.5));
#18362=CARTESIAN_POINT('',(83.5822,54.8831,1.5));
#18363=CARTESIAN_POINT('',(83.5822,53.8826,0.));
#18364=CARTESIAN_POINT('Origin',(82.7814,53.8826,0.));
#18365=CARTESIAN_POINT('',(82.7814,53.8826,0.));
#18366=CARTESIAN_POINT('',(83.5822,53.8826,0.));
#18367=CARTESIAN_POINT('',(82.7814,53.8826,1.5));
#18368=CARTESIAN_POINT('',(83.5822,53.8826,1.5));
#18369=CARTESIAN_POINT('',(82.7814,53.8826,0.));
#18370=CARTESIAN_POINT('Origin',(82.7814,50.7834,0.));
#18371=CARTESIAN_POINT('',(82.7814,50.7834,0.));
#18372=CARTESIAN_POINT('',(82.7814,53.8826,0.));
#18373=CARTESIAN_POINT('',(82.7814,50.7834,1.5));
#18374=CARTESIAN_POINT('',(82.7814,53.8826,1.5));
#18375=CARTESIAN_POINT('',(82.7814,50.7834,0.));
#18376=CARTESIAN_POINT('Origin',(83.5822,50.7834,0.));
#18377=CARTESIAN_POINT('',(83.5822,50.7834,0.));
#18378=CARTESIAN_POINT('',(82.7814,50.7834,0.));
#18379=CARTESIAN_POINT('',(83.5822,50.7834,1.5));
#18380=CARTESIAN_POINT('',(82.7814,50.7834,1.5));
#18381=CARTESIAN_POINT('',(83.5822,50.7834,0.));
#18382=CARTESIAN_POINT('Origin',(83.5822,44.9834,0.));
#18383=CARTESIAN_POINT('',(83.5822,44.9834,0.));
#18384=CARTESIAN_POINT('',(83.5822,50.7834,0.));
#18385=CARTESIAN_POINT('',(83.5822,44.9834,1.5));
#18386=CARTESIAN_POINT('',(83.5822,50.7834,1.5));
#18387=CARTESIAN_POINT('',(83.5822,44.9834,0.));
#18388=CARTESIAN_POINT('Origin',(82.7814,44.9834,0.));
#18389=CARTESIAN_POINT('',(82.7814,44.9834,0.));
#18390=CARTESIAN_POINT('',(83.5822,44.9834,0.));
#18391=CARTESIAN_POINT('',(82.7814,44.9834,1.5));
#18392=CARTESIAN_POINT('',(83.5822,44.9834,1.5));
#18393=CARTESIAN_POINT('',(82.7814,44.9834,0.));
#18394=CARTESIAN_POINT('Origin',(82.7814,41.8828,0.));
#18395=CARTESIAN_POINT('',(82.7814,41.8828,0.));
#18396=CARTESIAN_POINT('',(82.7814,44.9834,0.));
#18397=CARTESIAN_POINT('',(82.7814,41.8828,1.5));
#18398=CARTESIAN_POINT('',(82.7814,44.9834,1.5));
#18399=CARTESIAN_POINT('',(82.7814,41.8828,0.));
#18400=CARTESIAN_POINT('Origin',(83.5822,41.8828,0.));
#18401=CARTESIAN_POINT('',(83.5822,41.8828,0.));
#18402=CARTESIAN_POINT('',(82.7814,41.8828,0.));
#18403=CARTESIAN_POINT('',(83.5822,41.8828,1.5));
#18404=CARTESIAN_POINT('',(82.7814,41.8828,1.5));
#18405=CARTESIAN_POINT('',(83.5822,41.8828,0.));
#18406=CARTESIAN_POINT('Origin',(83.5822,40.8838,0.));
#18407=CARTESIAN_POINT('',(83.5822,40.8838,0.));
#18408=CARTESIAN_POINT('',(83.5822,41.8828,0.));
#18409=CARTESIAN_POINT('',(83.5822,40.8838,1.5));
#18410=CARTESIAN_POINT('',(83.5822,41.8828,1.5));
#18411=CARTESIAN_POINT('',(83.5822,40.8838,0.));
#18412=CARTESIAN_POINT('Origin',(97.5815,40.8838,0.));
#18413=CARTESIAN_POINT('',(97.5815,40.8838,0.));
#18414=CARTESIAN_POINT('',(83.5822,40.8838,0.));
#18415=CARTESIAN_POINT('',(97.5815,40.8838,1.5));
#18416=CARTESIAN_POINT('',(83.5822,40.8838,1.5));
#18417=CARTESIAN_POINT('',(97.5815,40.8838,0.));
#18418=CARTESIAN_POINT('Origin',(97.5815,41.8828,0.));
#18419=CARTESIAN_POINT('',(97.5815,41.8828,0.));
#18420=CARTESIAN_POINT('',(97.5815,40.8838,0.));
#18421=CARTESIAN_POINT('',(97.5815,41.8828,1.5));
#18422=CARTESIAN_POINT('',(97.5815,40.8838,1.5));
#18423=CARTESIAN_POINT('',(97.5815,41.8828,0.));
#18424=CARTESIAN_POINT('Origin',(98.3809,41.8828,0.));
#18425=CARTESIAN_POINT('',(97.5815,41.8828,0.));
#18426=CARTESIAN_POINT('',(97.5815,41.8828,1.5));
#18427=CARTESIAN_POINT('Origin',(30.9066,31.7335,0.));
#18428=CARTESIAN_POINT('',(30.9066,25.9333,0.));
#18429=CARTESIAN_POINT('',(30.9066,31.7335,0.));
#18430=CARTESIAN_POINT('',(30.9066,25.9333,0.));
#18431=CARTESIAN_POINT('',(30.9066,25.9333,1.5));
#18432=CARTESIAN_POINT('',(30.9066,25.9333,0.));
#18433=CARTESIAN_POINT('',(30.9066,31.7335,1.5));
#18434=CARTESIAN_POINT('',(30.9066,25.9333,1.5));
#18435=CARTESIAN_POINT('',(30.9066,31.7335,0.));
#18436=CARTESIAN_POINT('Origin',(31.7059,31.7335,0.));
#18437=CARTESIAN_POINT('',(31.7059,31.7335,0.));
#18438=CARTESIAN_POINT('',(30.9066,31.7335,0.));
#18439=CARTESIAN_POINT('',(31.7059,31.7335,1.5));
#18440=CARTESIAN_POINT('',(30.9066,31.7335,1.5));
#18441=CARTESIAN_POINT('',(31.7059,31.7335,0.));
#18442=CARTESIAN_POINT('Origin',(31.7059,34.8327,0.));
#18443=CARTESIAN_POINT('',(31.7059,34.8327,0.));
#18444=CARTESIAN_POINT('',(31.7059,31.7335,0.));
#18445=CARTESIAN_POINT('',(31.7059,34.8327,1.5));
#18446=CARTESIAN_POINT('',(31.7059,31.7335,1.5));
#18447=CARTESIAN_POINT('',(31.7059,34.8327,0.));
#18448=CARTESIAN_POINT('Origin',(30.9066,34.8327,0.));
#18449=CARTESIAN_POINT('',(30.9066,34.8327,0.));
#18450=CARTESIAN_POINT('',(31.7059,34.8327,0.));
#18451=CARTESIAN_POINT('',(30.9066,34.8327,1.5));
#18452=CARTESIAN_POINT('',(31.7059,34.8327,1.5));
#18453=CARTESIAN_POINT('',(30.9066,34.8327,0.));
#18454=CARTESIAN_POINT('Origin',(30.9066,35.833,0.));
#18455=CARTESIAN_POINT('',(30.9066,35.833,0.));
#18456=CARTESIAN_POINT('',(30.9066,34.8327,0.));
#18457=CARTESIAN_POINT('',(30.9066,35.833,1.5));
#18458=CARTESIAN_POINT('',(30.9066,34.8327,1.5));
#18459=CARTESIAN_POINT('',(30.9066,35.833,0.));
#18460=CARTESIAN_POINT('Origin',(16.9072,35.833,0.));
#18461=CARTESIAN_POINT('',(16.9072,35.833,0.));
#18462=CARTESIAN_POINT('',(30.9066,35.833,0.));
#18463=CARTESIAN_POINT('',(16.9072,35.833,1.5));
#18464=CARTESIAN_POINT('',(30.9066,35.833,1.5));
#18465=CARTESIAN_POINT('',(16.9072,35.833,0.));
#18466=CARTESIAN_POINT('Origin',(16.9072,34.8327,0.));
#18467=CARTESIAN_POINT('',(16.9072,34.8327,0.));
#18468=CARTESIAN_POINT('',(16.9072,35.833,0.));
#18469=CARTESIAN_POINT('',(16.9072,34.8327,1.5));
#18470=CARTESIAN_POINT('',(16.9072,35.833,1.5));
#18471=CARTESIAN_POINT('',(16.9072,34.8327,0.));
#18472=CARTESIAN_POINT('Origin',(16.1065,34.8327,0.));
#18473=CARTESIAN_POINT('',(16.1065,34.8327,0.));
#18474=CARTESIAN_POINT('',(16.9072,34.8327,0.));
#18475=CARTESIAN_POINT('',(16.1065,34.8327,1.5));
#18476=CARTESIAN_POINT('',(16.9072,34.8327,1.5));
#18477=CARTESIAN_POINT('',(16.1065,34.8327,0.));
#18478=CARTESIAN_POINT('Origin',(16.1065,31.7335,0.));
#18479=CARTESIAN_POINT('',(16.1065,31.7335,0.));
#18480=CARTESIAN_POINT('',(16.1065,34.8327,0.));
#18481=CARTESIAN_POINT('',(16.1065,31.7335,1.5));
#18482=CARTESIAN_POINT('',(16.1065,34.8327,1.5));
#18483=CARTESIAN_POINT('',(16.1065,31.7335,0.));
#18484=CARTESIAN_POINT('Origin',(16.9072,31.7335,0.));
#18485=CARTESIAN_POINT('',(16.9072,31.7335,0.));
#18486=CARTESIAN_POINT('',(16.1065,31.7335,0.));
#18487=CARTESIAN_POINT('',(16.9072,31.7335,1.5));
#18488=CARTESIAN_POINT('',(16.1065,31.7335,1.5));
#18489=CARTESIAN_POINT('',(16.9072,31.7335,0.));
#18490=CARTESIAN_POINT('Origin',(16.9072,25.9333,0.));
#18491=CARTESIAN_POINT('',(16.9072,25.9333,0.));
#18492=CARTESIAN_POINT('',(16.9072,31.7335,0.));
#18493=CARTESIAN_POINT('',(16.9072,25.9333,1.5));
#18494=CARTESIAN_POINT('',(16.9072,31.7335,1.5));
#18495=CARTESIAN_POINT('',(16.9072,25.9333,0.));
#18496=CARTESIAN_POINT('Origin',(16.1065,25.9333,0.));
#18497=CARTESIAN_POINT('',(16.1065,25.9333,0.));
#18498=CARTESIAN_POINT('',(16.9072,25.9333,0.));
#18499=CARTESIAN_POINT('',(16.1065,25.9333,1.5));
#18500=CARTESIAN_POINT('',(16.9072,25.9333,1.5));
#18501=CARTESIAN_POINT('',(16.1065,25.9333,0.));
#18502=CARTESIAN_POINT('Origin',(16.1065,22.8327,0.));
#18503=CARTESIAN_POINT('',(16.1065,22.8327,0.));
#18504=CARTESIAN_POINT('',(16.1065,25.9333,0.));
#18505=CARTESIAN_POINT('',(16.1065,22.8327,1.5));
#18506=CARTESIAN_POINT('',(16.1065,25.9333,1.5));
#18507=CARTESIAN_POINT('',(16.1065,22.8327,0.));
#18508=CARTESIAN_POINT('Origin',(16.9072,22.8327,0.));
#18509=CARTESIAN_POINT('',(16.9072,22.8327,0.));
#18510=CARTESIAN_POINT('',(16.1065,22.8327,0.));
#18511=CARTESIAN_POINT('',(16.9072,22.8327,1.5));
#18512=CARTESIAN_POINT('',(16.1065,22.8327,1.5));
#18513=CARTESIAN_POINT('',(16.9072,22.8327,0.));
#18514=CARTESIAN_POINT('Origin',(16.9072,21.8336,0.));
#18515=CARTESIAN_POINT('',(16.9072,21.8336,0.));
#18516=CARTESIAN_POINT('',(16.9072,22.8327,0.));
#18517=CARTESIAN_POINT('',(16.9072,21.8336,1.5));
#18518=CARTESIAN_POINT('',(16.9072,22.8327,1.5));
#18519=CARTESIAN_POINT('',(16.9072,21.8336,0.));
#18520=CARTESIAN_POINT('Origin',(30.9066,21.8336,0.));
#18521=CARTESIAN_POINT('',(30.9066,21.8336,0.));
#18522=CARTESIAN_POINT('',(16.9072,21.8336,0.));
#18523=CARTESIAN_POINT('',(30.9066,21.8336,1.5));
#18524=CARTESIAN_POINT('',(16.9072,21.8336,1.5));
#18525=CARTESIAN_POINT('',(30.9066,21.8336,0.));
#18526=CARTESIAN_POINT('Origin',(30.9066,22.8327,0.));
#18527=CARTESIAN_POINT('',(30.9066,22.8327,0.));
#18528=CARTESIAN_POINT('',(30.9066,21.8336,0.));
#18529=CARTESIAN_POINT('',(30.9066,22.8327,1.5));
#18530=CARTESIAN_POINT('',(30.9066,21.8336,1.5));
#18531=CARTESIAN_POINT('',(30.9066,22.8327,0.));
#18532=CARTESIAN_POINT('Origin',(31.7059,22.8327,0.));
#18533=CARTESIAN_POINT('',(31.7059,22.8327,0.));
#18534=CARTESIAN_POINT('',(30.9066,22.8327,0.));
#18535=CARTESIAN_POINT('',(31.7059,22.8327,1.5));
#18536=CARTESIAN_POINT('',(30.9066,22.8327,1.5));
#18537=CARTESIAN_POINT('',(31.7059,22.8327,0.));
#18538=CARTESIAN_POINT('Origin',(31.7059,25.9333,0.));
#18539=CARTESIAN_POINT('',(31.7059,25.9333,0.));
#18540=CARTESIAN_POINT('',(31.7059,22.8327,0.));
#18541=CARTESIAN_POINT('',(31.7059,25.9333,1.5));
#18542=CARTESIAN_POINT('',(31.7059,22.8327,1.5));
#18543=CARTESIAN_POINT('',(31.7059,25.9333,0.));
#18544=CARTESIAN_POINT('Origin',(30.9066,25.9333,0.));
#18545=CARTESIAN_POINT('',(31.7059,25.9333,0.));
#18546=CARTESIAN_POINT('',(31.7059,25.9333,1.5));
#18547=CARTESIAN_POINT('Origin',(159.782,50.7834,0.));
#18548=CARTESIAN_POINT('',(158.981,50.7834,0.));
#18549=CARTESIAN_POINT('',(159.782,50.7834,0.));
#18550=CARTESIAN_POINT('',(158.981,50.7834,0.));
#18551=CARTESIAN_POINT('',(158.981,50.7834,1.5));
#18552=CARTESIAN_POINT('',(158.981,50.7834,0.));
#18553=CARTESIAN_POINT('',(159.782,50.7834,1.5));
#18554=CARTESIAN_POINT('',(158.981,50.7834,1.5));
#18555=CARTESIAN_POINT('',(159.782,50.7834,0.));
#18556=CARTESIAN_POINT('Origin',(159.782,44.9834,0.));
#18557=CARTESIAN_POINT('',(159.782,44.9834,0.));
#18558=CARTESIAN_POINT('',(159.782,50.7834,0.));
#18559=CARTESIAN_POINT('',(159.782,44.9834,1.5));
#18560=CARTESIAN_POINT('',(159.782,50.7834,1.5));
#18561=CARTESIAN_POINT('',(159.782,44.9834,0.));
#18562=CARTESIAN_POINT('Origin',(158.981,44.9834,0.));
#18563=CARTESIAN_POINT('',(158.981,44.9834,0.));
#18564=CARTESIAN_POINT('',(159.782,44.9834,0.));
#18565=CARTESIAN_POINT('',(158.981,44.9834,1.5));
#18566=CARTESIAN_POINT('',(159.782,44.9834,1.5));
#18567=CARTESIAN_POINT('',(158.981,44.9834,0.));
#18568=CARTESIAN_POINT('Origin',(158.981,41.8828,0.));
#18569=CARTESIAN_POINT('',(158.981,41.8828,0.));
#18570=CARTESIAN_POINT('',(158.981,44.9834,0.));
#18571=CARTESIAN_POINT('',(158.981,41.8828,1.5));
#18572=CARTESIAN_POINT('',(158.981,44.9834,1.5));
#18573=CARTESIAN_POINT('',(158.981,41.8828,0.));
#18574=CARTESIAN_POINT('Origin',(159.782,41.8828,0.));
#18575=CARTESIAN_POINT('',(159.782,41.8828,0.));
#18576=CARTESIAN_POINT('',(158.981,41.8828,0.));
#18577=CARTESIAN_POINT('',(159.782,41.8828,1.5));
#18578=CARTESIAN_POINT('',(158.981,41.8828,1.5));
#18579=CARTESIAN_POINT('',(159.782,41.8828,0.));
#18580=CARTESIAN_POINT('Origin',(159.782,40.8838,0.));
#18581=CARTESIAN_POINT('',(159.782,40.8838,0.));
#18582=CARTESIAN_POINT('',(159.782,41.8828,0.));
#18583=CARTESIAN_POINT('',(159.782,40.8838,1.5));
#18584=CARTESIAN_POINT('',(159.782,41.8828,1.5));
#18585=CARTESIAN_POINT('',(159.782,40.8838,0.));
#18586=CARTESIAN_POINT('Origin',(173.782,40.8838,0.));
#18587=CARTESIAN_POINT('',(173.782,40.8838,0.));
#18588=CARTESIAN_POINT('',(159.782,40.8838,0.));
#18589=CARTESIAN_POINT('',(173.782,40.8838,1.5));
#18590=CARTESIAN_POINT('',(159.782,40.8838,1.5));
#18591=CARTESIAN_POINT('',(173.782,40.8838,0.));
#18592=CARTESIAN_POINT('Origin',(173.782,41.8828,0.));
#18593=CARTESIAN_POINT('',(173.782,41.8828,0.));
#18594=CARTESIAN_POINT('',(173.782,40.8838,0.));
#18595=CARTESIAN_POINT('',(173.782,41.8828,1.5));
#18596=CARTESIAN_POINT('',(173.782,40.8838,1.5));
#18597=CARTESIAN_POINT('',(173.782,41.8828,0.));
#18598=CARTESIAN_POINT('Origin',(174.581,41.8828,0.));
#18599=CARTESIAN_POINT('',(174.581,41.8828,0.));
#18600=CARTESIAN_POINT('',(173.782,41.8828,0.));
#18601=CARTESIAN_POINT('',(174.581,41.8828,1.5));
#18602=CARTESIAN_POINT('',(173.782,41.8828,1.5));
#18603=CARTESIAN_POINT('',(174.581,41.8828,0.));
#18604=CARTESIAN_POINT('Origin',(174.581,44.9834,0.));
#18605=CARTESIAN_POINT('',(174.581,44.9834,0.));
#18606=CARTESIAN_POINT('',(174.581,41.8828,0.));
#18607=CARTESIAN_POINT('',(174.581,44.9834,1.5));
#18608=CARTESIAN_POINT('',(174.581,41.8828,1.5));
#18609=CARTESIAN_POINT('',(174.581,44.9834,0.));
#18610=CARTESIAN_POINT('Origin',(173.782,44.9834,0.));
#18611=CARTESIAN_POINT('',(173.782,44.9834,0.));
#18612=CARTESIAN_POINT('',(174.581,44.9834,0.));
#18613=CARTESIAN_POINT('',(173.782,44.9834,1.5));
#18614=CARTESIAN_POINT('',(174.581,44.9834,1.5));
#18615=CARTESIAN_POINT('',(173.782,44.9834,0.));
#18616=CARTESIAN_POINT('Origin',(173.782,50.7834,0.));
#18617=CARTESIAN_POINT('',(173.782,50.7834,0.));
#18618=CARTESIAN_POINT('',(173.782,44.9834,0.));
#18619=CARTESIAN_POINT('',(173.782,50.7834,1.5));
#18620=CARTESIAN_POINT('',(173.782,44.9834,1.5));
#18621=CARTESIAN_POINT('',(173.782,50.7834,0.));
#18622=CARTESIAN_POINT('Origin',(174.581,50.7834,0.));
#18623=CARTESIAN_POINT('',(174.581,50.7834,0.));
#18624=CARTESIAN_POINT('',(173.782,50.7834,0.));
#18625=CARTESIAN_POINT('',(174.581,50.7834,1.5));
#18626=CARTESIAN_POINT('',(173.782,50.7834,1.5));
#18627=CARTESIAN_POINT('',(174.581,50.7834,0.));
#18628=CARTESIAN_POINT('Origin',(174.581,53.8826,0.));
#18629=CARTESIAN_POINT('',(174.581,53.8826,0.));
#18630=CARTESIAN_POINT('',(174.581,50.7834,0.));
#18631=CARTESIAN_POINT('',(174.581,53.8826,1.5));
#18632=CARTESIAN_POINT('',(174.581,50.7834,1.5));
#18633=CARTESIAN_POINT('',(174.581,53.8826,0.));
#18634=CARTESIAN_POINT('Origin',(173.782,53.8826,0.));
#18635=CARTESIAN_POINT('',(173.782,53.8826,0.));
#18636=CARTESIAN_POINT('',(174.581,53.8826,0.));
#18637=CARTESIAN_POINT('',(173.782,53.8826,1.5));
#18638=CARTESIAN_POINT('',(174.581,53.8826,1.5));
#18639=CARTESIAN_POINT('',(173.782,53.8826,0.));
#18640=CARTESIAN_POINT('Origin',(173.782,54.8831,0.));
#18641=CARTESIAN_POINT('',(173.782,54.8831,0.));
#18642=CARTESIAN_POINT('',(173.782,53.8826,0.));
#18643=CARTESIAN_POINT('',(173.782,54.8831,1.5));
#18644=CARTESIAN_POINT('',(173.782,53.8826,1.5));
#18645=CARTESIAN_POINT('',(173.782,54.8831,0.));
#18646=CARTESIAN_POINT('Origin',(159.782,54.8831,0.));
#18647=CARTESIAN_POINT('',(159.782,54.8831,0.));
#18648=CARTESIAN_POINT('',(173.782,54.8831,0.));
#18649=CARTESIAN_POINT('',(159.782,54.8831,1.5));
#18650=CARTESIAN_POINT('',(173.782,54.8831,1.5));
#18651=CARTESIAN_POINT('',(159.782,54.8831,0.));
#18652=CARTESIAN_POINT('Origin',(159.782,53.8826,0.));
#18653=CARTESIAN_POINT('',(159.782,53.8826,0.));
#18654=CARTESIAN_POINT('',(159.782,54.8831,0.));
#18655=CARTESIAN_POINT('',(159.782,53.8826,1.5));
#18656=CARTESIAN_POINT('',(159.782,54.8831,1.5));
#18657=CARTESIAN_POINT('',(159.782,53.8826,0.));
#18658=CARTESIAN_POINT('Origin',(158.981,53.8826,0.));
#18659=CARTESIAN_POINT('',(158.981,53.8826,0.));
#18660=CARTESIAN_POINT('',(159.782,53.8826,0.));
#18661=CARTESIAN_POINT('',(158.981,53.8826,1.5));
#18662=CARTESIAN_POINT('',(159.782,53.8826,1.5));
#18663=CARTESIAN_POINT('',(158.981,53.8826,0.));
#18664=CARTESIAN_POINT('Origin',(158.981,50.7834,0.));
#18665=CARTESIAN_POINT('',(158.981,53.8826,0.));
#18666=CARTESIAN_POINT('',(158.981,53.8826,1.5));
#18667=CARTESIAN_POINT('Origin',(154.732,53.8826,0.));
#18668=CARTESIAN_POINT('',(155.531,53.8826,0.));
#18669=CARTESIAN_POINT('',(154.732,53.8826,0.));
#18670=CARTESIAN_POINT('',(155.531,53.8826,0.));
#18671=CARTESIAN_POINT('',(155.531,53.8826,1.5));
#18672=CARTESIAN_POINT('',(155.531,53.8826,0.));
#18673=CARTESIAN_POINT('',(154.732,53.8826,1.5));
#18674=CARTESIAN_POINT('',(155.531,53.8826,1.5));
#18675=CARTESIAN_POINT('',(154.732,53.8826,0.));
#18676=CARTESIAN_POINT('Origin',(154.732,54.8831,0.));
#18677=CARTESIAN_POINT('',(154.732,54.8831,0.));
#18678=CARTESIAN_POINT('',(154.732,53.8826,0.));
#18679=CARTESIAN_POINT('',(154.732,54.8831,1.5));
#18680=CARTESIAN_POINT('',(154.732,53.8826,1.5));
#18681=CARTESIAN_POINT('',(154.732,54.8831,0.));
#18682=CARTESIAN_POINT('Origin',(140.732,54.8831,0.));
#18683=CARTESIAN_POINT('',(140.732,54.8831,0.));
#18684=CARTESIAN_POINT('',(154.732,54.8831,0.));
#18685=CARTESIAN_POINT('',(140.732,54.8831,1.5));
#18686=CARTESIAN_POINT('',(154.732,54.8831,1.5));
#18687=CARTESIAN_POINT('',(140.732,54.8831,0.));
#18688=CARTESIAN_POINT('Origin',(140.732,53.8826,0.));
#18689=CARTESIAN_POINT('',(140.732,53.8826,0.));
#18690=CARTESIAN_POINT('',(140.732,54.8831,0.));
#18691=CARTESIAN_POINT('',(140.732,53.8826,1.5));
#18692=CARTESIAN_POINT('',(140.732,54.8831,1.5));
#18693=CARTESIAN_POINT('',(140.732,53.8826,0.));
#18694=CARTESIAN_POINT('Origin',(139.931,53.8826,0.));
#18695=CARTESIAN_POINT('',(139.931,53.8826,0.));
#18696=CARTESIAN_POINT('',(140.732,53.8826,0.));
#18697=CARTESIAN_POINT('',(139.931,53.8826,1.5));
#18698=CARTESIAN_POINT('',(140.732,53.8826,1.5));
#18699=CARTESIAN_POINT('',(139.931,53.8826,0.));
#18700=CARTESIAN_POINT('Origin',(139.931,50.7834,0.));
#18701=CARTESIAN_POINT('',(139.931,50.7834,0.));
#18702=CARTESIAN_POINT('',(139.931,53.8826,0.));
#18703=CARTESIAN_POINT('',(139.931,50.7834,1.5));
#18704=CARTESIAN_POINT('',(139.931,53.8826,1.5));
#18705=CARTESIAN_POINT('',(139.931,50.7834,0.));
#18706=CARTESIAN_POINT('Origin',(140.732,50.7834,0.));
#18707=CARTESIAN_POINT('',(140.732,50.7834,0.));
#18708=CARTESIAN_POINT('',(139.931,50.7834,0.));
#18709=CARTESIAN_POINT('',(140.732,50.7834,1.5));
#18710=CARTESIAN_POINT('',(139.931,50.7834,1.5));
#18711=CARTESIAN_POINT('',(140.732,50.7834,0.));
#18712=CARTESIAN_POINT('Origin',(140.732,44.9834,0.));
#18713=CARTESIAN_POINT('',(140.732,44.9834,0.));
#18714=CARTESIAN_POINT('',(140.732,50.7834,0.));
#18715=CARTESIAN_POINT('',(140.732,44.9834,1.5));
#18716=CARTESIAN_POINT('',(140.732,50.7834,1.5));
#18717=CARTESIAN_POINT('',(140.732,44.9834,0.));
#18718=CARTESIAN_POINT('Origin',(139.931,44.9834,0.));
#18719=CARTESIAN_POINT('',(139.931,44.9834,0.));
#18720=CARTESIAN_POINT('',(140.732,44.9834,0.));
#18721=CARTESIAN_POINT('',(139.931,44.9834,1.5));
#18722=CARTESIAN_POINT('',(140.732,44.9834,1.5));
#18723=CARTESIAN_POINT('',(139.931,44.9834,0.));
#18724=CARTESIAN_POINT('Origin',(139.931,41.8828,0.));
#18725=CARTESIAN_POINT('',(139.931,41.8828,0.));
#18726=CARTESIAN_POINT('',(139.931,44.9834,0.));
#18727=CARTESIAN_POINT('',(139.931,41.8828,1.5));
#18728=CARTESIAN_POINT('',(139.931,44.9834,1.5));
#18729=CARTESIAN_POINT('',(139.931,41.8828,0.));
#18730=CARTESIAN_POINT('Origin',(140.732,41.8828,0.));
#18731=CARTESIAN_POINT('',(140.732,41.8828,0.));
#18732=CARTESIAN_POINT('',(139.931,41.8828,0.));
#18733=CARTESIAN_POINT('',(140.732,41.8828,1.5));
#18734=CARTESIAN_POINT('',(139.931,41.8828,1.5));
#18735=CARTESIAN_POINT('',(140.732,41.8828,0.));
#18736=CARTESIAN_POINT('Origin',(140.732,40.8838,0.));
#18737=CARTESIAN_POINT('',(140.732,40.8838,0.));
#18738=CARTESIAN_POINT('',(140.732,41.8828,0.));
#18739=CARTESIAN_POINT('',(140.732,40.8838,1.5));
#18740=CARTESIAN_POINT('',(140.732,41.8828,1.5));
#18741=CARTESIAN_POINT('',(140.732,40.8838,0.));
#18742=CARTESIAN_POINT('Origin',(154.732,40.8838,0.));
#18743=CARTESIAN_POINT('',(154.732,40.8838,0.));
#18744=CARTESIAN_POINT('',(140.732,40.8838,0.));
#18745=CARTESIAN_POINT('',(154.732,40.8838,1.5));
#18746=CARTESIAN_POINT('',(140.732,40.8838,1.5));
#18747=CARTESIAN_POINT('',(154.732,40.8838,0.));
#18748=CARTESIAN_POINT('Origin',(154.732,41.8828,0.));
#18749=CARTESIAN_POINT('',(154.732,41.8828,0.));
#18750=CARTESIAN_POINT('',(154.732,40.8838,0.));
#18751=CARTESIAN_POINT('',(154.732,41.8828,1.5));
#18752=CARTESIAN_POINT('',(154.732,40.8838,1.5));
#18753=CARTESIAN_POINT('',(154.732,41.8828,0.));
#18754=CARTESIAN_POINT('Origin',(155.531,41.8828,0.));
#18755=CARTESIAN_POINT('',(155.531,41.8828,0.));
#18756=CARTESIAN_POINT('',(154.732,41.8828,0.));
#18757=CARTESIAN_POINT('',(155.531,41.8828,1.5));
#18758=CARTESIAN_POINT('',(154.732,41.8828,1.5));
#18759=CARTESIAN_POINT('',(155.531,41.8828,0.));
#18760=CARTESIAN_POINT('Origin',(155.531,44.9834,0.));
#18761=CARTESIAN_POINT('',(155.531,44.9834,0.));
#18762=CARTESIAN_POINT('',(155.531,41.8828,0.));
#18763=CARTESIAN_POINT('',(155.531,44.9834,1.5));
#18764=CARTESIAN_POINT('',(155.531,41.8828,1.5));
#18765=CARTESIAN_POINT('',(155.531,44.9834,0.));
#18766=CARTESIAN_POINT('Origin',(154.732,44.9834,0.));
#18767=CARTESIAN_POINT('',(154.732,44.9834,0.));
#18768=CARTESIAN_POINT('',(155.531,44.9834,0.));
#18769=CARTESIAN_POINT('',(154.732,44.9834,1.5));
#18770=CARTESIAN_POINT('',(155.531,44.9834,1.5));
#18771=CARTESIAN_POINT('',(154.732,44.9834,0.));
#18772=CARTESIAN_POINT('Origin',(154.732,50.7834,0.));
#18773=CARTESIAN_POINT('',(154.732,50.7834,0.));
#18774=CARTESIAN_POINT('',(154.732,44.9834,0.));
#18775=CARTESIAN_POINT('',(154.732,50.7834,1.5));
#18776=CARTESIAN_POINT('',(154.732,44.9834,1.5));
#18777=CARTESIAN_POINT('',(154.732,50.7834,0.));
#18778=CARTESIAN_POINT('Origin',(155.531,50.7834,0.));
#18779=CARTESIAN_POINT('',(155.531,50.7834,0.));
#18780=CARTESIAN_POINT('',(154.732,50.7834,0.));
#18781=CARTESIAN_POINT('',(155.531,50.7834,1.5));
#18782=CARTESIAN_POINT('',(154.732,50.7834,1.5));
#18783=CARTESIAN_POINT('',(155.531,50.7834,0.));
#18784=CARTESIAN_POINT('Origin',(155.531,53.8826,0.));
#18785=CARTESIAN_POINT('',(155.531,50.7834,0.));
#18786=CARTESIAN_POINT('',(155.531,50.7834,1.5));
#18787=CARTESIAN_POINT('Origin',(55.0072,31.7335,0.));
#18788=CARTESIAN_POINT('',(54.2064,31.7335,0.));
#18789=CARTESIAN_POINT('',(55.0072,31.7335,0.));
#18790=CARTESIAN_POINT('',(54.2064,31.7335,0.));
#18791=CARTESIAN_POINT('',(54.2064,31.7335,1.5));
#18792=CARTESIAN_POINT('',(54.2064,31.7335,0.));
#18793=CARTESIAN_POINT('',(55.0072,31.7335,1.5));
#18794=CARTESIAN_POINT('',(54.2064,31.7335,1.5));
#18795=CARTESIAN_POINT('',(55.0072,31.7335,0.));
#18796=CARTESIAN_POINT('Origin',(55.0072,25.9333,0.));
#18797=CARTESIAN_POINT('',(55.0072,25.9333,0.));
#18798=CARTESIAN_POINT('',(55.0072,31.7335,0.));
#18799=CARTESIAN_POINT('',(55.0072,25.9333,1.5));
#18800=CARTESIAN_POINT('',(55.0072,31.7335,1.5));
#18801=CARTESIAN_POINT('',(55.0072,25.9333,0.));
#18802=CARTESIAN_POINT('Origin',(54.2064,25.9333,0.));
#18803=CARTESIAN_POINT('',(54.2064,25.9333,0.));
#18804=CARTESIAN_POINT('',(55.0072,25.9333,0.));
#18805=CARTESIAN_POINT('',(54.2064,25.9333,1.5));
#18806=CARTESIAN_POINT('',(55.0072,25.9333,1.5));
#18807=CARTESIAN_POINT('',(54.2064,25.9333,0.));
#18808=CARTESIAN_POINT('Origin',(54.2064,22.8327,0.));
#18809=CARTESIAN_POINT('',(54.2064,22.8327,0.));
#18810=CARTESIAN_POINT('',(54.2064,25.9333,0.));
#18811=CARTESIAN_POINT('',(54.2064,22.8327,1.5));
#18812=CARTESIAN_POINT('',(54.2064,25.9333,1.5));
#18813=CARTESIAN_POINT('',(54.2064,22.8327,0.));
#18814=CARTESIAN_POINT('Origin',(55.0072,22.8327,0.));
#18815=CARTESIAN_POINT('',(55.0072,22.8327,0.));
#18816=CARTESIAN_POINT('',(54.2064,22.8327,0.));
#18817=CARTESIAN_POINT('',(55.0072,22.8327,1.5));
#18818=CARTESIAN_POINT('',(54.2064,22.8327,1.5));
#18819=CARTESIAN_POINT('',(55.0072,22.8327,0.));
#18820=CARTESIAN_POINT('Origin',(55.0072,21.8336,0.));
#18821=CARTESIAN_POINT('',(55.0072,21.8336,0.));
#18822=CARTESIAN_POINT('',(55.0072,22.8327,0.));
#18823=CARTESIAN_POINT('',(55.0072,21.8336,1.5));
#18824=CARTESIAN_POINT('',(55.0072,22.8327,1.5));
#18825=CARTESIAN_POINT('',(55.0072,21.8336,0.));
#18826=CARTESIAN_POINT('Origin',(69.0065,21.8336,0.));
#18827=CARTESIAN_POINT('',(69.0065,21.8336,0.));
#18828=CARTESIAN_POINT('',(55.0072,21.8336,0.));
#18829=CARTESIAN_POINT('',(69.0065,21.8336,1.5));
#18830=CARTESIAN_POINT('',(55.0072,21.8336,1.5));
#18831=CARTESIAN_POINT('',(69.0065,21.8336,0.));
#18832=CARTESIAN_POINT('Origin',(69.0065,22.8327,0.));
#18833=CARTESIAN_POINT('',(69.0065,22.8327,0.));
#18834=CARTESIAN_POINT('',(69.0065,21.8336,0.));
#18835=CARTESIAN_POINT('',(69.0065,22.8327,1.5));
#18836=CARTESIAN_POINT('',(69.0065,21.8336,1.5));
#18837=CARTESIAN_POINT('',(69.0065,22.8327,0.));
#18838=CARTESIAN_POINT('Origin',(69.8059,22.8327,0.));
#18839=CARTESIAN_POINT('',(69.8059,22.8327,0.));
#18840=CARTESIAN_POINT('',(69.0065,22.8327,0.));
#18841=CARTESIAN_POINT('',(69.8059,22.8327,1.5));
#18842=CARTESIAN_POINT('',(69.0065,22.8327,1.5));
#18843=CARTESIAN_POINT('',(69.8059,22.8327,0.));
#18844=CARTESIAN_POINT('Origin',(69.8059,25.9333,0.));
#18845=CARTESIAN_POINT('',(69.8059,25.9333,0.));
#18846=CARTESIAN_POINT('',(69.8059,22.8327,0.));
#18847=CARTESIAN_POINT('',(69.8059,25.9333,1.5));
#18848=CARTESIAN_POINT('',(69.8059,22.8327,1.5));
#18849=CARTESIAN_POINT('',(69.8059,25.9333,0.));
#18850=CARTESIAN_POINT('Origin',(69.0065,25.9333,0.));
#18851=CARTESIAN_POINT('',(69.0065,25.9333,0.));
#18852=CARTESIAN_POINT('',(69.8059,25.9333,0.));
#18853=CARTESIAN_POINT('',(69.0065,25.9333,1.5));
#18854=CARTESIAN_POINT('',(69.8059,25.9333,1.5));
#18855=CARTESIAN_POINT('',(69.0065,25.9333,0.));
#18856=CARTESIAN_POINT('Origin',(69.0065,31.7335,0.));
#18857=CARTESIAN_POINT('',(69.0065,31.7335,0.));
#18858=CARTESIAN_POINT('',(69.0065,25.9333,0.));
#18859=CARTESIAN_POINT('',(69.0065,31.7335,1.5));
#18860=CARTESIAN_POINT('',(69.0065,25.9333,1.5));
#18861=CARTESIAN_POINT('',(69.0065,31.7335,0.));
#18862=CARTESIAN_POINT('Origin',(69.8059,31.7335,0.));
#18863=CARTESIAN_POINT('',(69.8059,31.7335,0.));
#18864=CARTESIAN_POINT('',(69.0065,31.7335,0.));
#18865=CARTESIAN_POINT('',(69.8059,31.7335,1.5));
#18866=CARTESIAN_POINT('',(69.0065,31.7335,1.5));
#18867=CARTESIAN_POINT('',(69.8059,31.7335,0.));
#18868=CARTESIAN_POINT('Origin',(69.8059,34.8327,0.));
#18869=CARTESIAN_POINT('',(69.8059,34.8327,0.));
#18870=CARTESIAN_POINT('',(69.8059,31.7335,0.));
#18871=CARTESIAN_POINT('',(69.8059,34.8327,1.5));
#18872=CARTESIAN_POINT('',(69.8059,31.7335,1.5));
#18873=CARTESIAN_POINT('',(69.8059,34.8327,0.));
#18874=CARTESIAN_POINT('Origin',(69.0065,34.8327,0.));
#18875=CARTESIAN_POINT('',(69.0065,34.8327,0.));
#18876=CARTESIAN_POINT('',(69.8059,34.8327,0.));
#18877=CARTESIAN_POINT('',(69.0065,34.8327,1.5));
#18878=CARTESIAN_POINT('',(69.8059,34.8327,1.5));
#18879=CARTESIAN_POINT('',(69.0065,34.8327,0.));
#18880=CARTESIAN_POINT('Origin',(69.0065,35.833,0.));
#18881=CARTESIAN_POINT('',(69.0065,35.833,0.));
#18882=CARTESIAN_POINT('',(69.0065,34.8327,0.));
#18883=CARTESIAN_POINT('',(69.0065,35.833,1.5));
#18884=CARTESIAN_POINT('',(69.0065,34.8327,1.5));
#18885=CARTESIAN_POINT('',(69.0065,35.833,0.));
#18886=CARTESIAN_POINT('Origin',(55.0072,35.833,0.));
#18887=CARTESIAN_POINT('',(55.0072,35.833,0.));
#18888=CARTESIAN_POINT('',(69.0065,35.833,0.));
#18889=CARTESIAN_POINT('',(55.0072,35.833,1.5));
#18890=CARTESIAN_POINT('',(69.0065,35.833,1.5));
#18891=CARTESIAN_POINT('',(55.0072,35.833,0.));
#18892=CARTESIAN_POINT('Origin',(55.0072,34.8327,0.));
#18893=CARTESIAN_POINT('',(55.0072,34.8327,0.));
#18894=CARTESIAN_POINT('',(55.0072,35.833,0.));
#18895=CARTESIAN_POINT('',(55.0072,34.8327,1.5));
#18896=CARTESIAN_POINT('',(55.0072,35.833,1.5));
#18897=CARTESIAN_POINT('',(55.0072,34.8327,0.));
#18898=CARTESIAN_POINT('Origin',(54.2064,34.8327,0.));
#18899=CARTESIAN_POINT('',(54.2064,34.8327,0.));
#18900=CARTESIAN_POINT('',(55.0072,34.8327,0.));
#18901=CARTESIAN_POINT('',(54.2064,34.8327,1.5));
#18902=CARTESIAN_POINT('',(55.0072,34.8327,1.5));
#18903=CARTESIAN_POINT('',(54.2064,34.8327,0.));
#18904=CARTESIAN_POINT('Origin',(54.2064,31.7335,0.));
#18905=CARTESIAN_POINT('',(54.2064,34.8327,0.));
#18906=CARTESIAN_POINT('',(54.2064,34.8327,1.5));
#18907=CARTESIAN_POINT('Origin',(49.9565,25.9333,0.));
#18908=CARTESIAN_POINT('',(50.7559,25.9333,0.));
#18909=CARTESIAN_POINT('',(49.9565,25.9333,0.));
#18910=CARTESIAN_POINT('',(50.7559,25.9333,0.));
#18911=CARTESIAN_POINT('',(50.7559,25.9333,1.5));
#18912=CARTESIAN_POINT('',(50.7559,25.9333,0.));
#18913=CARTESIAN_POINT('',(49.9565,25.9333,1.5));
#18914=CARTESIAN_POINT('',(50.7559,25.9333,1.5));
#18915=CARTESIAN_POINT('',(49.9565,25.9333,0.));
#18916=CARTESIAN_POINT('Origin',(49.9565,31.7335,0.));
#18917=CARTESIAN_POINT('',(49.9565,31.7335,0.));
#18918=CARTESIAN_POINT('',(49.9565,25.9333,0.));
#18919=CARTESIAN_POINT('',(49.9565,31.7335,1.5));
#18920=CARTESIAN_POINT('',(49.9565,25.9333,1.5));
#18921=CARTESIAN_POINT('',(49.9565,31.7335,0.));
#18922=CARTESIAN_POINT('Origin',(50.7559,31.7335,0.));
#18923=CARTESIAN_POINT('',(50.7559,31.7335,0.));
#18924=CARTESIAN_POINT('',(49.9565,31.7335,0.));
#18925=CARTESIAN_POINT('',(50.7559,31.7335,1.5));
#18926=CARTESIAN_POINT('',(49.9565,31.7335,1.5));
#18927=CARTESIAN_POINT('',(50.7559,31.7335,0.));
#18928=CARTESIAN_POINT('Origin',(50.7559,34.8327,0.));
#18929=CARTESIAN_POINT('',(50.7559,34.8327,0.));
#18930=CARTESIAN_POINT('',(50.7559,31.7335,0.));
#18931=CARTESIAN_POINT('',(50.7559,34.8327,1.5));
#18932=CARTESIAN_POINT('',(50.7559,31.7335,1.5));
#18933=CARTESIAN_POINT('',(50.7559,34.8327,0.));
#18934=CARTESIAN_POINT('Origin',(49.9565,34.8327,0.));
#18935=CARTESIAN_POINT('',(49.9565,34.8327,0.));
#18936=CARTESIAN_POINT('',(50.7559,34.8327,0.));
#18937=CARTESIAN_POINT('',(49.9565,34.8327,1.5));
#18938=CARTESIAN_POINT('',(50.7559,34.8327,1.5));
#18939=CARTESIAN_POINT('',(49.9565,34.8327,0.));
#18940=CARTESIAN_POINT('Origin',(49.9565,35.833,0.));
#18941=CARTESIAN_POINT('',(49.9565,35.833,0.));
#18942=CARTESIAN_POINT('',(49.9565,34.8327,0.));
#18943=CARTESIAN_POINT('',(49.9565,35.833,1.5));
#18944=CARTESIAN_POINT('',(49.9565,34.8327,1.5));
#18945=CARTESIAN_POINT('',(49.9565,35.833,0.));
#18946=CARTESIAN_POINT('Origin',(35.9572,35.833,0.));
#18947=CARTESIAN_POINT('',(35.9572,35.833,0.));
#18948=CARTESIAN_POINT('',(49.9565,35.833,0.));
#18949=CARTESIAN_POINT('',(35.9572,35.833,1.5));
#18950=CARTESIAN_POINT('',(49.9565,35.833,1.5));
#18951=CARTESIAN_POINT('',(35.9572,35.833,0.));
#18952=CARTESIAN_POINT('Origin',(35.9572,34.8327,0.));
#18953=CARTESIAN_POINT('',(35.9572,34.8327,0.));
#18954=CARTESIAN_POINT('',(35.9572,35.833,0.));
#18955=CARTESIAN_POINT('',(35.9572,34.8327,1.5));
#18956=CARTESIAN_POINT('',(35.9572,35.833,1.5));
#18957=CARTESIAN_POINT('',(35.9572,34.8327,0.));
#18958=CARTESIAN_POINT('Origin',(35.1565,34.8327,0.));
#18959=CARTESIAN_POINT('',(35.1565,34.8327,0.));
#18960=CARTESIAN_POINT('',(35.9572,34.8327,0.));
#18961=CARTESIAN_POINT('',(35.1565,34.8327,1.5));
#18962=CARTESIAN_POINT('',(35.9572,34.8327,1.5));
#18963=CARTESIAN_POINT('',(35.1565,34.8327,0.));
#18964=CARTESIAN_POINT('Origin',(35.1565,31.7335,0.));
#18965=CARTESIAN_POINT('',(35.1565,31.7335,0.));
#18966=CARTESIAN_POINT('',(35.1565,34.8327,0.));
#18967=CARTESIAN_POINT('',(35.1565,31.7335,1.5));
#18968=CARTESIAN_POINT('',(35.1565,34.8327,1.5));
#18969=CARTESIAN_POINT('',(35.1565,31.7335,0.));
#18970=CARTESIAN_POINT('Origin',(35.9572,31.7335,0.));
#18971=CARTESIAN_POINT('',(35.9572,31.7335,0.));
#18972=CARTESIAN_POINT('',(35.1565,31.7335,0.));
#18973=CARTESIAN_POINT('',(35.9572,31.7335,1.5));
#18974=CARTESIAN_POINT('',(35.1565,31.7335,1.5));
#18975=CARTESIAN_POINT('',(35.9572,31.7335,0.));
#18976=CARTESIAN_POINT('Origin',(35.9572,25.9333,0.));
#18977=CARTESIAN_POINT('',(35.9572,25.9333,0.));
#18978=CARTESIAN_POINT('',(35.9572,31.7335,0.));
#18979=CARTESIAN_POINT('',(35.9572,25.9333,1.5));
#18980=CARTESIAN_POINT('',(35.9572,31.7335,1.5));
#18981=CARTESIAN_POINT('',(35.9572,25.9333,0.));
#18982=CARTESIAN_POINT('Origin',(35.1565,25.9333,0.));
#18983=CARTESIAN_POINT('',(35.1565,25.9333,0.));
#18984=CARTESIAN_POINT('',(35.9572,25.9333,0.));
#18985=CARTESIAN_POINT('',(35.1565,25.9333,1.5));
#18986=CARTESIAN_POINT('',(35.9572,25.9333,1.5));
#18987=CARTESIAN_POINT('',(35.1565,25.9333,0.));
#18988=CARTESIAN_POINT('Origin',(35.1565,22.8327,0.));
#18989=CARTESIAN_POINT('',(35.1565,22.8327,0.));
#18990=CARTESIAN_POINT('',(35.1565,25.9333,0.));
#18991=CARTESIAN_POINT('',(35.1565,22.8327,1.5));
#18992=CARTESIAN_POINT('',(35.1565,25.9333,1.5));
#18993=CARTESIAN_POINT('',(35.1565,22.8327,0.));
#18994=CARTESIAN_POINT('Origin',(35.9572,22.8327,0.));
#18995=CARTESIAN_POINT('',(35.9572,22.8327,0.));
#18996=CARTESIAN_POINT('',(35.1565,22.8327,0.));
#18997=CARTESIAN_POINT('',(35.9572,22.8327,1.5));
#18998=CARTESIAN_POINT('',(35.1565,22.8327,1.5));
#18999=CARTESIAN_POINT('',(35.9572,22.8327,0.));
#19000=CARTESIAN_POINT('Origin',(35.9572,21.8336,0.));
#19001=CARTESIAN_POINT('',(35.9572,21.8336,0.));
#19002=CARTESIAN_POINT('',(35.9572,22.8327,0.));
#19003=CARTESIAN_POINT('',(35.9572,21.8336,1.5));
#19004=CARTESIAN_POINT('',(35.9572,22.8327,1.5));
#19005=CARTESIAN_POINT('',(35.9572,21.8336,0.));
#19006=CARTESIAN_POINT('Origin',(49.9565,21.8336,0.));
#19007=CARTESIAN_POINT('',(49.9565,21.8336,0.));
#19008=CARTESIAN_POINT('',(35.9572,21.8336,0.));
#19009=CARTESIAN_POINT('',(49.9565,21.8336,1.5));
#19010=CARTESIAN_POINT('',(35.9572,21.8336,1.5));
#19011=CARTESIAN_POINT('',(49.9565,21.8336,0.));
#19012=CARTESIAN_POINT('Origin',(49.9565,22.8327,0.));
#19013=CARTESIAN_POINT('',(49.9565,22.8327,0.));
#19014=CARTESIAN_POINT('',(49.9565,21.8336,0.));
#19015=CARTESIAN_POINT('',(49.9565,22.8327,1.5));
#19016=CARTESIAN_POINT('',(49.9565,21.8336,1.5));
#19017=CARTESIAN_POINT('',(49.9565,22.8327,0.));
#19018=CARTESIAN_POINT('Origin',(50.7559,22.8327,0.));
#19019=CARTESIAN_POINT('',(50.7559,22.8327,0.));
#19020=CARTESIAN_POINT('',(49.9565,22.8327,0.));
#19021=CARTESIAN_POINT('',(50.7559,22.8327,1.5));
#19022=CARTESIAN_POINT('',(49.9565,22.8327,1.5));
#19023=CARTESIAN_POINT('',(50.7559,22.8327,0.));
#19024=CARTESIAN_POINT('Origin',(50.7559,25.9333,0.));
#19025=CARTESIAN_POINT('',(50.7559,22.8327,0.));
#19026=CARTESIAN_POINT('',(50.7559,22.8327,1.5));
#19027=CARTESIAN_POINT('Origin',(14.3822,28.8334,0.));
#19028=CARTESIAN_POINT('',(14.3822,28.8334,0.));
#19029=CARTESIAN_POINT('',(14.3822,19.3086,0.));
#19030=CARTESIAN_POINT('',(14.3822,28.8334,0.));
#19031=CARTESIAN_POINT('',(14.3822,19.3086,1.5));
#19032=CARTESIAN_POINT('',(14.3822,19.3086,0.));
#19033=CARTESIAN_POINT('',(14.3822,28.8334,1.5));
#19034=CARTESIAN_POINT('',(14.3822,28.8334,1.5));
#19035=CARTESIAN_POINT('',(14.3822,28.8334,0.));
#19036=CARTESIAN_POINT('Origin',(14.38193,38.3588,0.));
#19037=CARTESIAN_POINT('',(14.38193,38.3588,0.));
#19038=CARTESIAN_POINT('',(14.38193,38.3588,0.));
#19039=CARTESIAN_POINT('',(14.38193,38.3588,1.5));
#19040=CARTESIAN_POINT('',(14.38193,38.3588,1.5));
#19041=CARTESIAN_POINT('',(14.38193,38.3588,0.));
#19042=CARTESIAN_POINT('Origin',(4.85716,38.3588,0.));
#19043=CARTESIAN_POINT('',(4.85716,38.3588,0.));
#19044=CARTESIAN_POINT('',(14.38193,38.3588,0.));
#19045=CARTESIAN_POINT('',(4.85716,38.3588,1.5));
#19046=CARTESIAN_POINT('',(14.38193,38.3588,1.5));
#19047=CARTESIAN_POINT('',(4.85716,38.3588,0.));
#19048=CARTESIAN_POINT('Origin',(4.85716,57.4088,0.));
#19049=CARTESIAN_POINT('',(4.85716,57.4088,0.));
#19050=CARTESIAN_POINT('',(4.85716,47.8834,0.));
#19051=CARTESIAN_POINT('',(4.85716,57.4088,1.5));
#19052=CARTESIAN_POINT('',(4.85716,47.8834,1.5));
#19053=CARTESIAN_POINT('',(4.85716,57.4088,0.));
#19054=CARTESIAN_POINT('Origin',(0.0950846,57.4088,0.));
#19055=CARTESIAN_POINT('',(0.0950846,57.4088,0.));
#19056=CARTESIAN_POINT('',(4.85716,57.4088,0.));
#19057=CARTESIAN_POINT('',(0.0950845999999994,57.4088,1.5));
#19058=CARTESIAN_POINT('',(4.85716,57.4088,1.5));
#19059=CARTESIAN_POINT('',(0.0950846,57.4088,0.));
#19060=CARTESIAN_POINT('Origin',(0.0950846,76.4575,0.));
#19061=CARTESIAN_POINT('',(0.0950846,76.4575,0.));
#19062=CARTESIAN_POINT('',(0.0950846,57.4088,0.));
#19063=CARTESIAN_POINT('',(0.0950845999999994,76.4575,1.5));
#19064=CARTESIAN_POINT('',(0.0950846,57.4088,1.5));
#19065=CARTESIAN_POINT('',(0.0950846,76.4575,0.));
#19066=CARTESIAN_POINT('Origin',(190.595,76.4575,0.));
#19067=CARTESIAN_POINT('',(190.595,76.4575,0.));
#19068=CARTESIAN_POINT('',(0.0950846,76.4575,0.));
#19069=CARTESIAN_POINT('',(190.595,76.4575,1.5));
#19070=CARTESIAN_POINT('',(0.0950846,76.4575,1.5));
#19071=CARTESIAN_POINT('',(190.595,76.4575,0.));
#19072=CARTESIAN_POINT('Origin',(190.595,57.4088,0.));
#19073=CARTESIAN_POINT('',(190.595,57.4088,0.));
#19074=CARTESIAN_POINT('',(190.595,76.4575,0.));
#19075=CARTESIAN_POINT('',(190.595,57.4088,1.5));
#19076=CARTESIAN_POINT('',(190.595,76.4575,1.5));
#19077=CARTESIAN_POINT('',(190.595,57.4088,0.));
#19078=CARTESIAN_POINT('Origin',(176.307,57.4088,0.));
#19079=CARTESIAN_POINT('',(176.307,57.4088,0.));
#19080=CARTESIAN_POINT('',(181.0695,57.4088,0.));
#19081=CARTESIAN_POINT('',(176.307,57.4088,1.5));
#19082=CARTESIAN_POINT('',(181.0695,57.4088,1.5));
#19083=CARTESIAN_POINT('',(176.307,57.4088,0.));
#19084=CARTESIAN_POINT('Origin',(176.307,38.3588,0.));
#19085=CARTESIAN_POINT('',(176.307,38.3588,0.));
#19086=CARTESIAN_POINT('',(176.307,47.8834,0.));
#19087=CARTESIAN_POINT('',(176.307,38.3588,1.5));
#19088=CARTESIAN_POINT('',(176.307,47.8834,1.5));
#19089=CARTESIAN_POINT('',(176.307,38.3588,0.));
#19090=CARTESIAN_POINT('Origin',(147.732,38.3588,0.));
#19091=CARTESIAN_POINT('',(147.732,38.3588,0.));
#19092=CARTESIAN_POINT('',(166.782,38.3588,0.));
#19093=CARTESIAN_POINT('',(147.732,38.3588,1.5));
#19094=CARTESIAN_POINT('',(166.782,38.3588,1.5));
#19095=CARTESIAN_POINT('',(147.732,38.3588,0.));
#19096=CARTESIAN_POINT('Origin',(147.732,19.3086,0.));
#19097=CARTESIAN_POINT('',(147.732,19.3086,0.));
#19098=CARTESIAN_POINT('',(147.732,28.8334,0.));
#19099=CARTESIAN_POINT('',(147.732,19.3086,1.5));
#19100=CARTESIAN_POINT('',(147.732,28.8334,1.5));
#19101=CARTESIAN_POINT('',(147.732,19.3086,0.));
#19102=CARTESIAN_POINT('Origin',(123.92,19.3086,0.));
#19103=CARTESIAN_POINT('',(123.92,19.3086,0.));
#19104=CARTESIAN_POINT('',(138.207,19.3086,0.));
#19105=CARTESIAN_POINT('',(123.92,19.3086,1.5));
#19106=CARTESIAN_POINT('',(138.207,19.3086,1.5));
#19107=CARTESIAN_POINT('',(123.92,19.3086,0.));
#19108=CARTESIAN_POINT('Origin',(123.92,0.257693000000001,0.));
#19109=CARTESIAN_POINT('',(123.92,0.257693000000001,0.));
#19110=CARTESIAN_POINT('',(123.92,13.6977,0.));
#19111=CARTESIAN_POINT('',(123.92,0.257693000000001,1.5));
#19112=CARTESIAN_POINT('',(123.92,13.6977,1.5));
#19113=CARTESIAN_POINT('',(123.92,0.257693000000001,0.));
#19114=CARTESIAN_POINT('Origin',(71.5309,0.257693,0.));
#19115=CARTESIAN_POINT('',(71.5309,0.257693000000001,0.));
#19116=CARTESIAN_POINT('',(123.92,0.257693,0.));
#19117=CARTESIAN_POINT('',(71.5309,0.257693000000001,1.5));
#19118=CARTESIAN_POINT('',(123.92,0.257693,1.5));
#19119=CARTESIAN_POINT('',(71.5309,0.257693000000001,0.));
#19120=CARTESIAN_POINT('Origin',(71.5309,19.3086,0.));
#19121=CARTESIAN_POINT('',(71.5309,19.3086,0.));
#19122=CARTESIAN_POINT('',(71.5309,12.0826,0.));
#19123=CARTESIAN_POINT('',(71.5309,19.3086,1.5));
#19124=CARTESIAN_POINT('',(71.5309,12.0826,1.5));
#19125=CARTESIAN_POINT('',(71.5309,19.3086,0.));
#19126=CARTESIAN_POINT('Origin',(14.3822,19.3086,0.));
#19127=CARTESIAN_POINT('',(62.00685,19.3086,0.));
#19128=CARTESIAN_POINT('',(62.00685,19.3086,1.5));
#19129=CARTESIAN_POINT('Origin',(95.3450423,38.3575965,1.5));
#19130=CARTESIAN_POINT('Origin',(95.3450423,38.3575965,0.));
#19131=UNCERTAINTY_MEASURE_WITH_UNIT(LENGTH_MEASURE(0.01),#19135,
'DISTANCE_ACCURACY_VALUE',
'Maximum model space distance between geometric entities at asserted c
onnectivities');
#19132=UNCERTAINTY_MEASURE_WITH_UNIT(LENGTH_MEASURE(0.01),#19135,
'DISTANCE_ACCURACY_VALUE',
'Maximum model space distance between geometric entities at asserted c
onnectivities');
#19133=(
GEOMETRIC_REPRESENTATION_CONTEXT(3)
GLOBAL_UNCERTAINTY_ASSIGNED_CONTEXT((#19131))
GLOBAL_UNIT_ASSIGNED_CONTEXT((#19135,#19137,#19138))
REPRESENTATION_CONTEXT('','3D')
);
#19134=(
GEOMETRIC_REPRESENTATION_CONTEXT(3)
GLOBAL_UNCERTAINTY_ASSIGNED_CONTEXT((#19132))
GLOBAL_UNIT_ASSIGNED_CONTEXT((#19135,#19137,#19138))
REPRESENTATION_CONTEXT('','3D')
);
#19135=(
LENGTH_UNIT()
NAMED_UNIT(*)
SI_UNIT(.MILLI.,.METRE.)
);
#19136=(
LENGTH_UNIT()
NAMED_UNIT(*)
SI_UNIT($,.METRE.)
);
#19137=(
NAMED_UNIT(*)
PLANE_ANGLE_UNIT()
SI_UNIT($,.RADIAN.)
);
#19138=(
NAMED_UNIT(*)
SI_UNIT($,.STERADIAN.)
SOLID_ANGLE_UNIT()
);
#19139=SHAPE_DEFINITION_REPRESENTATION(#19140,#19141);
#19140=PRODUCT_DEFINITION_SHAPE('',$,#19143);
#19141=SHAPE_REPRESENTATION('',(#12219),#19133);
#19142=PRODUCT_DEFINITION_CONTEXT('part definition',#19147,'design');
#19143=PRODUCT_DEFINITION('27','27',#19144,#19142);
#19144=PRODUCT_DEFINITION_FORMATION('',$,#19149);
#19145=PRODUCT_RELATED_PRODUCT_CATEGORY('27','27',(#19149));
#19146=APPLICATION_PROTOCOL_DEFINITION('international standard',
'automotive_design',2009,#19147);
#19147=APPLICATION_CONTEXT(
'Core Data for Automotive Mechanical Design Process');
#19148=PRODUCT_CONTEXT('part definition',#19147,'mechanical');
#19149=PRODUCT('27','27',$,(#19148));
#19150=PRESENTATION_STYLE_ASSIGNMENT((#19151));
#19151=SURFACE_STYLE_USAGE(.BOTH.,#19152);
#19152=SURFACE_SIDE_STYLE('',(#19153));
#19153=SURFACE_STYLE_FILL_AREA(#19154);
#19154=FILL_AREA_STYLE('Steel - Satin',(#19155));
#19155=FILL_AREA_STYLE_COLOUR('Steel - Satin',#19156);
#19156=COLOUR_RGB('Steel - Satin',0.627450980392157,0.627450980392157,0.627450980392157);
ENDSEC;
END-ISO-10303-21;
